ID,Manufacturer,Model,Capacity,Carrier,Brand New Price,Like New Price,Good Price,Minor Damage Price,Damaged Price,Deeplink
548-13-71-1,Apple,Series 7 GPS,41mm,Aluminium,,55.0,30.0,,,https://www.ocbuyback.com/sell/smartwatch/apple/series-7-gps
548-14-71-1,Apple,Series 7 GPS,41mm,Stainless Steel,,60.0,35.0,,,https://www.ocbuyback.com/sell/smartwatch/apple/series-7-gps
548-217-71-1,Apple,Series 7 GPS,41mm,Titanium,,65.0,40.0,,,https://www.ocbuyback.com/sell/smartwatch/apple/series-7-gps
548-13-72-1,Apple,Series 7 GPS,45mm,Aluminium,,60.0,25.0,,,https://www.ocbuyback.com/sell/smartwatch/apple/series-7-gps
548-14-72-1,Apple,Series 7 GPS,45mm,Stainless Steel,,70.0,45.0,,,https://www.ocbuyback.com/sell/smartwatch/apple/series-7-gps
548-217-72-1,Apple,Series 7 GPS,45mm,Titanium,,75.0,50.0,,,https://www.ocbuyback.com/sell/smartwatch/apple/series-7-gps
549-13-71-1,Apple,Series 7 GPS + Cellular,41mm,Aluminium,,65.0,25.0,,,https://www.ocbuyback.com/sell/smartwatch/apple/series-7-gps-cellular
549-14-71-1,Apple,Series 7 GPS + Cellular,41mm,Stainless Steel,,70.0,45.0,,,https://www.ocbuyback.com/sell/smartwatch/apple/series-7-gps-cellular
549-217-71-1,Apple,Series 7 GPS + Cellular,41mm,Titanium,,55.0,30.0,,,https://www.ocbuyback.com/sell/smartwatch/apple/series-7-gps-cellular
549-13-72-1,Apple,Series 7 GPS + Cellular,45mm,Aluminium,,70.0,30.0,,,https://www.ocbuyback.com/sell/smartwatch/apple/series-7-gps-cellular
549-14-72-1,Apple,Series 7 GPS + Cellular,45mm,Stainless Steel,,80.0,55.0,,,https://www.ocbuyback.com/sell/smartwatch/apple/series-7-gps-cellular
549-217-72-1,Apple,Series 7 GPS + Cellular,45mm,Titanium,,80.0,55.0,,,https://www.ocbuyback.com/sell/smartwatch/apple/series-7-gps-cellular
3736-13-30-6,Apple,Watch SE GPS 2nd Gen,40mm,Aluminium,40.0,20.0,10.0,,,https://www.ocbuyback.com/sell/smartwatch/apple/watch-se-gps-2nd-gen
3736-13-31-6,Apple,Watch SE GPS 2nd Gen,44mm,Aluminium,45.0,25.0,15.0,,,https://www.ocbuyback.com/sell/smartwatch/apple/watch-se-gps-2nd-gen
3737-13-30-6,Apple,Watch SE GPS + Cellular 2nd Gen,40mm,Aluminium,45.0,25.0,15.0,,,https://www.ocbuyback.com/sell/smartwatch/apple/watch-se-gps-plus-cellular-2nd-gen
3737-13-31-6,Apple,Watch SE GPS + Cellular 2nd Gen,44mm,Aluminium,50.0,30.0,20.0,,,https://www.ocbuyback.com/sell/smartwatch/apple/watch-se-gps-plus-cellular-2nd-gen
3738-13-30-6,Apple,Watch SE GPS 3rd Gen,40mm,Aluminium,90.0,60.0,40.0,,,https://www.ocbuyback.com/sell/smartwatch/apple/watch-se-gps-3rd-gen
3738-13-31-6,Apple,Watch SE GPS 3rd Gen,44mm,Aluminium,100.0,70.0,50.0,,,https://www.ocbuyback.com/sell/smartwatch/apple/watch-se-gps-3rd-gen
3739-13-30-6,Apple,Watch SE GPS + Cellular 3rd Gen,40mm,Aluminium,100.0,70.0,50.0,,,https://www.ocbuyback.com/sell/smartwatch/apple/watch-se-gps-plus-cellular-3rd-gen
3739-13-31-6,Apple,Watch SE GPS + Cellular 3rd Gen,44mm,Aluminium,110.0,80.0,60.0,,,https://www.ocbuyback.com/sell/smartwatch/apple/watch-se-gps-plus-cellular-3rd-gen
1147-13-71-1,Apple,Series 8 GPS,41mm,Aluminium,,50.0,35.0,,,https://www.ocbuyback.com/sell/smartwatch/apple/series-8-gps
1147-14-71-1,Apple,Series 8 GPS,41mm,Stainless Steel,,60.0,45.0,,,https://www.ocbuyback.com/sell/smartwatch/apple/series-8-gps
1147-13-72-1,Apple,Series 8 GPS,45mm,Aluminium,,60.0,45.0,,,https://www.ocbuyback.com/sell/smartwatch/apple/series-8-gps
1147-14-72-1,Apple,Series 8 GPS,45mm,Stainless Steel,,80.0,55.0,,,https://www.ocbuyback.com/sell/smartwatch/apple/series-8-gps
1148-13-71-1,Apple,Series 8 GPS + Cellular,41mm,Aluminium,,60.0,45.0,,,https://www.ocbuyback.com/sell/smartwatch/apple/series-8-gps-cellular
1148-14-71-1,Apple,Series 8 GPS + Cellular,41mm,Stainless Steel,,70.0,45.0,,,https://www.ocbuyback.com/sell/smartwatch/apple/series-8-gps-cellular
1148-13-72-1,Apple,Series 8 GPS + Cellular,45mm,Aluminium,,70.0,55.0,,,https://www.ocbuyback.com/sell/smartwatch/apple/series-8-gps-cellular
1148-14-72-1,Apple,Series 8 GPS + Cellular,45mm,Stainless Steel,,90.0,65.0,,,https://www.ocbuyback.com/sell/smartwatch/apple/series-8-gps-cellular
1149-217-282-6,Apple,Ultra,49mm,Titanium,175.0,125.0,80.0,,,https://www.ocbuyback.com/sell/smartwatch/apple/ultra
1312-13-71-6,Apple,Series 9 GPS,41mm,Aluminium,110.0,80.0,55.0,,,https://www.ocbuyback.com/sell/smartwatch/apple/series-9-gps
1312-13-72-6,Apple,Series 9 GPS,45mm,Aluminium,120.0,90.0,65.0,,,https://www.ocbuyback.com/sell/smartwatch/apple/series-9-gps
1313-13-71-6,Apple,Series 9 GPS + Cellular,41mm,Aluminium,125.0,95.0,70.0,,,https://www.ocbuyback.com/sell/smartwatch/apple/series-9-gps-cellular
1313-14-71-6,Apple,Series 9 GPS + Cellular,41mm,Stainless Steel,135.0,105.0,65.0,,,https://www.ocbuyback.com/sell/smartwatch/apple/series-9-gps-cellular
1313-13-72-6,Apple,Series 9 GPS + Cellular,45mm,Aluminium,135.0,105.0,80.0,,,https://www.ocbuyback.com/sell/smartwatch/apple/series-9-gps-cellular
1313-14-72-6,Apple,Series 9 GPS + Cellular,45mm,Stainless Steel,145.0,115.0,75.0,,,https://www.ocbuyback.com/sell/smartwatch/apple/series-9-gps-cellular
1568-13-21-6,Apple,Series 10 GPS,42mm,Aluminium,140.0,100.0,60.0,,,https://www.ocbuyback.com/sell/smartwatch/apple/series-10-gps
1568-13-73-6,Apple,Series 10 GPS,46mm,Aluminium,150.0,110.0,70.0,,,https://www.ocbuyback.com/sell/smartwatch/apple/series-10-gps
1569-13-21-6,Apple,Series 10 GPS + Cellular,42mm,Aluminium,150.0,110.0,70.0,,,https://www.ocbuyback.com/sell/smartwatch/apple/series-10-gps-cellular
1569-217-21-6,Apple,Series 10 GPS + Cellular,42mm,Titanium,215.0,165.0,120.0,,,https://www.ocbuyback.com/sell/smartwatch/apple/series-10-gps-cellular
1569-13-73-6,Apple,Series 10 GPS + Cellular,46mm,Aluminium,160.0,120.0,80.0,,,https://www.ocbuyback.com/sell/smartwatch/apple/series-10-gps-cellular
1569-217-73-6,Apple,Series 10 GPS + Cellular,46mm,Titanium,225.0,175.0,130.0,,,https://www.ocbuyback.com/sell/smartwatch/apple/series-10-gps-cellular
3740-13-21-6,Apple,Series 11 GPS,42mm,Aluminium,200.0,150.0,120.0,,,https://www.ocbuyback.com/sell/smartwatch/apple/series-11-gps
3740-13-73-6,Apple,Series 11 GPS,46mm,Aluminium,210.0,160.0,130.0,,,https://www.ocbuyback.com/sell/smartwatch/apple/series-11-gps
3741-13-21-6,Apple,Series 11 GPS + Cellular,42mm,Aluminium,220.0,170.0,140.0,,,https://www.ocbuyback.com/sell/smartwatch/apple/series-11-gps-plus-cellular
3741-217-21-6,Apple,Series 11 GPS + Cellular,42mm,Titanium,360.0,310.0,270.0,,,https://www.ocbuyback.com/sell/smartwatch/apple/series-11-gps-plus-cellular
3741-13-73-6,Apple,Series 11 GPS + Cellular,46mm,Aluminium,230.0,180.0,150.0,,,https://www.ocbuyback.com/sell/smartwatch/apple/series-11-gps-plus-cellular
3741-217-73-6,Apple,Series 11 GPS + Cellular,46mm,Titanium,375.0,325.0,285.0,,,https://www.ocbuyback.com/sell/smartwatch/apple/series-11-gps-plus-cellular
1314-217-282-6,Apple,Ultra 2,49mm,Titanium,260.0,210.0,160.0,,,https://www.ocbuyback.com/sell/smartwatch/apple/ultra-2
3742-217-282-6,Apple,Ultra 3,49mm,Titanium,390.0,340.0,275.0,,,https://www.ocbuyback.com/sell/smartwatch/apple/ultra-3
497-11-8-1,Apple,iPad Air 4th Gen (2020),64GB,Wi-Fi,,180.0,150.0,40.0,,https://www.ocbuyback.com/sell/tablet/apple/ipad-air-4th-gen-2020
497-12-8-1,Apple,iPad Air 4th Gen (2020),64GB,Wi-Fi + Cellular,,190.0,160.0,45.0,,https://www.ocbuyback.com/sell/tablet/apple/ipad-air-4th-gen-2020
497-11-10-1,Apple,iPad Air 4th Gen (2020),256GB,Wi-Fi,,210.0,180.0,45.0,,https://www.ocbuyback.com/sell/tablet/apple/ipad-air-4th-gen-2020
497-12-10-1,Apple,iPad Air 4th Gen (2020),256GB,Wi-Fi + Cellular,,220.0,190.0,50.0,,https://www.ocbuyback.com/sell/tablet/apple/ipad-air-4th-gen-2020
656-11-8-6,Apple,iPad Air 5th Gen (2022),64GB,Wi-Fi,235.0,205.0,170.0,75.0,10.0,https://www.ocbuyback.com/sell/tablet/apple/ipad-air-5th-gen-2022
656-12-8-6,Apple,iPad Air 5th Gen (2022),64GB,Wi-Fi + Cellular,250.0,220.0,185.0,80.0,10.0,https://www.ocbuyback.com/sell/tablet/apple/ipad-air-5th-gen-2022
656-11-10-6,Apple,iPad Air 5th Gen (2022),256GB,Wi-Fi,275.0,245.0,210.0,80.0,10.0,https://www.ocbuyback.com/sell/tablet/apple/ipad-air-5th-gen-2022
656-12-10-6,Apple,iPad Air 5th Gen (2022),256GB,Wi-Fi + Cellular,290.0,260.0,225.0,85.0,10.0,https://www.ocbuyback.com/sell/tablet/apple/ipad-air-5th-gen-2022
287-11-8-1,Apple,iPad Mini 5th Gen (2019),64GB,Wi-Fi,,85.0,75.0,15.0,,https://www.ocbuyback.com/sell/tablet/apple/ipad-mini-5th-gen-2019
287-12-8-1,Apple,iPad Mini 5th Gen (2019),64GB,Wi-Fi + Cellular,,95.0,85.0,20.0,,https://www.ocbuyback.com/sell/tablet/apple/ipad-mini-5th-gen-2019
287-11-10-1,Apple,iPad Mini 5th Gen (2019),256GB,Wi-Fi,,125.0,105.0,20.0,,https://www.ocbuyback.com/sell/tablet/apple/ipad-mini-5th-gen-2019
287-12-10-1,Apple,iPad Mini 5th Gen (2019),256GB,Wi-Fi + Cellular,,135.0,115.0,25.0,,https://www.ocbuyback.com/sell/tablet/apple/ipad-mini-5th-gen-2019
532-11-8-6,Apple,iPad Mini 6th Gen (2021),64GB,Wi-Fi,195.0,175.0,160.0,50.0,10.0,https://www.ocbuyback.com/sell/tablet/apple/ipad-mini-6th-gen-2021
532-12-8-6,Apple,iPad Mini 6th Gen (2021),64GB,Wi-Fi + Cellular,220.0,200.0,185.0,60.0,10.0,https://www.ocbuyback.com/sell/tablet/apple/ipad-mini-6th-gen-2021
532-11-10-6,Apple,iPad Mini 6th Gen (2021),256GB,Wi-Fi,245.0,225.0,210.0,60.0,10.0,https://www.ocbuyback.com/sell/tablet/apple/ipad-mini-6th-gen-2021
532-12-10-6,Apple,iPad Mini 6th Gen (2021),256GB,Wi-Fi + Cellular,270.0,250.0,235.0,70.0,10.0,https://www.ocbuyback.com/sell/tablet/apple/ipad-mini-6th-gen-2021
1570-11-9-6,Apple,iPad Mini 7th Gen (2024),128GB,Wi-Fi,290.0,260.0,240.0,65.0,10.0,https://www.ocbuyback.com/sell/tablet/apple/ipad-mini-7th-gen-2024
1570-12-9-6,Apple,iPad Mini 7th Gen (2024),128GB,Wi-Fi + Cellular,315.0,285.0,265.0,75.0,10.0,https://www.ocbuyback.com/sell/tablet/apple/ipad-mini-7th-gen-2024
1570-11-10-6,Apple,iPad Mini 7th Gen (2024),256GB,Wi-Fi,330.0,300.0,280.0,75.0,10.0,https://www.ocbuyback.com/sell/tablet/apple/ipad-mini-7th-gen-2024
1570-12-10-6,Apple,iPad Mini 7th Gen (2024),256GB,Wi-Fi + Cellular,355.0,325.0,305.0,85.0,10.0,https://www.ocbuyback.com/sell/tablet/apple/ipad-mini-7th-gen-2024
1570-11-25-6,Apple,iPad Mini 7th Gen (2024),512GB,Wi-Fi,390.0,360.0,340.0,85.0,10.0,https://www.ocbuyback.com/sell/tablet/apple/ipad-mini-7th-gen-2024
1570-12-25-6,Apple,iPad Mini 7th Gen (2024),512GB,Wi-Fi + Cellular,415.0,385.0,365.0,95.0,10.0,https://www.ocbuyback.com/sell/tablet/apple/ipad-mini-7th-gen-2024
251-11-8-1,Apple,iPad Pro 12.9 3rd Gen (2018),64GB,Wi-Fi,,245.0,200.0,60.0,10.0,https://www.ocbuyback.com/sell/tablet/apple/ipad-pro-12-9-3rd-gen-2018
251-12-8-1,Apple,iPad Pro 12.9 3rd Gen (2018),64GB,Wi-Fi + Cellular,,265.0,220.0,70.0,10.0,https://www.ocbuyback.com/sell/tablet/apple/ipad-pro-12-9-3rd-gen-2018
251-11-10-1,Apple,iPad Pro 12.9 3rd Gen (2018),256GB,Wi-Fi,,270.0,225.0,70.0,10.0,https://www.ocbuyback.com/sell/tablet/apple/ipad-pro-12-9-3rd-gen-2018
251-12-10-1,Apple,iPad Pro 12.9 3rd Gen (2018),256GB,Wi-Fi + Cellular,,290.0,245.0,80.0,10.0,https://www.ocbuyback.com/sell/tablet/apple/ipad-pro-12-9-3rd-gen-2018
251-11-25-1,Apple,iPad Pro 12.9 3rd Gen (2018),512GB,Wi-Fi,,285.0,240.0,75.0,10.0,https://www.ocbuyback.com/sell/tablet/apple/ipad-pro-12-9-3rd-gen-2018
251-12-25-1,Apple,iPad Pro 12.9 3rd Gen (2018),512GB,Wi-Fi + Cellular,,305.0,260.0,85.0,10.0,https://www.ocbuyback.com/sell/tablet/apple/ipad-pro-12-9-3rd-gen-2018
251-11-26-1,Apple,iPad Pro 12.9 3rd Gen (2018),1TB,Wi-Fi,,305.0,260.0,80.0,10.0,https://www.ocbuyback.com/sell/tablet/apple/ipad-pro-12-9-3rd-gen-2018
251-12-26-1,Apple,iPad Pro 12.9 3rd Gen (2018),1TB,Wi-Fi + Cellular,,325.0,280.0,90.0,10.0,https://www.ocbuyback.com/sell/tablet/apple/ipad-pro-12-9-3rd-gen-2018
454-11-9-1,Apple,iPad Pro 12.9 4th Gen (2020),128GB,Wi-Fi,,280.0,230.0,60.0,10.0,https://www.ocbuyback.com/sell/tablet/apple/ipad-pro-12-9-4th-gen-2020
454-12-9-1,Apple,iPad Pro 12.9 4th Gen (2020),128GB,Wi-Fi + Cellular,,320.0,270.0,63.0,10.0,https://www.ocbuyback.com/sell/tablet/apple/ipad-pro-12-9-4th-gen-2020
454-11-10-1,Apple,iPad Pro 12.9 4th Gen (2020),256GB,Wi-Fi,,290.0,240.0,63.0,10.0,https://www.ocbuyback.com/sell/tablet/apple/ipad-pro-12-9-4th-gen-2020
454-12-10-1,Apple,iPad Pro 12.9 4th Gen (2020),256GB,Wi-Fi + Cellular,,330.0,280.0,66.0,10.0,https://www.ocbuyback.com/sell/tablet/apple/ipad-pro-12-9-4th-gen-2020
454-11-25-1,Apple,iPad Pro 12.9 4th Gen (2020),512GB,Wi-Fi,,295.0,245.0,65.0,10.0,https://www.ocbuyback.com/sell/tablet/apple/ipad-pro-12-9-4th-gen-2020
454-12-25-1,Apple,iPad Pro 12.9 4th Gen (2020),512GB,Wi-Fi + Cellular,,335.0,285.0,68.0,10.0,https://www.ocbuyback.com/sell/tablet/apple/ipad-pro-12-9-4th-gen-2020
454-11-26-1,Apple,iPad Pro 12.9 4th Gen (2020),1TB,Wi-Fi,,310.0,260.0,67.0,10.0,https://www.ocbuyback.com/sell/tablet/apple/ipad-pro-12-9-4th-gen-2020
454-12-26-1,Apple,iPad Pro 12.9 4th Gen (2020),1TB,Wi-Fi + Cellular,,350.0,300.0,70.0,10.0,https://www.ocbuyback.com/sell/tablet/apple/ipad-pro-12-9-4th-gen-2020
503-11-9-6,Apple,iPad Pro 12.9 5th Gen (2021),128GB,Wi-Fi,380.0,330.0,295.0,75.0,30.0,https://www.ocbuyback.com/sell/tablet/apple/ipad-pro-12-9-5th-gen-2021
503-12-9-6,Apple,iPad Pro 12.9 5th Gen (2021),128GB,Wi-Fi + Cellular,395.0,345.0,310.0,100.0,30.0,https://www.ocbuyback.com/sell/tablet/apple/ipad-pro-12-9-5th-gen-2021
503-11-10-6,Apple,iPad Pro 12.9 5th Gen (2021),256GB,Wi-Fi,400.0,350.0,315.0,100.0,30.0,https://www.ocbuyback.com/sell/tablet/apple/ipad-pro-12-9-5th-gen-2021
503-12-10-6,Apple,iPad Pro 12.9 5th Gen (2021),256GB,Wi-Fi + Cellular,415.0,365.0,330.0,125.0,30.0,https://www.ocbuyback.com/sell/tablet/apple/ipad-pro-12-9-5th-gen-2021
503-11-25-6,Apple,iPad Pro 12.9 5th Gen (2021),512GB,Wi-Fi,430.0,380.0,345.0,110.0,30.0,https://www.ocbuyback.com/sell/tablet/apple/ipad-pro-12-9-5th-gen-2021
503-12-25-6,Apple,iPad Pro 12.9 5th Gen (2021),512GB,Wi-Fi + Cellular,445.0,395.0,360.0,135.0,30.0,https://www.ocbuyback.com/sell/tablet/apple/ipad-pro-12-9-5th-gen-2021
503-11-26-6,Apple,iPad Pro 12.9 5th Gen (2021),1TB,Wi-Fi,480.0,430.0,395.0,125.0,30.0,https://www.ocbuyback.com/sell/tablet/apple/ipad-pro-12-9-5th-gen-2021
503-12-26-6,Apple,iPad Pro 12.9 5th Gen (2021),1TB,Wi-Fi + Cellular,495.0,445.0,410.0,150.0,30.0,https://www.ocbuyback.com/sell/tablet/apple/ipad-pro-12-9-5th-gen-2021
503-11-36-6,Apple,iPad Pro 12.9 5th Gen (2021),2TB,Wi-Fi,530.0,480.0,445.0,150.0,30.0,https://www.ocbuyback.com/sell/tablet/apple/ipad-pro-12-9-5th-gen-2021
503-12-36-6,Apple,iPad Pro 12.9 5th Gen (2021),2TB,Wi-Fi + Cellular,545.0,495.0,460.0,175.0,30.0,https://www.ocbuyback.com/sell/tablet/apple/ipad-pro-12-9-5th-gen-2021
1146-11-9-6,Apple,iPad Pro 12.9 6th Gen (2022),128GB,Wi-Fi,440.0,390.0,300.0,125.0,30.0,https://www.ocbuyback.com/sell/tablet/apple/ipad-pro-12-9-6th-gen-2022
1146-12-9-6,Apple,iPad Pro 12.9 6th Gen (2022),128GB,Wi-Fi + Cellular,455.0,405.0,315.0,150.0,30.0,https://www.ocbuyback.com/sell/tablet/apple/ipad-pro-12-9-6th-gen-2022
1146-11-10-6,Apple,iPad Pro 12.9 6th Gen (2022),256GB,Wi-Fi,480.0,430.0,340.0,135.0,30.0,https://www.ocbuyback.com/sell/tablet/apple/ipad-pro-12-9-6th-gen-2022
1146-12-10-6,Apple,iPad Pro 12.9 6th Gen (2022),256GB,Wi-Fi + Cellular,495.0,445.0,355.0,160.0,30.0,https://www.ocbuyback.com/sell/tablet/apple/ipad-pro-12-9-6th-gen-2022
1146-11-25-6,Apple,iPad Pro 12.9 6th Gen (2022),512GB,Wi-Fi,500.0,450.0,360.0,140.0,30.0,https://www.ocbuyback.com/sell/tablet/apple/ipad-pro-12-9-6th-gen-2022
1146-12-25-6,Apple,iPad Pro 12.9 6th Gen (2022),512GB,Wi-Fi + Cellular,515.0,465.0,375.0,165.0,30.0,https://www.ocbuyback.com/sell/tablet/apple/ipad-pro-12-9-6th-gen-2022
1146-11-26-6,Apple,iPad Pro 12.9 6th Gen (2022),1TB,Wi-Fi,555.0,505.0,415.0,160.0,30.0,https://www.ocbuyback.com/sell/tablet/apple/ipad-pro-12-9-6th-gen-2022
1146-12-26-6,Apple,iPad Pro 12.9 6th Gen (2022),1TB,Wi-Fi + Cellular,570.0,520.0,430.0,185.0,30.0,https://www.ocbuyback.com/sell/tablet/apple/ipad-pro-12-9-6th-gen-2022
1146-11-36-6,Apple,iPad Pro 12.9 6th Gen (2022),2TB,Wi-Fi,600.0,550.0,460.0,175.0,30.0,https://www.ocbuyback.com/sell/tablet/apple/ipad-pro-12-9-6th-gen-2022
1146-12-36-6,Apple,iPad Pro 12.9 6th Gen (2022),2TB,Wi-Fi + Cellular,615.0,565.0,475.0,200.0,30.0,https://www.ocbuyback.com/sell/tablet/apple/ipad-pro-12-9-6th-gen-2022
464-11-6-1,Apple,iPad 10.2 8th Gen (2020),32GB,Wi-Fi,,50.0,40.0,10.0,,https://www.ocbuyback.com/sell/tablet/apple/ipad-10-2-8th-gen-2020
464-12-6-1,Apple,iPad 10.2 8th Gen (2020),32GB,Wi-Fi + Cellular,,60.0,50.0,10.0,,https://www.ocbuyback.com/sell/tablet/apple/ipad-10-2-8th-gen-2020
464-11-9-1,Apple,iPad 10.2 8th Gen (2020),128GB,Wi-Fi,,60.0,50.0,10.0,,https://www.ocbuyback.com/sell/tablet/apple/ipad-10-2-8th-gen-2020
464-12-9-1,Apple,iPad 10.2 8th Gen (2020),128GB,Wi-Fi + Cellular,,75.0,60.0,10.0,,https://www.ocbuyback.com/sell/tablet/apple/ipad-10-2-8th-gen-2020
534-11-8-6,Apple,iPad 10.2 9th Gen (2021),64GB,Wi-Fi,105.0,75.0,65.0,10.0,,https://www.ocbuyback.com/sell/tablet/apple/ipad-10-2-9th-gen-2021
534-12-8-6,Apple,iPad 10.2 9th Gen (2021),64GB,Wi-Fi + Cellular,110.0,80.0,70.0,14.0,,https://www.ocbuyback.com/sell/tablet/apple/ipad-10-2-9th-gen-2021
534-11-10-6,Apple,iPad 10.2 9th Gen (2021),256GB,Wi-Fi,120.0,90.0,80.0,14.0,,https://www.ocbuyback.com/sell/tablet/apple/ipad-10-2-9th-gen-2021
534-12-10-6,Apple,iPad 10.2 9th Gen (2021),256GB,Wi-Fi + Cellular,125.0,95.0,85.0,18.0,,https://www.ocbuyback.com/sell/tablet/apple/ipad-10-2-9th-gen-2021
250-11-8-1,Apple,iPad Pro 11 1st Gen (2018),64GB,Wi-Fi,,170.0,140.0,30.0,,https://www.ocbuyback.com/sell/tablet/apple/ipad-pro-11-1st-gen-2018
250-12-8-1,Apple,iPad Pro 11 1st Gen (2018),64GB,Wi-Fi + Cellular,,185.0,155.0,35.0,,https://www.ocbuyback.com/sell/tablet/apple/ipad-pro-11-1st-gen-2018
250-11-10-1,Apple,iPad Pro 11 1st Gen (2018),256GB,Wi-Fi,,205.0,175.0,35.0,,https://www.ocbuyback.com/sell/tablet/apple/ipad-pro-11-1st-gen-2018
250-12-10-1,Apple,iPad Pro 11 1st Gen (2018),256GB,Wi-Fi + Cellular,,220.0,190.0,40.0,,https://www.ocbuyback.com/sell/tablet/apple/ipad-pro-11-1st-gen-2018
250-11-25-1,Apple,iPad Pro 11 1st Gen (2018),512GB,Wi-Fi,,230.0,205.0,37.0,,https://www.ocbuyback.com/sell/tablet/apple/ipad-pro-11-1st-gen-2018
250-12-25-1,Apple,iPad Pro 11 1st Gen (2018),512GB,Wi-Fi + Cellular,,245.0,220.0,42.0,,https://www.ocbuyback.com/sell/tablet/apple/ipad-pro-11-1st-gen-2018
250-11-26-1,Apple,iPad Pro 11 1st Gen (2018),1TB,Wi-Fi,,250.0,225.0,40.0,,https://www.ocbuyback.com/sell/tablet/apple/ipad-pro-11-1st-gen-2018
250-12-26-1,Apple,iPad Pro 11 1st Gen (2018),1TB,Wi-Fi + Cellular,,265.0,240.0,45.0,,https://www.ocbuyback.com/sell/tablet/apple/ipad-pro-11-1st-gen-2018
453-11-9-1,Apple,iPad Pro 11 2nd Gen (2020),128GB,Wi-Fi,,265.0,245.0,75.0,20.0,https://www.ocbuyback.com/sell/tablet/apple/ipad-pro-11-2nd-gen-2020
453-12-9-1,Apple,iPad Pro 11 2nd Gen (2020),128GB,Wi-Fi + Cellular,,275.0,255.0,80.0,20.0,https://www.ocbuyback.com/sell/tablet/apple/ipad-pro-11-2nd-gen-2020
453-11-10-1,Apple,iPad Pro 11 2nd Gen (2020),256GB,Wi-Fi,,275.0,255.0,80.0,20.0,https://www.ocbuyback.com/sell/tablet/apple/ipad-pro-11-2nd-gen-2020
453-12-10-1,Apple,iPad Pro 11 2nd Gen (2020),256GB,Wi-Fi + Cellular,,285.0,265.0,85.0,20.0,https://www.ocbuyback.com/sell/tablet/apple/ipad-pro-11-2nd-gen-2020
453-11-25-1,Apple,iPad Pro 11 2nd Gen (2020),512GB,Wi-Fi,,290.0,270.0,82.0,20.0,https://www.ocbuyback.com/sell/tablet/apple/ipad-pro-11-2nd-gen-2020
453-12-25-1,Apple,iPad Pro 11 2nd Gen (2020),512GB,Wi-Fi + Cellular,,300.0,280.0,87.0,20.0,https://www.ocbuyback.com/sell/tablet/apple/ipad-pro-11-2nd-gen-2020
453-11-26-1,Apple,iPad Pro 11 2nd Gen (2020),1TB,Wi-Fi,,310.0,290.0,87.0,20.0,https://www.ocbuyback.com/sell/tablet/apple/ipad-pro-11-2nd-gen-2020
453-12-26-1,Apple,iPad Pro 11 2nd Gen (2020),1TB,Wi-Fi + Cellular,,320.0,300.0,92.0,20.0,https://www.ocbuyback.com/sell/tablet/apple/ipad-pro-11-2nd-gen-2020
533-11-9-1,Apple,iPad Pro 11 3rd Gen (2021),128GB,Wi-Fi,,290.0,260.0,65.0,10.0,https://www.ocbuyback.com/sell/tablet/apple/ipad-pro-11-3rd-gen-2021
533-12-9-1,Apple,iPad Pro 11 3rd Gen (2021),128GB,Wi-Fi + Cellular,,320.0,290.0,75.0,10.0,https://www.ocbuyback.com/sell/tablet/apple/ipad-pro-11-3rd-gen-2021
533-11-10-1,Apple,iPad Pro 11 3rd Gen (2021),256GB,Wi-Fi,,310.0,280.0,65.0,10.0,https://www.ocbuyback.com/sell/tablet/apple/ipad-pro-11-3rd-gen-2021
533-12-10-1,Apple,iPad Pro 11 3rd Gen (2021),256GB,Wi-Fi + Cellular,,340.0,310.0,85.0,10.0,https://www.ocbuyback.com/sell/tablet/apple/ipad-pro-11-3rd-gen-2021
533-11-25-1,Apple,iPad Pro 11 3rd Gen (2021),512GB,Wi-Fi,,350.0,320.0,60.0,10.0,https://www.ocbuyback.com/sell/tablet/apple/ipad-pro-11-3rd-gen-2021
533-12-25-1,Apple,iPad Pro 11 3rd Gen (2021),512GB,Wi-Fi + Cellular,,380.0,350.0,100.0,10.0,https://www.ocbuyback.com/sell/tablet/apple/ipad-pro-11-3rd-gen-2021
533-11-26-1,Apple,iPad Pro 11 3rd Gen (2021),1TB,Wi-Fi,,390.0,360.0,65.0,10.0,https://www.ocbuyback.com/sell/tablet/apple/ipad-pro-11-3rd-gen-2021
533-12-26-1,Apple,iPad Pro 11 3rd Gen (2021),1TB,Wi-Fi + Cellular,,420.0,390.0,105.0,10.0,https://www.ocbuyback.com/sell/tablet/apple/ipad-pro-11-3rd-gen-2021
533-11-36-1,Apple,iPad Pro 11 3rd Gen (2021),2TB,Wi-Fi,,440.0,410.0,85.0,10.0,https://www.ocbuyback.com/sell/tablet/apple/ipad-pro-11-3rd-gen-2021
533-12-36-1,Apple,iPad Pro 11 3rd Gen (2021),2TB,Wi-Fi + Cellular,,470.0,440.0,125.0,10.0,https://www.ocbuyback.com/sell/tablet/apple/ipad-pro-11-3rd-gen-2021
1144-11-8-6,Apple,iPad 10.9 10th Gen (2022),64GB,Wi-Fi,160.0,140.0,110.0,25.0,10.0,https://www.ocbuyback.com/sell/tablet/apple/ipad-10-9-10th-gen-2022
1144-12-8-6,Apple,iPad 10.9 10th Gen (2022),64GB,Wi-Fi + Cellular,190.0,170.0,140.0,35.0,10.0,https://www.ocbuyback.com/sell/tablet/apple/ipad-10-9-10th-gen-2022
1144-11-10-6,Apple,iPad 10.9 10th Gen (2022),256GB,Wi-Fi,190.0,170.0,140.0,35.0,10.0,https://www.ocbuyback.com/sell/tablet/apple/ipad-10-9-10th-gen-2022
1144-12-10-6,Apple,iPad 10.9 10th Gen (2022),256GB,Wi-Fi + Cellular,220.0,200.0,170.0,45.0,10.0,https://www.ocbuyback.com/sell/tablet/apple/ipad-10-9-10th-gen-2022
1145-11-9-6,Apple,iPad Pro 11 4th Gen (2022),128GB,Wi-Fi,420.0,370.0,330.0,155.0,30.0,https://www.ocbuyback.com/sell/tablet/apple/ipad-pro-11-4th-gen-2022
1145-12-9-6,Apple,iPad Pro 11 4th Gen (2022),128GB,Wi-Fi + Cellular,450.0,400.0,360.0,175.0,30.0,https://www.ocbuyback.com/sell/tablet/apple/ipad-pro-11-4th-gen-2022
1145-11-10-6,Apple,iPad Pro 11 4th Gen (2022),256GB,Wi-Fi,470.0,420.0,380.0,170.0,30.0,https://www.ocbuyback.com/sell/tablet/apple/ipad-pro-11-4th-gen-2022
1145-12-10-6,Apple,iPad Pro 11 4th Gen (2022),256GB,Wi-Fi + Cellular,500.0,450.0,410.0,190.0,30.0,https://www.ocbuyback.com/sell/tablet/apple/ipad-pro-11-4th-gen-2022
1145-11-25-6,Apple,iPad Pro 11 4th Gen (2022),512GB,Wi-Fi,495.0,445.0,405.0,180.0,30.0,https://www.ocbuyback.com/sell/tablet/apple/ipad-pro-11-4th-gen-2022
1145-12-25-6,Apple,iPad Pro 11 4th Gen (2022),512GB,Wi-Fi + Cellular,525.0,475.0,435.0,200.0,30.0,https://www.ocbuyback.com/sell/tablet/apple/ipad-pro-11-4th-gen-2022
1145-11-26-6,Apple,iPad Pro 11 4th Gen (2022),1TB,Wi-Fi,570.0,520.0,480.0,195.0,30.0,https://www.ocbuyback.com/sell/tablet/apple/ipad-pro-11-4th-gen-2022
1145-12-26-6,Apple,iPad Pro 11 4th Gen (2022),1TB,Wi-Fi + Cellular,600.0,550.0,510.0,215.0,30.0,https://www.ocbuyback.com/sell/tablet/apple/ipad-pro-11-4th-gen-2022
1145-11-36-6,Apple,iPad Pro 11 4th Gen (2022),2TB,Wi-Fi,620.0,570.0,530.0,215.0,30.0,https://www.ocbuyback.com/sell/tablet/apple/ipad-pro-11-4th-gen-2022
1145-12-36-6,Apple,iPad Pro 11 4th Gen (2022),2TB,Wi-Fi + Cellular,650.0,600.0,560.0,235.0,30.0,https://www.ocbuyback.com/sell/tablet/apple/ipad-pro-11-4th-gen-2022
1342-11-10-6,Apple,iPad Pro 13 M4 Standard Glass (2024),256GB,Wi-Fi,580.0,530.0,480.0,200.0,50.0,https://www.ocbuyback.com/sell/tablet/apple/ipad-pro-13-m4-standard-glass-2024
1342-12-10-6,Apple,iPad Pro 13 M4 Standard Glass (2024),256GB,Wi-Fi + Cellular,610.0,560.0,510.0,225.0,50.0,https://www.ocbuyback.com/sell/tablet/apple/ipad-pro-13-m4-standard-glass-2024
1342-11-25-6,Apple,iPad Pro 13 M4 Standard Glass (2024),512GB,Wi-Fi,640.0,590.0,540.0,225.0,50.0,https://www.ocbuyback.com/sell/tablet/apple/ipad-pro-13-m4-standard-glass-2024
1342-12-25-6,Apple,iPad Pro 13 M4 Standard Glass (2024),512GB,Wi-Fi + Cellular,670.0,620.0,570.0,250.0,50.0,https://www.ocbuyback.com/sell/tablet/apple/ipad-pro-13-m4-standard-glass-2024
1342-11-26-6,Apple,iPad Pro 13 M4 Standard Glass (2024),1TB,Wi-Fi,700.0,650.0,600.0,250.0,50.0,https://www.ocbuyback.com/sell/tablet/apple/ipad-pro-13-m4-standard-glass-2024
1342-12-26-6,Apple,iPad Pro 13 M4 Standard Glass (2024),1TB,Wi-Fi + Cellular,730.0,680.0,630.0,275.0,50.0,https://www.ocbuyback.com/sell/tablet/apple/ipad-pro-13-m4-standard-glass-2024
1342-11-36-6,Apple,iPad Pro 13 M4 Standard Glass (2024),2TB,Wi-Fi,810.0,760.0,710.0,275.0,50.0,https://www.ocbuyback.com/sell/tablet/apple/ipad-pro-13-m4-standard-glass-2024
1342-12-36-6,Apple,iPad Pro 13 M4 Standard Glass (2024),2TB,Wi-Fi + Cellular,840.0,790.0,740.0,300.0,50.0,https://www.ocbuyback.com/sell/tablet/apple/ipad-pro-13-m4-standard-glass-2024
1343-11-26-6,Apple,iPad Pro 13 M4 Nano-texture Glass (2024),1TB,Wi-Fi,735.0,685.0,635.0,265.0,50.0,https://www.ocbuyback.com/sell/tablet/apple/ipad-pro-13-m4-nano-texture-glass-2024
1343-12-26-6,Apple,iPad Pro 13 M4 Nano-texture Glass (2024),1TB,Wi-Fi + Cellular,765.0,715.0,665.0,290.0,50.0,https://www.ocbuyback.com/sell/tablet/apple/ipad-pro-13-m4-nano-texture-glass-2024
1343-11-36-6,Apple,iPad Pro 13 M4 Nano-texture Glass (2024),2TB,Wi-Fi,845.0,795.0,745.0,290.0,50.0,https://www.ocbuyback.com/sell/tablet/apple/ipad-pro-13-m4-nano-texture-glass-2024
1343-12-36-6,Apple,iPad Pro 13 M4 Nano-texture Glass (2024),2TB,Wi-Fi + Cellular,875.0,825.0,775.0,315.0,50.0,https://www.ocbuyback.com/sell/tablet/apple/ipad-pro-13-m4-nano-texture-glass-2024
1344-11-10-6,Apple,iPad Pro 11 M4 Standard Glass (2024),256GB,Wi-Fi,550.0,500.0,460.0,200.0,50.0,https://www.ocbuyback.com/sell/tablet/apple/ipad-pro-11-m4-standard-glass-2024
1344-12-10-6,Apple,iPad Pro 11 M4 Standard Glass (2024),256GB,Wi-Fi + Cellular,570.0,520.0,480.0,200.0,50.0,https://www.ocbuyback.com/sell/tablet/apple/ipad-pro-11-m4-standard-glass-2024
1344-11-25-6,Apple,iPad Pro 11 M4 Standard Glass (2024),512GB,Wi-Fi,625.0,575.0,535.0,250.0,50.0,https://www.ocbuyback.com/sell/tablet/apple/ipad-pro-11-m4-standard-glass-2024
1344-12-25-6,Apple,iPad Pro 11 M4 Standard Glass (2024),512GB,Wi-Fi + Cellular,645.0,595.0,555.0,250.0,50.0,https://www.ocbuyback.com/sell/tablet/apple/ipad-pro-11-m4-standard-glass-2024
1344-11-26-6,Apple,iPad Pro 11 M4 Standard Glass (2024),1TB,Wi-Fi,700.0,650.0,610.0,300.0,50.0,https://www.ocbuyback.com/sell/tablet/apple/ipad-pro-11-m4-standard-glass-2024
1344-12-26-6,Apple,iPad Pro 11 M4 Standard Glass (2024),1TB,Wi-Fi + Cellular,720.0,670.0,630.0,300.0,50.0,https://www.ocbuyback.com/sell/tablet/apple/ipad-pro-11-m4-standard-glass-2024
1344-11-36-6,Apple,iPad Pro 11 M4 Standard Glass (2024),2TB,Wi-Fi,775.0,725.0,685.0,350.0,50.0,https://www.ocbuyback.com/sell/tablet/apple/ipad-pro-11-m4-standard-glass-2024
1344-12-36-6,Apple,iPad Pro 11 M4 Standard Glass (2024),2TB,Wi-Fi + Cellular,795.0,745.0,705.0,350.0,50.0,https://www.ocbuyback.com/sell/tablet/apple/ipad-pro-11-m4-standard-glass-2024
1345-11-26-6,Apple,iPad Pro 11 M4 Nano-texture Glass (2024),1TB,Wi-Fi,735.0,685.0,645.0,315.0,50.0,https://www.ocbuyback.com/sell/tablet/apple/ipad-pro-11-m4-nano-texture-glass-2024
1345-12-26-6,Apple,iPad Pro 11 M4 Nano-texture Glass (2024),1TB,Wi-Fi + Cellular,755.0,705.0,665.0,315.0,50.0,https://www.ocbuyback.com/sell/tablet/apple/ipad-pro-11-m4-nano-texture-glass-2024
1345-11-36-6,Apple,iPad Pro 11 M4 Nano-texture Glass (2024),2TB,Wi-Fi,810.0,760.0,720.0,365.0,50.0,https://www.ocbuyback.com/sell/tablet/apple/ipad-pro-11-m4-nano-texture-glass-2024
1345-12-36-6,Apple,iPad Pro 11 M4 Nano-texture Glass (2024),2TB,Wi-Fi + Cellular,830.0,780.0,740.0,365.0,50.0,https://www.ocbuyback.com/sell/tablet/apple/ipad-pro-11-m4-nano-texture-glass-2024
1352-11-9-6,Apple,iPad Air 11 M2 (2024),128GB,Wi-Fi,340.0,290.0,255.0,80.0,20.0,https://www.ocbuyback.com/sell/tablet/apple/ipad-air-11-m2-2024
1352-12-9-6,Apple,iPad Air 11 M2 (2024),128GB,Wi-Fi + Cellular,360.0,310.0,275.0,90.0,20.0,https://www.ocbuyback.com/sell/tablet/apple/ipad-air-11-m2-2024
1352-11-10-6,Apple,iPad Air 11 M2 (2024),256GB,Wi-Fi,370.0,320.0,285.0,90.0,20.0,https://www.ocbuyback.com/sell/tablet/apple/ipad-air-11-m2-2024
1352-12-10-6,Apple,iPad Air 11 M2 (2024),256GB,Wi-Fi + Cellular,390.0,340.0,305.0,100.0,20.0,https://www.ocbuyback.com/sell/tablet/apple/ipad-air-11-m2-2024
1352-11-25-6,Apple,iPad Air 11 M2 (2024),512GB,Wi-Fi,430.0,380.0,345.0,105.0,20.0,https://www.ocbuyback.com/sell/tablet/apple/ipad-air-11-m2-2024
1352-12-25-6,Apple,iPad Air 11 M2 (2024),512GB,Wi-Fi + Cellular,450.0,400.0,365.0,115.0,20.0,https://www.ocbuyback.com/sell/tablet/apple/ipad-air-11-m2-2024
1352-11-26-6,Apple,iPad Air 11 M2 (2024),1TB,Wi-Fi,490.0,440.0,405.0,120.0,20.0,https://www.ocbuyback.com/sell/tablet/apple/ipad-air-11-m2-2024
1352-12-26-6,Apple,iPad Air 11 M2 (2024),1TB,Wi-Fi + Cellular,510.0,460.0,425.0,130.0,20.0,https://www.ocbuyback.com/sell/tablet/apple/ipad-air-11-m2-2024
1353-11-9-6,Apple,iPad Air 13 M2 (2024),128GB,Wi-Fi,405.0,355.0,305.0,105.0,20.0,https://www.ocbuyback.com/sell/tablet/apple/ipad-air-13-m2-2024
1353-12-9-6,Apple,iPad Air 13 M2 (2024),128GB,Wi-Fi + Cellular,430.0,380.0,330.0,130.0,20.0,https://www.ocbuyback.com/sell/tablet/apple/ipad-air-13-m2-2024
1353-11-10-6,Apple,iPad Air 13 M2 (2024),256GB,Wi-Fi,455.0,405.0,355.0,130.0,20.0,https://www.ocbuyback.com/sell/tablet/apple/ipad-air-13-m2-2024
1353-12-10-6,Apple,iPad Air 13 M2 (2024),256GB,Wi-Fi + Cellular,480.0,430.0,380.0,155.0,20.0,https://www.ocbuyback.com/sell/tablet/apple/ipad-air-13-m2-2024
1353-11-25-6,Apple,iPad Air 13 M2 (2024),512GB,Wi-Fi,505.0,455.0,405.0,140.0,20.0,https://www.ocbuyback.com/sell/tablet/apple/ipad-air-13-m2-2024
1353-12-25-6,Apple,iPad Air 13 M2 (2024),512GB,Wi-Fi + Cellular,530.0,480.0,430.0,165.0,20.0,https://www.ocbuyback.com/sell/tablet/apple/ipad-air-13-m2-2024
1353-11-26-6,Apple,iPad Air 13 M2 (2024),1TB,Wi-Fi,555.0,505.0,455.0,150.0,20.0,https://www.ocbuyback.com/sell/tablet/apple/ipad-air-13-m2-2024
1353-12-26-6,Apple,iPad Air 13 M2 (2024),1TB,Wi-Fi + Cellular,580.0,530.0,480.0,175.0,20.0,https://www.ocbuyback.com/sell/tablet/apple/ipad-air-13-m2-2024
1597-11-9-6,Apple,iPad Air 11 M3 (2025),128GB,Wi-Fi,350.0,300.0,250.0,125.0,10.0,https://www.ocbuyback.com/sell/tablet/apple/ipad-air-11-m3-2025
1597-12-9-6,Apple,iPad Air 11 M3 (2025),128GB,Wi-Fi + Cellular,360.0,310.0,260.0,150.0,10.0,https://www.ocbuyback.com/sell/tablet/apple/ipad-air-11-m3-2025
1597-11-10-6,Apple,iPad Air 11 M3 (2025),256GB,Wi-Fi,360.0,310.0,260.0,150.0,10.0,https://www.ocbuyback.com/sell/tablet/apple/ipad-air-11-m3-2025
1597-12-10-6,Apple,iPad Air 11 M3 (2025),256GB,Wi-Fi + Cellular,370.0,320.0,270.0,175.0,10.0,https://www.ocbuyback.com/sell/tablet/apple/ipad-air-11-m3-2025
1597-11-25-6,Apple,iPad Air 11 M3 (2025),512GB,Wi-Fi,410.0,360.0,310.0,175.0,10.0,https://www.ocbuyback.com/sell/tablet/apple/ipad-air-11-m3-2025
1597-12-25-6,Apple,iPad Air 11 M3 (2025),512GB,Wi-Fi + Cellular,420.0,370.0,320.0,200.0,10.0,https://www.ocbuyback.com/sell/tablet/apple/ipad-air-11-m3-2025
1597-11-26-6,Apple,iPad Air 11 M3 (2025),1TB,Wi-Fi,480.0,430.0,380.0,200.0,10.0,https://www.ocbuyback.com/sell/tablet/apple/ipad-air-11-m3-2025
1597-12-26-6,Apple,iPad Air 11 M3 (2025),1TB,Wi-Fi + Cellular,490.0,440.0,390.0,225.0,10.0,https://www.ocbuyback.com/sell/tablet/apple/ipad-air-11-m3-2025
1598-11-9-6,Apple,iPad Air 13 M3 (2025),128GB,Wi-Fi,450.0,400.0,340.0,150.0,10.0,https://www.ocbuyback.com/sell/tablet/apple/ipad-air-13-m3-2025
1598-12-9-6,Apple,iPad Air 13 M3 (2025),128GB,Wi-Fi + Cellular,480.0,430.0,370.0,165.0,10.0,https://www.ocbuyback.com/sell/tablet/apple/ipad-air-13-m3-2025
1598-11-10-6,Apple,iPad Air 13 M3 (2025),256GB,Wi-Fi,480.0,430.0,370.0,160.0,10.0,https://www.ocbuyback.com/sell/tablet/apple/ipad-air-13-m3-2025
1598-12-10-6,Apple,iPad Air 13 M3 (2025),256GB,Wi-Fi + Cellular,510.0,460.0,400.0,175.0,10.0,https://www.ocbuyback.com/sell/tablet/apple/ipad-air-13-m3-2025
1598-11-25-6,Apple,iPad Air 13 M3 (2025),512GB,Wi-Fi,515.0,465.0,405.0,165.0,10.0,https://www.ocbuyback.com/sell/tablet/apple/ipad-air-13-m3-2025
1598-12-25-6,Apple,iPad Air 13 M3 (2025),512GB,Wi-Fi + Cellular,545.0,495.0,435.0,180.0,10.0,https://www.ocbuyback.com/sell/tablet/apple/ipad-air-13-m3-2025
1598-11-26-6,Apple,iPad Air 13 M3 (2025),1TB,Wi-Fi,575.0,525.0,465.0,175.0,10.0,https://www.ocbuyback.com/sell/tablet/apple/ipad-air-13-m3-2025
1598-12-26-6,Apple,iPad Air 13 M3 (2025),1TB,Wi-Fi + Cellular,605.0,555.0,495.0,190.0,10.0,https://www.ocbuyback.com/sell/tablet/apple/ipad-air-13-m3-2025
1599-11-9-6,Apple,iPad 11 A16 11th Gen (2025),128GB,Wi-Fi,180.0,150.0,120.0,35.0,10.0,https://www.ocbuyback.com/sell/tablet/apple/ipad-11-a16-11th-gen-2025
1599-12-9-6,Apple,iPad 11 A16 11th Gen (2025),128GB,Wi-Fi + Cellular,230.0,180.0,150.0,45.0,10.0,https://www.ocbuyback.com/sell/tablet/apple/ipad-11-a16-11th-gen-2025
1599-11-10-6,Apple,iPad 11 A16 11th Gen (2025),256GB,Wi-Fi,220.0,190.0,160.0,50.0,10.0,https://www.ocbuyback.com/sell/tablet/apple/ipad-11-a16-11th-gen-2025
1599-12-10-6,Apple,iPad 11 A16 11th Gen (2025),256GB,Wi-Fi + Cellular,270.0,220.0,190.0,60.0,10.0,https://www.ocbuyback.com/sell/tablet/apple/ipad-11-a16-11th-gen-2025
1599-11-25-6,Apple,iPad 11 A16 11th Gen (2025),512GB,Wi-Fi,280.0,250.0,220.0,65.0,10.0,https://www.ocbuyback.com/sell/tablet/apple/ipad-11-a16-11th-gen-2025
1599-12-25-6,Apple,iPad 11 A16 11th Gen (2025),512GB,Wi-Fi + Cellular,330.0,280.0,250.0,75.0,10.0,https://www.ocbuyback.com/sell/tablet/apple/ipad-11-a16-11th-gen-2025
313-6-8-1,Apple,iPhone 11,64GB,AT&T,,65.0,55.0,20.0,5.0,https://www.ocbuyback.com/sell/cell-phone/apple/iphone-11
313-9-8-1,Apple,iPhone 11,64GB,T-Mobile,,65.0,55.0,10.0,5.0,https://www.ocbuyback.com/sell/cell-phone/apple/iphone-11
313-7-8-1,Apple,iPhone 11,64GB,Verizon,,80.0,70.0,25.0,5.0,https://www.ocbuyback.com/sell/cell-phone/apple/iphone-11
313-16-8-1,Apple,iPhone 11,64GB,Unlocked,,80.0,70.0,25.0,5.0,https://www.ocbuyback.com/sell/cell-phone/apple/iphone-11
313-6-9-1,Apple,iPhone 11,128GB,AT&T,,75.0,65.0,21.0,5.0,https://www.ocbuyback.com/sell/cell-phone/apple/iphone-11
313-9-9-1,Apple,iPhone 11,128GB,T-Mobile,,75.0,65.0,10.0,5.0,https://www.ocbuyback.com/sell/cell-phone/apple/iphone-11
313-7-9-1,Apple,iPhone 11,128GB,Verizon,,90.0,80.0,26.0,5.0,https://www.ocbuyback.com/sell/cell-phone/apple/iphone-11
313-16-9-1,Apple,iPhone 11,128GB,Unlocked,,90.0,80.0,26.0,5.0,https://www.ocbuyback.com/sell/cell-phone/apple/iphone-11
313-6-10-1,Apple,iPhone 11,256GB,AT&T,,85.0,75.0,22.0,5.0,https://www.ocbuyback.com/sell/cell-phone/apple/iphone-11
313-9-10-1,Apple,iPhone 11,256GB,T-Mobile,,85.0,75.0,10.0,5.0,https://www.ocbuyback.com/sell/cell-phone/apple/iphone-11
313-7-10-1,Apple,iPhone 11,256GB,Verizon,,100.0,90.0,27.0,5.0,https://www.ocbuyback.com/sell/cell-phone/apple/iphone-11
313-16-10-1,Apple,iPhone 11,256GB,Unlocked,,100.0,90.0,27.0,5.0,https://www.ocbuyback.com/sell/cell-phone/apple/iphone-11
314-6-8-6,Apple,iPhone 11 Pro,64GB,AT&T,140.0,90.0,80.0,20.0,5.0,https://www.ocbuyback.com/sell/cell-phone/apple/iphone-11-pro
314-9-8-6,Apple,iPhone 11 Pro,64GB,T-Mobile,120.0,70.0,60.0,15.0,5.0,https://www.ocbuyback.com/sell/cell-phone/apple/iphone-11-pro
314-7-8-6,Apple,iPhone 11 Pro,64GB,Verizon,160.0,110.0,100.0,20.0,5.0,https://www.ocbuyback.com/sell/cell-phone/apple/iphone-11-pro
314-16-8-6,Apple,iPhone 11 Pro,64GB,Unlocked,170.0,120.0,110.0,30.0,5.0,https://www.ocbuyback.com/sell/cell-phone/apple/iphone-11-pro
314-6-10-6,Apple,iPhone 11 Pro,256GB,AT&T,165.0,115.0,95.0,25.0,5.0,https://www.ocbuyback.com/sell/cell-phone/apple/iphone-11-pro
314-9-10-6,Apple,iPhone 11 Pro,256GB,T-Mobile,145.0,95.0,85.0,10.0,5.0,https://www.ocbuyback.com/sell/cell-phone/apple/iphone-11-pro
314-7-10-6,Apple,iPhone 11 Pro,256GB,Verizon,185.0,135.0,125.0,25.0,5.0,https://www.ocbuyback.com/sell/cell-phone/apple/iphone-11-pro
314-16-10-6,Apple,iPhone 11 Pro,256GB,Unlocked,195.0,145.0,135.0,35.0,5.0,https://www.ocbuyback.com/sell/cell-phone/apple/iphone-11-pro
314-6-25-6,Apple,iPhone 11 Pro,512GB,AT&T,175.0,125.0,115.0,30.0,5.0,https://www.ocbuyback.com/sell/cell-phone/apple/iphone-11-pro
314-9-25-6,Apple,iPhone 11 Pro,512GB,T-Mobile,155.0,105.0,95.0,10.0,5.0,https://www.ocbuyback.com/sell/cell-phone/apple/iphone-11-pro
314-7-25-6,Apple,iPhone 11 Pro,512GB,Verizon,195.0,145.0,135.0,30.0,5.0,https://www.ocbuyback.com/sell/cell-phone/apple/iphone-11-pro
314-16-25-6,Apple,iPhone 11 Pro,512GB,Unlocked,205.0,155.0,145.0,40.0,5.0,https://www.ocbuyback.com/sell/cell-phone/apple/iphone-11-pro
315-6-8-1,Apple,iPhone 11 Pro Max,64GB,AT&T,,115.0,95.0,40.0,5.0,https://www.ocbuyback.com/sell/cell-phone/apple/iphone-11-pro-max
315-9-8-1,Apple,iPhone 11 Pro Max,64GB,T-Mobile,,85.0,65.0,15.0,5.0,https://www.ocbuyback.com/sell/cell-phone/apple/iphone-11-pro-max
315-7-8-1,Apple,iPhone 11 Pro Max,64GB,Verizon,,125.0,105.0,40.0,5.0,https://www.ocbuyback.com/sell/cell-phone/apple/iphone-11-pro-max
315-16-8-1,Apple,iPhone 11 Pro Max,64GB,Unlocked,,140.0,120.0,40.0,5.0,https://www.ocbuyback.com/sell/cell-phone/apple/iphone-11-pro-max
315-6-10-1,Apple,iPhone 11 Pro Max,256GB,AT&T,,130.0,110.0,45.0,5.0,https://www.ocbuyback.com/sell/cell-phone/apple/iphone-11-pro-max
315-9-10-1,Apple,iPhone 11 Pro Max,256GB,T-Mobile,,100.0,80.0,20.0,5.0,https://www.ocbuyback.com/sell/cell-phone/apple/iphone-11-pro-max
315-7-10-1,Apple,iPhone 11 Pro Max,256GB,Verizon,,140.0,120.0,45.0,5.0,https://www.ocbuyback.com/sell/cell-phone/apple/iphone-11-pro-max
315-16-10-1,Apple,iPhone 11 Pro Max,256GB,Unlocked,,155.0,135.0,45.0,5.0,https://www.ocbuyback.com/sell/cell-phone/apple/iphone-11-pro-max
315-6-25-1,Apple,iPhone 11 Pro Max,512GB,AT&T,,145.0,125.0,50.0,5.0,https://www.ocbuyback.com/sell/cell-phone/apple/iphone-11-pro-max
315-9-25-1,Apple,iPhone 11 Pro Max,512GB,T-Mobile,,115.0,95.0,25.0,5.0,https://www.ocbuyback.com/sell/cell-phone/apple/iphone-11-pro-max
315-7-25-1,Apple,iPhone 11 Pro Max,512GB,Verizon,,155.0,145.0,50.0,5.0,https://www.ocbuyback.com/sell/cell-phone/apple/iphone-11-pro-max
315-16-25-1,Apple,iPhone 11 Pro Max,512GB,Unlocked,,170.0,150.0,50.0,5.0,https://www.ocbuyback.com/sell/cell-phone/apple/iphone-11-pro-max
457-6-8-1,Apple,iPhone 12,64GB,AT&T,,105.0,85.0,35.0,10.0,https://www.ocbuyback.com/sell/cell-phone/apple/iphone-12
457-9-8-1,Apple,iPhone 12,64GB,T-Mobile,,75.0,55.0,15.0,10.0,https://www.ocbuyback.com/sell/cell-phone/apple/iphone-12
457-7-8-1,Apple,iPhone 12,64GB,Verizon,,115.0,95.0,35.0,10.0,https://www.ocbuyback.com/sell/cell-phone/apple/iphone-12
457-16-8-1,Apple,iPhone 12,64GB,Unlocked,,120.0,100.0,35.0,10.0,https://www.ocbuyback.com/sell/cell-phone/apple/iphone-12
457-6-9-1,Apple,iPhone 12,128GB,AT&T,,130.0,110.0,45.0,10.0,https://www.ocbuyback.com/sell/cell-phone/apple/iphone-12
457-9-9-1,Apple,iPhone 12,128GB,T-Mobile,,100.0,80.0,25.0,10.0,https://www.ocbuyback.com/sell/cell-phone/apple/iphone-12
457-7-9-1,Apple,iPhone 12,128GB,Verizon,,140.0,120.0,55.0,10.0,https://www.ocbuyback.com/sell/cell-phone/apple/iphone-12
457-16-9-1,Apple,iPhone 12,128GB,Unlocked,,145.0,125.0,45.0,10.0,https://www.ocbuyback.com/sell/cell-phone/apple/iphone-12
457-6-10-1,Apple,iPhone 12,256GB,AT&T,,150.0,130.0,50.0,10.0,https://www.ocbuyback.com/sell/cell-phone/apple/iphone-12
457-9-10-1,Apple,iPhone 12,256GB,T-Mobile,,120.0,100.0,30.0,10.0,https://www.ocbuyback.com/sell/cell-phone/apple/iphone-12
457-7-10-1,Apple,iPhone 12,256GB,Verizon,,160.0,140.0,50.0,10.0,https://www.ocbuyback.com/sell/cell-phone/apple/iphone-12
457-16-10-1,Apple,iPhone 12,256GB,Unlocked,,165.0,145.0,50.0,10.0,https://www.ocbuyback.com/sell/cell-phone/apple/iphone-12
458-6-8-6,Apple,iPhone 12 Mini,64GB,AT&T,120.0,80.0,60.0,5.0,5.0,https://www.ocbuyback.com/sell/cell-phone/apple/iphone-12-mini
458-9-8-6,Apple,iPhone 12 Mini,64GB,T-Mobile,85.0,45.0,25.0,5.0,5.0,https://www.ocbuyback.com/sell/cell-phone/apple/iphone-12-mini
458-7-8-6,Apple,iPhone 12 Mini,64GB,Verizon,140.0,100.0,80.0,25.0,5.0,https://www.ocbuyback.com/sell/cell-phone/apple/iphone-12-mini
458-16-8-6,Apple,iPhone 12 Mini,64GB,Unlocked,140.0,100.0,80.0,25.0,5.0,https://www.ocbuyback.com/sell/cell-phone/apple/iphone-12-mini
458-6-9-6,Apple,iPhone 12 Mini,128GB,AT&T,140.0,100.0,80.0,10.0,5.0,https://www.ocbuyback.com/sell/cell-phone/apple/iphone-12-mini
458-9-9-6,Apple,iPhone 12 Mini,128GB,T-Mobile,105.0,65.0,45.0,10.0,5.0,https://www.ocbuyback.com/sell/cell-phone/apple/iphone-12-mini
458-7-9-6,Apple,iPhone 12 Mini,128GB,Verizon,160.0,120.0,100.0,35.0,5.0,https://www.ocbuyback.com/sell/cell-phone/apple/iphone-12-mini
458-16-9-6,Apple,iPhone 12 Mini,128GB,Unlocked,160.0,120.0,100.0,35.0,5.0,https://www.ocbuyback.com/sell/cell-phone/apple/iphone-12-mini
458-6-10-6,Apple,iPhone 12 Mini,256GB,AT&T,155.0,115.0,95.0,15.0,5.0,https://www.ocbuyback.com/sell/cell-phone/apple/iphone-12-mini
458-9-10-6,Apple,iPhone 12 Mini,256GB,T-Mobile,120.0,80.0,60.0,10.0,5.0,https://www.ocbuyback.com/sell/cell-phone/apple/iphone-12-mini
458-7-10-6,Apple,iPhone 12 Mini,256GB,Verizon,175.0,135.0,115.0,35.0,5.0,https://www.ocbuyback.com/sell/cell-phone/apple/iphone-12-mini
458-16-10-6,Apple,iPhone 12 Mini,256GB,Unlocked,175.0,135.0,115.0,35.0,5.0,https://www.ocbuyback.com/sell/cell-phone/apple/iphone-12-mini
459-6-9-1,Apple,iPhone 12 Pro,128GB,AT&T,,130.0,110.0,20.0,10.0,https://www.ocbuyback.com/sell/cell-phone/apple/iphone-12-pro
459-9-9-1,Apple,iPhone 12 Pro,128GB,T-Mobile,,100.0,80.0,20.0,10.0,https://www.ocbuyback.com/sell/cell-phone/apple/iphone-12-pro
459-7-9-1,Apple,iPhone 12 Pro,128GB,Verizon,,170.0,150.0,50.0,20.0,https://www.ocbuyback.com/sell/cell-phone/apple/iphone-12-pro
459-16-9-1,Apple,iPhone 12 Pro,128GB,Unlocked,,170.0,150.0,50.0,20.0,https://www.ocbuyback.com/sell/cell-phone/apple/iphone-12-pro
459-6-10-1,Apple,iPhone 12 Pro,256GB,AT&T,,170.0,150.0,30.0,20.0,https://www.ocbuyback.com/sell/cell-phone/apple/iphone-12-pro
459-9-10-1,Apple,iPhone 12 Pro,256GB,T-Mobile,,140.0,120.0,30.0,20.0,https://www.ocbuyback.com/sell/cell-phone/apple/iphone-12-pro
459-7-10-1,Apple,iPhone 12 Pro,256GB,Verizon,,210.0,190.0,60.0,20.0,https://www.ocbuyback.com/sell/cell-phone/apple/iphone-12-pro
459-16-10-1,Apple,iPhone 12 Pro,256GB,Unlocked,,210.0,190.0,60.0,20.0,https://www.ocbuyback.com/sell/cell-phone/apple/iphone-12-pro
459-6-25-1,Apple,iPhone 12 Pro,512GB,AT&T,,180.0,160.0,35.0,20.0,https://www.ocbuyback.com/sell/cell-phone/apple/iphone-12-pro
459-9-25-1,Apple,iPhone 12 Pro,512GB,T-Mobile,,150.0,130.0,35.0,20.0,https://www.ocbuyback.com/sell/cell-phone/apple/iphone-12-pro
459-7-25-1,Apple,iPhone 12 Pro,512GB,Verizon,,220.0,200.0,65.0,20.0,https://www.ocbuyback.com/sell/cell-phone/apple/iphone-12-pro
459-16-25-1,Apple,iPhone 12 Pro,512GB,Unlocked,,220.0,200.0,65.0,20.0,https://www.ocbuyback.com/sell/cell-phone/apple/iphone-12-pro
460-6-9-1,Apple,iPhone 12 Pro Max,128GB,AT&T,,205.0,175.0,60.0,20.0,https://www.ocbuyback.com/sell/cell-phone/apple/iphone-12-pro-max
460-9-9-1,Apple,iPhone 12 Pro Max,128GB,T-Mobile,,150.0,120.0,40.0,20.0,https://www.ocbuyback.com/sell/cell-phone/apple/iphone-12-pro-max
460-7-9-1,Apple,iPhone 12 Pro Max,128GB,Verizon,,225.0,195.0,60.0,20.0,https://www.ocbuyback.com/sell/cell-phone/apple/iphone-12-pro-max
460-16-9-1,Apple,iPhone 12 Pro Max,128GB,Unlocked,,245.0,215.0,80.0,20.0,https://www.ocbuyback.com/sell/cell-phone/apple/iphone-12-pro-max
460-6-10-1,Apple,iPhone 12 Pro Max,256GB,AT&T,,225.0,195.0,60.0,20.0,https://www.ocbuyback.com/sell/cell-phone/apple/iphone-12-pro-max
460-9-10-1,Apple,iPhone 12 Pro Max,256GB,T-Mobile,,170.0,140.0,40.0,20.0,https://www.ocbuyback.com/sell/cell-phone/apple/iphone-12-pro-max
460-7-10-1,Apple,iPhone 12 Pro Max,256GB,Verizon,,245.0,215.0,60.0,20.0,https://www.ocbuyback.com/sell/cell-phone/apple/iphone-12-pro-max
460-16-10-1,Apple,iPhone 12 Pro Max,256GB,Unlocked,,265.0,235.0,80.0,20.0,https://www.ocbuyback.com/sell/cell-phone/apple/iphone-12-pro-max
460-6-25-1,Apple,iPhone 12 Pro Max,512GB,AT&T,,240.0,215.0,65.0,20.0,https://www.ocbuyback.com/sell/cell-phone/apple/iphone-12-pro-max
460-9-25-1,Apple,iPhone 12 Pro Max,512GB,T-Mobile,,185.0,170.0,45.0,20.0,https://www.ocbuyback.com/sell/cell-phone/apple/iphone-12-pro-max
460-7-25-1,Apple,iPhone 12 Pro Max,512GB,Verizon,,260.0,235.0,65.0,20.0,https://www.ocbuyback.com/sell/cell-phone/apple/iphone-12-pro-max
460-16-25-1,Apple,iPhone 12 Pro Max,512GB,Unlocked,,280.0,255.0,85.0,20.0,https://www.ocbuyback.com/sell/cell-phone/apple/iphone-12-pro-max
524-6-9-1,Apple,iPhone 13,128GB,AT&T,,155.0,125.0,30.0,5.0,https://www.ocbuyback.com/sell/cell-phone/apple/iphone-13
524-9-9-1,Apple,iPhone 13,128GB,T-Mobile,,135.0,105.0,20.0,5.0,https://www.ocbuyback.com/sell/cell-phone/apple/iphone-13
524-7-9-1,Apple,iPhone 13,128GB,Verizon,,130.0,100.0,25.0,5.0,https://www.ocbuyback.com/sell/cell-phone/apple/iphone-13
524-16-9-1,Apple,iPhone 13,128GB,Unlocked,,195.0,155.0,50.0,5.0,https://www.ocbuyback.com/sell/cell-phone/apple/iphone-13
524-6-10-1,Apple,iPhone 13,256GB,AT&T,,175.0,145.0,35.0,5.0,https://www.ocbuyback.com/sell/cell-phone/apple/iphone-13
524-9-10-1,Apple,iPhone 13,256GB,T-Mobile,,155.0,125.0,30.0,5.0,https://www.ocbuyback.com/sell/cell-phone/apple/iphone-13
524-7-10-1,Apple,iPhone 13,256GB,Verizon,,150.0,115.0,30.0,5.0,https://www.ocbuyback.com/sell/cell-phone/apple/iphone-13
524-16-10-1,Apple,iPhone 13,256GB,Unlocked,,215.0,180.0,55.0,5.0,https://www.ocbuyback.com/sell/cell-phone/apple/iphone-13
524-6-25-1,Apple,iPhone 13,512GB,AT&T,,185.0,155.0,40.0,5.0,https://www.ocbuyback.com/sell/cell-phone/apple/iphone-13
524-9-25-1,Apple,iPhone 13,512GB,T-Mobile,,150.0,130.0,35.0,5.0,https://www.ocbuyback.com/sell/cell-phone/apple/iphone-13
524-7-25-1,Apple,iPhone 13,512GB,Verizon,,150.0,130.0,35.0,5.0,https://www.ocbuyback.com/sell/cell-phone/apple/iphone-13
524-16-25-1,Apple,iPhone 13,512GB,Unlocked,,225.0,195.0,60.0,5.0,https://www.ocbuyback.com/sell/cell-phone/apple/iphone-13
525-6-9-1,Apple,iPhone 13 Mini,128GB,AT&T,,115.0,100.0,40.0,5.0,https://www.ocbuyback.com/sell/cell-phone/apple/iphone-13-mini
525-9-9-1,Apple,iPhone 13 Mini,128GB,T-Mobile,,80.0,55.0,30.0,5.0,https://www.ocbuyback.com/sell/cell-phone/apple/iphone-13-mini
525-7-9-1,Apple,iPhone 13 Mini,128GB,Verizon,,125.0,100.0,25.0,5.0,https://www.ocbuyback.com/sell/cell-phone/apple/iphone-13-mini
525-16-9-1,Apple,iPhone 13 Mini,128GB,Unlocked,,155.0,140.0,50.0,5.0,https://www.ocbuyback.com/sell/cell-phone/apple/iphone-13-mini
525-6-10-1,Apple,iPhone 13 Mini,256GB,AT&T,,155.0,140.0,50.0,5.0,https://www.ocbuyback.com/sell/cell-phone/apple/iphone-13-mini
525-9-10-1,Apple,iPhone 13 Mini,256GB,T-Mobile,,120.0,95.0,40.0,5.0,https://www.ocbuyback.com/sell/cell-phone/apple/iphone-13-mini
525-7-10-1,Apple,iPhone 13 Mini,256GB,Verizon,,165.0,140.0,35.0,5.0,https://www.ocbuyback.com/sell/cell-phone/apple/iphone-13-mini
525-16-10-1,Apple,iPhone 13 Mini,256GB,Unlocked,,195.0,180.0,60.0,5.0,https://www.ocbuyback.com/sell/cell-phone/apple/iphone-13-mini
525-6-25-1,Apple,iPhone 13 Mini,512GB,AT&T,,170.0,155.0,55.0,5.0,https://www.ocbuyback.com/sell/cell-phone/apple/iphone-13-mini
525-9-25-1,Apple,iPhone 13 Mini,512GB,T-Mobile,,130.0,105.0,30.0,5.0,https://www.ocbuyback.com/sell/cell-phone/apple/iphone-13-mini
525-7-25-1,Apple,iPhone 13 Mini,512GB,Verizon,,180.0,145.0,25.0,5.0,https://www.ocbuyback.com/sell/cell-phone/apple/iphone-13-mini
525-16-25-1,Apple,iPhone 13 Mini,512GB,Unlocked,,210.0,195.0,65.0,5.0,https://www.ocbuyback.com/sell/cell-phone/apple/iphone-13-mini
526-6-9-1,Apple,iPhone 13 Pro,128GB,AT&T,,190.0,160.0,70.0,20.0,https://www.ocbuyback.com/sell/cell-phone/apple/iphone-13-pro
526-9-9-1,Apple,iPhone 13 Pro,128GB,T-Mobile,,145.0,115.0,30.0,20.0,https://www.ocbuyback.com/sell/cell-phone/apple/iphone-13-pro
526-7-9-1,Apple,iPhone 13 Pro,128GB,Verizon,,190.0,160.0,70.0,20.0,https://www.ocbuyback.com/sell/cell-phone/apple/iphone-13-pro
526-16-9-1,Apple,iPhone 13 Pro,128GB,Unlocked,,250.0,220.0,90.0,20.0,https://www.ocbuyback.com/sell/cell-phone/apple/iphone-13-pro
526-6-10-1,Apple,iPhone 13 Pro,256GB,AT&T,,220.0,190.0,85.0,20.0,https://www.ocbuyback.com/sell/cell-phone/apple/iphone-13-pro
526-9-10-1,Apple,iPhone 13 Pro,256GB,T-Mobile,,175.0,145.0,45.0,20.0,https://www.ocbuyback.com/sell/cell-phone/apple/iphone-13-pro
526-7-10-1,Apple,iPhone 13 Pro,256GB,Verizon,,220.0,190.0,40.0,20.0,https://www.ocbuyback.com/sell/cell-phone/apple/iphone-13-pro
526-16-10-1,Apple,iPhone 13 Pro,256GB,Unlocked,,280.0,250.0,105.0,20.0,https://www.ocbuyback.com/sell/cell-phone/apple/iphone-13-pro
526-6-25-1,Apple,iPhone 13 Pro,512GB,AT&T,,240.0,210.0,90.0,20.0,https://www.ocbuyback.com/sell/cell-phone/apple/iphone-13-pro
526-9-25-1,Apple,iPhone 13 Pro,512GB,T-Mobile,,195.0,175.0,50.0,,https://www.ocbuyback.com/sell/cell-phone/apple/iphone-13-pro
526-7-25-1,Apple,iPhone 13 Pro,512GB,Verizon,,240.0,210.0,45.0,20.0,https://www.ocbuyback.com/sell/cell-phone/apple/iphone-13-pro
526-16-25-1,Apple,iPhone 13 Pro,512GB,Unlocked,,300.0,270.0,110.0,20.0,https://www.ocbuyback.com/sell/cell-phone/apple/iphone-13-pro
526-6-26-1,Apple,iPhone 13 Pro,1TB,AT&T,,250.0,220.0,100.0,20.0,https://www.ocbuyback.com/sell/cell-phone/apple/iphone-13-pro
526-9-26-1,Apple,iPhone 13 Pro,1TB,T-Mobile,,205.0,175.0,60.0,20.0,https://www.ocbuyback.com/sell/cell-phone/apple/iphone-13-pro
526-7-26-1,Apple,iPhone 13 Pro,1TB,Verizon,,250.0,220.0,55.0,20.0,https://www.ocbuyback.com/sell/cell-phone/apple/iphone-13-pro
526-16-26-1,Apple,iPhone 13 Pro,1TB,Unlocked,,310.0,280.0,120.0,20.0,https://www.ocbuyback.com/sell/cell-phone/apple/iphone-13-pro
527-6-9-1,Apple,iPhone 13 Pro Max,128GB,AT&T,,245.0,215.0,85.0,20.0,https://www.ocbuyback.com/sell/cell-phone/apple/iphone-13-pro-max
527-9-9-1,Apple,iPhone 13 Pro Max,128GB,T-Mobile,,215.0,190.0,60.0,20.0,https://www.ocbuyback.com/sell/cell-phone/apple/iphone-13-pro-max
527-7-9-1,Apple,iPhone 13 Pro Max,128GB,Verizon,,205.0,180.0,50.0,20.0,https://www.ocbuyback.com/sell/cell-phone/apple/iphone-13-pro-max
527-16-9-1,Apple,iPhone 13 Pro Max,128GB,Unlocked,,285.0,255.0,95.0,20.0,https://www.ocbuyback.com/sell/cell-phone/apple/iphone-13-pro-max
527-6-10-1,Apple,iPhone 13 Pro Max,256GB,AT&T,,295.0,255.0,90.0,20.0,https://www.ocbuyback.com/sell/cell-phone/apple/iphone-13-pro-max
527-9-10-1,Apple,iPhone 13 Pro Max,256GB,T-Mobile,,255.0,230.0,70.0,20.0,https://www.ocbuyback.com/sell/cell-phone/apple/iphone-13-pro-max
527-7-10-1,Apple,iPhone 13 Pro Max,256GB,Verizon,,245.0,220.0,55.0,20.0,https://www.ocbuyback.com/sell/cell-phone/apple/iphone-13-pro-max
527-16-10-1,Apple,iPhone 13 Pro Max,256GB,Unlocked,,340.0,305.0,100.0,20.0,https://www.ocbuyback.com/sell/cell-phone/apple/iphone-13-pro-max
527-6-25-1,Apple,iPhone 13 Pro Max,512GB,AT&T,,300.0,260.0,95.0,20.0,https://www.ocbuyback.com/sell/cell-phone/apple/iphone-13-pro-max
527-9-25-1,Apple,iPhone 13 Pro Max,512GB,T-Mobile,,260.0,235.0,60.0,20.0,https://www.ocbuyback.com/sell/cell-phone/apple/iphone-13-pro-max
527-7-25-1,Apple,iPhone 13 Pro Max,512GB,Verizon,,260.0,235.0,60.0,20.0,https://www.ocbuyback.com/sell/cell-phone/apple/iphone-13-pro-max
527-16-25-1,Apple,iPhone 13 Pro Max,512GB,Unlocked,,350.0,310.0,105.0,20.0,https://www.ocbuyback.com/sell/cell-phone/apple/iphone-13-pro-max
527-6-26-1,Apple,iPhone 13 Pro Max,1TB,AT&T,,325.0,285.0,100.0,20.0,https://www.ocbuyback.com/sell/cell-phone/apple/iphone-13-pro-max
527-9-26-1,Apple,iPhone 13 Pro Max,1TB,T-Mobile,,295.0,265.0,80.0,20.0,https://www.ocbuyback.com/sell/cell-phone/apple/iphone-13-pro-max
527-7-26-1,Apple,iPhone 13 Pro Max,1TB,Verizon,,295.0,265.0,80.0,20.0,https://www.ocbuyback.com/sell/cell-phone/apple/iphone-13-pro-max
527-16-26-1,Apple,iPhone 13 Pro Max,1TB,Unlocked,,375.0,335.0,110.0,20.0,https://www.ocbuyback.com/sell/cell-phone/apple/iphone-13-pro-max
658-6-8-6,Apple,iPhone SE 3rd Gen (2022),64GB,AT&T,95.0,55.0,40.0,15.0,5.0,https://www.ocbuyback.com/sell/cell-phone/apple/iphone-se-3rd-gen-2022
658-9-8-6,Apple,iPhone SE 3rd Gen (2022),64GB,T-Mobile,75.0,35.0,20.0,10.0,5.0,https://www.ocbuyback.com/sell/cell-phone/apple/iphone-se-3rd-gen-2022
658-7-8-6,Apple,iPhone SE 3rd Gen (2022),64GB,Verizon,105.0,65.0,50.0,15.0,5.0,https://www.ocbuyback.com/sell/cell-phone/apple/iphone-se-3rd-gen-2022
658-16-8-6,Apple,iPhone SE 3rd Gen (2022),64GB,Unlocked,105.0,65.0,50.0,15.0,5.0,https://www.ocbuyback.com/sell/cell-phone/apple/iphone-se-3rd-gen-2022
658-6-9-6,Apple,iPhone SE 3rd Gen (2022),128GB,AT&T,120.0,80.0,65.0,16.0,5.0,https://www.ocbuyback.com/sell/cell-phone/apple/iphone-se-3rd-gen-2022
658-9-9-6,Apple,iPhone SE 3rd Gen (2022),128GB,T-Mobile,100.0,60.0,45.0,11.0,5.0,https://www.ocbuyback.com/sell/cell-phone/apple/iphone-se-3rd-gen-2022
658-7-9-6,Apple,iPhone SE 3rd Gen (2022),128GB,Verizon,130.0,90.0,75.0,16.0,5.0,https://www.ocbuyback.com/sell/cell-phone/apple/iphone-se-3rd-gen-2022
658-16-9-6,Apple,iPhone SE 3rd Gen (2022),128GB,Unlocked,130.0,90.0,75.0,16.0,5.0,https://www.ocbuyback.com/sell/cell-phone/apple/iphone-se-3rd-gen-2022
658-6-10-6,Apple,iPhone SE 3rd Gen (2022),256GB,AT&T,130.0,90.0,75.0,17.0,5.0,https://www.ocbuyback.com/sell/cell-phone/apple/iphone-se-3rd-gen-2022
658-9-10-6,Apple,iPhone SE 3rd Gen (2022),256GB,T-Mobile,110.0,70.0,55.0,12.0,5.0,https://www.ocbuyback.com/sell/cell-phone/apple/iphone-se-3rd-gen-2022
658-7-10-6,Apple,iPhone SE 3rd Gen (2022),256GB,Verizon,140.0,100.0,85.0,17.0,5.0,https://www.ocbuyback.com/sell/cell-phone/apple/iphone-se-3rd-gen-2022
658-16-10-6,Apple,iPhone SE 3rd Gen (2022),256GB,Unlocked,140.0,100.0,85.0,17.0,5.0,https://www.ocbuyback.com/sell/cell-phone/apple/iphone-se-3rd-gen-2022
1134-6-9-1,Apple,iPhone 14,128GB,AT&T,,145.0,125.0,45.0,10.0,https://www.ocbuyback.com/sell/cell-phone/apple/iphone-14
1134-9-9-1,Apple,iPhone 14,128GB,T-Mobile,,105.0,85.0,35.0,,https://www.ocbuyback.com/sell/cell-phone/apple/iphone-14
1134-7-9-1,Apple,iPhone 14,128GB,Verizon,,110.0,90.0,30.0,10.0,https://www.ocbuyback.com/sell/cell-phone/apple/iphone-14
1134-16-9-1,Apple,iPhone 14,128GB,Unlocked,,185.0,165.0,60.0,10.0,https://www.ocbuyback.com/sell/cell-phone/apple/iphone-14
1134-6-10-1,Apple,iPhone 14,256GB,AT&T,,180.0,160.0,50.0,10.0,https://www.ocbuyback.com/sell/cell-phone/apple/iphone-14
1134-9-10-1,Apple,iPhone 14,256GB,T-Mobile,,140.0,120.0,50.0,10.0,https://www.ocbuyback.com/sell/cell-phone/apple/iphone-14
1134-7-10-1,Apple,iPhone 14,256GB,Verizon,,145.0,125.0,35.0,10.0,https://www.ocbuyback.com/sell/cell-phone/apple/iphone-14
1134-16-10-1,Apple,iPhone 14,256GB,Unlocked,,220.0,200.0,65.0,10.0,https://www.ocbuyback.com/sell/cell-phone/apple/iphone-14
1134-6-25-1,Apple,iPhone 14,512GB,AT&T,,255.0,235.0,52.0,10.0,https://www.ocbuyback.com/sell/cell-phone/apple/iphone-14
1134-9-25-1,Apple,iPhone 14,512GB,T-Mobile,,215.0,195.0,52.0,10.0,https://www.ocbuyback.com/sell/cell-phone/apple/iphone-14
1134-7-25-1,Apple,iPhone 14,512GB,Verizon,,220.0,200.0,37.0,10.0,https://www.ocbuyback.com/sell/cell-phone/apple/iphone-14
1134-16-25-1,Apple,iPhone 14,512GB,Unlocked,,295.0,275.0,67.0,10.0,https://www.ocbuyback.com/sell/cell-phone/apple/iphone-14
1135-6-9-6,Apple,iPhone 14 Plus,128GB,AT&T,260.0,210.0,160.0,45.0,20.0,https://www.ocbuyback.com/sell/cell-phone/apple/iphone-14-plus
1135-9-9-6,Apple,iPhone 14 Plus,128GB,T-Mobile,230.0,180.0,130.0,45.0,20.0,https://www.ocbuyback.com/sell/cell-phone/apple/iphone-14-plus
1135-7-9-6,Apple,iPhone 14 Plus,128GB,Verizon,245.0,185.0,145.0,45.0,20.0,https://www.ocbuyback.com/sell/cell-phone/apple/iphone-14-plus
1135-10-9-6,Apple,iPhone 14 Plus,128GB,Other,90.0,60.0,40.0,15.0,5.0,https://www.ocbuyback.com/sell/cell-phone/apple/iphone-14-plus
1135-16-9-6,Apple,iPhone 14 Plus,128GB,Unlocked,310.0,260.0,210.0,95.0,20.0,https://www.ocbuyback.com/sell/cell-phone/apple/iphone-14-plus
1135-6-10-6,Apple,iPhone 14 Plus,256GB,AT&T,290.0,240.0,200.0,60.0,10.0,https://www.ocbuyback.com/sell/cell-phone/apple/iphone-14-plus
1135-9-10-6,Apple,iPhone 14 Plus,256GB,T-Mobile,260.0,210.0,170.0,60.0,10.0,https://www.ocbuyback.com/sell/cell-phone/apple/iphone-14-plus
1135-7-10-6,Apple,iPhone 14 Plus,256GB,Verizon,265.0,215.0,175.0,60.0,10.0,https://www.ocbuyback.com/sell/cell-phone/apple/iphone-14-plus
1135-10-10-6,Apple,iPhone 14 Plus,256GB,Other,115.0,65.0,55.0,20.0,10.0,https://www.ocbuyback.com/sell/cell-phone/apple/iphone-14-plus
1135-16-10-6,Apple,iPhone 14 Plus,256GB,Unlocked,340.0,290.0,250.0,110.0,10.0,https://www.ocbuyback.com/sell/cell-phone/apple/iphone-14-plus
1135-6-25-6,Apple,iPhone 14 Plus,512GB,AT&T,310.0,260.0,210.0,65.0,10.0,https://www.ocbuyback.com/sell/cell-phone/apple/iphone-14-plus
1135-9-25-6,Apple,iPhone 14 Plus,512GB,T-Mobile,280.0,230.0,190.0,65.0,10.0,https://www.ocbuyback.com/sell/cell-phone/apple/iphone-14-plus
1135-7-25-6,Apple,iPhone 14 Plus,512GB,Verizon,285.0,235.0,195.0,65.0,10.0,https://www.ocbuyback.com/sell/cell-phone/apple/iphone-14-plus
1135-10-25-6,Apple,iPhone 14 Plus,512GB,Other,155.0,105.0,75.0,25.0,10.0,https://www.ocbuyback.com/sell/cell-phone/apple/iphone-14-plus
1135-16-25-6,Apple,iPhone 14 Plus,512GB,Unlocked,360.0,310.0,270.0,115.0,10.0,https://www.ocbuyback.com/sell/cell-phone/apple/iphone-14-plus
1136-6-9-6,Apple,iPhone 14 Pro,128GB,AT&T,240.0,190.0,140.0,75.0,20.0,https://www.ocbuyback.com/sell/cell-phone/apple/iphone-14-pro
1136-9-9-6,Apple,iPhone 14 Pro,128GB,T-Mobile,260.0,210.0,160.0,65.0,20.0,https://www.ocbuyback.com/sell/cell-phone/apple/iphone-14-pro
1136-7-9-6,Apple,iPhone 14 Pro,128GB,Verizon,190.0,140.0,90.0,40.0,20.0,https://www.ocbuyback.com/sell/cell-phone/apple/iphone-14-pro
1136-16-9-6,Apple,iPhone 14 Pro,128GB,Unlocked,340.0,290.0,240.0,125.0,20.0,https://www.ocbuyback.com/sell/cell-phone/apple/iphone-14-pro
1136-6-10-6,Apple,iPhone 14 Pro,256GB,AT&T,270.0,220.0,170.0,85.0,20.0,https://www.ocbuyback.com/sell/cell-phone/apple/iphone-14-pro
1136-9-10-6,Apple,iPhone 14 Pro,256GB,T-Mobile,290.0,240.0,190.0,75.0,20.0,https://www.ocbuyback.com/sell/cell-phone/apple/iphone-14-pro
1136-7-10-6,Apple,iPhone 14 Pro,256GB,Verizon,220.0,170.0,120.0,60.0,20.0,https://www.ocbuyback.com/sell/cell-phone/apple/iphone-14-pro
1136-16-10-6,Apple,iPhone 14 Pro,256GB,Unlocked,370.0,320.0,270.0,135.0,20.0,https://www.ocbuyback.com/sell/cell-phone/apple/iphone-14-pro
1136-6-25-6,Apple,iPhone 14 Pro,512GB,AT&T,300.0,250.0,190.0,90.0,20.0,https://www.ocbuyback.com/sell/cell-phone/apple/iphone-14-pro
1136-9-25-6,Apple,iPhone 14 Pro,512GB,T-Mobile,320.0,270.0,210.0,80.0,20.0,https://www.ocbuyback.com/sell/cell-phone/apple/iphone-14-pro
1136-7-25-6,Apple,iPhone 14 Pro,512GB,Verizon,250.0,200.0,140.0,65.0,20.0,https://www.ocbuyback.com/sell/cell-phone/apple/iphone-14-pro
1136-16-25-6,Apple,iPhone 14 Pro,512GB,Unlocked,400.0,350.0,300.0,140.0,20.0,https://www.ocbuyback.com/sell/cell-phone/apple/iphone-14-pro
1136-6-26-6,Apple,iPhone 14 Pro,1TB,AT&T,320.0,270.0,220.0,95.0,20.0,https://www.ocbuyback.com/sell/cell-phone/apple/iphone-14-pro
1136-9-26-6,Apple,iPhone 14 Pro,1TB,T-Mobile,340.0,290.0,240.0,85.0,20.0,https://www.ocbuyback.com/sell/cell-phone/apple/iphone-14-pro
1136-7-26-6,Apple,iPhone 14 Pro,1TB,Verizon,270.0,220.0,170.0,70.0,20.0,https://www.ocbuyback.com/sell/cell-phone/apple/iphone-14-pro
1136-16-26-6,Apple,iPhone 14 Pro,1TB,Unlocked,420.0,370.0,320.0,145.0,20.0,https://www.ocbuyback.com/sell/cell-phone/apple/iphone-14-pro
1137-6-9-6,Apple,iPhone 14 Pro Max,128GB,AT&T,280.0,230.0,195.0,100.0,20.0,https://www.ocbuyback.com/sell/cell-phone/apple/iphone-14-pro-max
1137-9-9-6,Apple,iPhone 14 Pro Max,128GB,T-Mobile,295.0,245.0,210.0,75.0,20.0,https://www.ocbuyback.com/sell/cell-phone/apple/iphone-14-pro-max
1137-7-9-6,Apple,iPhone 14 Pro Max,128GB,Verizon,230.0,180.0,160.0,90.0,20.0,https://www.ocbuyback.com/sell/cell-phone/apple/iphone-14-pro-max
1137-16-9-6,Apple,iPhone 14 Pro Max,128GB,Unlocked,390.0,340.0,295.0,150.0,20.0,https://www.ocbuyback.com/sell/cell-phone/apple/iphone-14-pro-max
1137-6-10-6,Apple,iPhone 14 Pro Max,256GB,AT&T,320.0,270.0,230.0,120.0,20.0,https://www.ocbuyback.com/sell/cell-phone/apple/iphone-14-pro-max
1137-9-10-6,Apple,iPhone 14 Pro Max,256GB,T-Mobile,315.0,285.0,245.0,95.0,20.0,https://www.ocbuyback.com/sell/cell-phone/apple/iphone-14-pro-max
1137-7-10-6,Apple,iPhone 14 Pro Max,256GB,Verizon,280.0,230.0,200.0,120.0,20.0,https://www.ocbuyback.com/sell/cell-phone/apple/iphone-14-pro-max
1137-16-10-6,Apple,iPhone 14 Pro Max,256GB,Unlocked,420.0,370.0,330.0,170.0,20.0,https://www.ocbuyback.com/sell/cell-phone/apple/iphone-14-pro-max
1137-6-25-6,Apple,iPhone 14 Pro Max,512GB,AT&T,340.0,290.0,250.0,140.0,20.0,https://www.ocbuyback.com/sell/cell-phone/apple/iphone-14-pro-max
1137-9-25-6,Apple,iPhone 14 Pro Max,512GB,T-Mobile,355.0,305.0,265.0,115.0,20.0,https://www.ocbuyback.com/sell/cell-phone/apple/iphone-14-pro-max
1137-7-25-6,Apple,iPhone 14 Pro Max,512GB,Verizon,290.0,240.0,205.0,130.0,20.0,https://www.ocbuyback.com/sell/cell-phone/apple/iphone-14-pro-max
1137-16-25-6,Apple,iPhone 14 Pro Max,512GB,Unlocked,440.0,390.0,350.0,190.0,20.0,https://www.ocbuyback.com/sell/cell-phone/apple/iphone-14-pro-max
1137-6-26-6,Apple,iPhone 14 Pro Max,1TB,AT&T,360.0,310.0,275.0,160.0,20.0,https://www.ocbuyback.com/sell/cell-phone/apple/iphone-14-pro-max
1137-9-26-6,Apple,iPhone 14 Pro Max,1TB,T-Mobile,375.0,325.0,295.0,135.0,20.0,https://www.ocbuyback.com/sell/cell-phone/apple/iphone-14-pro-max
1137-7-26-6,Apple,iPhone 14 Pro Max,1TB,Verizon,310.0,260.0,230.0,150.0,20.0,https://www.ocbuyback.com/sell/cell-phone/apple/iphone-14-pro-max
1137-16-26-6,Apple,iPhone 14 Pro Max,1TB,Unlocked,460.0,410.0,375.0,210.0,20.0,https://www.ocbuyback.com/sell/cell-phone/apple/iphone-14-pro-max
1307-6-9-6,Apple,iPhone 15,128GB,AT&T,230.0,180.0,150.0,50.0,15.0,https://www.ocbuyback.com/sell/cell-phone/apple/iphone-15
1307-9-9-6,Apple,iPhone 15,128GB,T-Mobile,205.0,155.0,125.0,50.0,15.0,https://www.ocbuyback.com/sell/cell-phone/apple/iphone-15
1307-7-9-6,Apple,iPhone 15,128GB,Verizon,230.0,180.0,150.0,50.0,15.0,https://www.ocbuyback.com/sell/cell-phone/apple/iphone-15
1307-10-9-6,Apple,iPhone 15,128GB,Other,120.0,90.0,60.0,30.0,15.0,https://www.ocbuyback.com/sell/cell-phone/apple/iphone-15
1307-16-9-6,Apple,iPhone 15,128GB,Unlocked,330.0,280.0,250.0,100.0,15.0,https://www.ocbuyback.com/sell/cell-phone/apple/iphone-15
1307-6-10-6,Apple,iPhone 15,256GB,AT&T,280.0,230.0,200.0,60.0,15.0,https://www.ocbuyback.com/sell/cell-phone/apple/iphone-15
1307-9-10-6,Apple,iPhone 15,256GB,T-Mobile,255.0,205.0,175.0,60.0,15.0,https://www.ocbuyback.com/sell/cell-phone/apple/iphone-15
1307-7-10-6,Apple,iPhone 15,256GB,Verizon,280.0,230.0,200.0,65.0,15.0,https://www.ocbuyback.com/sell/cell-phone/apple/iphone-15
1307-10-10-6,Apple,iPhone 15,256GB,Other,150.0,100.0,70.0,25.0,15.0,https://www.ocbuyback.com/sell/cell-phone/apple/iphone-15
1307-16-10-6,Apple,iPhone 15,256GB,Unlocked,380.0,330.0,300.0,110.0,15.0,https://www.ocbuyback.com/sell/cell-phone/apple/iphone-15
1307-6-25-6,Apple,iPhone 15,512GB,AT&T,310.0,280.0,260.0,75.0,15.0,https://www.ocbuyback.com/sell/cell-phone/apple/iphone-15
1307-9-25-6,Apple,iPhone 15,512GB,T-Mobile,305.0,255.0,225.0,75.0,15.0,https://www.ocbuyback.com/sell/cell-phone/apple/iphone-15
1307-7-25-6,Apple,iPhone 15,512GB,Verizon,330.0,280.0,250.0,75.0,15.0,https://www.ocbuyback.com/sell/cell-phone/apple/iphone-15
1307-10-25-6,Apple,iPhone 15,512GB,Other,210.0,180.0,160.0,35.0,15.0,https://www.ocbuyback.com/sell/cell-phone/apple/iphone-15
1307-16-25-6,Apple,iPhone 15,512GB,Unlocked,430.0,380.0,350.0,115.0,15.0,https://www.ocbuyback.com/sell/cell-phone/apple/iphone-15
1308-6-9-6,Apple,iPhone 15 Plus,128GB,AT&T,240.0,190.0,140.0,90.0,30.0,https://www.ocbuyback.com/sell/cell-phone/apple/iphone-15-plus
1308-9-9-6,Apple,iPhone 15 Plus,128GB,T-Mobile,240.0,190.0,140.0,70.0,30.0,https://www.ocbuyback.com/sell/cell-phone/apple/iphone-15-plus
1308-7-9-6,Apple,iPhone 15 Plus,128GB,Verizon,290.0,240.0,190.0,95.0,30.0,https://www.ocbuyback.com/sell/cell-phone/apple/iphone-15-plus
1308-10-9-6,Apple,iPhone 15 Plus,128GB,Other,125.0,75.0,55.0,45.0,30.0,https://www.ocbuyback.com/sell/cell-phone/apple/iphone-15-plus
1308-16-9-6,Apple,iPhone 15 Plus,128GB,Unlocked,390.0,340.0,290.0,145.0,30.0,https://www.ocbuyback.com/sell/cell-phone/apple/iphone-15-plus
1308-6-10-6,Apple,iPhone 15 Plus,256GB,AT&T,265.0,215.0,165.0,105.0,30.0,https://www.ocbuyback.com/sell/cell-phone/apple/iphone-15-plus
1308-9-10-6,Apple,iPhone 15 Plus,256GB,T-Mobile,265.0,215.0,165.0,80.0,30.0,https://www.ocbuyback.com/sell/cell-phone/apple/iphone-15-plus
1308-7-10-6,Apple,iPhone 15 Plus,256GB,Verizon,315.0,265.0,215.0,105.0,30.0,https://www.ocbuyback.com/sell/cell-phone/apple/iphone-15-plus
1308-10-10-6,Apple,iPhone 15 Plus,256GB,Other,175.0,125.0,115.0,55.0,30.0,https://www.ocbuyback.com/sell/cell-phone/apple/iphone-15-plus
1308-16-10-6,Apple,iPhone 15 Plus,256GB,Unlocked,415.0,365.0,315.0,155.0,30.0,https://www.ocbuyback.com/sell/cell-phone/apple/iphone-15-plus
1308-6-25-6,Apple,iPhone 15 Plus,512GB,AT&T,320.0,270.0,220.0,115.0,30.0,https://www.ocbuyback.com/sell/cell-phone/apple/iphone-15-plus
1308-9-25-6,Apple,iPhone 15 Plus,512GB,T-Mobile,320.0,270.0,220.0,90.0,30.0,https://www.ocbuyback.com/sell/cell-phone/apple/iphone-15-plus
1308-7-25-6,Apple,iPhone 15 Plus,512GB,Verizon,370.0,320.0,270.0,115.0,30.0,https://www.ocbuyback.com/sell/cell-phone/apple/iphone-15-plus
1308-10-25-6,Apple,iPhone 15 Plus,512GB,Other,235.0,185.0,165.0,65.0,30.0,https://www.ocbuyback.com/sell/cell-phone/apple/iphone-15-plus
1308-16-25-6,Apple,iPhone 15 Plus,512GB,Unlocked,470.0,420.0,370.0,165.0,30.0,https://www.ocbuyback.com/sell/cell-phone/apple/iphone-15-plus
1309-6-9-6,Apple,iPhone 15 Pro,128GB,AT&T,230.0,180.0,145.0,105.0,40.0,https://www.ocbuyback.com/sell/cell-phone/apple/iphone-15-pro
1309-9-9-6,Apple,iPhone 15 Pro,128GB,T-Mobile,270.0,220.0,185.0,115.0,40.0,https://www.ocbuyback.com/sell/cell-phone/apple/iphone-15-pro
1309-7-9-6,Apple,iPhone 15 Pro,128GB,Verizon,230.0,180.0,145.0,70.0,40.0,https://www.ocbuyback.com/sell/cell-phone/apple/iphone-15-pro
1309-10-9-6,Apple,iPhone 15 Pro,128GB,Other,155.0,105.0,60.0,30.0,40.0,https://www.ocbuyback.com/sell/cell-phone/apple/iphone-15-pro
1309-16-9-6,Apple,iPhone 15 Pro,128GB,Unlocked,380.0,330.0,295.0,190.0,40.0,https://www.ocbuyback.com/sell/cell-phone/apple/iphone-15-pro
1309-6-10-6,Apple,iPhone 15 Pro,256GB,AT&T,270.0,220.0,185.0,140.0,40.0,https://www.ocbuyback.com/sell/cell-phone/apple/iphone-15-pro
1309-9-10-6,Apple,iPhone 15 Pro,256GB,T-Mobile,310.0,260.0,230.0,135.0,40.0,https://www.ocbuyback.com/sell/cell-phone/apple/iphone-15-pro
1309-7-10-6,Apple,iPhone 15 Pro,256GB,Verizon,270.0,220.0,185.0,110.0,40.0,https://www.ocbuyback.com/sell/cell-phone/apple/iphone-15-pro
1309-10-10-6,Apple,iPhone 15 Pro,256GB,Other,170.0,120.0,85.0,50.0,40.0,https://www.ocbuyback.com/sell/cell-phone/apple/iphone-15-pro
1309-16-10-6,Apple,iPhone 15 Pro,256GB,Unlocked,410.0,360.0,335.0,210.0,40.0,https://www.ocbuyback.com/sell/cell-phone/apple/iphone-15-pro
1309-6-25-6,Apple,iPhone 15 Pro,512GB,AT&T,290.0,240.0,205.0,150.0,40.0,https://www.ocbuyback.com/sell/cell-phone/apple/iphone-15-pro
1309-9-25-6,Apple,iPhone 15 Pro,512GB,T-Mobile,330.0,280.0,245.0,145.0,40.0,https://www.ocbuyback.com/sell/cell-phone/apple/iphone-15-pro
1309-7-25-6,Apple,iPhone 15 Pro,512GB,Verizon,290.0,240.0,205.0,120.0,40.0,https://www.ocbuyback.com/sell/cell-phone/apple/iphone-15-pro
1309-10-25-6,Apple,iPhone 15 Pro,512GB,Other,190.0,140.0,105.0,70.0,40.0,https://www.ocbuyback.com/sell/cell-phone/apple/iphone-15-pro
1309-16-25-6,Apple,iPhone 15 Pro,512GB,Unlocked,440.0,390.0,355.0,220.0,40.0,https://www.ocbuyback.com/sell/cell-phone/apple/iphone-15-pro
1309-6-26-6,Apple,iPhone 15 Pro,1TB,AT&T,350.0,300.0,260.0,190.0,40.0,https://www.ocbuyback.com/sell/cell-phone/apple/iphone-15-pro
1309-9-26-6,Apple,iPhone 15 Pro,1TB,T-Mobile,425.0,375.0,305.0,165.0,40.0,https://www.ocbuyback.com/sell/cell-phone/apple/iphone-15-pro
1309-7-26-6,Apple,iPhone 15 Pro,1TB,Verizon,350.0,300.0,260.0,140.0,40.0,https://www.ocbuyback.com/sell/cell-phone/apple/iphone-15-pro
1309-10-26-6,Apple,iPhone 15 Pro,1TB,Other,275.0,225.0,185.0,80.0,40.0,https://www.ocbuyback.com/sell/cell-phone/apple/iphone-15-pro
1309-16-26-6,Apple,iPhone 15 Pro,1TB,Unlocked,500.0,450.0,410.0,240.0,40.0,https://www.ocbuyback.com/sell/cell-phone/apple/iphone-15-pro
1310-6-10-6,Apple,iPhone 15 Pro Max,256GB,AT&T,360.0,310.0,280.0,150.0,40.0,https://www.ocbuyback.com/sell/cell-phone/apple/iphone-15-pro-max
1310-9-10-6,Apple,iPhone 15 Pro Max,256GB,T-Mobile,375.0,325.0,295.0,125.0,40.0,https://www.ocbuyback.com/sell/cell-phone/apple/iphone-15-pro-max
1310-7-10-6,Apple,iPhone 15 Pro Max,256GB,Verizon,280.0,230.0,200.0,90.0,40.0,https://www.ocbuyback.com/sell/cell-phone/apple/iphone-15-pro-max
1310-10-10-6,Apple,iPhone 15 Pro Max,256GB,Other,165.0,115.0,70.0,40.0,40.0,https://www.ocbuyback.com/sell/cell-phone/apple/iphone-15-pro-max
1310-16-10-6,Apple,iPhone 15 Pro Max,256GB,Unlocked,480.0,430.0,390.0,200.0,40.0,https://www.ocbuyback.com/sell/cell-phone/apple/iphone-15-pro-max
1310-6-25-6,Apple,iPhone 15 Pro Max,512GB,AT&T,390.0,340.0,300.0,170.0,40.0,https://www.ocbuyback.com/sell/cell-phone/apple/iphone-15-pro-max
1310-9-25-6,Apple,iPhone 15 Pro Max,512GB,T-Mobile,405.0,355.0,325.0,145.0,40.0,https://www.ocbuyback.com/sell/cell-phone/apple/iphone-15-pro-max
1310-7-25-6,Apple,iPhone 15 Pro Max,512GB,Verizon,310.0,260.0,230.0,140.0,40.0,https://www.ocbuyback.com/sell/cell-phone/apple/iphone-15-pro-max
1310-10-25-6,Apple,iPhone 15 Pro Max,512GB,Other,210.0,160.0,135.0,60.0,40.0,https://www.ocbuyback.com/sell/cell-phone/apple/iphone-15-pro-max
1310-16-25-6,Apple,iPhone 15 Pro Max,512GB,Unlocked,510.0,460.0,430.0,220.0,40.0,https://www.ocbuyback.com/sell/cell-phone/apple/iphone-15-pro-max
1310-6-26-6,Apple,iPhone 15 Pro Max,1TB,AT&T,430.0,380.0,350.0,200.0,40.0,https://www.ocbuyback.com/sell/cell-phone/apple/iphone-15-pro-max
1310-9-26-6,Apple,iPhone 15 Pro Max,1TB,T-Mobile,445.0,395.0,355.0,175.0,40.0,https://www.ocbuyback.com/sell/cell-phone/apple/iphone-15-pro-max
1310-7-26-6,Apple,iPhone 15 Pro Max,1TB,Verizon,350.0,300.0,270.0,170.0,40.0,https://www.ocbuyback.com/sell/cell-phone/apple/iphone-15-pro-max
1310-10-26-6,Apple,iPhone 15 Pro Max,1TB,Other,255.0,205.0,165.0,80.0,40.0,https://www.ocbuyback.com/sell/cell-phone/apple/iphone-15-pro-max
1310-16-26-6,Apple,iPhone 15 Pro Max,1TB,Unlocked,550.0,500.0,470.0,250.0,40.0,https://www.ocbuyback.com/sell/cell-phone/apple/iphone-15-pro-max
1559-6-9-6,Apple,iPhone 16,128GB,AT&T,350.0,300.0,265.0,130.0,30.0,https://www.ocbuyback.com/sell/cell-phone/apple/iphone-16
1559-9-9-6,Apple,iPhone 16,128GB,T-Mobile,325.0,275.0,240.0,105.0,30.0,https://www.ocbuyback.com/sell/cell-phone/apple/iphone-16
1559-7-9-6,Apple,iPhone 16,128GB,Verizon,350.0,300.0,265.0,130.0,30.0,https://www.ocbuyback.com/sell/cell-phone/apple/iphone-16
1559-10-9-6,Apple,iPhone 16,128GB,Other,245.0,195.0,155.0,65.0,30.0,https://www.ocbuyback.com/sell/cell-phone/apple/iphone-16
1559-16-9-6,Apple,iPhone 16,128GB,Unlocked,450.0,400.0,365.0,185.0,30.0,https://www.ocbuyback.com/sell/cell-phone/apple/iphone-16
1559-6-10-6,Apple,iPhone 16,256GB,AT&T,380.0,330.0,290.0,175.0,30.0,https://www.ocbuyback.com/sell/cell-phone/apple/iphone-16
1559-9-10-6,Apple,iPhone 16,256GB,T-Mobile,355.0,305.0,265.0,150.0,30.0,https://www.ocbuyback.com/sell/cell-phone/apple/iphone-16
1559-7-10-6,Apple,iPhone 16,256GB,Verizon,380.0,330.0,290.0,175.0,30.0,https://www.ocbuyback.com/sell/cell-phone/apple/iphone-16
1559-10-10-6,Apple,iPhone 16,256GB,Other,295.0,245.0,200.0,80.0,30.0,https://www.ocbuyback.com/sell/cell-phone/apple/iphone-16
1559-16-10-6,Apple,iPhone 16,256GB,Unlocked,490.0,440.0,390.0,220.0,30.0,https://www.ocbuyback.com/sell/cell-phone/apple/iphone-16
1559-6-25-6,Apple,iPhone 16,512GB,AT&T,410.0,360.0,325.0,210.0,30.0,https://www.ocbuyback.com/sell/cell-phone/apple/iphone-16
1559-9-25-6,Apple,iPhone 16,512GB,T-Mobile,385.0,335.0,300.0,185.0,30.0,https://www.ocbuyback.com/sell/cell-phone/apple/iphone-16
1559-7-25-6,Apple,iPhone 16,512GB,Verizon,410.0,360.0,325.0,210.0,30.0,https://www.ocbuyback.com/sell/cell-phone/apple/iphone-16
1559-10-25-6,Apple,iPhone 16,512GB,Other,335.0,285.0,230.0,135.0,30.0,https://www.ocbuyback.com/sell/cell-phone/apple/iphone-16
1559-16-25-6,Apple,iPhone 16,512GB,Unlocked,510.0,460.0,425.0,260.0,30.0,https://www.ocbuyback.com/sell/cell-phone/apple/iphone-16
1560-9-9-6,Apple,iPhone 16 Plus,128GB,T-Mobile,360.0,310.0,280.0,165.0,40.0,https://www.ocbuyback.com/sell/cell-phone/apple/iphone-16-plus
1560-7-9-6,Apple,iPhone 16 Plus,128GB,Verizon,410.0,360.0,330.0,190.0,30.0,https://www.ocbuyback.com/sell/cell-phone/apple/iphone-16-plus
1560-10-9-6,Apple,iPhone 16 Plus,128GB,Other,235.0,185.0,155.0,45.0,30.0,https://www.ocbuyback.com/sell/cell-phone/apple/iphone-16-plus
1560-16-9-6,Apple,iPhone 16 Plus,128GB,Unlocked,510.0,460.0,430.0,240.0,30.0,https://www.ocbuyback.com/sell/cell-phone/apple/iphone-16-plus
1560-6-10-6,Apple,iPhone 16 Plus,256GB,AT&T,400.0,350.0,320.0,230.0,30.0,https://www.ocbuyback.com/sell/cell-phone/apple/iphone-16-plus
1560-9-10-6,Apple,iPhone 16 Plus,256GB,T-Mobile,400.0,350.0,320.0,205.0,30.0,https://www.ocbuyback.com/sell/cell-phone/apple/iphone-16-plus
1560-7-10-6,Apple,iPhone 16 Plus,256GB,Verizon,450.0,400.0,370.0,230.0,30.0,https://www.ocbuyback.com/sell/cell-phone/apple/iphone-16-plus
1560-10-10-6,Apple,iPhone 16 Plus,256GB,Other,275.0,225.0,195.0,80.0,30.0,https://www.ocbuyback.com/sell/cell-phone/apple/iphone-16-plus
1560-16-10-6,Apple,iPhone 16 Plus,256GB,Unlocked,550.0,500.0,470.0,280.0,30.0,https://www.ocbuyback.com/sell/cell-phone/apple/iphone-16-plus
1560-6-25-6,Apple,iPhone 16 Plus,512GB,AT&T,435.0,385.0,355.0,270.0,30.0,https://www.ocbuyback.com/sell/cell-phone/apple/iphone-16-plus
1560-9-25-6,Apple,iPhone 16 Plus,512GB,T-Mobile,435.0,385.0,355.0,245.0,30.0,https://www.ocbuyback.com/sell/cell-phone/apple/iphone-16-plus
1560-7-25-6,Apple,iPhone 16 Plus,512GB,Verizon,485.0,435.0,405.0,270.0,30.0,https://www.ocbuyback.com/sell/cell-phone/apple/iphone-16-plus
1560-10-25-6,Apple,iPhone 16 Plus,512GB,Other,310.0,260.0,230.0,120.0,30.0,https://www.ocbuyback.com/sell/cell-phone/apple/iphone-16-plus
1560-16-25-6,Apple,iPhone 16 Plus,512GB,Unlocked,585.0,535.0,505.0,320.0,30.0,https://www.ocbuyback.com/sell/cell-phone/apple/iphone-16-plus
1560-6-9-6,Apple,iPhone 16 Plus,128GB,AT&T,340.0,290.0,260.0,170.0,40.0,https://www.ocbuyback.com/sell/cell-phone/apple/iphone-16-plus
1561-9-9-6,Apple,iPhone 16 Pro,128GB,T-Mobile,435.0,385.0,345.0,180.0,40.0,https://www.ocbuyback.com/sell/cell-phone/apple/iphone-16-pro
1561-7-9-6,Apple,iPhone 16 Pro,128GB,Verizon,260.0,210.0,170.0,105.0,40.0,https://www.ocbuyback.com/sell/cell-phone/apple/iphone-16-pro
1561-10-9-6,Apple,iPhone 16 Pro,128GB,Other,265.0,215.0,160.0,100.0,40.0,https://www.ocbuyback.com/sell/cell-phone/apple/iphone-16-pro
1561-16-9-6,Apple,iPhone 16 Pro,128GB,Unlocked,510.0,460.0,420.0,275.0,40.0,https://www.ocbuyback.com/sell/cell-phone/apple/iphone-16-pro
1561-6-10-6,Apple,iPhone 16 Pro,256GB,AT&T,460.0,410.0,385.0,235.0,40.0,https://www.ocbuyback.com/sell/cell-phone/apple/iphone-16-pro
1561-9-10-6,Apple,iPhone 16 Pro,256GB,T-Mobile,495.0,445.0,415.0,210.0,40.0,https://www.ocbuyback.com/sell/cell-phone/apple/iphone-16-pro
1561-7-10-6,Apple,iPhone 16 Pro,256GB,Verizon,310.0,260.0,230.0,165.0,40.0,https://www.ocbuyback.com/sell/cell-phone/apple/iphone-16-pro
1561-10-10-6,Apple,iPhone 16 Pro,256GB,Other,315.0,265.0,220.0,85.0,40.0,https://www.ocbuyback.com/sell/cell-phone/apple/iphone-16-pro
1561-16-10-6,Apple,iPhone 16 Pro,256GB,Unlocked,560.0,510.0,480.0,285.0,40.0,https://www.ocbuyback.com/sell/cell-phone/apple/iphone-16-pro
1561-6-25-6,Apple,iPhone 16 Pro,512GB,AT&T,500.0,450.0,425.0,275.0,40.0,https://www.ocbuyback.com/sell/cell-phone/apple/iphone-16-pro
1561-9-25-6,Apple,iPhone 16 Pro,512GB,T-Mobile,525.0,475.0,445.0,250.0,40.0,https://www.ocbuyback.com/sell/cell-phone/apple/iphone-16-pro
1561-7-25-6,Apple,iPhone 16 Pro,512GB,Verizon,350.0,300.0,270.0,205.0,40.0,https://www.ocbuyback.com/sell/cell-phone/apple/iphone-16-pro
1561-10-25-6,Apple,iPhone 16 Pro,512GB,Other,300.0,250.0,165.0,125.0,40.0,https://www.ocbuyback.com/sell/cell-phone/apple/iphone-16-pro
1561-16-25-6,Apple,iPhone 16 Pro,512GB,Unlocked,600.0,550.0,520.0,325.0,40.0,https://www.ocbuyback.com/sell/cell-phone/apple/iphone-16-pro
1561-6-26-6,Apple,iPhone 16 Pro,1TB,AT&T,560.0,510.0,485.0,300.0,40.0,https://www.ocbuyback.com/sell/cell-phone/apple/iphone-16-pro
1561-9-26-6,Apple,iPhone 16 Pro,1TB,T-Mobile,585.0,535.0,505.0,275.0,40.0,https://www.ocbuyback.com/sell/cell-phone/apple/iphone-16-pro
1561-7-26-6,Apple,iPhone 16 Pro,1TB,Verizon,410.0,360.0,330.0,230.0,40.0,https://www.ocbuyback.com/sell/cell-phone/apple/iphone-16-pro
1561-10-26-6,Apple,iPhone 16 Pro,1TB,Other,330.0,280.0,250.0,110.0,40.0,https://www.ocbuyback.com/sell/cell-phone/apple/iphone-16-pro
1561-16-26-6,Apple,iPhone 16 Pro,1TB,Unlocked,660.0,610.0,580.0,350.0,40.0,https://www.ocbuyback.com/sell/cell-phone/apple/iphone-16-pro
1562-6-10-6,Apple,iPhone 16 Pro Max,256GB,AT&T,530.0,480.0,440.0,230.0,40.0,https://www.ocbuyback.com/sell/cell-phone/apple/iphone-16-pro-max
1562-9-10-6,Apple,iPhone 16 Pro Max,256GB,T-Mobile,545.0,495.0,455.0,205.0,40.0,https://www.ocbuyback.com/sell/cell-phone/apple/iphone-16-pro-max
1562-7-10-6,Apple,iPhone 16 Pro Max,256GB,Verizon,450.0,400.0,360.0,230.0,40.0,https://www.ocbuyback.com/sell/cell-phone/apple/iphone-16-pro-max
1562-10-10-6,Apple,iPhone 16 Pro Max,256GB,Other,360.0,310.0,245.0,105.0,40.0,https://www.ocbuyback.com/sell/cell-phone/apple/iphone-16-pro-max
1562-16-10-6,Apple,iPhone 16 Pro Max,256GB,Unlocked,650.0,600.0,560.0,280.0,40.0,https://www.ocbuyback.com/sell/cell-phone/apple/iphone-16-pro-max
1562-6-25-6,Apple,iPhone 16 Pro Max,512GB,AT&T,590.0,540.0,500.0,255.0,40.0,https://www.ocbuyback.com/sell/cell-phone/apple/iphone-16-pro-max
1562-9-25-6,Apple,iPhone 16 Pro Max,512GB,T-Mobile,605.0,555.0,515.0,230.0,40.0,https://www.ocbuyback.com/sell/cell-phone/apple/iphone-16-pro-max
1562-7-25-6,Apple,iPhone 16 Pro Max,512GB,Verizon,510.0,460.0,420.0,255.0,40.0,https://www.ocbuyback.com/sell/cell-phone/apple/iphone-16-pro-max
1562-10-25-6,Apple,iPhone 16 Pro Max,512GB,Other,370.0,320.0,255.0,60.0,40.0,https://www.ocbuyback.com/sell/cell-phone/apple/iphone-16-pro-max
1562-16-25-6,Apple,iPhone 16 Pro Max,512GB,Unlocked,710.0,660.0,610.0,305.0,40.0,https://www.ocbuyback.com/sell/cell-phone/apple/iphone-16-pro-max
1562-6-26-6,Apple,iPhone 16 Pro Max,1TB,AT&T,680.0,630.0,590.0,305.0,40.0,https://www.ocbuyback.com/sell/cell-phone/apple/iphone-16-pro-max
1562-9-26-6,Apple,iPhone 16 Pro Max,1TB,T-Mobile,695.0,645.0,605.0,280.0,40.0,https://www.ocbuyback.com/sell/cell-phone/apple/iphone-16-pro-max
1562-7-26-6,Apple,iPhone 16 Pro Max,1TB,Verizon,600.0,550.0,510.0,305.0,40.0,https://www.ocbuyback.com/sell/cell-phone/apple/iphone-16-pro-max
1562-10-26-6,Apple,iPhone 16 Pro Max,1TB,Other,425.0,365.0,280.0,105.0,40.0,https://www.ocbuyback.com/sell/cell-phone/apple/iphone-16-pro-max
1562-16-26-6,Apple,iPhone 16 Pro Max,1TB,Unlocked,800.0,750.0,710.0,355.0,40.0,https://www.ocbuyback.com/sell/cell-phone/apple/iphone-16-pro-max
1576-6-9-6,Apple,iPhone 16e,128GB,AT&T,220.0,170.0,130.0,25.0,20.0,https://www.ocbuyback.com/sell/cell-phone/apple/iphone-16e
1576-9-9-6,Apple,iPhone 16e,128GB,T-Mobile,195.0,145.0,105.0,25.0,20.0,https://www.ocbuyback.com/sell/cell-phone/apple/iphone-16e
1576-7-9-6,Apple,iPhone 16e,128GB,Verizon,220.0,170.0,130.0,25.0,20.0,https://www.ocbuyback.com/sell/cell-phone/apple/iphone-16e
1576-16-9-6,Apple,iPhone 16e,128GB,Unlocked,320.0,270.0,230.0,35.0,20.0,https://www.ocbuyback.com/sell/cell-phone/apple/iphone-16e
1576-6-10-6,Apple,iPhone 16e,256GB,AT&T,290.0,240.0,200.0,25.0,20.0,https://www.ocbuyback.com/sell/cell-phone/apple/iphone-16e
1576-9-10-6,Apple,iPhone 16e,256GB,T-Mobile,265.0,215.0,175.0,25.0,20.0,https://www.ocbuyback.com/sell/cell-phone/apple/iphone-16e
1576-7-10-6,Apple,iPhone 16e,256GB,Verizon,290.0,240.0,200.0,25.0,20.0,https://www.ocbuyback.com/sell/cell-phone/apple/iphone-16e
1576-16-10-6,Apple,iPhone 16e,256GB,Unlocked,390.0,340.0,300.0,75.0,20.0,https://www.ocbuyback.com/sell/cell-phone/apple/iphone-16e
1576-6-25-6,Apple,iPhone 16e,512GB,AT&T,340.0,290.0,250.0,65.0,20.0,https://www.ocbuyback.com/sell/cell-phone/apple/iphone-16e
1576-9-25-6,Apple,iPhone 16e,512GB,T-Mobile,315.0,265.0,225.0,40.0,20.0,https://www.ocbuyback.com/sell/cell-phone/apple/iphone-16e
1576-7-25-6,Apple,iPhone 16e,512GB,Verizon,340.0,290.0,250.0,65.0,20.0,https://www.ocbuyback.com/sell/cell-phone/apple/iphone-16e
1576-16-25-6,Apple,iPhone 16e,512GB,Unlocked,440.0,390.0,350.0,115.0,20.0,https://www.ocbuyback.com/sell/cell-phone/apple/iphone-16e
10764-9-10-6,Apple,iPhone 17e,256GB,T-Mobile,295.0,245.0,190.0,70.0,10.0,https://www.ocbuyback.com/sell/cell-phone/apple/iphone-17e
10764-7-10-6,Apple,iPhone 17e,256GB,Verizon,310.0,260.0,215.0,55.0,10.0,https://www.ocbuyback.com/sell/cell-phone/apple/iphone-17e
10764-10-10-6,Apple,iPhone 17e,256GB,Other,260.0,210.0,165.0,55.0,10.0,https://www.ocbuyback.com/sell/cell-phone/apple/iphone-17e
10764-16-10-6,Apple,iPhone 17e,256GB,Unlocked,410.0,360.0,325.0,100.0,10.0,https://www.ocbuyback.com/sell/cell-phone/apple/iphone-17e
10764-6-25-6,Apple,iPhone 17e,512GB,AT&T,360.0,310.0,265.0,90.0,10.0,https://www.ocbuyback.com/sell/cell-phone/apple/iphone-17e
10764-9-25-6,Apple,iPhone 17e,512GB,T-Mobile,335.0,285.0,240.0,95.0,10.0,https://www.ocbuyback.com/sell/cell-phone/apple/iphone-17e
10764-7-25-6,Apple,iPhone 17e,512GB,Verizon,360.0,310.0,265.0,70.0,10.0,https://www.ocbuyback.com/sell/cell-phone/apple/iphone-17e
10764-10-25-6,Apple,iPhone 17e,512GB,Other,310.0,260.0,225.0,70.0,10.0,https://www.ocbuyback.com/sell/cell-phone/apple/iphone-17e
10764-16-25-6,Apple,iPhone 17e,512GB,Unlocked,460.0,410.0,365.0,120.0,10.0,https://www.ocbuyback.com/sell/cell-phone/apple/iphone-17e
3743-6-10-6,Apple,iPhone 17,256GB,AT&T,525.0,475.0,420.0,210.0,30.0,https://www.ocbuyback.com/sell/cell-phone/apple/iphone-17
3743-9-10-6,Apple,iPhone 17,256GB,T-Mobile,500.0,450.0,395.0,185.0,30.0,https://www.ocbuyback.com/sell/cell-phone/apple/iphone-17
3743-7-10-6,Apple,iPhone 17,256GB,Verizon,525.0,475.0,420.0,210.0,30.0,https://www.ocbuyback.com/sell/cell-phone/apple/iphone-17
3743-10-10-6,Apple,iPhone 17,256GB,Other,275.0,225.0,170.0,90.0,30.0,https://www.ocbuyback.com/sell/cell-phone/apple/iphone-17
3743-16-10-6,Apple,iPhone 17,256GB,Unlocked,625.0,575.0,520.0,260.0,30.0,https://www.ocbuyback.com/sell/cell-phone/apple/iphone-17
3743-6-25-6,Apple,iPhone 17,512GB,AT&T,625.0,575.0,520.0,290.0,30.0,https://www.ocbuyback.com/sell/cell-phone/apple/iphone-17
3743-9-25-6,Apple,iPhone 17,512GB,T-Mobile,600.0,550.0,495.0,265.0,30.0,https://www.ocbuyback.com/sell/cell-phone/apple/iphone-17
3743-7-25-6,Apple,iPhone 17,512GB,Verizon,625.0,575.0,520.0,290.0,30.0,https://www.ocbuyback.com/sell/cell-phone/apple/iphone-17
3743-10-25-6,Apple,iPhone 17,512GB,Other,375.0,325.0,270.0,190.0,30.0,https://www.ocbuyback.com/sell/cell-phone/apple/iphone-17
3743-16-25-6,Apple,iPhone 17,512GB,Unlocked,725.0,675.0,620.0,340.0,30.0,https://www.ocbuyback.com/sell/cell-phone/apple/iphone-17
3744-6-10-6,Apple,iPhone 17 Pro,256GB,AT&T,695.0,645.0,565.0,250.0,40.0,https://www.ocbuyback.com/sell/cell-phone/apple/iphone-17-pro
3744-9-10-6,Apple,iPhone 17 Pro,256GB,T-Mobile,770.0,720.0,640.0,225.0,40.0,https://www.ocbuyback.com/sell/cell-phone/apple/iphone-17-pro
3744-7-10-6,Apple,iPhone 17 Pro,256GB,Verizon,595.0,545.0,465.0,200.0,40.0,https://www.ocbuyback.com/sell/cell-phone/apple/iphone-17-pro
3744-10-10-6,Apple,iPhone 17 Pro,256GB,Other,395.0,345.0,265.0,100.0,40.0,https://www.ocbuyback.com/sell/cell-phone/apple/iphone-17-pro
3744-16-10-6,Apple,iPhone 17 Pro,256GB,Unlocked,845.0,795.0,715.0,300.0,40.0,https://www.ocbuyback.com/sell/cell-phone/apple/iphone-17-pro
3744-6-25-6,Apple,iPhone 17 Pro,512GB,AT&T,795.0,745.0,665.0,370.0,40.0,https://www.ocbuyback.com/sell/cell-phone/apple/iphone-17-pro
3744-9-25-6,Apple,iPhone 17 Pro,512GB,T-Mobile,870.0,820.0,740.0,345.0,40.0,https://www.ocbuyback.com/sell/cell-phone/apple/iphone-17-pro
3744-7-25-6,Apple,iPhone 17 Pro,512GB,Verizon,695.0,645.0,565.0,320.0,40.0,https://www.ocbuyback.com/sell/cell-phone/apple/iphone-17-pro
3744-10-25-6,Apple,iPhone 17 Pro,512GB,Other,495.0,445.0,365.0,200.0,40.0,https://www.ocbuyback.com/sell/cell-phone/apple/iphone-17-pro
3744-16-25-6,Apple,iPhone 17 Pro,512GB,Unlocked,945.0,895.0,815.0,420.0,40.0,https://www.ocbuyback.com/sell/cell-phone/apple/iphone-17-pro
3744-6-26-6,Apple,iPhone 17 Pro,1TB,AT&T,845.0,795.0,715.0,410.0,40.0,https://www.ocbuyback.com/sell/cell-phone/apple/iphone-17-pro
3744-9-26-6,Apple,iPhone 17 Pro,1TB,T-Mobile,920.0,870.0,790.0,385.0,40.0,https://www.ocbuyback.com/sell/cell-phone/apple/iphone-17-pro
3744-7-26-6,Apple,iPhone 17 Pro,1TB,Verizon,745.0,695.0,615.0,360.0,40.0,https://www.ocbuyback.com/sell/cell-phone/apple/iphone-17-pro
3744-10-26-6,Apple,iPhone 17 Pro,1TB,Other,545.0,495.0,415.0,260.0,40.0,https://www.ocbuyback.com/sell/cell-phone/apple/iphone-17-pro
3744-16-26-6,Apple,iPhone 17 Pro,1TB,Unlocked,995.0,945.0,865.0,460.0,40.0,https://www.ocbuyback.com/sell/cell-phone/apple/iphone-17-pro
3745-6-10-6,Apple,iPhone 17 Pro Max,256GB,AT&T,835.0,785.0,735.0,250.0,50.0,https://www.ocbuyback.com/sell/cell-phone/apple/iphone-17-pro-max
3745-9-10-6,Apple,iPhone 17 Pro Max,256GB,T-Mobile,850.0,800.0,750.0,275.0,50.0,https://www.ocbuyback.com/sell/cell-phone/apple/iphone-17-pro-max
3745-7-10-6,Apple,iPhone 17 Pro Max,256GB,Verizon,755.0,705.0,655.0,300.0,50.0,https://www.ocbuyback.com/sell/cell-phone/apple/iphone-17-pro-max
3745-10-10-6,Apple,iPhone 17 Pro Max,256GB,Other,455.0,405.0,355.0,100.0,50.0,https://www.ocbuyback.com/sell/cell-phone/apple/iphone-17-pro-max
3745-16-10-6,Apple,iPhone 17 Pro Max,256GB,Unlocked,955.0,905.0,855.0,350.0,50.0,https://www.ocbuyback.com/sell/cell-phone/apple/iphone-17-pro-max
3745-6-25-6,Apple,iPhone 17 Pro Max,512GB,AT&T,935.0,885.0,835.0,280.0,50.0,https://www.ocbuyback.com/sell/cell-phone/apple/iphone-17-pro-max
3745-9-25-6,Apple,iPhone 17 Pro Max,512GB,T-Mobile,950.0,900.0,850.0,305.0,50.0,https://www.ocbuyback.com/sell/cell-phone/apple/iphone-17-pro-max
3745-7-25-6,Apple,iPhone 17 Pro Max,512GB,Verizon,855.0,805.0,755.0,330.0,50.0,https://www.ocbuyback.com/sell/cell-phone/apple/iphone-17-pro-max
3745-10-25-6,Apple,iPhone 17 Pro Max,512GB,Other,555.0,505.0,455.0,130.0,50.0,https://www.ocbuyback.com/sell/cell-phone/apple/iphone-17-pro-max
3745-16-25-6,Apple,iPhone 17 Pro Max,512GB,Unlocked,1055.0,1005.0,955.0,380.0,50.0,https://www.ocbuyback.com/sell/cell-phone/apple/iphone-17-pro-max
3745-6-26-6,Apple,iPhone 17 Pro Max,1TB,AT&T,1000.0,950.0,900.0,320.0,50.0,https://www.ocbuyback.com/sell/cell-phone/apple/iphone-17-pro-max
3745-9-26-6,Apple,iPhone 17 Pro Max,1TB,T-Mobile,1015.0,965.0,915.0,345.0,50.0,https://www.ocbuyback.com/sell/cell-phone/apple/iphone-17-pro-max
3745-7-26-6,Apple,iPhone 17 Pro Max,1TB,Verizon,920.0,870.0,820.0,370.0,50.0,https://www.ocbuyback.com/sell/cell-phone/apple/iphone-17-pro-max
3745-10-26-6,Apple,iPhone 17 Pro Max,1TB,Other,620.0,570.0,520.0,170.0,50.0,https://www.ocbuyback.com/sell/cell-phone/apple/iphone-17-pro-max
3745-16-26-6,Apple,iPhone 17 Pro Max,1TB,Unlocked,1120.0,1070.0,1020.0,420.0,50.0,https://www.ocbuyback.com/sell/cell-phone/apple/iphone-17-pro-max
3745-6-36-6,Apple,iPhone 17 Pro Max,2TB,AT&T,1035.0,985.0,935.0,400.0,50.0,https://www.ocbuyback.com/sell/cell-phone/apple/iphone-17-pro-max
3745-9-36-6,Apple,iPhone 17 Pro Max,2TB,T-Mobile,1050.0,1000.0,950.0,425.0,50.0,https://www.ocbuyback.com/sell/cell-phone/apple/iphone-17-pro-max
3745-7-36-6,Apple,iPhone 17 Pro Max,2TB,Verizon,955.0,905.0,855.0,450.0,50.0,https://www.ocbuyback.com/sell/cell-phone/apple/iphone-17-pro-max
3745-10-36-6,Apple,iPhone 17 Pro Max,2TB,Other,655.0,605.0,555.0,250.0,50.0,https://www.ocbuyback.com/sell/cell-phone/apple/iphone-17-pro-max
3745-16-36-6,Apple,iPhone 17 Pro Max,2TB,Unlocked,1155.0,1105.0,1055.0,500.0,50.0,https://www.ocbuyback.com/sell/cell-phone/apple/iphone-17-pro-max
3746-6-10-6,Apple,iPhone Air,256GB,AT&T,550.0,500.0,430.0,180.0,30.0,https://www.ocbuyback.com/sell/cell-phone/apple/iphone-air
3746-9-10-6,Apple,iPhone Air,256GB,T-Mobile,525.0,475.0,405.0,155.0,30.0,https://www.ocbuyback.com/sell/cell-phone/apple/iphone-air
3746-7-10-6,Apple,iPhone Air,256GB,Verizon,550.0,500.0,430.0,180.0,30.0,https://www.ocbuyback.com/sell/cell-phone/apple/iphone-air
3746-10-10-6,Apple,iPhone Air,256GB,Other,300.0,250.0,180.0,90.0,30.0,https://www.ocbuyback.com/sell/cell-phone/apple/iphone-air
3746-16-10-6,Apple,iPhone Air,256GB,Unlocked,650.0,600.0,530.0,230.0,30.0,https://www.ocbuyback.com/sell/cell-phone/apple/iphone-air
3746-6-25-6,Apple,iPhone Air,512GB,AT&T,610.0,560.0,490.0,260.0,30.0,https://www.ocbuyback.com/sell/cell-phone/apple/iphone-air
3746-9-25-6,Apple,iPhone Air,512GB,T-Mobile,585.0,535.0,465.0,235.0,30.0,https://www.ocbuyback.com/sell/cell-phone/apple/iphone-air
3746-7-25-6,Apple,iPhone Air,512GB,Verizon,610.0,560.0,490.0,260.0,30.0,https://www.ocbuyback.com/sell/cell-phone/apple/iphone-air
3746-10-25-6,Apple,iPhone Air,512GB,Other,360.0,310.0,240.0,155.0,30.0,https://www.ocbuyback.com/sell/cell-phone/apple/iphone-air
3746-16-25-6,Apple,iPhone Air,512GB,Unlocked,710.0,660.0,590.0,310.0,30.0,https://www.ocbuyback.com/sell/cell-phone/apple/iphone-air
3746-6-26-6,Apple,iPhone Air,1TB,AT&T,685.0,635.0,565.0,300.0,30.0,https://www.ocbuyback.com/sell/cell-phone/apple/iphone-air
3746-9-26-6,Apple,iPhone Air,1TB,T-Mobile,660.0,610.0,540.0,275.0,30.0,https://www.ocbuyback.com/sell/cell-phone/apple/iphone-air
3746-7-26-6,Apple,iPhone Air,1TB,Verizon,685.0,635.0,565.0,300.0,30.0,https://www.ocbuyback.com/sell/cell-phone/apple/iphone-air
3746-10-26-6,Apple,iPhone Air,1TB,Other,435.0,385.0,315.0,235.0,30.0,https://www.ocbuyback.com/sell/cell-phone/apple/iphone-air
3746-16-26-6,Apple,iPhone Air,1TB,Unlocked,785.0,735.0,665.0,350.0,30.0,https://www.ocbuyback.com/sell/cell-phone/apple/iphone-air
447-6-9-1,Samsung,Galaxy Note 20,128GB,AT&T,,95.0,75.0,15.0,,https://www.ocbuyback.com/sell/cell-phone/samsung/galaxy-note-20
447-9-9-1,Samsung,Galaxy Note 20,128GB,T-Mobile,,95.0,75.0,15.0,,https://www.ocbuyback.com/sell/cell-phone/samsung/galaxy-note-20
447-7-9-1,Samsung,Galaxy Note 20,128GB,Verizon,,60.0,40.0,15.0,,https://www.ocbuyback.com/sell/cell-phone/samsung/galaxy-note-20
447-16-9-1,Samsung,Galaxy Note 20,128GB,Unlocked,,110.0,90.0,25.0,,https://www.ocbuyback.com/sell/cell-phone/samsung/galaxy-note-20
448-6-9-1,Samsung,Galaxy Note 20 Ultra,128GB,AT&T,,155.0,135.0,25.0,,https://www.ocbuyback.com/sell/cell-phone/samsung/galaxy-note-20-ultra
448-9-9-1,Samsung,Galaxy Note 20 Ultra,128GB,T-Mobile,,105.0,85.0,25.0,,https://www.ocbuyback.com/sell/cell-phone/samsung/galaxy-note-20-ultra
448-7-9-1,Samsung,Galaxy Note 20 Ultra,128GB,Verizon,,80.0,60.0,10.0,,https://www.ocbuyback.com/sell/cell-phone/samsung/galaxy-note-20-ultra
448-16-9-1,Samsung,Galaxy Note 20 Ultra,128GB,Unlocked,,170.0,150.0,30.0,,https://www.ocbuyback.com/sell/cell-phone/samsung/galaxy-note-20-ultra
448-6-25-1,Samsung,Galaxy Note 20 Ultra,512GB,AT&T,,165.0,145.0,27.0,,https://www.ocbuyback.com/sell/cell-phone/samsung/galaxy-note-20-ultra
448-9-25-1,Samsung,Galaxy Note 20 Ultra,512GB,T-Mobile,,115.0,95.0,25.0,,https://www.ocbuyback.com/sell/cell-phone/samsung/galaxy-note-20-ultra
448-7-25-1,Samsung,Galaxy Note 20 Ultra,512GB,Verizon,,90.0,70.0,10.0,,https://www.ocbuyback.com/sell/cell-phone/samsung/galaxy-note-20-ultra
448-16-25-1,Samsung,Galaxy Note 20 Ultra,512GB,Unlocked,,190.0,170.0,30.0,,https://www.ocbuyback.com/sell/cell-phone/samsung/galaxy-note-20-ultra
461-6-9-1,Samsung,Galaxy S21,128GB,AT&T,,50.0,35.0,10.0,5.0,https://www.ocbuyback.com/sell/cell-phone/samsung/galaxy-s21
461-9-9-1,Samsung,Galaxy S21,128GB,T-Mobile,,30.0,15.0,5.0,5.0,https://www.ocbuyback.com/sell/cell-phone/samsung/galaxy-s21
461-7-9-1,Samsung,Galaxy S21,128GB,Verizon,,30.0,15.0,5.0,5.0,https://www.ocbuyback.com/sell/cell-phone/samsung/galaxy-s21
461-16-9-1,Samsung,Galaxy S21,128GB,Unlocked,,60.0,45.0,10.0,5.0,https://www.ocbuyback.com/sell/cell-phone/samsung/galaxy-s21
618-6-9-1,Samsung,Galaxy S21 FE,128GB,AT&T,,45.0,35.0,5.0,,https://www.ocbuyback.com/sell/cell-phone/samsung/galaxy-s21-fe
618-9-9-1,Samsung,Galaxy S21 FE,128GB,T-Mobile,,25.0,15.0,5.0,,https://www.ocbuyback.com/sell/cell-phone/samsung/galaxy-s21-fe
618-7-9-1,Samsung,Galaxy S21 FE,128GB,Verizon,,20.0,10.0,5.0,,https://www.ocbuyback.com/sell/cell-phone/samsung/galaxy-s21-fe
618-16-9-1,Samsung,Galaxy S21 FE,128GB,Unlocked,,65.0,55.0,10.0,,https://www.ocbuyback.com/sell/cell-phone/samsung/galaxy-s21-fe
618-6-10-1,Samsung,Galaxy S21 FE,256GB,AT&T,,65.0,55.0,15.0,,https://www.ocbuyback.com/sell/cell-phone/samsung/galaxy-s21-fe
618-9-10-1,Samsung,Galaxy S21 FE,256GB,T-Mobile,,45.0,35.0,5.0,,https://www.ocbuyback.com/sell/cell-phone/samsung/galaxy-s21-fe
618-7-10-1,Samsung,Galaxy S21 FE,256GB,Verizon,,30.0,20.0,5.0,,https://www.ocbuyback.com/sell/cell-phone/samsung/galaxy-s21-fe
618-16-10-1,Samsung,Galaxy S21 FE,256GB,Unlocked,,85.0,75.0,15.0,,https://www.ocbuyback.com/sell/cell-phone/samsung/galaxy-s21-fe
462-6-9-1,Samsung,Galaxy S21 Plus,128GB,AT&T,,55.0,45.0,15.0,,https://www.ocbuyback.com/sell/cell-phone/samsung/galaxy-s21-plus
462-9-9-1,Samsung,Galaxy S21 Plus,128GB,T-Mobile,,55.0,45.0,10.0,,https://www.ocbuyback.com/sell/cell-phone/samsung/galaxy-s21-plus
462-7-9-1,Samsung,Galaxy S21 Plus,128GB,Verizon,,30.0,20.0,5.0,,https://www.ocbuyback.com/sell/cell-phone/samsung/galaxy-s21-plus
462-16-9-1,Samsung,Galaxy S21 Plus,128GB,Unlocked,,70.0,60.0,20.0,,https://www.ocbuyback.com/sell/cell-phone/samsung/galaxy-s21-plus
462-6-10-1,Samsung,Galaxy S21 Plus,256GB,AT&T,,65.0,55.0,16.0,,https://www.ocbuyback.com/sell/cell-phone/samsung/galaxy-s21-plus
462-9-10-1,Samsung,Galaxy S21 Plus,256GB,T-Mobile,,65.0,55.0,11.0,,https://www.ocbuyback.com/sell/cell-phone/samsung/galaxy-s21-plus
462-7-10-1,Samsung,Galaxy S21 Plus,256GB,Verizon,,40.0,30.0,10.0,,https://www.ocbuyback.com/sell/cell-phone/samsung/galaxy-s21-plus
462-16-10-1,Samsung,Galaxy S21 Plus,256GB,Unlocked,,80.0,70.0,21.0,,https://www.ocbuyback.com/sell/cell-phone/samsung/galaxy-s21-plus
463-6-9-1,Samsung,Galaxy S21 Ultra,128GB,AT&T,,90.0,70.0,20.0,5.0,https://www.ocbuyback.com/sell/cell-phone/samsung/galaxy-s21-ultra
463-9-9-1,Samsung,Galaxy S21 Ultra,128GB,T-Mobile,,60.0,40.0,10.0,5.0,https://www.ocbuyback.com/sell/cell-phone/samsung/galaxy-s21-ultra
463-7-9-1,Samsung,Galaxy S21 Ultra,128GB,Verizon,,60.0,40.0,10.0,5.0,https://www.ocbuyback.com/sell/cell-phone/samsung/galaxy-s21-ultra
463-16-9-1,Samsung,Galaxy S21 Ultra,128GB,Unlocked,,100.0,80.0,30.0,5.0,https://www.ocbuyback.com/sell/cell-phone/samsung/galaxy-s21-ultra
463-6-10-1,Samsung,Galaxy S21 Ultra,256GB,AT&T,,100.0,80.0,20.0,5.0,https://www.ocbuyback.com/sell/cell-phone/samsung/galaxy-s21-ultra
463-9-10-1,Samsung,Galaxy S21 Ultra,256GB,T-Mobile,,70.0,50.0,10.0,5.0,https://www.ocbuyback.com/sell/cell-phone/samsung/galaxy-s21-ultra
463-7-10-1,Samsung,Galaxy S21 Ultra,256GB,Verizon,,70.0,50.0,10.0,5.0,https://www.ocbuyback.com/sell/cell-phone/samsung/galaxy-s21-ultra
463-16-10-1,Samsung,Galaxy S21 Ultra,256GB,Unlocked,,110.0,90.0,30.0,5.0,https://www.ocbuyback.com/sell/cell-phone/samsung/galaxy-s21-ultra
463-6-25-1,Samsung,Galaxy S21 Ultra,512GB,AT&T,,105.0,85.0,25.0,5.0,https://www.ocbuyback.com/sell/cell-phone/samsung/galaxy-s21-ultra
463-9-25-1,Samsung,Galaxy S21 Ultra,512GB,T-Mobile,,75.0,55.0,10.0,5.0,https://www.ocbuyback.com/sell/cell-phone/samsung/galaxy-s21-ultra
463-7-25-1,Samsung,Galaxy S21 Ultra,512GB,Verizon,,75.0,55.0,10.0,5.0,https://www.ocbuyback.com/sell/cell-phone/samsung/galaxy-s21-ultra
463-16-25-1,Samsung,Galaxy S21 Ultra,512GB,Unlocked,,115.0,95.0,30.0,5.0,https://www.ocbuyback.com/sell/cell-phone/samsung/galaxy-s21-ultra
620-6-9-1,Samsung,Galaxy S22,128GB,AT&T,,70.0,55.0,20.0,5.0,https://www.ocbuyback.com/sell/cell-phone/samsung/galaxy-s22
620-9-9-1,Samsung,Galaxy S22,128GB,T-Mobile,,50.0,45.0,10.0,,https://www.ocbuyback.com/sell/cell-phone/samsung/galaxy-s22
620-7-9-1,Samsung,Galaxy S22,128GB,Verizon,,30.0,15.0,5.0,,https://www.ocbuyback.com/sell/cell-phone/samsung/galaxy-s22
620-16-9-1,Samsung,Galaxy S22,128GB,Unlocked,,90.0,75.0,25.0,,https://www.ocbuyback.com/sell/cell-phone/samsung/galaxy-s22
620-6-10-1,Samsung,Galaxy S22,256GB,AT&T,,80.0,65.0,25.0,,https://www.ocbuyback.com/sell/cell-phone/samsung/galaxy-s22
620-9-10-1,Samsung,Galaxy S22,256GB,T-Mobile,,60.0,45.0,15.0,,https://www.ocbuyback.com/sell/cell-phone/samsung/galaxy-s22
620-7-10-1,Samsung,Galaxy S22,256GB,Verizon,,40.0,25.0,5.0,,https://www.ocbuyback.com/sell/cell-phone/samsung/galaxy-s22
620-16-10-1,Samsung,Galaxy S22,256GB,Unlocked,,100.0,85.0,30.0,,https://www.ocbuyback.com/sell/cell-phone/samsung/galaxy-s22
1298-6-9-1,Samsung,Galaxy S22 Plus,128GB,AT&T,,80.0,65.0,25.0,,https://www.ocbuyback.com/sell/cell-phone/samsung/galaxy-s22-plus
1298-9-9-1,Samsung,Galaxy S22 Plus,128GB,T-Mobile,,50.0,35.0,5.0,,https://www.ocbuyback.com/sell/cell-phone/samsung/galaxy-s22-plus
1298-7-9-1,Samsung,Galaxy S22 Plus,128GB,Verizon,,35.0,20.0,5.0,,https://www.ocbuyback.com/sell/cell-phone/samsung/galaxy-s22-plus
1298-16-9-1,Samsung,Galaxy S22 Plus,128GB,Unlocked,,110.0,95.0,30.0,,https://www.ocbuyback.com/sell/cell-phone/samsung/galaxy-s22-plus
1298-6-10-1,Samsung,Galaxy S22 Plus,256GB,AT&T,,90.0,75.0,30.0,,https://www.ocbuyback.com/sell/cell-phone/samsung/galaxy-s22-plus
1298-9-10-1,Samsung,Galaxy S22 Plus,256GB,T-Mobile,,60.0,45.0,10.0,,https://www.ocbuyback.com/sell/cell-phone/samsung/galaxy-s22-plus
1298-7-10-1,Samsung,Galaxy S22 Plus,256GB,Verizon,,45.0,30.0,5.0,,https://www.ocbuyback.com/sell/cell-phone/samsung/galaxy-s22-plus
1298-16-10-1,Samsung,Galaxy S22 Plus,256GB,Unlocked,,120.0,105.0,35.0,,https://www.ocbuyback.com/sell/cell-phone/samsung/galaxy-s22-plus
622-6-9-6,Samsung,Galaxy S22 Ultra,128GB,AT&T,165.0,115.0,95.0,20.0,5.0,https://www.ocbuyback.com/sell/cell-phone/samsung/galaxy-s22-ultra
622-9-9-6,Samsung,Galaxy S22 Ultra,128GB,T-Mobile,160.0,110.0,90.0,20.0,5.0,https://www.ocbuyback.com/sell/cell-phone/samsung/galaxy-s22-ultra
622-7-9-6,Samsung,Galaxy S22 Ultra,128GB,Verizon,110.0,60.0,40.0,10.0,5.0,https://www.ocbuyback.com/sell/cell-phone/samsung/galaxy-s22-ultra
622-16-9-6,Samsung,Galaxy S22 Ultra,128GB,Unlocked,195.0,145.0,125.0,30.0,5.0,https://www.ocbuyback.com/sell/cell-phone/samsung/galaxy-s22-ultra
622-6-10-6,Samsung,Galaxy S22 Ultra,256GB,AT&T,180.0,130.0,110.0,20.0,5.0,https://www.ocbuyback.com/sell/cell-phone/samsung/galaxy-s22-ultra
622-9-10-6,Samsung,Galaxy S22 Ultra,256GB,T-Mobile,175.0,125.0,105.0,20.0,5.0,https://www.ocbuyback.com/sell/cell-phone/samsung/galaxy-s22-ultra
622-7-10-6,Samsung,Galaxy S22 Ultra,256GB,Verizon,125.0,75.0,55.0,20.0,5.0,https://www.ocbuyback.com/sell/cell-phone/samsung/galaxy-s22-ultra
622-16-10-6,Samsung,Galaxy S22 Ultra,256GB,Unlocked,210.0,160.0,140.0,30.0,5.0,https://www.ocbuyback.com/sell/cell-phone/samsung/galaxy-s22-ultra
622-6-25-6,Samsung,Galaxy S22 Ultra,512GB,AT&T,185.0,135.0,115.0,25.0,5.0,https://www.ocbuyback.com/sell/cell-phone/samsung/galaxy-s22-ultra
622-9-25-6,Samsung,Galaxy S22 Ultra,512GB,T-Mobile,180.0,130.0,110.0,15.0,5.0,https://www.ocbuyback.com/sell/cell-phone/samsung/galaxy-s22-ultra
622-7-25-6,Samsung,Galaxy S22 Ultra,512GB,Verizon,130.0,80.0,60.0,20.0,5.0,https://www.ocbuyback.com/sell/cell-phone/samsung/galaxy-s22-ultra
622-16-25-6,Samsung,Galaxy S22 Ultra,512GB,Unlocked,215.0,165.0,145.0,30.0,5.0,https://www.ocbuyback.com/sell/cell-phone/samsung/galaxy-s22-ultra
622-6-26-6,Samsung,Galaxy S22 Ultra,1TB,AT&T,190.0,140.0,120.0,25.0,5.0,https://www.ocbuyback.com/sell/cell-phone/samsung/galaxy-s22-ultra
622-9-26-6,Samsung,Galaxy S22 Ultra,1TB,T-Mobile,185.0,135.0,115.0,20.0,5.0,https://www.ocbuyback.com/sell/cell-phone/samsung/galaxy-s22-ultra
622-7-26-6,Samsung,Galaxy S22 Ultra,1TB,Verizon,135.0,85.0,65.0,20.0,5.0,https://www.ocbuyback.com/sell/cell-phone/samsung/galaxy-s22-ultra
622-16-26-6,Samsung,Galaxy S22 Ultra,1TB,Unlocked,220.0,170.0,150.0,30.0,5.0,https://www.ocbuyback.com/sell/cell-phone/samsung/galaxy-s22-ultra
1186-6-9-6,Samsung,Galaxy S23,128GB,AT&T,140.0,100.0,80.0,35.0,5.0,https://www.ocbuyback.com/sell/cell-phone/samsung/galaxy-s23
1186-9-9-6,Samsung,Galaxy S23,128GB,T-Mobile,140.0,100.0,80.0,25.0,5.0,https://www.ocbuyback.com/sell/cell-phone/samsung/galaxy-s23
1186-7-9-6,Samsung,Galaxy S23,128GB,Verizon,90.0,50.0,30.0,5.0,5.0,https://www.ocbuyback.com/sell/cell-phone/samsung/galaxy-s23
1186-16-9-6,Samsung,Galaxy S23,128GB,Unlocked,190.0,150.0,130.0,25.0,5.0,https://www.ocbuyback.com/sell/cell-phone/samsung/galaxy-s23
1186-6-10-6,Samsung,Galaxy S23,256GB,AT&T,155.0,115.0,95.0,25.0,5.0,https://www.ocbuyback.com/sell/cell-phone/samsung/galaxy-s23
1186-9-10-6,Samsung,Galaxy S23,256GB,T-Mobile,155.0,115.0,95.0,25.0,5.0,https://www.ocbuyback.com/sell/cell-phone/samsung/galaxy-s23
1186-7-10-6,Samsung,Galaxy S23,256GB,Verizon,105.0,65.0,45.0,16.0,5.0,https://www.ocbuyback.com/sell/cell-phone/samsung/galaxy-s23
1186-16-10-6,Samsung,Galaxy S23,256GB,Unlocked,205.0,165.0,145.0,50.0,5.0,https://www.ocbuyback.com/sell/cell-phone/samsung/galaxy-s23
1330-6-9-6,Samsung,Galaxy S23 FE,128GB,AT&T,65.0,35.0,25.0,5.0,,https://www.ocbuyback.com/sell/cell-phone/samsung/galaxy-s23-fe
1330-9-9-6,Samsung,Galaxy S23 FE,128GB,T-Mobile,65.0,35.0,25.0,5.0,,https://www.ocbuyback.com/sell/cell-phone/samsung/galaxy-s23-fe
1330-7-9-6,Samsung,Galaxy S23 FE,128GB,Verizon,65.0,35.0,25.0,5.0,,https://www.ocbuyback.com/sell/cell-phone/samsung/galaxy-s23-fe
1330-16-9-6,Samsung,Galaxy S23 FE,128GB,Unlocked,125.0,95.0,85.0,15.0,,https://www.ocbuyback.com/sell/cell-phone/samsung/galaxy-s23-fe
1330-6-10-6,Samsung,Galaxy S23 FE,256GB,AT&T,75.0,45.0,35.0,10.0,,https://www.ocbuyback.com/sell/cell-phone/samsung/galaxy-s23-fe
1330-9-10-6,Samsung,Galaxy S23 FE,256GB,T-Mobile,75.0,45.0,35.0,10.0,,https://www.ocbuyback.com/sell/cell-phone/samsung/galaxy-s23-fe
1330-7-10-6,Samsung,Galaxy S23 FE,256GB,Verizon,75.0,45.0,35.0,10.0,,https://www.ocbuyback.com/sell/cell-phone/samsung/galaxy-s23-fe
1330-16-10-6,Samsung,Galaxy S23 FE,256GB,Unlocked,135.0,105.0,95.0,15.0,,https://www.ocbuyback.com/sell/cell-phone/samsung/galaxy-s23-fe
1187-6-10-1,Samsung,Galaxy S23 Plus,256GB,AT&T,,185.0,155.0,60.0,5.0,https://www.ocbuyback.com/sell/cell-phone/samsung/galaxy-s23-plus
1187-9-10-1,Samsung,Galaxy S23 Plus,256GB,T-Mobile,,110.0,80.0,30.0,5.0,https://www.ocbuyback.com/sell/cell-phone/samsung/galaxy-s23-plus
1187-7-10-1,Samsung,Galaxy S23 Plus,256GB,Verizon,,110.0,80.0,30.0,5.0,https://www.ocbuyback.com/sell/cell-phone/samsung/galaxy-s23-plus
1187-16-10-1,Samsung,Galaxy S23 Plus,256GB,Unlocked,,215.0,185.0,80.0,5.0,https://www.ocbuyback.com/sell/cell-phone/samsung/galaxy-s23-plus
1187-6-25-1,Samsung,Galaxy S23 Plus,512GB,AT&T,,210.0,180.0,65.0,5.0,https://www.ocbuyback.com/sell/cell-phone/samsung/galaxy-s23-plus
1187-9-25-1,Samsung,Galaxy S23 Plus,512GB,T-Mobile,,135.0,105.0,35.0,5.0,https://www.ocbuyback.com/sell/cell-phone/samsung/galaxy-s23-plus
1187-7-25-1,Samsung,Galaxy S23 Plus,512GB,Verizon,,135.0,105.0,35.0,5.0,https://www.ocbuyback.com/sell/cell-phone/samsung/galaxy-s23-plus
1187-16-25-1,Samsung,Galaxy S23 Plus,512GB,Unlocked,,240.0,210.0,85.0,5.0,https://www.ocbuyback.com/sell/cell-phone/samsung/galaxy-s23-plus
1188-6-10-6,Samsung,Galaxy S23 Ultra,256GB,AT&T,230.0,180.0,140.0,20.0,10.0,https://www.ocbuyback.com/sell/cell-phone/samsung/galaxy-s23-ultra
1188-9-10-6,Samsung,Galaxy S23 Ultra,256GB,T-Mobile,205.0,155.0,115.0,20.0,10.0,https://www.ocbuyback.com/sell/cell-phone/samsung/galaxy-s23-ultra
1188-7-10-6,Samsung,Galaxy S23 Ultra,256GB,Verizon,205.0,155.0,115.0,20.0,10.0,https://www.ocbuyback.com/sell/cell-phone/samsung/galaxy-s23-ultra
1188-16-10-6,Samsung,Galaxy S23 Ultra,256GB,Unlocked,280.0,230.0,190.0,30.0,10.0,https://www.ocbuyback.com/sell/cell-phone/samsung/galaxy-s23-ultra
1188-6-25-6,Samsung,Galaxy S23 Ultra,512GB,AT&T,250.0,200.0,160.0,20.0,10.0,https://www.ocbuyback.com/sell/cell-phone/samsung/galaxy-s23-ultra
1188-9-25-6,Samsung,Galaxy S23 Ultra,512GB,T-Mobile,225.0,175.0,135.0,20.0,10.0,https://www.ocbuyback.com/sell/cell-phone/samsung/galaxy-s23-ultra
1188-7-25-6,Samsung,Galaxy S23 Ultra,512GB,Verizon,225.0,175.0,135.0,20.0,10.0,https://www.ocbuyback.com/sell/cell-phone/samsung/galaxy-s23-ultra
1188-16-25-6,Samsung,Galaxy S23 Ultra,512GB,Unlocked,300.0,250.0,210.0,30.0,10.0,https://www.ocbuyback.com/sell/cell-phone/samsung/galaxy-s23-ultra
1188-6-26-6,Samsung,Galaxy S23 Ultra,1TB,AT&T,290.0,240.0,200.0,20.0,10.0,https://www.ocbuyback.com/sell/cell-phone/samsung/galaxy-s23-ultra
1188-9-26-6,Samsung,Galaxy S23 Ultra,1TB,T-Mobile,265.0,215.0,175.0,20.0,10.0,https://www.ocbuyback.com/sell/cell-phone/samsung/galaxy-s23-ultra
1188-7-26-6,Samsung,Galaxy S23 Ultra,1TB,Verizon,265.0,215.0,175.0,20.0,10.0,https://www.ocbuyback.com/sell/cell-phone/samsung/galaxy-s23-ultra
1188-16-26-6,Samsung,Galaxy S23 Ultra,1TB,Unlocked,340.0,290.0,250.0,30.0,10.0,https://www.ocbuyback.com/sell/cell-phone/samsung/galaxy-s23-ultra
1331-6-9-6,Samsung,Galaxy S24,128GB,AT&T,205.0,155.0,125.0,30.0,10.0,https://www.ocbuyback.com/sell/cell-phone/samsung/galaxy-s24
1331-9-9-6,Samsung,Galaxy S24,128GB,T-Mobile,200.0,150.0,120.0,30.0,10.0,https://www.ocbuyback.com/sell/cell-phone/samsung/galaxy-s24
1331-7-9-6,Samsung,Galaxy S24,128GB,Verizon,200.0,150.0,120.0,30.0,10.0,https://www.ocbuyback.com/sell/cell-phone/samsung/galaxy-s24
1331-16-9-6,Samsung,Galaxy S24,128GB,Unlocked,280.0,230.0,200.0,80.0,10.0,https://www.ocbuyback.com/sell/cell-phone/samsung/galaxy-s24
1331-6-10-6,Samsung,Galaxy S24,256GB,AT&T,235.0,185.0,155.0,40.0,10.0,https://www.ocbuyback.com/sell/cell-phone/samsung/galaxy-s24
1331-9-10-6,Samsung,Galaxy S24,256GB,T-Mobile,230.0,180.0,150.0,40.0,10.0,https://www.ocbuyback.com/sell/cell-phone/samsung/galaxy-s24
1331-7-10-6,Samsung,Galaxy S24,256GB,Verizon,230.0,180.0,150.0,40.0,10.0,https://www.ocbuyback.com/sell/cell-phone/samsung/galaxy-s24
1331-16-10-6,Samsung,Galaxy S24,256GB,Unlocked,310.0,260.0,230.0,90.0,10.0,https://www.ocbuyback.com/sell/cell-phone/samsung/galaxy-s24
1571-6-9-6,Samsung,Galaxy S24 Fe,128GB,AT&T,125.0,95.0,65.0,15.0,10.0,https://www.ocbuyback.com/sell/cell-phone/samsung/galaxy-s24-fe
1571-9-9-6,Samsung,Galaxy S24 Fe,128GB,T-Mobile,105.0,75.0,45.0,20.0,10.0,https://www.ocbuyback.com/sell/cell-phone/samsung/galaxy-s24-fe
1571-7-9-6,Samsung,Galaxy S24 Fe,128GB,Verizon,105.0,75.0,45.0,20.0,10.0,https://www.ocbuyback.com/sell/cell-phone/samsung/galaxy-s24-fe
1571-16-9-6,Samsung,Galaxy S24 Fe,128GB,Unlocked,220.0,190.0,160.0,30.0,10.0,https://www.ocbuyback.com/sell/cell-phone/samsung/galaxy-s24-fe
1571-6-10-6,Samsung,Galaxy S24 Fe,256GB,AT&T,145.0,115.0,85.0,25.0,10.0,https://www.ocbuyback.com/sell/cell-phone/samsung/galaxy-s24-fe
1571-9-10-6,Samsung,Galaxy S24 Fe,256GB,T-Mobile,125.0,95.0,65.0,20.0,10.0,https://www.ocbuyback.com/sell/cell-phone/samsung/galaxy-s24-fe
1571-7-10-6,Samsung,Galaxy S24 Fe,256GB,Verizon,125.0,95.0,65.0,20.0,10.0,https://www.ocbuyback.com/sell/cell-phone/samsung/galaxy-s24-fe
1571-16-10-6,Samsung,Galaxy S24 Fe,256GB,Unlocked,240.0,210.0,180.0,40.0,10.0,https://www.ocbuyback.com/sell/cell-phone/samsung/galaxy-s24-fe
1332-6-10-6,Samsung,Galaxy S24 Plus,256GB,AT&T,230.0,200.0,160.0,50.0,10.0,https://www.ocbuyback.com/sell/cell-phone/samsung/galaxy-s24-plus
1332-9-10-6,Samsung,Galaxy S24 Plus,256GB,T-Mobile,205.0,175.0,135.0,50.0,10.0,https://www.ocbuyback.com/sell/cell-phone/samsung/galaxy-s24-plus
1332-7-10-6,Samsung,Galaxy S24 Plus,256GB,Verizon,155.0,125.0,85.0,20.0,10.0,https://www.ocbuyback.com/sell/cell-phone/samsung/galaxy-s24-plus
1332-16-10-6,Samsung,Galaxy S24 Plus,256GB,Unlocked,305.0,275.0,235.0,80.0,10.0,https://www.ocbuyback.com/sell/cell-phone/samsung/galaxy-s24-plus
1332-6-25-6,Samsung,Galaxy S24 Plus,512GB,AT&T,270.0,240.0,200.0,60.0,10.0,https://www.ocbuyback.com/sell/cell-phone/samsung/galaxy-s24-plus
1332-9-25-6,Samsung,Galaxy S24 Plus,512GB,T-Mobile,245.0,215.0,175.0,60.0,10.0,https://www.ocbuyback.com/sell/cell-phone/samsung/galaxy-s24-plus
1332-7-25-6,Samsung,Galaxy S24 Plus,512GB,Verizon,195.0,165.0,125.0,30.0,10.0,https://www.ocbuyback.com/sell/cell-phone/samsung/galaxy-s24-plus
1332-16-25-6,Samsung,Galaxy S24 Plus,512GB,Unlocked,345.0,315.0,275.0,90.0,10.0,https://www.ocbuyback.com/sell/cell-phone/samsung/galaxy-s24-plus
1333-6-10-6,Samsung,Galaxy S24 Ultra,256GB,AT&T,370.0,320.0,270.0,100.0,20.0,https://www.ocbuyback.com/sell/cell-phone/samsung/galaxy-s24-ultra
1333-9-10-6,Samsung,Galaxy S24 Ultra,256GB,T-Mobile,330.0,280.0,230.0,100.0,20.0,https://www.ocbuyback.com/sell/cell-phone/samsung/galaxy-s24-ultra
1333-7-10-6,Samsung,Galaxy S24 Ultra,256GB,Verizon,330.0,280.0,230.0,100.0,20.0,https://www.ocbuyback.com/sell/cell-phone/samsung/galaxy-s24-ultra
1333-16-10-6,Samsung,Galaxy S24 Ultra,256GB,Unlocked,460.0,410.0,360.0,150.0,20.0,https://www.ocbuyback.com/sell/cell-phone/samsung/galaxy-s24-ultra
1333-6-25-6,Samsung,Galaxy S24 Ultra,512GB,AT&T,390.0,340.0,290.0,110.0,20.0,https://www.ocbuyback.com/sell/cell-phone/samsung/galaxy-s24-ultra
1333-9-25-6,Samsung,Galaxy S24 Ultra,512GB,T-Mobile,350.0,300.0,230.0,110.0,20.0,https://www.ocbuyback.com/sell/cell-phone/samsung/galaxy-s24-ultra
1333-7-25-6,Samsung,Galaxy S24 Ultra,512GB,Verizon,350.0,300.0,230.0,110.0,20.0,https://www.ocbuyback.com/sell/cell-phone/samsung/galaxy-s24-ultra
1333-16-25-6,Samsung,Galaxy S24 Ultra,512GB,Unlocked,480.0,430.0,380.0,160.0,20.0,https://www.ocbuyback.com/sell/cell-phone/samsung/galaxy-s24-ultra
1333-6-26-6,Samsung,Galaxy S24 Ultra,1TB,AT&T,450.0,400.0,350.0,120.0,20.0,https://www.ocbuyback.com/sell/cell-phone/samsung/galaxy-s24-ultra
1333-9-26-6,Samsung,Galaxy S24 Ultra,1TB,T-Mobile,410.0,350.0,310.0,120.0,20.0,https://www.ocbuyback.com/sell/cell-phone/samsung/galaxy-s24-ultra
1333-7-26-6,Samsung,Galaxy S24 Ultra,1TB,Verizon,410.0,360.0,310.0,120.0,20.0,https://www.ocbuyback.com/sell/cell-phone/samsung/galaxy-s24-ultra
1333-16-26-6,Samsung,Galaxy S24 Ultra,1TB,Unlocked,540.0,490.0,440.0,170.0,20.0,https://www.ocbuyback.com/sell/cell-phone/samsung/galaxy-s24-ultra
1577-6-9-6,Samsung,Galaxy S25,128GB,AT&T,275.0,225.0,195.0,30.0,10.0,https://www.ocbuyback.com/sell/cell-phone/samsung/galaxy-s25
1577-9-9-6,Samsung,Galaxy S25,128GB,T-Mobile,250.0,200.0,170.0,30.0,10.0,https://www.ocbuyback.com/sell/cell-phone/samsung/galaxy-s25
1577-7-9-6,Samsung,Galaxy S25,128GB,Verizon,130.0,80.0,60.0,40.0,10.0,https://www.ocbuyback.com/sell/cell-phone/samsung/galaxy-s25
1577-16-9-6,Samsung,Galaxy S25,128GB,Unlocked,350.0,300.0,270.0,80.0,10.0,https://www.ocbuyback.com/sell/cell-phone/samsung/galaxy-s25
1577-6-10-6,Samsung,Galaxy S25,256GB,AT&T,315.0,265.0,235.0,40.0,10.0,https://www.ocbuyback.com/sell/cell-phone/samsung/galaxy-s25
1577-9-10-6,Samsung,Galaxy S25,256GB,T-Mobile,290.0,240.0,210.0,40.0,10.0,https://www.ocbuyback.com/sell/cell-phone/samsung/galaxy-s25
1577-7-10-6,Samsung,Galaxy S25,256GB,Verizon,130.0,80.0,70.0,40.0,10.0,https://www.ocbuyback.com/sell/cell-phone/samsung/galaxy-s25
1577-16-10-6,Samsung,Galaxy S25,256GB,Unlocked,390.0,340.0,310.0,90.0,10.0,https://www.ocbuyback.com/sell/cell-phone/samsung/galaxy-s25
10765-6-9-6,Samsung,Galaxy S25 FE,128GB,AT&T,220.0,170.0,140.0,20.0,10.0,https://www.ocbuyback.com/sell/cell-phone/samsung/galaxy-s25-fe
10765-9-9-6,Samsung,Galaxy S25 FE,128GB,T-Mobile,200.0,150.0,120.0,20.0,10.0,https://www.ocbuyback.com/sell/cell-phone/samsung/galaxy-s25-fe
10765-7-9-6,Samsung,Galaxy S25 FE,128GB,Verizon,220.0,180.0,140.0,20.0,10.0,https://www.ocbuyback.com/sell/cell-phone/samsung/galaxy-s25-fe
10765-16-9-6,Samsung,Galaxy S25 FE,128GB,Unlocked,295.0,245.0,215.0,40.0,10.0,https://www.ocbuyback.com/sell/cell-phone/samsung/galaxy-s25-fe
10765-6-10-6,Samsung,Galaxy S25 FE,256GB,AT&T,240.0,190.0,160.0,35.0,10.0,https://www.ocbuyback.com/sell/cell-phone/samsung/galaxy-s25-fe
10765-9-10-6,Samsung,Galaxy S25 FE,256GB,T-Mobile,220.0,170.0,140.0,20.0,5.0,https://www.ocbuyback.com/sell/cell-phone/samsung/galaxy-s25-fe
10765-7-10-6,Samsung,Galaxy S25 FE,256GB,Verizon,240.0,200.0,160.0,25.0,10.0,https://www.ocbuyback.com/sell/cell-phone/samsung/galaxy-s25-fe
10765-16-10-6,Samsung,Galaxy S25 FE,256GB,Unlocked,315.0,265.0,235.0,50.0,10.0,https://www.ocbuyback.com/sell/cell-phone/samsung/galaxy-s25-fe
1578-6-10-6,Samsung,Galaxy S25 Plus,256GB,AT&T,415.0,415.0,265.0,50.0,10.0,https://www.ocbuyback.com/sell/cell-phone/samsung/galaxy-s25-plus
1578-9-10-6,Samsung,Galaxy S25 Plus,256GB,T-Mobile,350.0,350.0,310.0,50.0,10.0,https://www.ocbuyback.com/sell/cell-phone/samsung/galaxy-s25-plus
1578-7-10-6,Samsung,Galaxy S25 Plus,256GB,Verizon,240.0,160.0,130.0,30.0,10.0,https://www.ocbuyback.com/sell/cell-phone/samsung/galaxy-s25-plus
1578-16-10-6,Samsung,Galaxy S25 Plus,256GB,Unlocked,500.0,440.0,410.0,80.0,10.0,https://www.ocbuyback.com/sell/cell-phone/samsung/galaxy-s25-plus
1578-6-25-6,Samsung,Galaxy S25 Plus,512GB,AT&T,435.0,385.0,325.0,60.0,10.0,https://www.ocbuyback.com/sell/cell-phone/samsung/galaxy-s25-plus
1578-9-25-6,Samsung,Galaxy S25 Plus,512GB,T-Mobile,410.0,360.0,300.0,60.0,10.0,https://www.ocbuyback.com/sell/cell-phone/samsung/galaxy-s25-plus
1578-7-25-6,Samsung,Galaxy S25 Plus,512GB,Verizon,260.0,210.0,170.0,40.0,10.0,https://www.ocbuyback.com/sell/cell-phone/samsung/galaxy-s25-plus
1578-16-25-6,Samsung,Galaxy S25 Plus,512GB,Unlocked,510.0,460.0,400.0,90.0,10.0,https://www.ocbuyback.com/sell/cell-phone/samsung/galaxy-s25-plus
1579-6-10-6,Samsung,Galaxy S25 Ultra,256GB,AT&T,520.0,470.0,410.0,100.0,30.0,https://www.ocbuyback.com/sell/cell-phone/samsung/galaxy-s25-ultra
1579-9-10-6,Samsung,Galaxy S25 Ultra,256GB,T-Mobile,470.0,420.0,360.0,100.0,30.0,https://www.ocbuyback.com/sell/cell-phone/samsung/galaxy-s25-ultra
1579-7-10-6,Samsung,Galaxy S25 Ultra,256GB,Verizon,200.0,150.0,110.0,50.0,30.0,https://www.ocbuyback.com/sell/cell-phone/samsung/galaxy-s25-ultra
1579-16-10-6,Samsung,Galaxy S25 Ultra,256GB,Unlocked,620.0,570.0,510.0,150.0,30.0,https://www.ocbuyback.com/sell/cell-phone/samsung/galaxy-s25-ultra
1579-6-25-6,Samsung,Galaxy S25 Ultra,512GB,AT&T,545.0,495.0,435.0,110.0,30.0,https://www.ocbuyback.com/sell/cell-phone/samsung/galaxy-s25-ultra
1579-9-25-6,Samsung,Galaxy S25 Ultra,512GB,T-Mobile,495.0,445.0,385.0,110.0,30.0,https://www.ocbuyback.com/sell/cell-phone/samsung/galaxy-s25-ultra
1579-7-25-6,Samsung,Galaxy S25 Ultra,512GB,Verizon,255.0,205.0,165.0,60.0,30.0,https://www.ocbuyback.com/sell/cell-phone/samsung/galaxy-s25-ultra
1579-16-25-6,Samsung,Galaxy S25 Ultra,512GB,Unlocked,645.0,595.0,535.0,160.0,30.0,https://www.ocbuyback.com/sell/cell-phone/samsung/galaxy-s25-ultra
1579-6-26-6,Samsung,Galaxy S25 Ultra,1TB,AT&T,595.0,545.0,485.0,120.0,30.0,https://www.ocbuyback.com/sell/cell-phone/samsung/galaxy-s25-ultra
1579-9-26-6,Samsung,Galaxy S25 Ultra,1TB,T-Mobile,545.0,495.0,435.0,120.0,30.0,https://www.ocbuyback.com/sell/cell-phone/samsung/galaxy-s25-ultra
1579-7-26-6,Samsung,Galaxy S25 Ultra,1TB,Verizon,305.0,255.0,215.0,70.0,30.0,https://www.ocbuyback.com/sell/cell-phone/samsung/galaxy-s25-ultra
1579-16-26-6,Samsung,Galaxy S25 Ultra,1TB,Unlocked,695.0,645.0,585.0,170.0,30.0,https://www.ocbuyback.com/sell/cell-phone/samsung/galaxy-s25-ultra
1600-6-10-6,Samsung,Galaxy S25 Edge,256GB,AT&T,275.0,225.0,185.0,50.0,10.0,https://www.ocbuyback.com/sell/cell-phone/samsung/galaxy-s25-edge
1600-9-10-6,Samsung,Galaxy S25 Edge,256GB,T-Mobile,300.0,250.0,210.0,50.0,10.0,https://www.ocbuyback.com/sell/cell-phone/samsung/galaxy-s25-edge
1600-7-10-6,Samsung,Galaxy S25 Edge,256GB,Verizon,250.0,200.0,160.0,40.0,10.0,https://www.ocbuyback.com/sell/cell-phone/samsung/galaxy-s25-edge
1600-16-10-6,Samsung,Galaxy S25 Edge,256GB,Unlocked,400.0,350.0,310.0,100.0,10.0,https://www.ocbuyback.com/sell/cell-phone/samsung/galaxy-s25-edge
1600-6-25-6,Samsung,Galaxy S25 Edge,512GB,AT&T,300.0,250.0,210.0,60.0,10.0,https://www.ocbuyback.com/sell/cell-phone/samsung/galaxy-s25-edge
1600-9-25-6,Samsung,Galaxy S25 Edge,512GB,T-Mobile,325.0,275.0,235.0,60.0,10.0,https://www.ocbuyback.com/sell/cell-phone/samsung/galaxy-s25-edge
1600-7-25-6,Samsung,Galaxy S25 Edge,512GB,Verizon,275.0,225.0,185.0,60.0,10.0,https://www.ocbuyback.com/sell/cell-phone/samsung/galaxy-s25-edge
1600-16-25-6,Samsung,Galaxy S25 Edge,512GB,Unlocked,425.0,375.0,335.0,110.0,10.0,https://www.ocbuyback.com/sell/cell-phone/samsung/galaxy-s25-edge
10766-6-10-6,Samsung,Galaxy S26,256GB,AT&T,425.0,375.0,320.0,50.0,10.0,https://www.ocbuyback.com/sell/cell-phone/samsung/galaxy-s26
10766-9-10-6,Samsung,Galaxy S26,256GB,T-Mobile,400.0,350.0,295.0,50.0,10.0,https://www.ocbuyback.com/sell/cell-phone/samsung/galaxy-s26
10766-16-10-6,Samsung,Galaxy S26,256GB,Unlocked,500.0,450.0,395.0,100.0,10.0,https://www.ocbuyback.com/sell/cell-phone/samsung/galaxy-s26
10767-6-10-6,Samsung,Galaxy S26 Plus,256GB,AT&T,475.0,425.0,355.0,90.0,10.0,https://www.ocbuyback.com/sell/cell-phone/samsung/galaxy-s26-plus
10767-9-10-6,Samsung,Galaxy S26 Plus,256GB,T-Mobile,450.0,400.0,330.0,90.0,10.0,https://www.ocbuyback.com/sell/cell-phone/samsung/galaxy-s26-plus
10767-16-10-6,Samsung,Galaxy S26 Plus,256GB,Unlocked,550.0,500.0,430.0,120.0,10.0,https://www.ocbuyback.com/sell/cell-phone/samsung/galaxy-s26-plus
10767-6-25-6,Samsung,Galaxy S26 Plus,512GB,AT&T,515.0,465.0,395.0,100.0,10.0,https://www.ocbuyback.com/sell/cell-phone/samsung/galaxy-s26-plus
10767-9-25-6,Samsung,Galaxy S26 Plus,512GB,T-Mobile,490.0,440.0,370.0,100.0,10.0,https://www.ocbuyback.com/sell/cell-phone/samsung/galaxy-s26-plus
10767-16-25-6,Samsung,Galaxy S26 Plus,512GB,Unlocked,590.0,540.0,470.0,130.0,10.0,https://www.ocbuyback.com/sell/cell-phone/samsung/galaxy-s26-plus
10768-6-10-6,Samsung,Galaxy S26 Ultra,256GB,AT&T,600.0,550.0,460.0,90.0,20.0,https://www.ocbuyback.com/sell/cell-phone/samsung/galaxy-s26-ultra
10768-9-10-6,Samsung,Galaxy S26 Ultra,256GB,T-Mobile,550.0,500.0,410.0,90.0,20.0,https://www.ocbuyback.com/sell/cell-phone/samsung/galaxy-s26-ultra
10768-7-10-6,Samsung,Galaxy S26 Ultra,256GB,Verizon,550.0,500.0,410.0,90.0,20.0,https://www.ocbuyback.com/sell/cell-phone/samsung/galaxy-s26-ultra
10768-16-10-6,Samsung,Galaxy S26 Ultra,256GB,Unlocked,700.0,650.0,560.0,140.0,20.0,https://www.ocbuyback.com/sell/cell-phone/samsung/galaxy-s26-ultra
10768-6-25-6,Samsung,Galaxy S26 Ultra,512GB,AT&T,640.0,590.0,500.0,100.0,20.0,https://www.ocbuyback.com/sell/cell-phone/samsung/galaxy-s26-ultra
10768-9-25-6,Samsung,Galaxy S26 Ultra,512GB,T-Mobile,590.0,540.0,450.0,100.0,20.0,https://www.ocbuyback.com/sell/cell-phone/samsung/galaxy-s26-ultra
10768-7-25-6,Samsung,Galaxy S26 Ultra,512GB,Verizon,590.0,540.0,450.0,100.0,20.0,https://www.ocbuyback.com/sell/cell-phone/samsung/galaxy-s26-ultra
10768-16-25-6,Samsung,Galaxy S26 Ultra,512GB,Unlocked,740.0,690.0,600.0,150.0,20.0,https://www.ocbuyback.com/sell/cell-phone/samsung/galaxy-s26-ultra
10768-6-26-6,Samsung,Galaxy S26 Ultra,1TB,AT&T,680.0,630.0,540.0,110.0,20.0,https://www.ocbuyback.com/sell/cell-phone/samsung/galaxy-s26-ultra
10768-9-26-6,Samsung,Galaxy S26 Ultra,1TB,T-Mobile,630.0,580.0,490.0,110.0,20.0,https://www.ocbuyback.com/sell/cell-phone/samsung/galaxy-s26-ultra
10768-7-26-6,Samsung,Galaxy S26 Ultra,1TB,Verizon,630.0,580.0,490.0,85.0,20.0,https://www.ocbuyback.com/sell/cell-phone/samsung/galaxy-s26-ultra
10768-16-26-6,Samsung,Galaxy S26 Ultra,1TB,Unlocked,780.0,730.0,640.0,160.0,20.0,https://www.ocbuyback.com/sell/cell-phone/samsung/galaxy-s26-ultra
1139-6-9-1,Samsung,Galaxy Z Flip4,128GB,AT&T,,85.0,65.0,15.0,5.0,https://www.ocbuyback.com/sell/cell-phone/samsung/galaxy-z-flip4
1139-9-9-1,Samsung,Galaxy Z Flip4,128GB,T-Mobile,,85.0,65.0,15.0,5.0,https://www.ocbuyback.com/sell/cell-phone/samsung/galaxy-z-flip4
1139-7-9-1,Samsung,Galaxy Z Flip4,128GB,Verizon,,75.0,55.0,20.0,5.0,https://www.ocbuyback.com/sell/cell-phone/samsung/galaxy-z-flip4
1139-16-9-1,Samsung,Galaxy Z Flip4,128GB,Unlocked,,115.0,95.0,20.0,5.0,https://www.ocbuyback.com/sell/cell-phone/samsung/galaxy-z-flip4
1139-6-10-1,Samsung,Galaxy Z Flip4,256GB,AT&T,,95.0,75.0,15.0,5.0,https://www.ocbuyback.com/sell/cell-phone/samsung/galaxy-z-flip4
1139-9-10-1,Samsung,Galaxy Z Flip4,256GB,T-Mobile,,95.0,75.0,15.0,5.0,https://www.ocbuyback.com/sell/cell-phone/samsung/galaxy-z-flip4
1139-7-10-1,Samsung,Galaxy Z Flip4,256GB,Verizon,,75.0,55.0,20.0,5.0,https://www.ocbuyback.com/sell/cell-phone/samsung/galaxy-z-flip4
1139-16-10-1,Samsung,Galaxy Z Flip4,256GB,Unlocked,,125.0,105.0,20.0,5.0,https://www.ocbuyback.com/sell/cell-phone/samsung/galaxy-z-flip4
1139-6-25-1,Samsung,Galaxy Z Flip4,512GB,AT&T,,90.0,70.0,20.0,5.0,https://www.ocbuyback.com/sell/cell-phone/samsung/galaxy-z-flip4
1139-9-25-1,Samsung,Galaxy Z Flip4,512GB,T-Mobile,,80.0,60.0,20.0,5.0,https://www.ocbuyback.com/sell/cell-phone/samsung/galaxy-z-flip4
1139-7-25-1,Samsung,Galaxy Z Flip4,512GB,Verizon,,95.0,75.0,25.0,5.0,https://www.ocbuyback.com/sell/cell-phone/samsung/galaxy-z-flip4
1139-16-25-1,Samsung,Galaxy Z Flip4,512GB,Unlocked,,130.0,110.0,25.0,5.0,https://www.ocbuyback.com/sell/cell-phone/samsung/galaxy-z-flip4
1321-6-10-6,Samsung,Galaxy Z Flip5,256GB,AT&T,215.0,165.0,125.0,25.0,5.0,https://www.ocbuyback.com/sell/cell-phone/samsung/galaxy-z-flip5
1321-9-10-6,Samsung,Galaxy Z Flip5,256GB,T-Mobile,205.0,155.0,115.0,15.0,5.0,https://www.ocbuyback.com/sell/cell-phone/samsung/galaxy-z-flip5
1321-7-10-6,Samsung,Galaxy Z Flip5,256GB,Verizon,90.0,40.0,30.0,10.0,5.0,https://www.ocbuyback.com/sell/cell-phone/samsung/galaxy-z-flip5
1321-16-10-6,Samsung,Galaxy Z Flip5,256GB,Unlocked,265.0,215.0,175.0,55.0,5.0,https://www.ocbuyback.com/sell/cell-phone/samsung/galaxy-z-flip5
1321-6-25-6,Samsung,Galaxy Z Flip5,512GB,AT&T,235.0,185.0,155.0,50.0,5.0,https://www.ocbuyback.com/sell/cell-phone/samsung/galaxy-z-flip5
1321-9-25-6,Samsung,Galaxy Z Flip5,512GB,T-Mobile,225.0,175.0,145.0,30.0,5.0,https://www.ocbuyback.com/sell/cell-phone/samsung/galaxy-z-flip5
1321-7-25-6,Samsung,Galaxy Z Flip5,512GB,Verizon,100.0,50.0,40.0,10.0,5.0,https://www.ocbuyback.com/sell/cell-phone/samsung/galaxy-z-flip5
1321-16-25-6,Samsung,Galaxy Z Flip5,512GB,Unlocked,285.0,235.0,205.0,60.0,5.0,https://www.ocbuyback.com/sell/cell-phone/samsung/galaxy-z-flip5
1493-6-10-6,Samsung,Galaxy Z Flip6,256GB,AT&T,300.0,250.0,200.0,40.0,10.0,https://www.ocbuyback.com/sell/cell-phone/samsung/galaxy-z-flip6
1493-9-10-6,Samsung,Galaxy Z Flip6,256GB,T-Mobile,290.0,240.0,190.0,40.0,10.0,https://www.ocbuyback.com/sell/cell-phone/samsung/galaxy-z-flip6
1493-7-10-6,Samsung,Galaxy Z Flip6,256GB,Verizon,155.0,105.0,55.0,30.0,10.0,https://www.ocbuyback.com/sell/cell-phone/samsung/galaxy-z-flip6
1493-16-10-6,Samsung,Galaxy Z Flip6,256GB,Unlocked,340.0,290.0,240.0,60.0,10.0,https://www.ocbuyback.com/sell/cell-phone/samsung/galaxy-z-flip6
1493-6-25-6,Samsung,Galaxy Z Flip6,512GB,AT&T,320.0,270.0,220.0,50.0,10.0,https://www.ocbuyback.com/sell/cell-phone/samsung/galaxy-z-flip6
1493-9-25-6,Samsung,Galaxy Z Flip6,512GB,T-Mobile,310.0,260.0,210.0,50.0,10.0,https://www.ocbuyback.com/sell/cell-phone/samsung/galaxy-z-flip6
1493-7-25-6,Samsung,Galaxy Z Flip6,512GB,Verizon,175.0,125.0,75.0,40.0,10.0,https://www.ocbuyback.com/sell/cell-phone/samsung/galaxy-z-flip6
1493-16-25-6,Samsung,Galaxy Z Flip6,512GB,Unlocked,360.0,310.0,260.0,70.0,10.0,https://www.ocbuyback.com/sell/cell-phone/samsung/galaxy-z-flip6
1630-6-10-6,Samsung,Galaxy Z Flip7,256GB,AT&T,410.0,360.0,320.0,50.0,10.0,https://www.ocbuyback.com/sell/cell-phone/samsung/galaxy-z-flip7
1630-9-10-6,Samsung,Galaxy Z Flip7,256GB,T-Mobile,410.0,360.0,320.0,20.0,10.0,https://www.ocbuyback.com/sell/cell-phone/samsung/galaxy-z-flip7
1630-7-10-6,Samsung,Galaxy Z Flip7,256GB,Verizon,250.0,200.0,160.0,30.0,10.0,https://www.ocbuyback.com/sell/cell-phone/samsung/galaxy-z-flip7
1630-16-10-6,Samsung,Galaxy Z Flip7,256GB,Unlocked,485.0,435.0,395.0,70.0,10.0,https://www.ocbuyback.com/sell/cell-phone/samsung/galaxy-z-flip7
1630-6-25-6,Samsung,Galaxy Z Flip7,512GB,AT&T,430.0,380.0,340.0,65.0,10.0,https://www.ocbuyback.com/sell/cell-phone/samsung/galaxy-z-flip7
1630-9-25-6,Samsung,Galaxy Z Flip7,512GB,T-Mobile,430.0,380.0,340.0,35.0,10.0,https://www.ocbuyback.com/sell/cell-phone/samsung/galaxy-z-flip7
1630-7-25-6,Samsung,Galaxy Z Flip7,512GB,Verizon,270.0,220.0,180.0,30.0,10.0,https://www.ocbuyback.com/sell/cell-phone/samsung/galaxy-z-flip7
1630-16-25-6,Samsung,Galaxy Z Flip7,512GB,Unlocked,505.0,455.0,415.0,85.0,10.0,https://www.ocbuyback.com/sell/cell-phone/samsung/galaxy-z-flip7
1631-6-9-6,Samsung,Galaxy Z Flip7 FE,128GB,AT&T,335.0,285.0,240.0,50.0,10.0,https://www.ocbuyback.com/sell/cell-phone/samsung/galaxy-z-flip7-fe
1631-9-9-6,Samsung,Galaxy Z Flip7 FE,128GB,T-Mobile,325.0,275.0,230.0,20.0,10.0,https://www.ocbuyback.com/sell/cell-phone/samsung/galaxy-z-flip7-fe
1631-7-9-6,Samsung,Galaxy Z Flip7 FE,128GB,Verizon,195.0,145.0,105.0,30.0,10.0,https://www.ocbuyback.com/sell/cell-phone/samsung/galaxy-z-flip7-fe
1631-16-9-6,Samsung,Galaxy Z Flip7 FE,128GB,Unlocked,375.0,325.0,280.0,70.0,10.0,https://www.ocbuyback.com/sell/cell-phone/samsung/galaxy-z-flip7-fe
1631-6-10-6,Samsung,Galaxy Z Flip7 FE,256GB,AT&T,350.0,300.0,255.0,65.0,10.0,https://www.ocbuyback.com/sell/cell-phone/samsung/galaxy-z-flip7-fe
1631-9-10-6,Samsung,Galaxy Z Flip7 FE,256GB,T-Mobile,340.0,290.0,245.0,35.0,10.0,https://www.ocbuyback.com/sell/cell-phone/samsung/galaxy-z-flip7-fe
1631-7-10-6,Samsung,Galaxy Z Flip7 FE,256GB,Verizon,210.0,160.0,120.0,20.0,10.0,https://www.ocbuyback.com/sell/cell-phone/samsung/galaxy-z-flip7-fe
1631-16-10-6,Samsung,Galaxy Z Flip7 FE,256GB,Unlocked,390.0,340.0,295.0,80.0,10.0,https://www.ocbuyback.com/sell/cell-phone/samsung/galaxy-z-flip7-fe
1320-6-10-6,Samsung,Galaxy Z Fold5,256GB,AT&T,265.0,215.0,185.0,40.0,10.0,https://www.ocbuyback.com/sell/cell-phone/samsung/galaxy-z-fold5
1320-9-10-6,Samsung,Galaxy Z Fold5,256GB,T-Mobile,215.0,165.0,135.0,20.0,10.0,https://www.ocbuyback.com/sell/cell-phone/samsung/galaxy-z-fold5
1320-7-10-6,Samsung,Galaxy Z Fold5,256GB,Verizon,215.0,165.0,135.0,20.0,10.0,https://www.ocbuyback.com/sell/cell-phone/samsung/galaxy-z-fold5
1320-16-10-6,Samsung,Galaxy Z Fold5,256GB,Unlocked,365.0,315.0,285.0,50.0,10.0,https://www.ocbuyback.com/sell/cell-phone/samsung/galaxy-z-fold5
1320-6-25-6,Samsung,Galaxy Z Fold5,512GB,AT&T,285.0,235.0,205.0,43.0,10.0,https://www.ocbuyback.com/sell/cell-phone/samsung/galaxy-z-fold5
1320-9-25-6,Samsung,Galaxy Z Fold5,512GB,T-Mobile,235.0,185.0,155.0,23.0,10.0,https://www.ocbuyback.com/sell/cell-phone/samsung/galaxy-z-fold5
1320-7-25-6,Samsung,Galaxy Z Fold5,512GB,Verizon,235.0,185.0,155.0,23.0,10.0,https://www.ocbuyback.com/sell/cell-phone/samsung/galaxy-z-fold5
1320-16-25-6,Samsung,Galaxy Z Fold5,512GB,Unlocked,385.0,335.0,305.0,53.0,10.0,https://www.ocbuyback.com/sell/cell-phone/samsung/galaxy-z-fold5
1320-6-26-6,Samsung,Galaxy Z Fold5,1TB,AT&T,305.0,255.0,225.0,45.0,10.0,https://www.ocbuyback.com/sell/cell-phone/samsung/galaxy-z-fold5
1320-9-26-6,Samsung,Galaxy Z Fold5,1TB,T-Mobile,255.0,205.0,175.0,25.0,10.0,https://www.ocbuyback.com/sell/cell-phone/samsung/galaxy-z-fold5
1320-7-26-6,Samsung,Galaxy Z Fold5,1TB,Verizon,255.0,205.0,175.0,25.0,10.0,https://www.ocbuyback.com/sell/cell-phone/samsung/galaxy-z-fold5
1320-16-26-6,Samsung,Galaxy Z Fold5,1TB,Unlocked,405.0,355.0,325.0,55.0,10.0,https://www.ocbuyback.com/sell/cell-phone/samsung/galaxy-z-fold5
1563-6-10-6,Samsung,Galaxy Z Fold6,256GB,AT&T,440.0,390.0,310.0,90.0,10.0,https://www.ocbuyback.com/sell/cell-phone/samsung/galaxy-z-fold6
1563-9-10-6,Samsung,Galaxy Z Fold6,256GB,T-Mobile,390.0,340.0,260.0,90.0,10.0,https://www.ocbuyback.com/sell/cell-phone/samsung/galaxy-z-fold6
1563-7-10-6,Samsung,Galaxy Z Fold6,256GB,Verizon,190.0,140.0,60.0,15.0,10.0,https://www.ocbuyback.com/sell/cell-phone/samsung/galaxy-z-fold6
1563-16-10-6,Samsung,Galaxy Z Fold6,256GB,Unlocked,540.0,490.0,410.0,125.0,10.0,https://www.ocbuyback.com/sell/cell-phone/samsung/galaxy-z-fold6
1563-6-25-6,Samsung,Galaxy Z Fold6,512GB,AT&T,480.0,430.0,350.0,95.0,10.0,https://www.ocbuyback.com/sell/cell-phone/samsung/galaxy-z-fold6
1563-9-25-6,Samsung,Galaxy Z Fold6,512GB,T-Mobile,430.0,380.0,300.0,95.0,10.0,https://www.ocbuyback.com/sell/cell-phone/samsung/galaxy-z-fold6
1563-7-25-6,Samsung,Galaxy Z Fold6,512GB,Verizon,230.0,180.0,100.0,20.0,10.0,https://www.ocbuyback.com/sell/cell-phone/samsung/galaxy-z-fold6
1563-16-25-6,Samsung,Galaxy Z Fold6,512GB,Unlocked,580.0,530.0,450.0,130.0,10.0,https://www.ocbuyback.com/sell/cell-phone/samsung/galaxy-z-fold6
1563-6-26-6,Samsung,Galaxy Z Fold6,1TB,AT&T,510.0,460.0,380.0,100.0,10.0,https://www.ocbuyback.com/sell/cell-phone/samsung/galaxy-z-fold6
1563-9-26-6,Samsung,Galaxy Z Fold6,1TB,T-Mobile,460.0,410.0,330.0,100.0,10.0,https://www.ocbuyback.com/sell/cell-phone/samsung/galaxy-z-fold6
1563-7-26-6,Samsung,Galaxy Z Fold6,1TB,Verizon,250.0,210.0,130.0,25.0,10.0,https://www.ocbuyback.com/sell/cell-phone/samsung/galaxy-z-fold6
1563-16-26-6,Samsung,Galaxy Z Fold6,1TB,Unlocked,610.0,560.0,480.0,135.0,10.0,https://www.ocbuyback.com/sell/cell-phone/samsung/galaxy-z-fold6
1632-6-10-6,Samsung,Galaxy Z Fold7,256GB,AT&T,700.0,650.0,600.0,115.0,20.0,https://www.ocbuyback.com/sell/cell-phone/samsung/galaxy-z-fold7
1632-9-10-6,Samsung,Galaxy Z Fold7,256GB,T-Mobile,650.0,600.0,550.0,115.0,20.0,https://www.ocbuyback.com/sell/cell-phone/samsung/galaxy-z-fold7
1632-7-10-6,Samsung,Galaxy Z Fold7,256GB,Verizon,450.0,400.0,350.0,40.0,20.0,https://www.ocbuyback.com/sell/cell-phone/samsung/galaxy-z-fold7
1632-16-10-6,Samsung,Galaxy Z Fold7,256GB,Unlocked,800.0,750.0,700.0,150.0,20.0,https://www.ocbuyback.com/sell/cell-phone/samsung/galaxy-z-fold7
1632-6-25-6,Samsung,Galaxy Z Fold7,512GB,AT&T,740.0,690.0,640.0,120.0,20.0,https://www.ocbuyback.com/sell/cell-phone/samsung/galaxy-z-fold7
1632-9-25-6,Samsung,Galaxy Z Fold7,512GB,T-Mobile,690.0,640.0,590.0,120.0,20.0,https://www.ocbuyback.com/sell/cell-phone/samsung/galaxy-z-fold7
1632-7-25-6,Samsung,Galaxy Z Fold7,512GB,Verizon,490.0,440.0,390.0,45.0,20.0,https://www.ocbuyback.com/sell/cell-phone/samsung/galaxy-z-fold7
1632-16-25-6,Samsung,Galaxy Z Fold7,512GB,Unlocked,840.0,790.0,740.0,155.0,20.0,https://www.ocbuyback.com/sell/cell-phone/samsung/galaxy-z-fold7
1632-6-26-6,Samsung,Galaxy Z Fold7,1TB,AT&T,770.0,720.0,670.0,125.0,20.0,https://www.ocbuyback.com/sell/cell-phone/samsung/galaxy-z-fold7
1632-9-26-6,Samsung,Galaxy Z Fold7,1TB,T-Mobile,720.0,670.0,620.0,125.0,20.0,https://www.ocbuyback.com/sell/cell-phone/samsung/galaxy-z-fold7
1632-7-26-6,Samsung,Galaxy Z Fold7,1TB,Verizon,520.0,470.0,420.0,50.0,20.0,https://www.ocbuyback.com/sell/cell-phone/samsung/galaxy-z-fold7
1632-16-26-6,Samsung,Galaxy Z Fold7,1TB,Unlocked,870.0,820.0,770.0,160.0,20.0,https://www.ocbuyback.com/sell/cell-phone/samsung/galaxy-z-fold7
1142-6-9-1,Google,Pixel 7,128GB,AT&T,,40.0,25.0,5.0,,https://www.ocbuyback.com/sell/cell-phone/google/pixel-7
1142-7-9-1,Google,Pixel 7,128GB,Verizon,,40.0,25.0,5.0,,https://www.ocbuyback.com/sell/cell-phone/google/pixel-7
1142-16-9-1,Google,Pixel 7,128GB,Unlocked,,70.0,55.0,15.0,,https://www.ocbuyback.com/sell/cell-phone/google/pixel-7
1142-6-10-1,Google,Pixel 7,256GB,AT&T,,60.0,45.0,10.0,,https://www.ocbuyback.com/sell/cell-phone/google/pixel-7
1142-7-10-1,Google,Pixel 7,256GB,Verizon,,40.0,25.0,5.0,,https://www.ocbuyback.com/sell/cell-phone/google/pixel-7
1142-16-10-1,Google,Pixel 7,256GB,Unlocked,,90.0,75.0,25.0,,https://www.ocbuyback.com/sell/cell-phone/google/pixel-7
1143-6-9-6,Google,Pixel 7 Pro,128GB,AT&T,95.0,55.0,40.0,5.0,,https://www.ocbuyback.com/sell/cell-phone/google/pixel-7-pro
1143-7-9-6,Google,Pixel 7 Pro,128GB,Verizon,75.0,45.0,30.0,10.0,,https://www.ocbuyback.com/sell/cell-phone/google/pixel-7-pro
1143-16-9-6,Google,Pixel 7 Pro,128GB,Unlocked,155.0,115.0,100.0,20.0,,https://www.ocbuyback.com/sell/cell-phone/google/pixel-7-pro
1143-6-10-6,Google,Pixel 7 Pro,256GB,AT&T,115.0,75.0,60.0,10.0,,https://www.ocbuyback.com/sell/cell-phone/google/pixel-7-pro
1143-7-10-6,Google,Pixel 7 Pro,256GB,Verizon,95.0,55.0,40.0,10.0,,https://www.ocbuyback.com/sell/cell-phone/google/pixel-7-pro
1143-16-10-6,Google,Pixel 7 Pro,256GB,Unlocked,175.0,135.0,120.0,20.0,,https://www.ocbuyback.com/sell/cell-phone/google/pixel-7-pro
1143-6-25-6,Google,Pixel 7 Pro,512GB,AT&T,120.0,80.0,65.0,10.0,,https://www.ocbuyback.com/sell/cell-phone/google/pixel-7-pro
1143-7-25-6,Google,Pixel 7 Pro,512GB,Verizon,100.0,60.0,45.0,10.0,,https://www.ocbuyback.com/sell/cell-phone/google/pixel-7-pro
1143-16-25-6,Google,Pixel 7 Pro,512GB,Unlocked,180.0,140.0,125.0,20.0,,https://www.ocbuyback.com/sell/cell-phone/google/pixel-7-pro
1303-6-9-1,Google,Pixel 7a,128GB,AT&T,,90.0,70.0,10.0,,https://www.ocbuyback.com/sell/cell-phone/google/pixel-7a
1303-9-9-1,Google,Pixel 7a,128GB,T-Mobile,,65.0,45.0,10.0,,https://www.ocbuyback.com/sell/cell-phone/google/pixel-7a
1303-7-9-1,Google,Pixel 7a,128GB,Verizon,,55.0,35.0,5.0,,https://www.ocbuyback.com/sell/cell-phone/google/pixel-7a
1303-16-9-1,Google,Pixel 7a,128GB,Unlocked,,115.0,95.0,15.0,,https://www.ocbuyback.com/sell/cell-phone/google/pixel-7a
1304-16-10-6,Google,Pixel Fold,256GB,Unlocked,225.0,175.0,150.0,35.0,,https://www.ocbuyback.com/sell/cell-phone/google/pixel-fold
1304-16-25-6,Google,Pixel Fold,512GB,Unlocked,265.0,215.0,190.0,36.0,,https://www.ocbuyback.com/sell/cell-phone/google/pixel-fold
1323-6-9-6,Google,Pixel 8,128GB,AT&T,175.0,135.0,115.0,25.0,,https://www.ocbuyback.com/sell/cell-phone/google/pixel-8
1323-9-9-6,Google,Pixel 8,128GB,T-Mobile,150.0,110.0,90.0,20.0,,https://www.ocbuyback.com/sell/cell-phone/google/pixel-8
1323-7-9-6,Google,Pixel 8,128GB,Verizon,150.0,110.0,90.0,35.0,,https://www.ocbuyback.com/sell/cell-phone/google/pixel-8
1323-16-9-6,Google,Pixel 8,128GB,Unlocked,200.0,160.0,140.0,50.0,,https://www.ocbuyback.com/sell/cell-phone/google/pixel-8
1323-6-10-6,Google,Pixel 8,256GB,AT&T,200.0,160.0,140.0,35.0,,https://www.ocbuyback.com/sell/cell-phone/google/pixel-8
1323-9-10-6,Google,Pixel 8,256GB,T-Mobile,175.0,135.0,115.0,30.0,,https://www.ocbuyback.com/sell/cell-phone/google/pixel-8
1323-7-10-6,Google,Pixel 8,256GB,Verizon,175.0,135.0,115.0,45.0,,https://www.ocbuyback.com/sell/cell-phone/google/pixel-8
1323-16-10-6,Google,Pixel 8,256GB,Unlocked,225.0,185.0,165.0,60.0,,https://www.ocbuyback.com/sell/cell-phone/google/pixel-8
1324-6-9-6,Google,Pixel 8 Pro,128GB,AT&T,235.0,185.0,140.0,20.0,,https://www.ocbuyback.com/sell/cell-phone/google/pixel-8-pro
1324-9-9-6,Google,Pixel 8 Pro,128GB,T-Mobile,215.0,165.0,120.0,20.0,,https://www.ocbuyback.com/sell/cell-phone/google/pixel-8-pro
1324-16-9-6,Google,Pixel 8 Pro,128GB,Unlocked,265.0,215.0,170.0,40.0,,https://www.ocbuyback.com/sell/cell-phone/google/pixel-8-pro
1324-6-10-6,Google,Pixel 8 Pro,256GB,AT&T,245.0,195.0,150.0,22.0,,https://www.ocbuyback.com/sell/cell-phone/google/pixel-8-pro
1324-9-10-6,Google,Pixel 8 Pro,256GB,T-Mobile,225.0,175.0,130.0,22.0,,https://www.ocbuyback.com/sell/cell-phone/google/pixel-8-pro
1324-16-10-6,Google,Pixel 8 Pro,256GB,Unlocked,275.0,225.0,180.0,42.0,,https://www.ocbuyback.com/sell/cell-phone/google/pixel-8-pro
1324-6-25-6,Google,Pixel 8 Pro,512GB,AT&T,265.0,215.0,160.0,23.0,,https://www.ocbuyback.com/sell/cell-phone/google/pixel-8-pro
1324-9-25-6,Google,Pixel 8 Pro,512GB,T-Mobile,245.0,195.0,150.0,23.0,,https://www.ocbuyback.com/sell/cell-phone/google/pixel-8-pro
1324-16-25-6,Google,Pixel 8 Pro,512GB,Unlocked,265.0,215.0,170.0,23.0,,https://www.ocbuyback.com/sell/cell-phone/google/pixel-8-pro
1324-6-26-6,Google,Pixel 8 Pro,1TB,AT&T,275.0,225.0,170.0,25.0,,https://www.ocbuyback.com/sell/cell-phone/google/pixel-8-pro
1324-9-26-6,Google,Pixel 8 Pro,1TB,T-Mobile,255.0,205.0,160.0,25.0,,https://www.ocbuyback.com/sell/cell-phone/google/pixel-8-pro
1324-16-26-6,Google,Pixel 8 Pro,1TB,Unlocked,305.0,255.0,200.0,40.0,,https://www.ocbuyback.com/sell/cell-phone/google/pixel-8-pro
1350-6-9-6,Google,Pixel 8a,128GB,AT&T,155.0,115.0,95.0,10.0,5.0,https://www.ocbuyback.com/sell/cell-phone/google/pixel-8a
1350-7-9-6,Google,Pixel 8a,128GB,Verizon,130.0,90.0,70.0,10.0,5.0,https://www.ocbuyback.com/sell/cell-phone/google/pixel-8a
1350-16-9-6,Google,Pixel 8a,128GB,Unlocked,180.0,140.0,120.0,20.0,5.0,https://www.ocbuyback.com/sell/cell-phone/google/pixel-8a
1350-6-10-6,Google,Pixel 8a,256GB,AT&T,165.0,125.0,105.0,10.0,5.0,https://www.ocbuyback.com/sell/cell-phone/google/pixel-8a
1350-7-10-6,Google,Pixel 8a,256GB,Verizon,140.0,100.0,80.0,10.0,5.0,https://www.ocbuyback.com/sell/cell-phone/google/pixel-8a
1350-16-10-6,Google,Pixel 8a,256GB,Unlocked,190.0,150.0,130.0,20.0,5.0,https://www.ocbuyback.com/sell/cell-phone/google/pixel-8a
1564-16-10-6,Google,Pixel 9 Pro Fold,256GB,Unlocked,510.0,460.0,410.0,110.0,20.0,https://www.ocbuyback.com/sell/cell-phone/google/pixel-9-pro-fold
1564-16-25-6,Google,Pixel 9 Pro Fold,512GB,Unlocked,540.0,490.0,440.0,120.0,20.0,https://www.ocbuyback.com/sell/cell-phone/google/pixel-9-pro-fold
1565-16-9-6,Google,Pixel 9,128GB,Unlocked,285.0,235.0,185.0,50.0,10.0,https://www.ocbuyback.com/sell/cell-phone/google/pixel-9
1565-16-10-6,Google,Pixel 9,256GB,Unlocked,305.0,255.0,205.0,50.0,10.0,https://www.ocbuyback.com/sell/cell-phone/google/pixel-9
1601-6-9-6,Google,Pixel 9a,128GB,AT&T,200.0,150.0,120.0,25.0,10.0,https://www.ocbuyback.com/sell/cell-phone/google/pixel-9a
1601-9-9-6,Google,Pixel 9a,128GB,T-Mobile,175.0,125.0,95.0,25.0,10.0,https://www.ocbuyback.com/sell/cell-phone/google/pixel-9a
1601-16-9-6,Google,Pixel 9a,128GB,Unlocked,225.0,175.0,145.0,50.0,10.0,https://www.ocbuyback.com/sell/cell-phone/google/pixel-9a
1601-6-10-6,Google,Pixel 9a,256GB,AT&T,220.0,170.0,140.0,30.0,10.0,https://www.ocbuyback.com/sell/cell-phone/google/pixel-9a
1601-9-10-6,Google,Pixel 9a,256GB,T-Mobile,195.0,145.0,115.0,10.0,10.0,https://www.ocbuyback.com/sell/cell-phone/google/pixel-9a
1601-16-10-6,Google,Pixel 9a,256GB,Unlocked,245.0,195.0,165.0,55.0,10.0,https://www.ocbuyback.com/sell/cell-phone/google/pixel-9a
1566-16-9-6,Google,Pixel 9 Pro,128GB,Unlocked,320.0,270.0,230.0,55.0,10.0,https://www.ocbuyback.com/sell/cell-phone/google/pixel-9-pro
1566-16-10-6,Google,Pixel 9 Pro,256GB,Unlocked,350.0,300.0,260.0,57.0,10.0,https://www.ocbuyback.com/sell/cell-phone/google/pixel-9-pro
1566-16-25-6,Google,Pixel 9 Pro,512GB,Unlocked,370.0,320.0,280.0,60.0,10.0,https://www.ocbuyback.com/sell/cell-phone/google/pixel-9-pro
1566-16-26-6,Google,Pixel 9 Pro,1TB,Unlocked,395.0,345.0,305.0,65.0,10.0,https://www.ocbuyback.com/sell/cell-phone/google/pixel-9-pro
1567-16-9-6,Google,Pixel 9 Pro XL,128GB,Unlocked,380.0,330.0,280.0,75.0,10.0,https://www.ocbuyback.com/sell/cell-phone/google/pixel-9-pro-xl
1567-16-10-6,Google,Pixel 9 Pro XL,256GB,Unlocked,390.0,340.0,290.0,80.0,10.0,https://www.ocbuyback.com/sell/cell-phone/google/pixel-9-pro-xl
1567-16-25-6,Google,Pixel 9 Pro XL,512GB,Unlocked,420.0,370.0,320.0,85.0,10.0,https://www.ocbuyback.com/sell/cell-phone/google/pixel-9-pro-xl
1567-16-26-6,Google,Pixel 9 Pro XL,1TB,Unlocked,440.0,390.0,330.0,90.0,10.0,https://www.ocbuyback.com/sell/cell-phone/google/pixel-9-pro-xl
4251-6-10-6,Google,Pixel 10 Pro Fold,256GB,AT&T,560.0,510.0,470.0,90.0,20.0,https://www.ocbuyback.com/sell/cell-phone/google/pixel-10-pro-fold
4251-9-10-6,Google,Pixel 10 Pro Fold,256GB,T-Mobile,510.0,460.0,420.0,65.0,20.0,https://www.ocbuyback.com/sell/cell-phone/google/pixel-10-pro-fold
4251-7-10-6,Google,Pixel 10 Pro Fold,256GB,Verizon,310.0,260.0,220.0,25.0,20.0,https://www.ocbuyback.com/sell/cell-phone/google/pixel-10-pro-fold
4251-16-10-6,Google,Pixel 10 Pro Fold,256GB,Unlocked,730.0,680.0,580.0,90.0,20.0,https://www.ocbuyback.com/sell/cell-phone/google/pixel-10-pro-fold
4251-6-25-6,Google,Pixel 10 Pro Fold,512GB,AT&T,590.0,540.0,500.0,105.0,20.0,https://www.ocbuyback.com/sell/cell-phone/google/pixel-10-pro-fold
4251-9-25-6,Google,Pixel 10 Pro Fold,512GB,T-Mobile,540.0,490.0,450.0,80.0,20.0,https://www.ocbuyback.com/sell/cell-phone/google/pixel-10-pro-fold
4251-7-25-6,Google,Pixel 10 Pro Fold,512GB,Verizon,340.0,290.0,250.0,40.0,20.0,https://www.ocbuyback.com/sell/cell-phone/google/pixel-10-pro-fold
4251-16-25-6,Google,Pixel 10 Pro Fold,512GB,Unlocked,770.0,720.0,610.0,95.0,20.0,https://www.ocbuyback.com/sell/cell-phone/google/pixel-10-pro-fold
4251-6-26-6,Google,Pixel 10 Pro Fold,1TB,AT&T,620.0,570.0,530.0,120.0,20.0,https://www.ocbuyback.com/sell/cell-phone/google/pixel-10-pro-fold
4251-9-26-6,Google,Pixel 10 Pro Fold,1TB,T-Mobile,570.0,520.0,480.0,95.0,20.0,https://www.ocbuyback.com/sell/cell-phone/google/pixel-10-pro-fold
4251-7-26-6,Google,Pixel 10 Pro Fold,1TB,Verizon,370.0,320.0,280.0,55.0,20.0,https://www.ocbuyback.com/sell/cell-phone/google/pixel-10-pro-fold
4251-16-26-6,Google,Pixel 10 Pro Fold,1TB,Unlocked,810.0,760.0,660.0,100.0,20.0,https://www.ocbuyback.com/sell/cell-phone/google/pixel-10-pro-fold
4252-6-9-6,Google,Pixel 10,128GB,AT&T,355.0,305.0,280.0,50.0,10.0,https://www.ocbuyback.com/sell/cell-phone/google/pixel-10
4252-9-9-6,Google,Pixel 10,128GB,T-Mobile,330.0,280.0,255.0,25.0,10.0,https://www.ocbuyback.com/sell/cell-phone/google/pixel-10
4252-7-9-6,Google,Pixel 10,128GB,Verizon,180.0,130.0,105.0,30.0,10.0,https://www.ocbuyback.com/sell/cell-phone/google/pixel-10
4252-16-9-6,Google,Pixel 10,128GB,Unlocked,380.0,330.0,285.0,50.0,10.0,https://www.ocbuyback.com/sell/cell-phone/google/pixel-10
4252-6-10-6,Google,Pixel 10,256GB,AT&T,375.0,325.0,300.0,60.0,,https://www.ocbuyback.com/sell/cell-phone/google/pixel-10
4252-9-10-6,Google,Pixel 10,256GB,T-Mobile,350.0,300.0,275.0,35.0,10.0,https://www.ocbuyback.com/sell/cell-phone/google/pixel-10
4252-7-10-6,Google,Pixel 10,256GB,Verizon,200.0,150.0,125.0,44.0,10.0,https://www.ocbuyback.com/sell/cell-phone/google/pixel-10
4252-16-10-6,Google,Pixel 10,256GB,Unlocked,400.0,350.0,305.0,47.0,10.0,https://www.ocbuyback.com/sell/cell-phone/google/pixel-10
4253-6-9-6,Google,Pixel 10 Pro,128GB,AT&T,400.0,350.0,330.0,50.0,10.0,https://www.ocbuyback.com/sell/cell-phone/google/pixel-10-pro
4253-9-9-6,Google,Pixel 10 Pro,128GB,T-Mobile,400.0,350.0,330.0,50.0,10.0,https://www.ocbuyback.com/sell/cell-phone/google/pixel-10-pro
4253-7-9-6,Google,Pixel 10 Pro,128GB,Verizon,250.0,200.0,180.0,47.0,10.0,https://www.ocbuyback.com/sell/cell-phone/google/pixel-10-pro
4253-16-9-6,Google,Pixel 10 Pro,128GB,Unlocked,465.0,415.0,355.0,55.0,10.0,https://www.ocbuyback.com/sell/cell-phone/google/pixel-10-pro
4253-6-10-6,Google,Pixel 10 Pro,256GB,AT&T,465.0,415.0,395.0,60.0,10.0,https://www.ocbuyback.com/sell/cell-phone/google/pixel-10-pro
4253-9-10-6,Google,Pixel 10 Pro,256GB,T-Mobile,465.0,415.0,395.0,60.0,10.0,https://www.ocbuyback.com/sell/cell-phone/google/pixel-10-pro
4253-7-10-6,Google,Pixel 10 Pro,256GB,Verizon,315.0,265.0,245.0,50.0,10.0,https://www.ocbuyback.com/sell/cell-phone/google/pixel-10-pro
4253-16-10-6,Google,Pixel 10 Pro,256GB,Unlocked,505.0,455.0,405.0,60.0,10.0,https://www.ocbuyback.com/sell/cell-phone/google/pixel-10-pro
4253-6-25-6,Google,Pixel 10 Pro,512GB,AT&T,485.0,435.0,415.0,70.0,10.0,https://www.ocbuyback.com/sell/cell-phone/google/pixel-10-pro
4253-9-25-6,Google,Pixel 10 Pro,512GB,T-Mobile,485.0,435.0,415.0,70.0,10.0,https://www.ocbuyback.com/sell/cell-phone/google/pixel-10-pro
4253-7-25-6,Google,Pixel 10 Pro,512GB,Verizon,335.0,285.0,265.0,55.0,10.0,https://www.ocbuyback.com/sell/cell-phone/google/pixel-10-pro
4253-16-25-6,Google,Pixel 10 Pro,512GB,Unlocked,540.0,490.0,440.0,70.0,10.0,https://www.ocbuyback.com/sell/cell-phone/google/pixel-10-pro
4253-6-26-6,Google,Pixel 10 Pro,1TB,AT&T,500.0,450.0,430.0,85.0,10.0,https://www.ocbuyback.com/sell/cell-phone/google/pixel-10-pro
4253-9-26-6,Google,Pixel 10 Pro,1TB,T-Mobile,500.0,450.0,430.0,85.0,10.0,https://www.ocbuyback.com/sell/cell-phone/google/pixel-10-pro
4253-7-26-6,Google,Pixel 10 Pro,1TB,Verizon,350.0,300.0,280.0,60.0,10.0,https://www.ocbuyback.com/sell/cell-phone/google/pixel-10-pro
4253-16-26-6,Google,Pixel 10 Pro,1TB,Unlocked,550.0,500.0,430.0,85.0,10.0,https://www.ocbuyback.com/sell/cell-phone/google/pixel-10-pro
4254-6-10-6,Google,Pixel 10 Pro XL,256GB,AT&T,440.0,390.0,370.0,65.0,10.0,https://www.ocbuyback.com/sell/cell-phone/google/pixel-10-pro-xl
4254-9-10-6,Google,Pixel 10 Pro XL,256GB,T-Mobile,415.0,365.0,345.0,65.0,10.0,https://www.ocbuyback.com/sell/cell-phone/google/pixel-10-pro-xl
4254-7-10-6,Google,Pixel 10 Pro XL,256GB,Verizon,300.0,250.0,230.0,50.0,10.0,https://www.ocbuyback.com/sell/cell-phone/google/pixel-10-pro-xl
4254-16-10-6,Google,Pixel 10 Pro XL,256GB,Unlocked,525.0,475.0,405.0,65.0,10.0,https://www.ocbuyback.com/sell/cell-phone/google/pixel-10-pro-xl
4254-6-25-6,Google,Pixel 10 Pro XL,512GB,AT&T,475.0,425.0,405.0,75.0,10.0,https://www.ocbuyback.com/sell/cell-phone/google/pixel-10-pro-xl
4254-9-25-6,Google,Pixel 10 Pro XL,512GB,T-Mobile,450.0,400.0,380.0,75.0,10.0,https://www.ocbuyback.com/sell/cell-phone/google/pixel-10-pro-xl
4254-7-25-6,Google,Pixel 10 Pro XL,512GB,Verizon,335.0,285.0,265.0,50.0,10.0,https://www.ocbuyback.com/sell/cell-phone/google/pixel-10-pro-xl
4254-16-25-6,Google,Pixel 10 Pro XL,512GB,Unlocked,550.0,500.0,430.0,95.0,10.0,https://www.ocbuyback.com/sell/cell-phone/google/pixel-10-pro-xl
4254-6-26-6,Google,Pixel 10 Pro XL,1TB,AT&T,490.0,440.0,420.0,90.0,10.0,https://www.ocbuyback.com/sell/cell-phone/google/pixel-10-pro-xl
4254-9-26-6,Google,Pixel 10 Pro XL,1TB,T-Mobile,465.0,415.0,395.0,90.0,10.0,https://www.ocbuyback.com/sell/cell-phone/google/pixel-10-pro-xl
4254-7-26-6,Google,Pixel 10 Pro XL,1TB,Verizon,350.0,300.0,280.0,50.0,10.0,https://www.ocbuyback.com/sell/cell-phone/google/pixel-10-pro-xl
4254-16-26-6,Google,Pixel 10 Pro XL,1TB,Unlocked,575.0,525.0,450.0,110.0,10.0,https://www.ocbuyback.com/sell/cell-phone/google/pixel-10-pro-xl
449-16-10-1,OnePlus,8 5G,256GB,Unlocked,,90.0,80.0,15.0,5.0,https://www.ocbuyback.com/sell/cell-phone/oneplus/8-5g
450-16-10-1,OnePlus,8 Pro,256GB,Unlocked,,125.0,105.0,35.0,5.0,https://www.ocbuyback.com/sell/cell-phone/oneplus/8-pro
657-9-9-6,OnePlus,9,128GB,T-Mobile,100.0,70.0,60.0,10.0,5.0,https://www.ocbuyback.com/sell/cell-phone/oneplus/9
657-7-9-6,OnePlus,9,128GB,Verizon,110.0,80.0,70.0,10.0,5.0,https://www.ocbuyback.com/sell/cell-phone/oneplus/9
657-16-9-6,OnePlus,9,128GB,Unlocked,120.0,90.0,80.0,15.0,5.0,https://www.ocbuyback.com/sell/cell-phone/oneplus/9
657-9-10-6,OnePlus,9,256GB,T-Mobile,115.0,85.0,75.0,15.0,5.0,https://www.ocbuyback.com/sell/cell-phone/oneplus/9
657-7-10-6,OnePlus,9,256GB,Verizon,125.0,95.0,85.0,15.0,5.0,https://www.ocbuyback.com/sell/cell-phone/oneplus/9
657-16-10-6,OnePlus,9,256GB,Unlocked,135.0,105.0,95.0,20.0,5.0,https://www.ocbuyback.com/sell/cell-phone/oneplus/9
504-9-9-6,OnePlus,9 Pro,128GB,T-Mobile,130.0,90.0,70.0,10.0,,https://www.ocbuyback.com/sell/cell-phone/oneplus/9-pro
504-7-9-6,OnePlus,9 Pro,128GB,Verizon,140.0,110.0,90.0,20.0,,https://www.ocbuyback.com/sell/cell-phone/oneplus/9-pro
504-16-9-6,OnePlus,9 Pro,128GB,Unlocked,150.0,110.0,90.0,20.0,,https://www.ocbuyback.com/sell/cell-phone/oneplus/9-pro
504-9-10-6,OnePlus,9 Pro,256GB,T-Mobile,150.0,110.0,90.0,10.0,,https://www.ocbuyback.com/sell/cell-phone/oneplus/9-pro
504-7-10-6,OnePlus,9 Pro,256GB,Verizon,160.0,120.0,100.0,35.0,,https://www.ocbuyback.com/sell/cell-phone/oneplus/9-pro
504-16-10-6,OnePlus,9 Pro,256GB,Unlocked,170.0,130.0,110.0,35.0,,https://www.ocbuyback.com/sell/cell-phone/oneplus/9-pro
1141-9-9-1,OnePlus,10 Pro,128GB,T-Mobile,,75.0,50.0,10.0,,https://www.ocbuyback.com/sell/cell-phone/oneplus/10-pro
1141-16-9-6,OnePlus,10 Pro,128GB,Unlocked,210.0,125.0,100.0,70.0,,https://www.ocbuyback.com/sell/cell-phone/oneplus/10-pro
1141-9-10-1,OnePlus,10 Pro,256GB,T-Mobile,,105.0,80.0,12.0,,https://www.ocbuyback.com/sell/cell-phone/oneplus/10-pro
1141-16-10-6,OnePlus,10 Pro,256GB,Unlocked,265.0,210.0,205.0,22.0,,https://www.ocbuyback.com/sell/cell-phone/oneplus/10-pro
1141-9-25-1,OnePlus,10 Pro,512GB,T-Mobile,,105.0,80.0,13.0,,https://www.ocbuyback.com/sell/cell-phone/oneplus/10-pro
1141-16-25-1,OnePlus,10 Pro,512GB,Unlocked,,155.0,130.0,23.0,,https://www.ocbuyback.com/sell/cell-phone/oneplus/10-pro
1305-9-9-1,OnePlus,11,128GB,T-Mobile,,200.0,170.0,50.0,20.0,https://www.ocbuyback.com/sell/cell-phone/oneplus/11
1305-16-9-1,OnePlus,11,128GB,Unlocked,,250.0,220.0,75.0,20.0,https://www.ocbuyback.com/sell/cell-phone/oneplus/11
1305-9-10-1,OnePlus,11,256GB,T-Mobile,,220.0,190.0,55.0,20.0,https://www.ocbuyback.com/sell/cell-phone/oneplus/11
1305-16-10-1,OnePlus,11,256GB,Unlocked,,270.0,240.0,80.0,20.0,https://www.ocbuyback.com/sell/cell-phone/oneplus/11
1305-9-25-1,OnePlus,11,512GB,T-Mobile,,240.0,210.0,65.0,20.0,https://www.ocbuyback.com/sell/cell-phone/oneplus/11
1305-16-25-1,OnePlus,11,512GB,Unlocked,,290.0,260.0,90.0,20.0,https://www.ocbuyback.com/sell/cell-phone/oneplus/11
1325-9-25-6,OnePlus,Open,512GB,T-Mobile,535.0,485.0,415.0,100.0,20.0,https://www.ocbuyback.com/sell/cell-phone/oneplus/open
1325-16-25-6,OnePlus,Open,512GB,Unlocked,600.0,550.0,480.0,150.0,20.0,https://www.ocbuyback.com/sell/cell-phone/oneplus/open
1339-16-10-6,OnePlus,12,256GB,Unlocked,390.0,340.0,295.0,70.0,10.0,https://www.ocbuyback.com/sell/cell-phone/oneplus/12
1339-16-25-6,OnePlus,12,512GB,Unlocked,420.0,370.0,325.0,85.0,10.0,https://www.ocbuyback.com/sell/cell-phone/oneplus/12
1351-9-9-6,OnePlus,12R,128GB,T-Mobile,220.0,170.0,140.0,50.0,10.0,https://www.ocbuyback.com/sell/cell-phone/oneplus/12r
1351-16-9-6,OnePlus,12R,128GB,Unlocked,270.0,220.0,190.0,75.0,10.0,https://www.ocbuyback.com/sell/cell-phone/oneplus/12r
1351-9-10-6,OnePlus,12R,256GB,T-Mobile,255.0,205.0,175.0,55.0,10.0,https://www.ocbuyback.com/sell/cell-phone/oneplus/12r
1351-16-10-6,OnePlus,12R,256GB,Unlocked,305.0,255.0,225.0,80.0,10.0,https://www.ocbuyback.com/sell/cell-phone/oneplus/12r
1580-16-10-6,OnePlus,13,256GB,Unlocked,490.0,440.0,380.0,150.0,10.0,https://www.ocbuyback.com/sell/cell-phone/oneplus/13
1580-16-25-6,OnePlus,13,512GB,Unlocked,525.0,475.0,415.0,165.0,10.0,https://www.ocbuyback.com/sell/cell-phone/oneplus/13
1581-16-10-6,OnePlus,13R,256GB,Unlocked,340.0,290.0,225.0,80.0,10.0,https://www.ocbuyback.com/sell/cell-phone/oneplus/13r
1581-16-25-6,OnePlus,13R,512GB,Unlocked,375.0,325.0,260.0,85.0,10.0,https://www.ocbuyback.com/sell/cell-phone/oneplus/13r
326-10-6-1,Apple,iPod Touch 7th Gen,32GB,Other,,30.0,25.0,,,https://www.ocbuyback.com/sell/ipod/apple/ipod-touch-7th-gen
326-10-9-1,Apple,iPod Touch 7th Gen,128GB,Other,,60.0,40.0,,,https://www.ocbuyback.com/sell/ipod/apple/ipod-touch-7th-gen
326-10-10-1,Apple,iPod Touch 7th Gen,256GB,Other,,70.0,50.0,,,https://www.ocbuyback.com/sell/ipod/apple/ipod-touch-7th-gen
456-15-22-1,GoPro,Max,0,-,,60.0,50.0,,,https://www.ocbuyback.com/sell/gopro/gopro/max
452-15-22-1,GoPro,Hero 8 Black,0,-,,50.0,30.0,,,https://www.ocbuyback.com/sell/gopro/gopro/hero-8-black
494-15-22-1,GoPro,Hero 9 Black,0,-,,64.0,45.0,,,https://www.ocbuyback.com/sell/gopro/gopro/hero-9-black
535-15-22-1,GoPro,Hero 10,0,-,,65.0,45.0,,,https://www.ocbuyback.com/sell/gopro/gopro/hero-10
1326-15-22-1,GoPro,Hero 11 Black,0,-,,85.0,55.0,,,https://www.ocbuyback.com/sell/gopro/gopro/hero-11-black
1327-15-22-1,GoPro,Hero 11 Black Mini,0,-,,50.0,40.0,,,https://www.ocbuyback.com/sell/gopro/gopro/hero-11-black-mini
1328-15-22-1,GoPro,Hero 12 Black,0,-,,100.0,80.0,,,https://www.ocbuyback.com/sell/gopro/gopro/hero-12-black
1341-15-26-6,Apple,vision pro,1TB,-,1150.0,1100.0,850.0,,,https://www.ocbuyback.com/sell/vr/apple/vision-pro
10756-15-10-6,Apple,vision pro m5,256GB,-,1890.0,1790.0,1490.0,,,https://www.ocbuyback.com/sell/vr/apple/vision-pro-m5
10756-15-25-6,Apple,vision pro m5,512GB,-,2040.0,1940.0,1640.0,,,https://www.ocbuyback.com/sell/vr/apple/vision-pro-m5
10756-15-26-6,Apple,vision pro m5,1TB,-,2190.0,2090.0,1790.0,,,https://www.ocbuyback.com/sell/vr/apple/vision-pro-m5
520-15-27-1,Microsoft,Xbox One S,500GB,-,,35.0,20.0,,,https://www.ocbuyback.com/sell/game-console/microsoft/xbox-one-s
520-15-26-1,Microsoft,Xbox One S,1TB,-,,45.0,30.0,,,https://www.ocbuyback.com/sell/game-console/microsoft/xbox-one-s
520-15-36-1,Microsoft,Xbox One S,2TB,-,,60.0,45.0,,,https://www.ocbuyback.com/sell/game-console/microsoft/xbox-one-s
522-15-25-1,Microsoft,Xbox Series S,512GB,-,,120.0,85.0,,,https://www.ocbuyback.com/sell/game-console/microsoft/xbox-series-s
522-15-26-1,Microsoft,Xbox Series S,1TB,-,,145.0,110.0,,,https://www.ocbuyback.com/sell/game-console/microsoft/xbox-series-s
523-15-26-6,Microsoft,Xbox Series X,1TB,-,335.0,295.0,240.0,,,https://www.ocbuyback.com/sell/game-console/microsoft/xbox-series-x
523-15-36-6,Microsoft,Xbox Series X,2TB,-,460.0,420.0,370.0,,,https://www.ocbuyback.com/sell/game-console/microsoft/xbox-series-x
1337-15-70-6,Asus,rog ally,-,-,215.0,190.0,150.0,,,https://www.ocbuyback.com/sell/game-console/asus/rog-ally
505-15-70-6,Nintendo,Switch,-,-,100.0,80.0,60.0,,,https://www.ocbuyback.com/sell/game-console/nintendo/switch
1603-15-70-6,Nintendo,Switch 2,-,-,315.0,275.0,250.0,,,https://www.ocbuyback.com/sell/game-console/nintendo/switch-2
506-15-70-6,Nintendo,Switch Lite,-,-,55.0,45.0,35.0,,,https://www.ocbuyback.com/sell/game-console/nintendo/switch-lite
552-15-70-6,Nintendo,Switch OLED,-,-,130.0,110.0,85.0,,,https://www.ocbuyback.com/sell/game-console/nintendo/switch-oled
510-15-27-6,Sony,ps4,500GB,-,45.0,25.0,15.0,,,https://www.ocbuyback.com/sell/game-console/sony/ps4
510-15-26-6,Sony,ps4,1TB,-,50.0,30.0,20.0,,,https://www.ocbuyback.com/sell/game-console/sony/ps4
511-15-27-6,Sony,ps4 slim,500GB,-,60.0,40.0,30.0,,,https://www.ocbuyback.com/sell/game-console/sony/ps4-slim
511-15-26-6,Sony,ps4 slim,1TB,-,70.0,50.0,40.0,,,https://www.ocbuyback.com/sell/game-console/sony/ps4-slim
512-15-26-6,Sony,ps4 pro,1TB,-,75.0,55.0,35.0,,,https://www.ocbuyback.com/sell/game-console/sony/ps4-pro
512-15-36-6,Sony,ps4 pro,2TB,-,100.0,80.0,60.0,,,https://www.ocbuyback.com/sell/game-console/sony/ps4-pro
513-15-70-6,Sony,ps5,-,-,270.0,230.0,180.0,,,https://www.ocbuyback.com/sell/game-console/sony/ps5
514-15-70-6,Sony,ps5 digital edition,-,-,300.0,260.0,200.0,,,https://www.ocbuyback.com/sell/game-console/sony/ps5-digital-edition
1334-15-70-6,Sony,ps5 slim,-,-,315.0,275.0,215.0,,,https://www.ocbuyback.com/sell/game-console/sony/ps5-slim
1335-15-70-6,Sony,ps5 slim digital edition,-,-,245.0,205.0,160.0,,,https://www.ocbuyback.com/sell/game-console/sony/ps5-slim-digital-edition
1572-15-70-6,Sony,ps5 pro,-,-,490.0,440.0,370.0,,,https://www.ocbuyback.com/sell/game-console/sony/ps5-pro
1336-15-70-6,Sony,playstation portal,-,-,60.0,40.0,20.0,,,https://www.ocbuyback.com/sell/game-console/sony/playstation-portal
1329-15-25-6,Valve,Steam Deck OLED,512GB,-,430.0,345.0,290.0,,,https://www.ocbuyback.com/sell/game-console/valve/steam-deck-oled
1329-15-26-6,Valve,Steam Deck OLED,1TB,-,485.0,375.0,315.0,,,https://www.ocbuyback.com/sell/game-console/valve/steam-deck-oled
1573-15-70-6,Asus,ROG Ally X,-,-,525.0,475.0,415.0,,,https://www.ocbuyback.com/sell/game-console/asus/rog-ally-x
1299-15-70-6,Apple,AirPods Max,-,-,205.0,165.0,125.0,,,https://www.ocbuyback.com/sell/headphones/apple/airpods-max
1341-15-10-6,Apple,vision pro,256GB,-,1000.0,950.0,700.0,,,https://www.ocbuyback.com/sell/vr/apple/vision-pro
1341-15-25-6,Apple,vision pro,512GB,-,1050.0,1000.0,750.0,,,https://www.ocbuyback.com/sell/vr/apple/vision-pro
10758-11-10-6,Apple,iPad Pro 13 M5 Standard Glass (2025),256GB,Wi-Fi,760.0,710.0,630.0,275.0,20.0,https://www.ocbuyback.com/sell/tablet/apple/ipad-pro-13-m5-standard-glass-2025
10758-13325-10-6,Apple,iPad Pro 13 M5 Standard Glass (2025),256GB,Wi-Fi+Cellular,790.0,710.0,660.0,325.0,20.0,https://www.ocbuyback.com/sell/tablet/apple/ipad-pro-13-m5-standard-glass-2025
10758-11-25-6,Apple,iPad Pro 13 M5 Standard Glass (2025),512GB,Wi-Fi,810.0,760.0,680.0,300.0,20.0,https://www.ocbuyback.com/sell/tablet/apple/ipad-pro-13-m5-standard-glass-2025
10758-13325-25-6,Apple,iPad Pro 13 M5 Standard Glass (2025),512GB,Wi-Fi+Cellular,840.0,790.0,710.0,350.0,20.0,https://www.ocbuyback.com/sell/tablet/apple/ipad-pro-13-m5-standard-glass-2025
10758-11-26-6,Apple,iPad Pro 13 M5 Standard Glass (2025),1TB,Wi-Fi,1010.0,960.0,880.0,350.0,20.0,https://www.ocbuyback.com/sell/tablet/apple/ipad-pro-13-m5-standard-glass-2025
10758-13325-26-6,Apple,iPad Pro 13 M5 Standard Glass (2025),1TB,Wi-Fi+Cellular,1040.0,990.0,910.0,400.0,20.0,https://www.ocbuyback.com/sell/tablet/apple/ipad-pro-13-m5-standard-glass-2025
10758-11-36-6,Apple,iPad Pro 13 M5 Standard Glass (2025),2TB,Wi-Fi,1160.0,1110.0,1030.0,375.0,20.0,https://www.ocbuyback.com/sell/tablet/apple/ipad-pro-13-m5-standard-glass-2025
10758-13325-36-6,Apple,iPad Pro 13 M5 Standard Glass (2025),2TB,Wi-Fi+Cellular,1190.0,1140.0,1060.0,425.0,20.0,https://www.ocbuyback.com/sell/tablet/apple/ipad-pro-13-m5-standard-glass-2025
10759-11-26-6,Apple,iPad Pro 13 M5 Nano-texture Glass (2025),1TB,Wi-Fi,1045.0,995.0,915.0,365.0,20.0,https://www.ocbuyback.com/sell/tablet/apple/ipad-pro-13-m5-nanominustexture-glass-2025
10759-13325-26-6,Apple,iPad Pro 13 M5 Nano-texture Glass (2025),1TB,Wi-Fi+Cellular,1075.0,1025.0,945.0,415.0,20.0,https://www.ocbuyback.com/sell/tablet/apple/ipad-pro-13-m5-nanominustexture-glass-2025
10759-11-36-6,Apple,iPad Pro 13 M5 Nano-texture Glass (2025),2TB,Wi-Fi,1195.0,1145.0,1065.0,390.0,20.0,https://www.ocbuyback.com/sell/tablet/apple/ipad-pro-13-m5-nanominustexture-glass-2025
10759-13325-36-6,Apple,iPad Pro 13 M5 Nano-texture Glass (2025),2TB,Wi-Fi+Cellular,1225.0,1175.0,1095.0,440.0,20.0,https://www.ocbuyback.com/sell/tablet/apple/ipad-pro-13-m5-nanominustexture-glass-2025
10760-11-10-6,Apple,iPad Pro 11 M5 Standard Glass (2025),256GB,Wi-Fi,650.0,600.0,540.0,175.0,20.0,https://www.ocbuyback.com/sell/tablet/apple/ipad-pro-11-m5-standard-glass-2025
10760-13325-10-6,Apple,iPad Pro 11 M5 Standard Glass (2025),256GB,Wi-Fi+Cellular,680.0,630.0,570.0,175.0,20.0,https://www.ocbuyback.com/sell/tablet/apple/ipad-pro-11-m5-standard-glass-2025
10760-11-25-6,Apple,iPad Pro 11 M5 Standard Glass (2025),512GB,Wi-Fi,700.0,650.0,590.0,225.0,20.0,https://www.ocbuyback.com/sell/tablet/apple/ipad-pro-11-m5-standard-glass-2025
10760-13325-25-6,Apple,iPad Pro 11 M5 Standard Glass (2025),512GB,Wi-Fi+Cellular,730.0,680.0,620.0,225.0,20.0,https://www.ocbuyback.com/sell/tablet/apple/ipad-pro-11-m5-standard-glass-2025
10760-11-26-6,Apple,iPad Pro 11 M5 Standard Glass (2025),1TB,Wi-Fi,800.0,750.0,690.0,275.0,20.0,https://www.ocbuyback.com/sell/tablet/apple/ipad-pro-11-m5-standard-glass-2025
10760-13325-26-6,Apple,iPad Pro 11 M5 Standard Glass (2025),1TB,Wi-Fi+Cellular,830.0,780.0,720.0,275.0,20.0,https://www.ocbuyback.com/sell/tablet/apple/ipad-pro-11-m5-standard-glass-2025
10760-11-36-6,Apple,iPad Pro 11 M5 Standard Glass (2025),2TB,Wi-Fi,900.0,850.0,790.0,325.0,20.0,https://www.ocbuyback.com/sell/tablet/apple/ipad-pro-11-m5-standard-glass-2025
10760-13325-36-6,Apple,iPad Pro 11 M5 Standard Glass (2025),2TB,Wi-Fi+Cellular,930.0,880.0,820.0,325.0,20.0,https://www.ocbuyback.com/sell/tablet/apple/ipad-pro-11-m5-standard-glass-2025
10761-11-26-6,Apple,iPad Pro 11 M5 Nano-texture Glass (2025),1TB,Wi-Fi,835.0,785.0,725.0,290.0,20.0,https://www.ocbuyback.com/sell/tablet/apple/ipad-pro-11-m5-nanominustexture-glass-2025
10761-13325-26-6,Apple,iPad Pro 11 M5 Nano-texture Glass (2025),1TB,Wi-Fi+Cellular,865.0,815.0,755.0,290.0,20.0,https://www.ocbuyback.com/sell/tablet/apple/ipad-pro-11-m5-nanominustexture-glass-2025
10761-11-36-6,Apple,iPad Pro 11 M5 Nano-texture Glass (2025),2TB,Wi-Fi,935.0,885.0,825.0,340.0,20.0,https://www.ocbuyback.com/sell/tablet/apple/ipad-pro-11-m5-nanominustexture-glass-2025
10761-13325-36-6,Apple,iPad Pro 11 M5 Nano-texture Glass (2025),2TB,Wi-Fi+Cellular,965.0,915.0,855.0,340.0,20.0,https://www.ocbuyback.com/sell/tablet/apple/ipad-pro-11-m5-nanominustexture-glass-2025
10762-16-10-1,OnePlus,15,256GB,Unlocked,,500.0,465.0,150.0,10.0,https://www.ocbuyback.com/sell/cell-phone/oneplus/15
10762-16-25-1,OnePlus,15,512GB,Unlocked,,535.0,500.0,165.0,10.0,https://www.ocbuyback.com/sell/cell-phone/oneplus/15
10763-16-10-1,OnePlus,15R,256GB,Unlocked,,350.0,300.0,100.0,10.0,https://www.ocbuyback.com/sell/cell-phone/oneplus/15r
10763-16-25-1,OnePlus,15R,512GB,Unlocked,,385.0,335.0,115.0,10.0,https://www.ocbuyback.com/sell/cell-phone/oneplus/15r
10770-11-9-6,Apple,iPad Air 11 M4 (2026),128GB,Wi-Fi,400.0,350.0,300.0,125.0,20.0,https://www.ocbuyback.com/sell/tablet/apple/ipad-air-11-m4-2026
10770-13325-9-6,Apple,iPad Air 11 M4 (2026),128GB,Wi-Fi+Cellular,425.0,375.0,325.0,140.0,20.0,https://www.ocbuyback.com/sell/tablet/apple/ipad-air-11-m4-2026
10770-11-10-6,Apple,iPad Air 11 M4 (2026),256GB,Wi-Fi,440.0,390.0,340.0,150.0,20.0,https://www.ocbuyback.com/sell/tablet/apple/ipad-air-11-m4-2026
10770-13325-10-6,Apple,iPad Air 11 M4 (2026),256GB,Wi-Fi+Cellular,465.0,415.0,365.0,165.0,20.0,https://www.ocbuyback.com/sell/tablet/apple/ipad-air-11-m4-2026
10770-11-25-6,Apple,iPad Air 11 M4 (2026),512GB,Wi-Fi,480.0,430.0,380.0,175.0,20.0,https://www.ocbuyback.com/sell/tablet/apple/ipad-air-11-m4-2026
10770-13325-25-6,Apple,iPad Air 11 M4 (2026),512GB,Wi-Fi+Cellular,505.0,455.0,405.0,190.0,20.0,https://www.ocbuyback.com/sell/tablet/apple/ipad-air-11-m4-2026
10770-11-26-6,Apple,iPad Air 11 M4 (2026),1TB,Wi-Fi,560.0,510.0,460.0,200.0,20.0,https://www.ocbuyback.com/sell/tablet/apple/ipad-air-11-m4-2026
10770-13325-26-6,Apple,iPad Air 11 M4 (2026),1TB,Wi-Fi+Cellular,585.0,535.0,485.0,215.0,20.0,https://www.ocbuyback.com/sell/tablet/apple/ipad-air-11-m4-2026
10771-11-9-6,Apple,iPad Air 13 M4 (2026),128GB,Wi-Fi,565.0,515.0,465.0,150.0,20.0,https://www.ocbuyback.com/sell/tablet/apple/ipad-air-13-m4-2026
10771-13325-9-6,Apple,iPad Air 13 M4 (2026),128GB,Wi-Fi+Cellular,615.0,565.0,515.0,165.0,20.0,https://www.ocbuyback.com/sell/tablet/apple/ipad-air-13-m4-2026
10771-11-10-6,Apple,iPad Air 13 M4 (2026),256GB,Wi-Fi,605.0,555.0,505.0,170.0,20.0,https://www.ocbuyback.com/sell/tablet/apple/ipad-air-13-m4-2026
10771-13325-10-6,Apple,iPad Air 13 M4 (2026),256GB,Wi-Fi+Cellular,655.0,605.0,555.0,185.0,20.0,https://www.ocbuyback.com/sell/tablet/apple/ipad-air-13-m4-2026
10771-11-25-6,Apple,iPad Air 13 M4 (2026),512GB,Wi-Fi,645.0,595.0,545.0,190.0,20.0,https://www.ocbuyback.com/sell/tablet/apple/ipad-air-13-m4-2026
10771-13325-25-6,Apple,iPad Air 13 M4 (2026),512GB,Wi-Fi+Cellular,695.0,645.0,595.0,205.0,20.0,https://www.ocbuyback.com/sell/tablet/apple/ipad-air-13-m4-2026
10771-11-26-6,Apple,iPad Air 13 M4 (2026),1TB,Wi-Fi,725.0,675.0,625.0,210.0,20.0,https://www.ocbuyback.com/sell/tablet/apple/ipad-air-13-m4-2026
10771-13325-26-6,Apple,iPad Air 13 M4 (2026),1TB,Wi-Fi+Cellular,775.0,725.0,675.0,225.0,20.0,https://www.ocbuyback.com/sell/tablet/apple/ipad-air-13-m4-2026