Series 7 GPS_41mm_Aluminium_Flawless,55.0,https://www.ocbuyback.com/sell/smartwatch/apple/series-7-gps
Series 7 GPS_41mm_Aluminium_Good ,30.0,https://www.ocbuyback.com/sell/smartwatch/apple/series-7-gps
Series 7 GPS_41mm_Aluminium_Fair,15.0,https://www.ocbuyback.com/sell/smartwatch/apple/series-7-gps
Series 7 GPS_41mm_Stainless Steel_Flawless,60.0,https://www.ocbuyback.com/sell/smartwatch/apple/series-7-gps
Series 7 GPS_41mm_Stainless Steel_Good ,35.0,https://www.ocbuyback.com/sell/smartwatch/apple/series-7-gps
Series 7 GPS_41mm_Stainless Steel_Fair,20.0,https://www.ocbuyback.com/sell/smartwatch/apple/series-7-gps
Series 7 GPS_41mm_Titanium_Flawless,65.0,https://www.ocbuyback.com/sell/smartwatch/apple/series-7-gps
Series 7 GPS_41mm_Titanium_Good ,40.0,https://www.ocbuyback.com/sell/smartwatch/apple/series-7-gps
Series 7 GPS_41mm_Titanium_Fair,20.0,https://www.ocbuyback.com/sell/smartwatch/apple/series-7-gps
Series 7 GPS_45mm_Aluminium_Flawless,60.0,https://www.ocbuyback.com/sell/smartwatch/apple/series-7-gps
Series 7 GPS_45mm_Aluminium_Good ,25.0,https://www.ocbuyback.com/sell/smartwatch/apple/series-7-gps
Series 7 GPS_45mm_Aluminium_Fair,10.0,https://www.ocbuyback.com/sell/smartwatch/apple/series-7-gps
Series 7 GPS_45mm_Stainless Steel_Flawless,70.0,https://www.ocbuyback.com/sell/smartwatch/apple/series-7-gps
Series 7 GPS_45mm_Stainless Steel_Good ,45.0,https://www.ocbuyback.com/sell/smartwatch/apple/series-7-gps
Series 7 GPS_45mm_Stainless Steel_Fair,30.0,https://www.ocbuyback.com/sell/smartwatch/apple/series-7-gps
Series 7 GPS_45mm_Titanium_Flawless,75.0,https://www.ocbuyback.com/sell/smartwatch/apple/series-7-gps
Series 7 GPS_45mm_Titanium_Good ,50.0,https://www.ocbuyback.com/sell/smartwatch/apple/series-7-gps
Series 7 GPS_45mm_Titanium_Fair,35.0,https://www.ocbuyback.com/sell/smartwatch/apple/series-7-gps
Series 7 GPS + Cellular_41mm_Aluminium_Flawless,65.0,https://www.ocbuyback.com/sell/smartwatch/apple/series-7-gps-cellular
Series 7 GPS + Cellular_41mm_Aluminium_Good ,25.0,https://www.ocbuyback.com/sell/smartwatch/apple/series-7-gps-cellular
Series 7 GPS + Cellular_41mm_Aluminium_Fair,10.0,https://www.ocbuyback.com/sell/smartwatch/apple/series-7-gps-cellular
Series 7 GPS + Cellular_41mm_Stainless Steel_Flawless,70.0,https://www.ocbuyback.com/sell/smartwatch/apple/series-7-gps-cellular
Series 7 GPS + Cellular_41mm_Stainless Steel_Good ,45.0,https://www.ocbuyback.com/sell/smartwatch/apple/series-7-gps-cellular
Series 7 GPS + Cellular_41mm_Stainless Steel_Fair,20.0,https://www.ocbuyback.com/sell/smartwatch/apple/series-7-gps-cellular
Series 7 GPS + Cellular_41mm_Titanium_Flawless,55.0,https://www.ocbuyback.com/sell/smartwatch/apple/series-7-gps-cellular
Series 7 GPS + Cellular_41mm_Titanium_Good ,30.0,https://www.ocbuyback.com/sell/smartwatch/apple/series-7-gps-cellular
Series 7 GPS + Cellular_41mm_Titanium_Fair,15.0,https://www.ocbuyback.com/sell/smartwatch/apple/series-7-gps-cellular
Series 7 GPS + Cellular_45mm_Aluminium_Flawless,70.0,https://www.ocbuyback.com/sell/smartwatch/apple/series-7-gps-cellular
Series 7 GPS + Cellular_45mm_Aluminium_Good ,30.0,https://www.ocbuyback.com/sell/smartwatch/apple/series-7-gps-cellular
Series 7 GPS + Cellular_45mm_Aluminium_Fair,20.0,https://www.ocbuyback.com/sell/smartwatch/apple/series-7-gps-cellular
Series 7 GPS + Cellular_45mm_Stainless Steel_Flawless,80.0,https://www.ocbuyback.com/sell/smartwatch/apple/series-7-gps-cellular
Series 7 GPS + Cellular_45mm_Stainless Steel_Good ,55.0,https://www.ocbuyback.com/sell/smartwatch/apple/series-7-gps-cellular
Series 7 GPS + Cellular_45mm_Stainless Steel_Fair,30.0,https://www.ocbuyback.com/sell/smartwatch/apple/series-7-gps-cellular
Series 7 GPS + Cellular_45mm_Titanium_Flawless,80.0,https://www.ocbuyback.com/sell/smartwatch/apple/series-7-gps-cellular
Series 7 GPS + Cellular_45mm_Titanium_Good ,55.0,https://www.ocbuyback.com/sell/smartwatch/apple/series-7-gps-cellular
Series 7 GPS + Cellular_45mm_Titanium_Fair,30.0,https://www.ocbuyback.com/sell/smartwatch/apple/series-7-gps-cellular
Watch SE GPS 2nd Gen_40mm_Aluminium_Brand New,40.0,https://www.ocbuyback.com/sell/smartwatch/apple/watch-se-gps-2nd-gen
Watch SE GPS 2nd Gen_40mm_Aluminium_Flawless,20.0,https://www.ocbuyback.com/sell/smartwatch/apple/watch-se-gps-2nd-gen
Watch SE GPS 2nd Gen_40mm_Aluminium_Good ,10.0,https://www.ocbuyback.com/sell/smartwatch/apple/watch-se-gps-2nd-gen
Watch SE GPS 2nd Gen_40mm_Aluminium_Fair,5.0,https://www.ocbuyback.com/sell/smartwatch/apple/watch-se-gps-2nd-gen
Watch SE GPS 2nd Gen_44mm_Aluminium_Brand New,45.0,https://www.ocbuyback.com/sell/smartwatch/apple/watch-se-gps-2nd-gen
Watch SE GPS 2nd Gen_44mm_Aluminium_Flawless,25.0,https://www.ocbuyback.com/sell/smartwatch/apple/watch-se-gps-2nd-gen
Watch SE GPS 2nd Gen_44mm_Aluminium_Good ,15.0,https://www.ocbuyback.com/sell/smartwatch/apple/watch-se-gps-2nd-gen
Watch SE GPS 2nd Gen_44mm_Aluminium_Fair,10.0,https://www.ocbuyback.com/sell/smartwatch/apple/watch-se-gps-2nd-gen
Watch SE GPS + Cellular 2nd Gen_40mm_Aluminium_Brand New,45.0,https://www.ocbuyback.com/sell/smartwatch/apple/watch-se-gps-plus-cellular-2nd-gen
Watch SE GPS + Cellular 2nd Gen_40mm_Aluminium_Flawless,25.0,https://www.ocbuyback.com/sell/smartwatch/apple/watch-se-gps-plus-cellular-2nd-gen
Watch SE GPS + Cellular 2nd Gen_40mm_Aluminium_Good ,15.0,https://www.ocbuyback.com/sell/smartwatch/apple/watch-se-gps-plus-cellular-2nd-gen
Watch SE GPS + Cellular 2nd Gen_40mm_Aluminium_Fair,10.0,https://www.ocbuyback.com/sell/smartwatch/apple/watch-se-gps-plus-cellular-2nd-gen
Watch SE GPS + Cellular 2nd Gen_44mm_Aluminium_Brand New,50.0,https://www.ocbuyback.com/sell/smartwatch/apple/watch-se-gps-plus-cellular-2nd-gen
Watch SE GPS + Cellular 2nd Gen_44mm_Aluminium_Flawless,30.0,https://www.ocbuyback.com/sell/smartwatch/apple/watch-se-gps-plus-cellular-2nd-gen
Watch SE GPS + Cellular 2nd Gen_44mm_Aluminium_Good ,20.0,https://www.ocbuyback.com/sell/smartwatch/apple/watch-se-gps-plus-cellular-2nd-gen
Watch SE GPS + Cellular 2nd Gen_44mm_Aluminium_Fair,10.0,https://www.ocbuyback.com/sell/smartwatch/apple/watch-se-gps-plus-cellular-2nd-gen
Watch SE GPS 3rd Gen_40mm_Aluminium_Brand New,90.0,https://www.ocbuyback.com/sell/smartwatch/apple/watch-se-gps-3rd-gen
Watch SE GPS 3rd Gen_40mm_Aluminium_Flawless,60.0,https://www.ocbuyback.com/sell/smartwatch/apple/watch-se-gps-3rd-gen
Watch SE GPS 3rd Gen_40mm_Aluminium_Good ,40.0,https://www.ocbuyback.com/sell/smartwatch/apple/watch-se-gps-3rd-gen
Watch SE GPS 3rd Gen_40mm_Aluminium_Fair,15.0,https://www.ocbuyback.com/sell/smartwatch/apple/watch-se-gps-3rd-gen
Watch SE GPS 3rd Gen_44mm_Aluminium_Brand New,100.0,https://www.ocbuyback.com/sell/smartwatch/apple/watch-se-gps-3rd-gen
Watch SE GPS 3rd Gen_44mm_Aluminium_Flawless,70.0,https://www.ocbuyback.com/sell/smartwatch/apple/watch-se-gps-3rd-gen
Watch SE GPS 3rd Gen_44mm_Aluminium_Good ,50.0,https://www.ocbuyback.com/sell/smartwatch/apple/watch-se-gps-3rd-gen
Watch SE GPS 3rd Gen_44mm_Aluminium_Fair,25.0,https://www.ocbuyback.com/sell/smartwatch/apple/watch-se-gps-3rd-gen
Watch SE GPS + Cellular 3rd Gen_40mm_Aluminium_Brand New,100.0,https://www.ocbuyback.com/sell/smartwatch/apple/watch-se-gps-plus-cellular-3rd-gen
Watch SE GPS + Cellular 3rd Gen_40mm_Aluminium_Flawless,70.0,https://www.ocbuyback.com/sell/smartwatch/apple/watch-se-gps-plus-cellular-3rd-gen
Watch SE GPS + Cellular 3rd Gen_40mm_Aluminium_Good ,50.0,https://www.ocbuyback.com/sell/smartwatch/apple/watch-se-gps-plus-cellular-3rd-gen
Watch SE GPS + Cellular 3rd Gen_40mm_Aluminium_Fair,25.0,https://www.ocbuyback.com/sell/smartwatch/apple/watch-se-gps-plus-cellular-3rd-gen
Watch SE GPS + Cellular 3rd Gen_44mm_Aluminium_Brand New,110.0,https://www.ocbuyback.com/sell/smartwatch/apple/watch-se-gps-plus-cellular-3rd-gen
Watch SE GPS + Cellular 3rd Gen_44mm_Aluminium_Flawless,80.0,https://www.ocbuyback.com/sell/smartwatch/apple/watch-se-gps-plus-cellular-3rd-gen
Watch SE GPS + Cellular 3rd Gen_44mm_Aluminium_Good ,60.0,https://www.ocbuyback.com/sell/smartwatch/apple/watch-se-gps-plus-cellular-3rd-gen
Watch SE GPS + Cellular 3rd Gen_44mm_Aluminium_Fair,35.0,https://www.ocbuyback.com/sell/smartwatch/apple/watch-se-gps-plus-cellular-3rd-gen
Series 8 GPS_41mm_Aluminium_Flawless,50.0,https://www.ocbuyback.com/sell/smartwatch/apple/series-8-gps
Series 8 GPS_41mm_Aluminium_Good ,35.0,https://www.ocbuyback.com/sell/smartwatch/apple/series-8-gps
Series 8 GPS_41mm_Aluminium_Fair,20.0,https://www.ocbuyback.com/sell/smartwatch/apple/series-8-gps
Series 8 GPS_41mm_Stainless Steel_Flawless,60.0,https://www.ocbuyback.com/sell/smartwatch/apple/series-8-gps
Series 8 GPS_41mm_Stainless Steel_Good ,45.0,https://www.ocbuyback.com/sell/smartwatch/apple/series-8-gps
Series 8 GPS_41mm_Stainless Steel_Fair,20.0,https://www.ocbuyback.com/sell/smartwatch/apple/series-8-gps
Series 8 GPS_45mm_Aluminium_Flawless,60.0,https://www.ocbuyback.com/sell/smartwatch/apple/series-8-gps
Series 8 GPS_45mm_Aluminium_Good ,45.0,https://www.ocbuyback.com/sell/smartwatch/apple/series-8-gps
Series 8 GPS_45mm_Aluminium_Fair,25.0,https://www.ocbuyback.com/sell/smartwatch/apple/series-8-gps
Series 8 GPS_45mm_Stainless Steel_Flawless,80.0,https://www.ocbuyback.com/sell/smartwatch/apple/series-8-gps
Series 8 GPS_45mm_Stainless Steel_Good ,55.0,https://www.ocbuyback.com/sell/smartwatch/apple/series-8-gps
Series 8 GPS_45mm_Stainless Steel_Fair,35.0,https://www.ocbuyback.com/sell/smartwatch/apple/series-8-gps
Series 8 GPS + Cellular_41mm_Aluminium_Flawless,60.0,https://www.ocbuyback.com/sell/smartwatch/apple/series-8-gps-cellular
Series 8 GPS + Cellular_41mm_Aluminium_Good ,45.0,https://www.ocbuyback.com/sell/smartwatch/apple/series-8-gps-cellular
Series 8 GPS + Cellular_41mm_Aluminium_Fair,25.0,https://www.ocbuyback.com/sell/smartwatch/apple/series-8-gps-cellular
Series 8 GPS + Cellular_41mm_Stainless Steel_Flawless,70.0,https://www.ocbuyback.com/sell/smartwatch/apple/series-8-gps-cellular
Series 8 GPS + Cellular_41mm_Stainless Steel_Good ,45.0,https://www.ocbuyback.com/sell/smartwatch/apple/series-8-gps-cellular
Series 8 GPS + Cellular_41mm_Stainless Steel_Fair,25.0,https://www.ocbuyback.com/sell/smartwatch/apple/series-8-gps-cellular
Series 8 GPS + Cellular_45mm_Aluminium_Flawless,70.0,https://www.ocbuyback.com/sell/smartwatch/apple/series-8-gps-cellular
Series 8 GPS + Cellular_45mm_Aluminium_Good ,55.0,https://www.ocbuyback.com/sell/smartwatch/apple/series-8-gps-cellular
Series 8 GPS + Cellular_45mm_Aluminium_Fair,30.0,https://www.ocbuyback.com/sell/smartwatch/apple/series-8-gps-cellular
Series 8 GPS + Cellular_45mm_Stainless Steel_Flawless,90.0,https://www.ocbuyback.com/sell/smartwatch/apple/series-8-gps-cellular
Series 8 GPS + Cellular_45mm_Stainless Steel_Good ,65.0,https://www.ocbuyback.com/sell/smartwatch/apple/series-8-gps-cellular
Series 8 GPS + Cellular_45mm_Stainless Steel_Fair,40.0,https://www.ocbuyback.com/sell/smartwatch/apple/series-8-gps-cellular
Ultra_49mm_Titanium_Brand New,175.0,https://www.ocbuyback.com/sell/smartwatch/apple/ultra
Ultra_49mm_Titanium_Flawless,125.0,https://www.ocbuyback.com/sell/smartwatch/apple/ultra
Ultra_49mm_Titanium_Good ,80.0,https://www.ocbuyback.com/sell/smartwatch/apple/ultra
Ultra_49mm_Titanium_Fair,40.0,https://www.ocbuyback.com/sell/smartwatch/apple/ultra
Series 9 GPS_41mm_Aluminium_Brand New,110.0,https://www.ocbuyback.com/sell/smartwatch/apple/series-9-gps
Series 9 GPS_41mm_Aluminium_Flawless,80.0,https://www.ocbuyback.com/sell/smartwatch/apple/series-9-gps
Series 9 GPS_41mm_Aluminium_Good ,55.0,https://www.ocbuyback.com/sell/smartwatch/apple/series-9-gps
Series 9 GPS_41mm_Aluminium_Fair,30.0,https://www.ocbuyback.com/sell/smartwatch/apple/series-9-gps
Series 9 GPS_45mm_Aluminium_Brand New,120.0,https://www.ocbuyback.com/sell/smartwatch/apple/series-9-gps
Series 9 GPS_45mm_Aluminium_Flawless,90.0,https://www.ocbuyback.com/sell/smartwatch/apple/series-9-gps
Series 9 GPS_45mm_Aluminium_Good ,65.0,https://www.ocbuyback.com/sell/smartwatch/apple/series-9-gps
Series 9 GPS_45mm_Aluminium_Fair,40.0,https://www.ocbuyback.com/sell/smartwatch/apple/series-9-gps
Series 9 GPS + Cellular_41mm_Aluminium_Brand New,125.0,https://www.ocbuyback.com/sell/smartwatch/apple/series-9-gps-cellular
Series 9 GPS + Cellular_41mm_Aluminium_Flawless,95.0,https://www.ocbuyback.com/sell/smartwatch/apple/series-9-gps-cellular
Series 9 GPS + Cellular_41mm_Aluminium_Good ,70.0,https://www.ocbuyback.com/sell/smartwatch/apple/series-9-gps-cellular
Series 9 GPS + Cellular_41mm_Aluminium_Fair,45.0,https://www.ocbuyback.com/sell/smartwatch/apple/series-9-gps-cellular
Series 9 GPS + Cellular_41mm_Stainless Steel_Brand New,135.0,https://www.ocbuyback.com/sell/smartwatch/apple/series-9-gps-cellular
Series 9 GPS + Cellular_41mm_Stainless Steel_Flawless,105.0,https://www.ocbuyback.com/sell/smartwatch/apple/series-9-gps-cellular
Series 9 GPS + Cellular_41mm_Stainless Steel_Good ,65.0,https://www.ocbuyback.com/sell/smartwatch/apple/series-9-gps-cellular
Series 9 GPS + Cellular_41mm_Stainless Steel_Fair,25.0,https://www.ocbuyback.com/sell/smartwatch/apple/series-9-gps-cellular
Series 9 GPS + Cellular_45mm_Aluminium_Brand New,135.0,https://www.ocbuyback.com/sell/smartwatch/apple/series-9-gps-cellular
Series 9 GPS + Cellular_45mm_Aluminium_Flawless,105.0,https://www.ocbuyback.com/sell/smartwatch/apple/series-9-gps-cellular
Series 9 GPS + Cellular_45mm_Aluminium_Good ,80.0,https://www.ocbuyback.com/sell/smartwatch/apple/series-9-gps-cellular
Series 9 GPS + Cellular_45mm_Aluminium_Fair,55.0,https://www.ocbuyback.com/sell/smartwatch/apple/series-9-gps-cellular
Series 9 GPS + Cellular_45mm_Stainless Steel_Brand New,145.0,https://www.ocbuyback.com/sell/smartwatch/apple/series-9-gps-cellular
Series 9 GPS + Cellular_45mm_Stainless Steel_Flawless,115.0,https://www.ocbuyback.com/sell/smartwatch/apple/series-9-gps-cellular
Series 9 GPS + Cellular_45mm_Stainless Steel_Good ,75.0,https://www.ocbuyback.com/sell/smartwatch/apple/series-9-gps-cellular
Series 9 GPS + Cellular_45mm_Stainless Steel_Fair,35.0,https://www.ocbuyback.com/sell/smartwatch/apple/series-9-gps-cellular
Series 10 GPS_42mm_Aluminium_Brand New,140.0,https://www.ocbuyback.com/sell/smartwatch/apple/series-10-gps
Series 10 GPS_42mm_Aluminium_Flawless,100.0,https://www.ocbuyback.com/sell/smartwatch/apple/series-10-gps
Series 10 GPS_42mm_Aluminium_Good ,60.0,https://www.ocbuyback.com/sell/smartwatch/apple/series-10-gps
Series 10 GPS_42mm_Aluminium_Fair,20.0,https://www.ocbuyback.com/sell/smartwatch/apple/series-10-gps
Series 10 GPS_46mm_Aluminium_Brand New,150.0,https://www.ocbuyback.com/sell/smartwatch/apple/series-10-gps
Series 10 GPS_46mm_Aluminium_Flawless,110.0,https://www.ocbuyback.com/sell/smartwatch/apple/series-10-gps
Series 10 GPS_46mm_Aluminium_Good ,70.0,https://www.ocbuyback.com/sell/smartwatch/apple/series-10-gps
Series 10 GPS_46mm_Aluminium_Fair,30.0,https://www.ocbuyback.com/sell/smartwatch/apple/series-10-gps
Series 10 GPS + Cellular_42mm_Aluminium_Brand New,150.0,https://www.ocbuyback.com/sell/smartwatch/apple/series-10-gps-cellular
Series 10 GPS + Cellular_42mm_Aluminium_Flawless,110.0,https://www.ocbuyback.com/sell/smartwatch/apple/series-10-gps-cellular
Series 10 GPS + Cellular_42mm_Aluminium_Good ,70.0,https://www.ocbuyback.com/sell/smartwatch/apple/series-10-gps-cellular
Series 10 GPS + Cellular_42mm_Aluminium_Fair,30.0,https://www.ocbuyback.com/sell/smartwatch/apple/series-10-gps-cellular
Series 10 GPS + Cellular_42mm_Titanium_Brand New,215.0,https://www.ocbuyback.com/sell/smartwatch/apple/series-10-gps-cellular
Series 10 GPS + Cellular_42mm_Titanium_Flawless,165.0,https://www.ocbuyback.com/sell/smartwatch/apple/series-10-gps-cellular
Series 10 GPS + Cellular_42mm_Titanium_Good ,120.0,https://www.ocbuyback.com/sell/smartwatch/apple/series-10-gps-cellular
Series 10 GPS + Cellular_42mm_Titanium_Fair,65.0,https://www.ocbuyback.com/sell/smartwatch/apple/series-10-gps-cellular
Series 10 GPS + Cellular_46mm_Aluminium_Brand New,160.0,https://www.ocbuyback.com/sell/smartwatch/apple/series-10-gps-cellular
Series 10 GPS + Cellular_46mm_Aluminium_Flawless,120.0,https://www.ocbuyback.com/sell/smartwatch/apple/series-10-gps-cellular
Series 10 GPS + Cellular_46mm_Aluminium_Good ,80.0,https://www.ocbuyback.com/sell/smartwatch/apple/series-10-gps-cellular
Series 10 GPS + Cellular_46mm_Aluminium_Fair,40.0,https://www.ocbuyback.com/sell/smartwatch/apple/series-10-gps-cellular
Series 10 GPS + Cellular_46mm_Titanium_Brand New,225.0,https://www.ocbuyback.com/sell/smartwatch/apple/series-10-gps-cellular
Series 10 GPS + Cellular_46mm_Titanium_Flawless,175.0,https://www.ocbuyback.com/sell/smartwatch/apple/series-10-gps-cellular
Series 10 GPS + Cellular_46mm_Titanium_Good ,130.0,https://www.ocbuyback.com/sell/smartwatch/apple/series-10-gps-cellular
Series 10 GPS + Cellular_46mm_Titanium_Fair,75.0,https://www.ocbuyback.com/sell/smartwatch/apple/series-10-gps-cellular
Series 11 GPS_42mm_Aluminium_Brand New,200.0,https://www.ocbuyback.com/sell/smartwatch/apple/series-11-gps
Series 11 GPS_42mm_Aluminium_Flawless,150.0,https://www.ocbuyback.com/sell/smartwatch/apple/series-11-gps
Series 11 GPS_42mm_Aluminium_Good ,120.0,https://www.ocbuyback.com/sell/smartwatch/apple/series-11-gps
Series 11 GPS_42mm_Aluminium_Fair,90.0,https://www.ocbuyback.com/sell/smartwatch/apple/series-11-gps
Series 11 GPS_46mm_Aluminium_Brand New,210.0,https://www.ocbuyback.com/sell/smartwatch/apple/series-11-gps
Series 11 GPS_46mm_Aluminium_Flawless,160.0,https://www.ocbuyback.com/sell/smartwatch/apple/series-11-gps
Series 11 GPS_46mm_Aluminium_Good ,130.0,https://www.ocbuyback.com/sell/smartwatch/apple/series-11-gps
Series 11 GPS_46mm_Aluminium_Fair,100.0,https://www.ocbuyback.com/sell/smartwatch/apple/series-11-gps
Series 11 GPS + Cellular_42mm_Aluminium_Brand New,220.0,https://www.ocbuyback.com/sell/smartwatch/apple/series-11-gps-plus-cellular
Series 11 GPS + Cellular_42mm_Aluminium_Flawless,170.0,https://www.ocbuyback.com/sell/smartwatch/apple/series-11-gps-plus-cellular
Series 11 GPS + Cellular_42mm_Aluminium_Good ,140.0,https://www.ocbuyback.com/sell/smartwatch/apple/series-11-gps-plus-cellular
Series 11 GPS + Cellular_42mm_Aluminium_Fair,110.0,https://www.ocbuyback.com/sell/smartwatch/apple/series-11-gps-plus-cellular
Series 11 GPS + Cellular_42mm_Titanium_Brand New,360.0,https://www.ocbuyback.com/sell/smartwatch/apple/series-11-gps-plus-cellular
Series 11 GPS + Cellular_42mm_Titanium_Flawless,310.0,https://www.ocbuyback.com/sell/smartwatch/apple/series-11-gps-plus-cellular
Series 11 GPS + Cellular_42mm_Titanium_Good ,270.0,https://www.ocbuyback.com/sell/smartwatch/apple/series-11-gps-plus-cellular
Series 11 GPS + Cellular_42mm_Titanium_Fair,200.0,https://www.ocbuyback.com/sell/smartwatch/apple/series-11-gps-plus-cellular
Series 11 GPS + Cellular_46mm_Aluminium_Brand New,230.0,https://www.ocbuyback.com/sell/smartwatch/apple/series-11-gps-plus-cellular
Series 11 GPS + Cellular_46mm_Aluminium_Flawless,180.0,https://www.ocbuyback.com/sell/smartwatch/apple/series-11-gps-plus-cellular
Series 11 GPS + Cellular_46mm_Aluminium_Good ,150.0,https://www.ocbuyback.com/sell/smartwatch/apple/series-11-gps-plus-cellular
Series 11 GPS + Cellular_46mm_Aluminium_Fair,120.0,https://www.ocbuyback.com/sell/smartwatch/apple/series-11-gps-plus-cellular
Series 11 GPS + Cellular_46mm_Titanium_Brand New,375.0,https://www.ocbuyback.com/sell/smartwatch/apple/series-11-gps-plus-cellular
Series 11 GPS + Cellular_46mm_Titanium_Flawless,325.0,https://www.ocbuyback.com/sell/smartwatch/apple/series-11-gps-plus-cellular
Series 11 GPS + Cellular_46mm_Titanium_Good ,285.0,https://www.ocbuyback.com/sell/smartwatch/apple/series-11-gps-plus-cellular
Series 11 GPS + Cellular_46mm_Titanium_Fair,215.0,https://www.ocbuyback.com/sell/smartwatch/apple/series-11-gps-plus-cellular
Ultra 2_49mm_Titanium_Brand New,260.0,https://www.ocbuyback.com/sell/smartwatch/apple/ultra-2
Ultra 2_49mm_Titanium_Flawless,210.0,https://www.ocbuyback.com/sell/smartwatch/apple/ultra-2
Ultra 2_49mm_Titanium_Good ,160.0,https://www.ocbuyback.com/sell/smartwatch/apple/ultra-2
Ultra 2_49mm_Titanium_Fair,105.0,https://www.ocbuyback.com/sell/smartwatch/apple/ultra-2
Ultra 3_49mm_Titanium_Brand New,390.0,https://www.ocbuyback.com/sell/smartwatch/apple/ultra-3
Ultra 3_49mm_Titanium_Flawless,340.0,https://www.ocbuyback.com/sell/smartwatch/apple/ultra-3
Ultra 3_49mm_Titanium_Good ,275.0,https://www.ocbuyback.com/sell/smartwatch/apple/ultra-3
Ultra 3_49mm_Titanium_Fair,195.0,https://www.ocbuyback.com/sell/smartwatch/apple/ultra-3
iPad Air 4th Gen (2020)_64GB_Wi-Fi_Flawless,180.0,https://www.ocbuyback.com/sell/tablet/apple/ipad-air-4th-gen-2020
iPad Air 4th Gen (2020)_64GB_Wi-Fi_Good ,150.0,https://www.ocbuyback.com/sell/tablet/apple/ipad-air-4th-gen-2020
iPad Air 4th Gen (2020)_64GB_Wi-Fi_Fair,100.0,https://www.ocbuyback.com/sell/tablet/apple/ipad-air-4th-gen-2020
iPad Air 4th Gen (2020)_64GB_Wi-Fi_Minor Damage,40.0,https://www.ocbuyback.com/sell/tablet/apple/ipad-air-4th-gen-2020
iPad Air 4th Gen (2020)_64GB_Wi-Fi + Cellular_Flawless,190.0,https://www.ocbuyback.com/sell/tablet/apple/ipad-air-4th-gen-2020
iPad Air 4th Gen (2020)_64GB_Wi-Fi + Cellular_Good ,160.0,https://www.ocbuyback.com/sell/tablet/apple/ipad-air-4th-gen-2020
iPad Air 4th Gen (2020)_64GB_Wi-Fi + Cellular_Fair,115.0,https://www.ocbuyback.com/sell/tablet/apple/ipad-air-4th-gen-2020
iPad Air 4th Gen (2020)_64GB_Wi-Fi + Cellular_Minor Damage,45.0,https://www.ocbuyback.com/sell/tablet/apple/ipad-air-4th-gen-2020
iPad Air 4th Gen (2020)_256GB_Wi-Fi_Flawless,210.0,https://www.ocbuyback.com/sell/tablet/apple/ipad-air-4th-gen-2020
iPad Air 4th Gen (2020)_256GB_Wi-Fi_Good ,180.0,https://www.ocbuyback.com/sell/tablet/apple/ipad-air-4th-gen-2020
iPad Air 4th Gen (2020)_256GB_Wi-Fi_Fair,135.0,https://www.ocbuyback.com/sell/tablet/apple/ipad-air-4th-gen-2020
iPad Air 4th Gen (2020)_256GB_Wi-Fi_Minor Damage,45.0,https://www.ocbuyback.com/sell/tablet/apple/ipad-air-4th-gen-2020
iPad Air 4th Gen (2020)_256GB_Wi-Fi + Cellular_Flawless,220.0,https://www.ocbuyback.com/sell/tablet/apple/ipad-air-4th-gen-2020
iPad Air 4th Gen (2020)_256GB_Wi-Fi + Cellular_Good ,190.0,https://www.ocbuyback.com/sell/tablet/apple/ipad-air-4th-gen-2020
iPad Air 4th Gen (2020)_256GB_Wi-Fi + Cellular_Fair,145.0,https://www.ocbuyback.com/sell/tablet/apple/ipad-air-4th-gen-2020
iPad Air 4th Gen (2020)_256GB_Wi-Fi + Cellular_Minor Damage,50.0,https://www.ocbuyback.com/sell/tablet/apple/ipad-air-4th-gen-2020
iPad Air 5th Gen (2022)_64GB_Wi-Fi_Brand New,235.0,https://www.ocbuyback.com/sell/tablet/apple/ipad-air-5th-gen-2022
iPad Air 5th Gen (2022)_64GB_Wi-Fi_Flawless,205.0,https://www.ocbuyback.com/sell/tablet/apple/ipad-air-5th-gen-2022
iPad Air 5th Gen (2022)_64GB_Wi-Fi_Good ,170.0,https://www.ocbuyback.com/sell/tablet/apple/ipad-air-5th-gen-2022
iPad Air 5th Gen (2022)_64GB_Wi-Fi_Fair,125.0,https://www.ocbuyback.com/sell/tablet/apple/ipad-air-5th-gen-2022
iPad Air 5th Gen (2022)_64GB_Wi-Fi_Minor Damage,75.0,https://www.ocbuyback.com/sell/tablet/apple/ipad-air-5th-gen-2022
iPad Air 5th Gen (2022)_64GB_Wi-Fi_Broken,10.0,https://www.ocbuyback.com/sell/tablet/apple/ipad-air-5th-gen-2022
iPad Air 5th Gen (2022)_64GB_Wi-Fi + Cellular_Brand New,250.0,https://www.ocbuyback.com/sell/tablet/apple/ipad-air-5th-gen-2022
iPad Air 5th Gen (2022)_64GB_Wi-Fi + Cellular_Flawless,220.0,https://www.ocbuyback.com/sell/tablet/apple/ipad-air-5th-gen-2022
iPad Air 5th Gen (2022)_64GB_Wi-Fi + Cellular_Good ,185.0,https://www.ocbuyback.com/sell/tablet/apple/ipad-air-5th-gen-2022
iPad Air 5th Gen (2022)_64GB_Wi-Fi + Cellular_Fair,140.0,https://www.ocbuyback.com/sell/tablet/apple/ipad-air-5th-gen-2022
iPad Air 5th Gen (2022)_64GB_Wi-Fi + Cellular_Minor Damage,80.0,https://www.ocbuyback.com/sell/tablet/apple/ipad-air-5th-gen-2022
iPad Air 5th Gen (2022)_64GB_Wi-Fi + Cellular_Broken,10.0,https://www.ocbuyback.com/sell/tablet/apple/ipad-air-5th-gen-2022
iPad Air 5th Gen (2022)_256GB_Wi-Fi_Brand New,275.0,https://www.ocbuyback.com/sell/tablet/apple/ipad-air-5th-gen-2022
iPad Air 5th Gen (2022)_256GB_Wi-Fi_Flawless,245.0,https://www.ocbuyback.com/sell/tablet/apple/ipad-air-5th-gen-2022
iPad Air 5th Gen (2022)_256GB_Wi-Fi_Good ,210.0,https://www.ocbuyback.com/sell/tablet/apple/ipad-air-5th-gen-2022
iPad Air 5th Gen (2022)_256GB_Wi-Fi_Fair,165.0,https://www.ocbuyback.com/sell/tablet/apple/ipad-air-5th-gen-2022
iPad Air 5th Gen (2022)_256GB_Wi-Fi_Minor Damage,80.0,https://www.ocbuyback.com/sell/tablet/apple/ipad-air-5th-gen-2022
iPad Air 5th Gen (2022)_256GB_Wi-Fi_Broken,10.0,https://www.ocbuyback.com/sell/tablet/apple/ipad-air-5th-gen-2022
iPad Air 5th Gen (2022)_256GB_Wi-Fi + Cellular_Brand New,290.0,https://www.ocbuyback.com/sell/tablet/apple/ipad-air-5th-gen-2022
iPad Air 5th Gen (2022)_256GB_Wi-Fi + Cellular_Flawless,260.0,https://www.ocbuyback.com/sell/tablet/apple/ipad-air-5th-gen-2022
iPad Air 5th Gen (2022)_256GB_Wi-Fi + Cellular_Good ,225.0,https://www.ocbuyback.com/sell/tablet/apple/ipad-air-5th-gen-2022
iPad Air 5th Gen (2022)_256GB_Wi-Fi + Cellular_Fair,180.0,https://www.ocbuyback.com/sell/tablet/apple/ipad-air-5th-gen-2022
iPad Air 5th Gen (2022)_256GB_Wi-Fi + Cellular_Minor Damage,85.0,https://www.ocbuyback.com/sell/tablet/apple/ipad-air-5th-gen-2022
iPad Air 5th Gen (2022)_256GB_Wi-Fi + Cellular_Broken,10.0,https://www.ocbuyback.com/sell/tablet/apple/ipad-air-5th-gen-2022
iPad Mini 5th Gen (2019)_64GB_Wi-Fi_Flawless,85.0,https://www.ocbuyback.com/sell/tablet/apple/ipad-mini-5th-gen-2019
iPad Mini 5th Gen (2019)_64GB_Wi-Fi_Good ,75.0,https://www.ocbuyback.com/sell/tablet/apple/ipad-mini-5th-gen-2019
iPad Mini 5th Gen (2019)_64GB_Wi-Fi_Fair,50.0,https://www.ocbuyback.com/sell/tablet/apple/ipad-mini-5th-gen-2019
iPad Mini 5th Gen (2019)_64GB_Wi-Fi_Minor Damage,15.0,https://www.ocbuyback.com/sell/tablet/apple/ipad-mini-5th-gen-2019
iPad Mini 5th Gen (2019)_64GB_Wi-Fi + Cellular_Flawless,95.0,https://www.ocbuyback.com/sell/tablet/apple/ipad-mini-5th-gen-2019
iPad Mini 5th Gen (2019)_64GB_Wi-Fi + Cellular_Good ,85.0,https://www.ocbuyback.com/sell/tablet/apple/ipad-mini-5th-gen-2019
iPad Mini 5th Gen (2019)_64GB_Wi-Fi + Cellular_Fair,60.0,https://www.ocbuyback.com/sell/tablet/apple/ipad-mini-5th-gen-2019
iPad Mini 5th Gen (2019)_64GB_Wi-Fi + Cellular_Minor Damage,20.0,https://www.ocbuyback.com/sell/tablet/apple/ipad-mini-5th-gen-2019
iPad Mini 5th Gen (2019)_256GB_Wi-Fi_Flawless,125.0,https://www.ocbuyback.com/sell/tablet/apple/ipad-mini-5th-gen-2019
iPad Mini 5th Gen (2019)_256GB_Wi-Fi_Good ,105.0,https://www.ocbuyback.com/sell/tablet/apple/ipad-mini-5th-gen-2019
iPad Mini 5th Gen (2019)_256GB_Wi-Fi_Fair,65.0,https://www.ocbuyback.com/sell/tablet/apple/ipad-mini-5th-gen-2019
iPad Mini 5th Gen (2019)_256GB_Wi-Fi_Minor Damage,20.0,https://www.ocbuyback.com/sell/tablet/apple/ipad-mini-5th-gen-2019
iPad Mini 5th Gen (2019)_256GB_Wi-Fi + Cellular_Flawless,135.0,https://www.ocbuyback.com/sell/tablet/apple/ipad-mini-5th-gen-2019
iPad Mini 5th Gen (2019)_256GB_Wi-Fi + Cellular_Good ,115.0,https://www.ocbuyback.com/sell/tablet/apple/ipad-mini-5th-gen-2019
iPad Mini 5th Gen (2019)_256GB_Wi-Fi + Cellular_Fair,75.0,https://www.ocbuyback.com/sell/tablet/apple/ipad-mini-5th-gen-2019
iPad Mini 5th Gen (2019)_256GB_Wi-Fi + Cellular_Minor Damage,25.0,https://www.ocbuyback.com/sell/tablet/apple/ipad-mini-5th-gen-2019
iPad Mini 6th Gen (2021)_64GB_Wi-Fi_Brand New,195.0,https://www.ocbuyback.com/sell/tablet/apple/ipad-mini-6th-gen-2021
iPad Mini 6th Gen (2021)_64GB_Wi-Fi_Flawless,175.0,https://www.ocbuyback.com/sell/tablet/apple/ipad-mini-6th-gen-2021
iPad Mini 6th Gen (2021)_64GB_Wi-Fi_Good ,160.0,https://www.ocbuyback.com/sell/tablet/apple/ipad-mini-6th-gen-2021
iPad Mini 6th Gen (2021)_64GB_Wi-Fi_Fair,120.0,https://www.ocbuyback.com/sell/tablet/apple/ipad-mini-6th-gen-2021
iPad Mini 6th Gen (2021)_64GB_Wi-Fi_Minor Damage,50.0,https://www.ocbuyback.com/sell/tablet/apple/ipad-mini-6th-gen-2021
iPad Mini 6th Gen (2021)_64GB_Wi-Fi_Broken,10.0,https://www.ocbuyback.com/sell/tablet/apple/ipad-mini-6th-gen-2021
iPad Mini 6th Gen (2021)_64GB_Wi-Fi + Cellular_Brand New,220.0,https://www.ocbuyback.com/sell/tablet/apple/ipad-mini-6th-gen-2021
iPad Mini 6th Gen (2021)_64GB_Wi-Fi + Cellular_Flawless,200.0,https://www.ocbuyback.com/sell/tablet/apple/ipad-mini-6th-gen-2021
iPad Mini 6th Gen (2021)_64GB_Wi-Fi + Cellular_Good ,185.0,https://www.ocbuyback.com/sell/tablet/apple/ipad-mini-6th-gen-2021
iPad Mini 6th Gen (2021)_64GB_Wi-Fi + Cellular_Fair,145.0,https://www.ocbuyback.com/sell/tablet/apple/ipad-mini-6th-gen-2021
iPad Mini 6th Gen (2021)_64GB_Wi-Fi + Cellular_Minor Damage,60.0,https://www.ocbuyback.com/sell/tablet/apple/ipad-mini-6th-gen-2021
iPad Mini 6th Gen (2021)_64GB_Wi-Fi + Cellular_Broken,10.0,https://www.ocbuyback.com/sell/tablet/apple/ipad-mini-6th-gen-2021
iPad Mini 6th Gen (2021)_256GB_Wi-Fi_Brand New,245.0,https://www.ocbuyback.com/sell/tablet/apple/ipad-mini-6th-gen-2021
iPad Mini 6th Gen (2021)_256GB_Wi-Fi_Flawless,225.0,https://www.ocbuyback.com/sell/tablet/apple/ipad-mini-6th-gen-2021
iPad Mini 6th Gen (2021)_256GB_Wi-Fi_Good ,210.0,https://www.ocbuyback.com/sell/tablet/apple/ipad-mini-6th-gen-2021
iPad Mini 6th Gen (2021)_256GB_Wi-Fi_Fair,170.0,https://www.ocbuyback.com/sell/tablet/apple/ipad-mini-6th-gen-2021
iPad Mini 6th Gen (2021)_256GB_Wi-Fi_Minor Damage,60.0,https://www.ocbuyback.com/sell/tablet/apple/ipad-mini-6th-gen-2021
iPad Mini 6th Gen (2021)_256GB_Wi-Fi_Broken,10.0,https://www.ocbuyback.com/sell/tablet/apple/ipad-mini-6th-gen-2021
iPad Mini 6th Gen (2021)_256GB_Wi-Fi + Cellular_Brand New,270.0,https://www.ocbuyback.com/sell/tablet/apple/ipad-mini-6th-gen-2021
iPad Mini 6th Gen (2021)_256GB_Wi-Fi + Cellular_Flawless,250.0,https://www.ocbuyback.com/sell/tablet/apple/ipad-mini-6th-gen-2021
iPad Mini 6th Gen (2021)_256GB_Wi-Fi + Cellular_Good ,235.0,https://www.ocbuyback.com/sell/tablet/apple/ipad-mini-6th-gen-2021
iPad Mini 6th Gen (2021)_256GB_Wi-Fi + Cellular_Fair,195.0,https://www.ocbuyback.com/sell/tablet/apple/ipad-mini-6th-gen-2021
iPad Mini 6th Gen (2021)_256GB_Wi-Fi + Cellular_Minor Damage,70.0,https://www.ocbuyback.com/sell/tablet/apple/ipad-mini-6th-gen-2021
iPad Mini 6th Gen (2021)_256GB_Wi-Fi + Cellular_Broken,10.0,https://www.ocbuyback.com/sell/tablet/apple/ipad-mini-6th-gen-2021
iPad Mini 7th Gen (2024)_128GB_Wi-Fi_Brand New,290.0,https://www.ocbuyback.com/sell/tablet/apple/ipad-mini-7th-gen-2024
iPad Mini 7th Gen (2024)_128GB_Wi-Fi_Flawless,260.0,https://www.ocbuyback.com/sell/tablet/apple/ipad-mini-7th-gen-2024
iPad Mini 7th Gen (2024)_128GB_Wi-Fi_Good ,240.0,https://www.ocbuyback.com/sell/tablet/apple/ipad-mini-7th-gen-2024
iPad Mini 7th Gen (2024)_128GB_Wi-Fi_Fair,190.0,https://www.ocbuyback.com/sell/tablet/apple/ipad-mini-7th-gen-2024
iPad Mini 7th Gen (2024)_128GB_Wi-Fi_Minor Damage,65.0,https://www.ocbuyback.com/sell/tablet/apple/ipad-mini-7th-gen-2024
iPad Mini 7th Gen (2024)_128GB_Wi-Fi_Broken,10.0,https://www.ocbuyback.com/sell/tablet/apple/ipad-mini-7th-gen-2024
iPad Mini 7th Gen (2024)_128GB_Wi-Fi + Cellular_Brand New,315.0,https://www.ocbuyback.com/sell/tablet/apple/ipad-mini-7th-gen-2024
iPad Mini 7th Gen (2024)_128GB_Wi-Fi + Cellular_Flawless,285.0,https://www.ocbuyback.com/sell/tablet/apple/ipad-mini-7th-gen-2024
iPad Mini 7th Gen (2024)_128GB_Wi-Fi + Cellular_Good ,265.0,https://www.ocbuyback.com/sell/tablet/apple/ipad-mini-7th-gen-2024
iPad Mini 7th Gen (2024)_128GB_Wi-Fi + Cellular_Fair,215.0,https://www.ocbuyback.com/sell/tablet/apple/ipad-mini-7th-gen-2024
iPad Mini 7th Gen (2024)_128GB_Wi-Fi + Cellular_Minor Damage,75.0,https://www.ocbuyback.com/sell/tablet/apple/ipad-mini-7th-gen-2024
iPad Mini 7th Gen (2024)_128GB_Wi-Fi + Cellular_Broken,10.0,https://www.ocbuyback.com/sell/tablet/apple/ipad-mini-7th-gen-2024
iPad Mini 7th Gen (2024)_256GB_Wi-Fi_Brand New,330.0,https://www.ocbuyback.com/sell/tablet/apple/ipad-mini-7th-gen-2024
iPad Mini 7th Gen (2024)_256GB_Wi-Fi_Flawless,300.0,https://www.ocbuyback.com/sell/tablet/apple/ipad-mini-7th-gen-2024
iPad Mini 7th Gen (2024)_256GB_Wi-Fi_Good ,280.0,https://www.ocbuyback.com/sell/tablet/apple/ipad-mini-7th-gen-2024
iPad Mini 7th Gen (2024)_256GB_Wi-Fi_Fair,230.0,https://www.ocbuyback.com/sell/tablet/apple/ipad-mini-7th-gen-2024
iPad Mini 7th Gen (2024)_256GB_Wi-Fi_Minor Damage,75.0,https://www.ocbuyback.com/sell/tablet/apple/ipad-mini-7th-gen-2024
iPad Mini 7th Gen (2024)_256GB_Wi-Fi_Broken,10.0,https://www.ocbuyback.com/sell/tablet/apple/ipad-mini-7th-gen-2024
iPad Mini 7th Gen (2024)_256GB_Wi-Fi + Cellular_Brand New,355.0,https://www.ocbuyback.com/sell/tablet/apple/ipad-mini-7th-gen-2024
iPad Mini 7th Gen (2024)_256GB_Wi-Fi + Cellular_Flawless,325.0,https://www.ocbuyback.com/sell/tablet/apple/ipad-mini-7th-gen-2024
iPad Mini 7th Gen (2024)_256GB_Wi-Fi + Cellular_Good ,305.0,https://www.ocbuyback.com/sell/tablet/apple/ipad-mini-7th-gen-2024
iPad Mini 7th Gen (2024)_256GB_Wi-Fi + Cellular_Fair,255.0,https://www.ocbuyback.com/sell/tablet/apple/ipad-mini-7th-gen-2024
iPad Mini 7th Gen (2024)_256GB_Wi-Fi + Cellular_Minor Damage,85.0,https://www.ocbuyback.com/sell/tablet/apple/ipad-mini-7th-gen-2024
iPad Mini 7th Gen (2024)_256GB_Wi-Fi + Cellular_Broken,10.0,https://www.ocbuyback.com/sell/tablet/apple/ipad-mini-7th-gen-2024
iPad Mini 7th Gen (2024)_512GB_Wi-Fi_Brand New,390.0,https://www.ocbuyback.com/sell/tablet/apple/ipad-mini-7th-gen-2024
iPad Mini 7th Gen (2024)_512GB_Wi-Fi_Flawless,360.0,https://www.ocbuyback.com/sell/tablet/apple/ipad-mini-7th-gen-2024
iPad Mini 7th Gen (2024)_512GB_Wi-Fi_Good ,340.0,https://www.ocbuyback.com/sell/tablet/apple/ipad-mini-7th-gen-2024
iPad Mini 7th Gen (2024)_512GB_Wi-Fi_Fair,290.0,https://www.ocbuyback.com/sell/tablet/apple/ipad-mini-7th-gen-2024
iPad Mini 7th Gen (2024)_512GB_Wi-Fi_Minor Damage,85.0,https://www.ocbuyback.com/sell/tablet/apple/ipad-mini-7th-gen-2024
iPad Mini 7th Gen (2024)_512GB_Wi-Fi_Broken,10.0,https://www.ocbuyback.com/sell/tablet/apple/ipad-mini-7th-gen-2024
iPad Mini 7th Gen (2024)_512GB_Wi-Fi + Cellular_Brand New,415.0,https://www.ocbuyback.com/sell/tablet/apple/ipad-mini-7th-gen-2024
iPad Mini 7th Gen (2024)_512GB_Wi-Fi + Cellular_Flawless,385.0,https://www.ocbuyback.com/sell/tablet/apple/ipad-mini-7th-gen-2024
iPad Mini 7th Gen (2024)_512GB_Wi-Fi + Cellular_Good ,365.0,https://www.ocbuyback.com/sell/tablet/apple/ipad-mini-7th-gen-2024
iPad Mini 7th Gen (2024)_512GB_Wi-Fi + Cellular_Fair,315.0,https://www.ocbuyback.com/sell/tablet/apple/ipad-mini-7th-gen-2024
iPad Mini 7th Gen (2024)_512GB_Wi-Fi + Cellular_Minor Damage,95.0,https://www.ocbuyback.com/sell/tablet/apple/ipad-mini-7th-gen-2024
iPad Mini 7th Gen (2024)_512GB_Wi-Fi + Cellular_Broken,10.0,https://www.ocbuyback.com/sell/tablet/apple/ipad-mini-7th-gen-2024
iPad Pro 12.9 3rd Gen (2018)_64GB_Wi-Fi_Flawless,245.0,https://www.ocbuyback.com/sell/tablet/apple/ipad-pro-12-9-3rd-gen-2018
iPad Pro 12.9 3rd Gen (2018)_64GB_Wi-Fi_Good ,200.0,https://www.ocbuyback.com/sell/tablet/apple/ipad-pro-12-9-3rd-gen-2018
iPad Pro 12.9 3rd Gen (2018)_64GB_Wi-Fi_Fair,145.0,https://www.ocbuyback.com/sell/tablet/apple/ipad-pro-12-9-3rd-gen-2018
iPad Pro 12.9 3rd Gen (2018)_64GB_Wi-Fi_Minor Damage,60.0,https://www.ocbuyback.com/sell/tablet/apple/ipad-pro-12-9-3rd-gen-2018
iPad Pro 12.9 3rd Gen (2018)_64GB_Wi-Fi_Broken,10.0,https://www.ocbuyback.com/sell/tablet/apple/ipad-pro-12-9-3rd-gen-2018
iPad Pro 12.9 3rd Gen (2018)_64GB_Wi-Fi + Cellular_Flawless,265.0,https://www.ocbuyback.com/sell/tablet/apple/ipad-pro-12-9-3rd-gen-2018
iPad Pro 12.9 3rd Gen (2018)_64GB_Wi-Fi + Cellular_Good ,220.0,https://www.ocbuyback.com/sell/tablet/apple/ipad-pro-12-9-3rd-gen-2018
iPad Pro 12.9 3rd Gen (2018)_64GB_Wi-Fi + Cellular_Fair,165.0,https://www.ocbuyback.com/sell/tablet/apple/ipad-pro-12-9-3rd-gen-2018
iPad Pro 12.9 3rd Gen (2018)_64GB_Wi-Fi + Cellular_Minor Damage,70.0,https://www.ocbuyback.com/sell/tablet/apple/ipad-pro-12-9-3rd-gen-2018
iPad Pro 12.9 3rd Gen (2018)_64GB_Wi-Fi + Cellular_Broken,10.0,https://www.ocbuyback.com/sell/tablet/apple/ipad-pro-12-9-3rd-gen-2018
iPad Pro 12.9 3rd Gen (2018)_256GB_Wi-Fi_Flawless,270.0,https://www.ocbuyback.com/sell/tablet/apple/ipad-pro-12-9-3rd-gen-2018
iPad Pro 12.9 3rd Gen (2018)_256GB_Wi-Fi_Good ,225.0,https://www.ocbuyback.com/sell/tablet/apple/ipad-pro-12-9-3rd-gen-2018
iPad Pro 12.9 3rd Gen (2018)_256GB_Wi-Fi_Fair,170.0,https://www.ocbuyback.com/sell/tablet/apple/ipad-pro-12-9-3rd-gen-2018
iPad Pro 12.9 3rd Gen (2018)_256GB_Wi-Fi_Minor Damage,70.0,https://www.ocbuyback.com/sell/tablet/apple/ipad-pro-12-9-3rd-gen-2018
iPad Pro 12.9 3rd Gen (2018)_256GB_Wi-Fi_Broken,10.0,https://www.ocbuyback.com/sell/tablet/apple/ipad-pro-12-9-3rd-gen-2018
iPad Pro 12.9 3rd Gen (2018)_256GB_Wi-Fi + Cellular_Flawless,290.0,https://www.ocbuyback.com/sell/tablet/apple/ipad-pro-12-9-3rd-gen-2018
iPad Pro 12.9 3rd Gen (2018)_256GB_Wi-Fi + Cellular_Good ,245.0,https://www.ocbuyback.com/sell/tablet/apple/ipad-pro-12-9-3rd-gen-2018
iPad Pro 12.9 3rd Gen (2018)_256GB_Wi-Fi + Cellular_Fair,190.0,https://www.ocbuyback.com/sell/tablet/apple/ipad-pro-12-9-3rd-gen-2018
iPad Pro 12.9 3rd Gen (2018)_256GB_Wi-Fi + Cellular_Minor Damage,80.0,https://www.ocbuyback.com/sell/tablet/apple/ipad-pro-12-9-3rd-gen-2018
iPad Pro 12.9 3rd Gen (2018)_256GB_Wi-Fi + Cellular_Broken,10.0,https://www.ocbuyback.com/sell/tablet/apple/ipad-pro-12-9-3rd-gen-2018
iPad Pro 12.9 3rd Gen (2018)_512GB_Wi-Fi_Flawless,285.0,https://www.ocbuyback.com/sell/tablet/apple/ipad-pro-12-9-3rd-gen-2018
iPad Pro 12.9 3rd Gen (2018)_512GB_Wi-Fi_Good ,240.0,https://www.ocbuyback.com/sell/tablet/apple/ipad-pro-12-9-3rd-gen-2018
iPad Pro 12.9 3rd Gen (2018)_512GB_Wi-Fi_Fair,185.0,https://www.ocbuyback.com/sell/tablet/apple/ipad-pro-12-9-3rd-gen-2018
iPad Pro 12.9 3rd Gen (2018)_512GB_Wi-Fi_Minor Damage,75.0,https://www.ocbuyback.com/sell/tablet/apple/ipad-pro-12-9-3rd-gen-2018
iPad Pro 12.9 3rd Gen (2018)_512GB_Wi-Fi_Broken,10.0,https://www.ocbuyback.com/sell/tablet/apple/ipad-pro-12-9-3rd-gen-2018
iPad Pro 12.9 3rd Gen (2018)_512GB_Wi-Fi + Cellular_Flawless,305.0,https://www.ocbuyback.com/sell/tablet/apple/ipad-pro-12-9-3rd-gen-2018
iPad Pro 12.9 3rd Gen (2018)_512GB_Wi-Fi + Cellular_Good ,260.0,https://www.ocbuyback.com/sell/tablet/apple/ipad-pro-12-9-3rd-gen-2018
iPad Pro 12.9 3rd Gen (2018)_512GB_Wi-Fi + Cellular_Fair,205.0,https://www.ocbuyback.com/sell/tablet/apple/ipad-pro-12-9-3rd-gen-2018
iPad Pro 12.9 3rd Gen (2018)_512GB_Wi-Fi + Cellular_Minor Damage,85.0,https://www.ocbuyback.com/sell/tablet/apple/ipad-pro-12-9-3rd-gen-2018
iPad Pro 12.9 3rd Gen (2018)_512GB_Wi-Fi + Cellular_Broken,10.0,https://www.ocbuyback.com/sell/tablet/apple/ipad-pro-12-9-3rd-gen-2018
iPad Pro 12.9 3rd Gen (2018)_1TB_Wi-Fi_Flawless,305.0,https://www.ocbuyback.com/sell/tablet/apple/ipad-pro-12-9-3rd-gen-2018
iPad Pro 12.9 3rd Gen (2018)_1TB_Wi-Fi_Good ,260.0,https://www.ocbuyback.com/sell/tablet/apple/ipad-pro-12-9-3rd-gen-2018
iPad Pro 12.9 3rd Gen (2018)_1TB_Wi-Fi_Fair,205.0,https://www.ocbuyback.com/sell/tablet/apple/ipad-pro-12-9-3rd-gen-2018
iPad Pro 12.9 3rd Gen (2018)_1TB_Wi-Fi_Minor Damage,80.0,https://www.ocbuyback.com/sell/tablet/apple/ipad-pro-12-9-3rd-gen-2018
iPad Pro 12.9 3rd Gen (2018)_1TB_Wi-Fi_Broken,10.0,https://www.ocbuyback.com/sell/tablet/apple/ipad-pro-12-9-3rd-gen-2018
iPad Pro 12.9 3rd Gen (2018)_1TB_Wi-Fi + Cellular_Flawless,325.0,https://www.ocbuyback.com/sell/tablet/apple/ipad-pro-12-9-3rd-gen-2018
iPad Pro 12.9 3rd Gen (2018)_1TB_Wi-Fi + Cellular_Good ,280.0,https://www.ocbuyback.com/sell/tablet/apple/ipad-pro-12-9-3rd-gen-2018
iPad Pro 12.9 3rd Gen (2018)_1TB_Wi-Fi + Cellular_Fair,225.0,https://www.ocbuyback.com/sell/tablet/apple/ipad-pro-12-9-3rd-gen-2018
iPad Pro 12.9 3rd Gen (2018)_1TB_Wi-Fi + Cellular_Minor Damage,90.0,https://www.ocbuyback.com/sell/tablet/apple/ipad-pro-12-9-3rd-gen-2018
iPad Pro 12.9 3rd Gen (2018)_1TB_Wi-Fi + Cellular_Broken,10.0,https://www.ocbuyback.com/sell/tablet/apple/ipad-pro-12-9-3rd-gen-2018
iPad Pro 12.9 4th Gen (2020)_128GB_Wi-Fi_Flawless,280.0,https://www.ocbuyback.com/sell/tablet/apple/ipad-pro-12-9-4th-gen-2020
iPad Pro 12.9 4th Gen (2020)_128GB_Wi-Fi_Good ,230.0,https://www.ocbuyback.com/sell/tablet/apple/ipad-pro-12-9-4th-gen-2020
iPad Pro 12.9 4th Gen (2020)_128GB_Wi-Fi_Fair,180.0,https://www.ocbuyback.com/sell/tablet/apple/ipad-pro-12-9-4th-gen-2020
iPad Pro 12.9 4th Gen (2020)_128GB_Wi-Fi_Minor Damage,60.0,https://www.ocbuyback.com/sell/tablet/apple/ipad-pro-12-9-4th-gen-2020
iPad Pro 12.9 4th Gen (2020)_128GB_Wi-Fi_Broken,10.0,https://www.ocbuyback.com/sell/tablet/apple/ipad-pro-12-9-4th-gen-2020
iPad Pro 12.9 4th Gen (2020)_128GB_Wi-Fi + Cellular_Flawless,320.0,https://www.ocbuyback.com/sell/tablet/apple/ipad-pro-12-9-4th-gen-2020
iPad Pro 12.9 4th Gen (2020)_128GB_Wi-Fi + Cellular_Good ,270.0,https://www.ocbuyback.com/sell/tablet/apple/ipad-pro-12-9-4th-gen-2020
iPad Pro 12.9 4th Gen (2020)_128GB_Wi-Fi + Cellular_Fair,220.0,https://www.ocbuyback.com/sell/tablet/apple/ipad-pro-12-9-4th-gen-2020
iPad Pro 12.9 4th Gen (2020)_128GB_Wi-Fi + Cellular_Minor Damage,63.0,https://www.ocbuyback.com/sell/tablet/apple/ipad-pro-12-9-4th-gen-2020
iPad Pro 12.9 4th Gen (2020)_128GB_Wi-Fi + Cellular_Broken,10.0,https://www.ocbuyback.com/sell/tablet/apple/ipad-pro-12-9-4th-gen-2020
iPad Pro 12.9 4th Gen (2020)_256GB_Wi-Fi_Flawless,290.0,https://www.ocbuyback.com/sell/tablet/apple/ipad-pro-12-9-4th-gen-2020
iPad Pro 12.9 4th Gen (2020)_256GB_Wi-Fi_Good ,240.0,https://www.ocbuyback.com/sell/tablet/apple/ipad-pro-12-9-4th-gen-2020
iPad Pro 12.9 4th Gen (2020)_256GB_Wi-Fi_Fair,190.0,https://www.ocbuyback.com/sell/tablet/apple/ipad-pro-12-9-4th-gen-2020
iPad Pro 12.9 4th Gen (2020)_256GB_Wi-Fi_Minor Damage,63.0,https://www.ocbuyback.com/sell/tablet/apple/ipad-pro-12-9-4th-gen-2020
iPad Pro 12.9 4th Gen (2020)_256GB_Wi-Fi_Broken,10.0,https://www.ocbuyback.com/sell/tablet/apple/ipad-pro-12-9-4th-gen-2020
iPad Pro 12.9 4th Gen (2020)_256GB_Wi-Fi + Cellular_Flawless,330.0,https://www.ocbuyback.com/sell/tablet/apple/ipad-pro-12-9-4th-gen-2020
iPad Pro 12.9 4th Gen (2020)_256GB_Wi-Fi + Cellular_Good ,280.0,https://www.ocbuyback.com/sell/tablet/apple/ipad-pro-12-9-4th-gen-2020
iPad Pro 12.9 4th Gen (2020)_256GB_Wi-Fi + Cellular_Fair,230.0,https://www.ocbuyback.com/sell/tablet/apple/ipad-pro-12-9-4th-gen-2020
iPad Pro 12.9 4th Gen (2020)_256GB_Wi-Fi + Cellular_Minor Damage,66.0,https://www.ocbuyback.com/sell/tablet/apple/ipad-pro-12-9-4th-gen-2020
iPad Pro 12.9 4th Gen (2020)_256GB_Wi-Fi + Cellular_Broken,10.0,https://www.ocbuyback.com/sell/tablet/apple/ipad-pro-12-9-4th-gen-2020
iPad Pro 12.9 4th Gen (2020)_512GB_Wi-Fi_Flawless,295.0,https://www.ocbuyback.com/sell/tablet/apple/ipad-pro-12-9-4th-gen-2020
iPad Pro 12.9 4th Gen (2020)_512GB_Wi-Fi_Good ,245.0,https://www.ocbuyback.com/sell/tablet/apple/ipad-pro-12-9-4th-gen-2020
iPad Pro 12.9 4th Gen (2020)_512GB_Wi-Fi_Fair,195.0,https://www.ocbuyback.com/sell/tablet/apple/ipad-pro-12-9-4th-gen-2020
iPad Pro 12.9 4th Gen (2020)_512GB_Wi-Fi_Minor Damage,65.0,https://www.ocbuyback.com/sell/tablet/apple/ipad-pro-12-9-4th-gen-2020
iPad Pro 12.9 4th Gen (2020)_512GB_Wi-Fi_Broken,10.0,https://www.ocbuyback.com/sell/tablet/apple/ipad-pro-12-9-4th-gen-2020
iPad Pro 12.9 4th Gen (2020)_512GB_Wi-Fi + Cellular_Flawless,335.0,https://www.ocbuyback.com/sell/tablet/apple/ipad-pro-12-9-4th-gen-2020
iPad Pro 12.9 4th Gen (2020)_512GB_Wi-Fi + Cellular_Good ,285.0,https://www.ocbuyback.com/sell/tablet/apple/ipad-pro-12-9-4th-gen-2020
iPad Pro 12.9 4th Gen (2020)_512GB_Wi-Fi + Cellular_Fair,235.0,https://www.ocbuyback.com/sell/tablet/apple/ipad-pro-12-9-4th-gen-2020
iPad Pro 12.9 4th Gen (2020)_512GB_Wi-Fi + Cellular_Minor Damage,68.0,https://www.ocbuyback.com/sell/tablet/apple/ipad-pro-12-9-4th-gen-2020
iPad Pro 12.9 4th Gen (2020)_512GB_Wi-Fi + Cellular_Broken,10.0,https://www.ocbuyback.com/sell/tablet/apple/ipad-pro-12-9-4th-gen-2020
iPad Pro 12.9 4th Gen (2020)_1TB_Wi-Fi_Flawless,310.0,https://www.ocbuyback.com/sell/tablet/apple/ipad-pro-12-9-4th-gen-2020
iPad Pro 12.9 4th Gen (2020)_1TB_Wi-Fi_Good ,260.0,https://www.ocbuyback.com/sell/tablet/apple/ipad-pro-12-9-4th-gen-2020
iPad Pro 12.9 4th Gen (2020)_1TB_Wi-Fi_Fair,210.0,https://www.ocbuyback.com/sell/tablet/apple/ipad-pro-12-9-4th-gen-2020
iPad Pro 12.9 4th Gen (2020)_1TB_Wi-Fi_Minor Damage,67.0,https://www.ocbuyback.com/sell/tablet/apple/ipad-pro-12-9-4th-gen-2020
iPad Pro 12.9 4th Gen (2020)_1TB_Wi-Fi_Broken,10.0,https://www.ocbuyback.com/sell/tablet/apple/ipad-pro-12-9-4th-gen-2020
iPad Pro 12.9 4th Gen (2020)_1TB_Wi-Fi + Cellular_Flawless,350.0,https://www.ocbuyback.com/sell/tablet/apple/ipad-pro-12-9-4th-gen-2020
iPad Pro 12.9 4th Gen (2020)_1TB_Wi-Fi + Cellular_Good ,300.0,https://www.ocbuyback.com/sell/tablet/apple/ipad-pro-12-9-4th-gen-2020
iPad Pro 12.9 4th Gen (2020)_1TB_Wi-Fi + Cellular_Fair,250.0,https://www.ocbuyback.com/sell/tablet/apple/ipad-pro-12-9-4th-gen-2020
iPad Pro 12.9 4th Gen (2020)_1TB_Wi-Fi + Cellular_Minor Damage,70.0,https://www.ocbuyback.com/sell/tablet/apple/ipad-pro-12-9-4th-gen-2020
iPad Pro 12.9 4th Gen (2020)_1TB_Wi-Fi + Cellular_Broken,10.0,https://www.ocbuyback.com/sell/tablet/apple/ipad-pro-12-9-4th-gen-2020
iPad Pro 12.9 5th Gen (2021)_128GB_Wi-Fi_Brand New,380.0,https://www.ocbuyback.com/sell/tablet/apple/ipad-pro-12-9-5th-gen-2021
iPad Pro 12.9 5th Gen (2021)_128GB_Wi-Fi_Flawless,330.0,https://www.ocbuyback.com/sell/tablet/apple/ipad-pro-12-9-5th-gen-2021
iPad Pro 12.9 5th Gen (2021)_128GB_Wi-Fi_Good ,295.0,https://www.ocbuyback.com/sell/tablet/apple/ipad-pro-12-9-5th-gen-2021
iPad Pro 12.9 5th Gen (2021)_128GB_Wi-Fi_Fair,215.0,https://www.ocbuyback.com/sell/tablet/apple/ipad-pro-12-9-5th-gen-2021
iPad Pro 12.9 5th Gen (2021)_128GB_Wi-Fi_Minor Damage,75.0,https://www.ocbuyback.com/sell/tablet/apple/ipad-pro-12-9-5th-gen-2021
iPad Pro 12.9 5th Gen (2021)_128GB_Wi-Fi_Broken,30.0,https://www.ocbuyback.com/sell/tablet/apple/ipad-pro-12-9-5th-gen-2021
iPad Pro 12.9 5th Gen (2021)_128GB_Wi-Fi + Cellular_Brand New,395.0,https://www.ocbuyback.com/sell/tablet/apple/ipad-pro-12-9-5th-gen-2021
iPad Pro 12.9 5th Gen (2021)_128GB_Wi-Fi + Cellular_Flawless,345.0,https://www.ocbuyback.com/sell/tablet/apple/ipad-pro-12-9-5th-gen-2021
iPad Pro 12.9 5th Gen (2021)_128GB_Wi-Fi + Cellular_Good ,310.0,https://www.ocbuyback.com/sell/tablet/apple/ipad-pro-12-9-5th-gen-2021
iPad Pro 12.9 5th Gen (2021)_128GB_Wi-Fi + Cellular_Fair,230.0,https://www.ocbuyback.com/sell/tablet/apple/ipad-pro-12-9-5th-gen-2021
iPad Pro 12.9 5th Gen (2021)_128GB_Wi-Fi + Cellular_Minor Damage,100.0,https://www.ocbuyback.com/sell/tablet/apple/ipad-pro-12-9-5th-gen-2021
iPad Pro 12.9 5th Gen (2021)_128GB_Wi-Fi + Cellular_Broken,30.0,https://www.ocbuyback.com/sell/tablet/apple/ipad-pro-12-9-5th-gen-2021
iPad Pro 12.9 5th Gen (2021)_256GB_Wi-Fi_Brand New,400.0,https://www.ocbuyback.com/sell/tablet/apple/ipad-pro-12-9-5th-gen-2021
iPad Pro 12.9 5th Gen (2021)_256GB_Wi-Fi_Flawless,350.0,https://www.ocbuyback.com/sell/tablet/apple/ipad-pro-12-9-5th-gen-2021
iPad Pro 12.9 5th Gen (2021)_256GB_Wi-Fi_Good ,315.0,https://www.ocbuyback.com/sell/tablet/apple/ipad-pro-12-9-5th-gen-2021
iPad Pro 12.9 5th Gen (2021)_256GB_Wi-Fi_Fair,235.0,https://www.ocbuyback.com/sell/tablet/apple/ipad-pro-12-9-5th-gen-2021
iPad Pro 12.9 5th Gen (2021)_256GB_Wi-Fi_Minor Damage,100.0,https://www.ocbuyback.com/sell/tablet/apple/ipad-pro-12-9-5th-gen-2021
iPad Pro 12.9 5th Gen (2021)_256GB_Wi-Fi_Broken,30.0,https://www.ocbuyback.com/sell/tablet/apple/ipad-pro-12-9-5th-gen-2021
iPad Pro 12.9 5th Gen (2021)_256GB_Wi-Fi + Cellular_Brand New,415.0,https://www.ocbuyback.com/sell/tablet/apple/ipad-pro-12-9-5th-gen-2021
iPad Pro 12.9 5th Gen (2021)_256GB_Wi-Fi + Cellular_Flawless,365.0,https://www.ocbuyback.com/sell/tablet/apple/ipad-pro-12-9-5th-gen-2021
iPad Pro 12.9 5th Gen (2021)_256GB_Wi-Fi + Cellular_Good ,330.0,https://www.ocbuyback.com/sell/tablet/apple/ipad-pro-12-9-5th-gen-2021
iPad Pro 12.9 5th Gen (2021)_256GB_Wi-Fi + Cellular_Fair,250.0,https://www.ocbuyback.com/sell/tablet/apple/ipad-pro-12-9-5th-gen-2021
iPad Pro 12.9 5th Gen (2021)_256GB_Wi-Fi + Cellular_Minor Damage,125.0,https://www.ocbuyback.com/sell/tablet/apple/ipad-pro-12-9-5th-gen-2021
iPad Pro 12.9 5th Gen (2021)_256GB_Wi-Fi + Cellular_Broken,30.0,https://www.ocbuyback.com/sell/tablet/apple/ipad-pro-12-9-5th-gen-2021
iPad Pro 12.9 5th Gen (2021)_512GB_Wi-Fi_Brand New,430.0,https://www.ocbuyback.com/sell/tablet/apple/ipad-pro-12-9-5th-gen-2021
iPad Pro 12.9 5th Gen (2021)_512GB_Wi-Fi_Flawless,380.0,https://www.ocbuyback.com/sell/tablet/apple/ipad-pro-12-9-5th-gen-2021
iPad Pro 12.9 5th Gen (2021)_512GB_Wi-Fi_Good ,345.0,https://www.ocbuyback.com/sell/tablet/apple/ipad-pro-12-9-5th-gen-2021
iPad Pro 12.9 5th Gen (2021)_512GB_Wi-Fi_Fair,265.0,https://www.ocbuyback.com/sell/tablet/apple/ipad-pro-12-9-5th-gen-2021
iPad Pro 12.9 5th Gen (2021)_512GB_Wi-Fi_Minor Damage,110.0,https://www.ocbuyback.com/sell/tablet/apple/ipad-pro-12-9-5th-gen-2021
iPad Pro 12.9 5th Gen (2021)_512GB_Wi-Fi_Broken,30.0,https://www.ocbuyback.com/sell/tablet/apple/ipad-pro-12-9-5th-gen-2021
iPad Pro 12.9 5th Gen (2021)_512GB_Wi-Fi + Cellular_Brand New,445.0,https://www.ocbuyback.com/sell/tablet/apple/ipad-pro-12-9-5th-gen-2021
iPad Pro 12.9 5th Gen (2021)_512GB_Wi-Fi + Cellular_Flawless,395.0,https://www.ocbuyback.com/sell/tablet/apple/ipad-pro-12-9-5th-gen-2021
iPad Pro 12.9 5th Gen (2021)_512GB_Wi-Fi + Cellular_Good ,360.0,https://www.ocbuyback.com/sell/tablet/apple/ipad-pro-12-9-5th-gen-2021
iPad Pro 12.9 5th Gen (2021)_512GB_Wi-Fi + Cellular_Fair,280.0,https://www.ocbuyback.com/sell/tablet/apple/ipad-pro-12-9-5th-gen-2021
iPad Pro 12.9 5th Gen (2021)_512GB_Wi-Fi + Cellular_Minor Damage,135.0,https://www.ocbuyback.com/sell/tablet/apple/ipad-pro-12-9-5th-gen-2021
iPad Pro 12.9 5th Gen (2021)_512GB_Wi-Fi + Cellular_Broken,30.0,https://www.ocbuyback.com/sell/tablet/apple/ipad-pro-12-9-5th-gen-2021
iPad Pro 12.9 5th Gen (2021)_1TB_Wi-Fi_Brand New,480.0,https://www.ocbuyback.com/sell/tablet/apple/ipad-pro-12-9-5th-gen-2021
iPad Pro 12.9 5th Gen (2021)_1TB_Wi-Fi_Flawless,430.0,https://www.ocbuyback.com/sell/tablet/apple/ipad-pro-12-9-5th-gen-2021
iPad Pro 12.9 5th Gen (2021)_1TB_Wi-Fi_Good ,395.0,https://www.ocbuyback.com/sell/tablet/apple/ipad-pro-12-9-5th-gen-2021
iPad Pro 12.9 5th Gen (2021)_1TB_Wi-Fi_Fair,315.0,https://www.ocbuyback.com/sell/tablet/apple/ipad-pro-12-9-5th-gen-2021
iPad Pro 12.9 5th Gen (2021)_1TB_Wi-Fi_Minor Damage,125.0,https://www.ocbuyback.com/sell/tablet/apple/ipad-pro-12-9-5th-gen-2021
iPad Pro 12.9 5th Gen (2021)_1TB_Wi-Fi_Broken,30.0,https://www.ocbuyback.com/sell/tablet/apple/ipad-pro-12-9-5th-gen-2021
iPad Pro 12.9 5th Gen (2021)_1TB_Wi-Fi + Cellular_Brand New,495.0,https://www.ocbuyback.com/sell/tablet/apple/ipad-pro-12-9-5th-gen-2021
iPad Pro 12.9 5th Gen (2021)_1TB_Wi-Fi + Cellular_Flawless,445.0,https://www.ocbuyback.com/sell/tablet/apple/ipad-pro-12-9-5th-gen-2021
iPad Pro 12.9 5th Gen (2021)_1TB_Wi-Fi + Cellular_Good ,410.0,https://www.ocbuyback.com/sell/tablet/apple/ipad-pro-12-9-5th-gen-2021
iPad Pro 12.9 5th Gen (2021)_1TB_Wi-Fi + Cellular_Fair,330.0,https://www.ocbuyback.com/sell/tablet/apple/ipad-pro-12-9-5th-gen-2021
iPad Pro 12.9 5th Gen (2021)_1TB_Wi-Fi + Cellular_Minor Damage,150.0,https://www.ocbuyback.com/sell/tablet/apple/ipad-pro-12-9-5th-gen-2021
iPad Pro 12.9 5th Gen (2021)_1TB_Wi-Fi + Cellular_Broken,30.0,https://www.ocbuyback.com/sell/tablet/apple/ipad-pro-12-9-5th-gen-2021
iPad Pro 12.9 5th Gen (2021)_2TB_Wi-Fi_Brand New,530.0,https://www.ocbuyback.com/sell/tablet/apple/ipad-pro-12-9-5th-gen-2021
iPad Pro 12.9 5th Gen (2021)_2TB_Wi-Fi_Flawless,480.0,https://www.ocbuyback.com/sell/tablet/apple/ipad-pro-12-9-5th-gen-2021
iPad Pro 12.9 5th Gen (2021)_2TB_Wi-Fi_Good ,445.0,https://www.ocbuyback.com/sell/tablet/apple/ipad-pro-12-9-5th-gen-2021
iPad Pro 12.9 5th Gen (2021)_2TB_Wi-Fi_Fair,365.0,https://www.ocbuyback.com/sell/tablet/apple/ipad-pro-12-9-5th-gen-2021
iPad Pro 12.9 5th Gen (2021)_2TB_Wi-Fi_Minor Damage,150.0,https://www.ocbuyback.com/sell/tablet/apple/ipad-pro-12-9-5th-gen-2021
iPad Pro 12.9 5th Gen (2021)_2TB_Wi-Fi_Broken,30.0,https://www.ocbuyback.com/sell/tablet/apple/ipad-pro-12-9-5th-gen-2021
iPad Pro 12.9 5th Gen (2021)_2TB_Wi-Fi + Cellular_Brand New,545.0,https://www.ocbuyback.com/sell/tablet/apple/ipad-pro-12-9-5th-gen-2021
iPad Pro 12.9 5th Gen (2021)_2TB_Wi-Fi + Cellular_Flawless,495.0,https://www.ocbuyback.com/sell/tablet/apple/ipad-pro-12-9-5th-gen-2021
iPad Pro 12.9 5th Gen (2021)_2TB_Wi-Fi + Cellular_Good ,460.0,https://www.ocbuyback.com/sell/tablet/apple/ipad-pro-12-9-5th-gen-2021
iPad Pro 12.9 5th Gen (2021)_2TB_Wi-Fi + Cellular_Fair,380.0,https://www.ocbuyback.com/sell/tablet/apple/ipad-pro-12-9-5th-gen-2021
iPad Pro 12.9 5th Gen (2021)_2TB_Wi-Fi + Cellular_Minor Damage,175.0,https://www.ocbuyback.com/sell/tablet/apple/ipad-pro-12-9-5th-gen-2021
iPad Pro 12.9 5th Gen (2021)_2TB_Wi-Fi + Cellular_Broken,30.0,https://www.ocbuyback.com/sell/tablet/apple/ipad-pro-12-9-5th-gen-2021
iPad Pro 12.9 6th Gen (2022)_128GB_Wi-Fi_Brand New,440.0,https://www.ocbuyback.com/sell/tablet/apple/ipad-pro-12-9-6th-gen-2022
iPad Pro 12.9 6th Gen (2022)_128GB_Wi-Fi_Flawless,390.0,https://www.ocbuyback.com/sell/tablet/apple/ipad-pro-12-9-6th-gen-2022
iPad Pro 12.9 6th Gen (2022)_128GB_Wi-Fi_Good ,300.0,https://www.ocbuyback.com/sell/tablet/apple/ipad-pro-12-9-6th-gen-2022
iPad Pro 12.9 6th Gen (2022)_128GB_Wi-Fi_Fair,245.0,https://www.ocbuyback.com/sell/tablet/apple/ipad-pro-12-9-6th-gen-2022
iPad Pro 12.9 6th Gen (2022)_128GB_Wi-Fi_Minor Damage,125.0,https://www.ocbuyback.com/sell/tablet/apple/ipad-pro-12-9-6th-gen-2022
iPad Pro 12.9 6th Gen (2022)_128GB_Wi-Fi_Broken,30.0,https://www.ocbuyback.com/sell/tablet/apple/ipad-pro-12-9-6th-gen-2022
iPad Pro 12.9 6th Gen (2022)_128GB_Wi-Fi + Cellular_Brand New,455.0,https://www.ocbuyback.com/sell/tablet/apple/ipad-pro-12-9-6th-gen-2022
iPad Pro 12.9 6th Gen (2022)_128GB_Wi-Fi + Cellular_Flawless,405.0,https://www.ocbuyback.com/sell/tablet/apple/ipad-pro-12-9-6th-gen-2022
iPad Pro 12.9 6th Gen (2022)_128GB_Wi-Fi + Cellular_Good ,315.0,https://www.ocbuyback.com/sell/tablet/apple/ipad-pro-12-9-6th-gen-2022
iPad Pro 12.9 6th Gen (2022)_128GB_Wi-Fi + Cellular_Fair,260.0,https://www.ocbuyback.com/sell/tablet/apple/ipad-pro-12-9-6th-gen-2022
iPad Pro 12.9 6th Gen (2022)_128GB_Wi-Fi + Cellular_Minor Damage,150.0,https://www.ocbuyback.com/sell/tablet/apple/ipad-pro-12-9-6th-gen-2022
iPad Pro 12.9 6th Gen (2022)_128GB_Wi-Fi + Cellular_Broken,30.0,https://www.ocbuyback.com/sell/tablet/apple/ipad-pro-12-9-6th-gen-2022
iPad Pro 12.9 6th Gen (2022)_256GB_Wi-Fi_Brand New,480.0,https://www.ocbuyback.com/sell/tablet/apple/ipad-pro-12-9-6th-gen-2022
iPad Pro 12.9 6th Gen (2022)_256GB_Wi-Fi_Flawless,430.0,https://www.ocbuyback.com/sell/tablet/apple/ipad-pro-12-9-6th-gen-2022
iPad Pro 12.9 6th Gen (2022)_256GB_Wi-Fi_Good ,340.0,https://www.ocbuyback.com/sell/tablet/apple/ipad-pro-12-9-6th-gen-2022
iPad Pro 12.9 6th Gen (2022)_256GB_Wi-Fi_Fair,285.0,https://www.ocbuyback.com/sell/tablet/apple/ipad-pro-12-9-6th-gen-2022
iPad Pro 12.9 6th Gen (2022)_256GB_Wi-Fi_Minor Damage,135.0,https://www.ocbuyback.com/sell/tablet/apple/ipad-pro-12-9-6th-gen-2022
iPad Pro 12.9 6th Gen (2022)_256GB_Wi-Fi_Broken,30.0,https://www.ocbuyback.com/sell/tablet/apple/ipad-pro-12-9-6th-gen-2022
iPad Pro 12.9 6th Gen (2022)_256GB_Wi-Fi + Cellular_Brand New,495.0,https://www.ocbuyback.com/sell/tablet/apple/ipad-pro-12-9-6th-gen-2022
iPad Pro 12.9 6th Gen (2022)_256GB_Wi-Fi + Cellular_Flawless,445.0,https://www.ocbuyback.com/sell/tablet/apple/ipad-pro-12-9-6th-gen-2022
iPad Pro 12.9 6th Gen (2022)_256GB_Wi-Fi + Cellular_Good ,355.0,https://www.ocbuyback.com/sell/tablet/apple/ipad-pro-12-9-6th-gen-2022
iPad Pro 12.9 6th Gen (2022)_256GB_Wi-Fi + Cellular_Fair,300.0,https://www.ocbuyback.com/sell/tablet/apple/ipad-pro-12-9-6th-gen-2022
iPad Pro 12.9 6th Gen (2022)_256GB_Wi-Fi + Cellular_Minor Damage,160.0,https://www.ocbuyback.com/sell/tablet/apple/ipad-pro-12-9-6th-gen-2022
iPad Pro 12.9 6th Gen (2022)_256GB_Wi-Fi + Cellular_Broken,30.0,https://www.ocbuyback.com/sell/tablet/apple/ipad-pro-12-9-6th-gen-2022
iPad Pro 12.9 6th Gen (2022)_512GB_Wi-Fi_Brand New,500.0,https://www.ocbuyback.com/sell/tablet/apple/ipad-pro-12-9-6th-gen-2022
iPad Pro 12.9 6th Gen (2022)_512GB_Wi-Fi_Flawless,450.0,https://www.ocbuyback.com/sell/tablet/apple/ipad-pro-12-9-6th-gen-2022
iPad Pro 12.9 6th Gen (2022)_512GB_Wi-Fi_Good ,360.0,https://www.ocbuyback.com/sell/tablet/apple/ipad-pro-12-9-6th-gen-2022
iPad Pro 12.9 6th Gen (2022)_512GB_Wi-Fi_Fair,305.0,https://www.ocbuyback.com/sell/tablet/apple/ipad-pro-12-9-6th-gen-2022
iPad Pro 12.9 6th Gen (2022)_512GB_Wi-Fi_Minor Damage,140.0,https://www.ocbuyback.com/sell/tablet/apple/ipad-pro-12-9-6th-gen-2022
iPad Pro 12.9 6th Gen (2022)_512GB_Wi-Fi_Broken,30.0,https://www.ocbuyback.com/sell/tablet/apple/ipad-pro-12-9-6th-gen-2022
iPad Pro 12.9 6th Gen (2022)_512GB_Wi-Fi + Cellular_Brand New,515.0,https://www.ocbuyback.com/sell/tablet/apple/ipad-pro-12-9-6th-gen-2022
iPad Pro 12.9 6th Gen (2022)_512GB_Wi-Fi + Cellular_Flawless,465.0,https://www.ocbuyback.com/sell/tablet/apple/ipad-pro-12-9-6th-gen-2022
iPad Pro 12.9 6th Gen (2022)_512GB_Wi-Fi + Cellular_Good ,375.0,https://www.ocbuyback.com/sell/tablet/apple/ipad-pro-12-9-6th-gen-2022
iPad Pro 12.9 6th Gen (2022)_512GB_Wi-Fi + Cellular_Fair,320.0,https://www.ocbuyback.com/sell/tablet/apple/ipad-pro-12-9-6th-gen-2022
iPad Pro 12.9 6th Gen (2022)_512GB_Wi-Fi + Cellular_Minor Damage,165.0,https://www.ocbuyback.com/sell/tablet/apple/ipad-pro-12-9-6th-gen-2022
iPad Pro 12.9 6th Gen (2022)_512GB_Wi-Fi + Cellular_Broken,30.0,https://www.ocbuyback.com/sell/tablet/apple/ipad-pro-12-9-6th-gen-2022
iPad Pro 12.9 6th Gen (2022)_1TB_Wi-Fi_Brand New,555.0,https://www.ocbuyback.com/sell/tablet/apple/ipad-pro-12-9-6th-gen-2022
iPad Pro 12.9 6th Gen (2022)_1TB_Wi-Fi_Flawless,505.0,https://www.ocbuyback.com/sell/tablet/apple/ipad-pro-12-9-6th-gen-2022
iPad Pro 12.9 6th Gen (2022)_1TB_Wi-Fi_Good ,415.0,https://www.ocbuyback.com/sell/tablet/apple/ipad-pro-12-9-6th-gen-2022
iPad Pro 12.9 6th Gen (2022)_1TB_Wi-Fi_Fair,360.0,https://www.ocbuyback.com/sell/tablet/apple/ipad-pro-12-9-6th-gen-2022
iPad Pro 12.9 6th Gen (2022)_1TB_Wi-Fi_Minor Damage,160.0,https://www.ocbuyback.com/sell/tablet/apple/ipad-pro-12-9-6th-gen-2022
iPad Pro 12.9 6th Gen (2022)_1TB_Wi-Fi_Broken,30.0,https://www.ocbuyback.com/sell/tablet/apple/ipad-pro-12-9-6th-gen-2022
iPad Pro 12.9 6th Gen (2022)_1TB_Wi-Fi + Cellular_Brand New,570.0,https://www.ocbuyback.com/sell/tablet/apple/ipad-pro-12-9-6th-gen-2022
iPad Pro 12.9 6th Gen (2022)_1TB_Wi-Fi + Cellular_Flawless,520.0,https://www.ocbuyback.com/sell/tablet/apple/ipad-pro-12-9-6th-gen-2022
iPad Pro 12.9 6th Gen (2022)_1TB_Wi-Fi + Cellular_Good ,430.0,https://www.ocbuyback.com/sell/tablet/apple/ipad-pro-12-9-6th-gen-2022
iPad Pro 12.9 6th Gen (2022)_1TB_Wi-Fi + Cellular_Fair,375.0,https://www.ocbuyback.com/sell/tablet/apple/ipad-pro-12-9-6th-gen-2022
iPad Pro 12.9 6th Gen (2022)_1TB_Wi-Fi + Cellular_Minor Damage,185.0,https://www.ocbuyback.com/sell/tablet/apple/ipad-pro-12-9-6th-gen-2022
iPad Pro 12.9 6th Gen (2022)_1TB_Wi-Fi + Cellular_Broken,30.0,https://www.ocbuyback.com/sell/tablet/apple/ipad-pro-12-9-6th-gen-2022
iPad Pro 12.9 6th Gen (2022)_2TB_Wi-Fi_Brand New,600.0,https://www.ocbuyback.com/sell/tablet/apple/ipad-pro-12-9-6th-gen-2022
iPad Pro 12.9 6th Gen (2022)_2TB_Wi-Fi_Flawless,550.0,https://www.ocbuyback.com/sell/tablet/apple/ipad-pro-12-9-6th-gen-2022
iPad Pro 12.9 6th Gen (2022)_2TB_Wi-Fi_Good ,460.0,https://www.ocbuyback.com/sell/tablet/apple/ipad-pro-12-9-6th-gen-2022
iPad Pro 12.9 6th Gen (2022)_2TB_Wi-Fi_Fair,405.0,https://www.ocbuyback.com/sell/tablet/apple/ipad-pro-12-9-6th-gen-2022
iPad Pro 12.9 6th Gen (2022)_2TB_Wi-Fi_Minor Damage,175.0,https://www.ocbuyback.com/sell/tablet/apple/ipad-pro-12-9-6th-gen-2022
iPad Pro 12.9 6th Gen (2022)_2TB_Wi-Fi_Broken,30.0,https://www.ocbuyback.com/sell/tablet/apple/ipad-pro-12-9-6th-gen-2022
iPad Pro 12.9 6th Gen (2022)_2TB_Wi-Fi + Cellular_Brand New,615.0,https://www.ocbuyback.com/sell/tablet/apple/ipad-pro-12-9-6th-gen-2022
iPad Pro 12.9 6th Gen (2022)_2TB_Wi-Fi + Cellular_Flawless,565.0,https://www.ocbuyback.com/sell/tablet/apple/ipad-pro-12-9-6th-gen-2022
iPad Pro 12.9 6th Gen (2022)_2TB_Wi-Fi + Cellular_Good ,475.0,https://www.ocbuyback.com/sell/tablet/apple/ipad-pro-12-9-6th-gen-2022
iPad Pro 12.9 6th Gen (2022)_2TB_Wi-Fi + Cellular_Fair,420.0,https://www.ocbuyback.com/sell/tablet/apple/ipad-pro-12-9-6th-gen-2022
iPad Pro 12.9 6th Gen (2022)_2TB_Wi-Fi + Cellular_Minor Damage,200.0,https://www.ocbuyback.com/sell/tablet/apple/ipad-pro-12-9-6th-gen-2022
iPad Pro 12.9 6th Gen (2022)_2TB_Wi-Fi + Cellular_Broken,30.0,https://www.ocbuyback.com/sell/tablet/apple/ipad-pro-12-9-6th-gen-2022
iPad 10.2 8th Gen (2020)_32GB_Wi-Fi_Flawless,50.0,https://www.ocbuyback.com/sell/tablet/apple/ipad-10-2-8th-gen-2020
iPad 10.2 8th Gen (2020)_32GB_Wi-Fi_Good ,40.0,https://www.ocbuyback.com/sell/tablet/apple/ipad-10-2-8th-gen-2020
iPad 10.2 8th Gen (2020)_32GB_Wi-Fi_Fair,25.0,https://www.ocbuyback.com/sell/tablet/apple/ipad-10-2-8th-gen-2020
iPad 10.2 8th Gen (2020)_32GB_Wi-Fi_Minor Damage,10.0,https://www.ocbuyback.com/sell/tablet/apple/ipad-10-2-8th-gen-2020
iPad 10.2 8th Gen (2020)_32GB_Wi-Fi + Cellular_Flawless,60.0,https://www.ocbuyback.com/sell/tablet/apple/ipad-10-2-8th-gen-2020
iPad 10.2 8th Gen (2020)_32GB_Wi-Fi + Cellular_Good ,50.0,https://www.ocbuyback.com/sell/tablet/apple/ipad-10-2-8th-gen-2020
iPad 10.2 8th Gen (2020)_32GB_Wi-Fi + Cellular_Fair,35.0,https://www.ocbuyback.com/sell/tablet/apple/ipad-10-2-8th-gen-2020
iPad 10.2 8th Gen (2020)_32GB_Wi-Fi + Cellular_Minor Damage,10.0,https://www.ocbuyback.com/sell/tablet/apple/ipad-10-2-8th-gen-2020
iPad 10.2 8th Gen (2020)_128GB_Wi-Fi_Flawless,60.0,https://www.ocbuyback.com/sell/tablet/apple/ipad-10-2-8th-gen-2020
iPad 10.2 8th Gen (2020)_128GB_Wi-Fi_Good ,50.0,https://www.ocbuyback.com/sell/tablet/apple/ipad-10-2-8th-gen-2020
iPad 10.2 8th Gen (2020)_128GB_Wi-Fi_Fair,45.0,https://www.ocbuyback.com/sell/tablet/apple/ipad-10-2-8th-gen-2020
iPad 10.2 8th Gen (2020)_128GB_Wi-Fi_Minor Damage,10.0,https://www.ocbuyback.com/sell/tablet/apple/ipad-10-2-8th-gen-2020
iPad 10.2 8th Gen (2020)_128GB_Wi-Fi + Cellular_Flawless,75.0,https://www.ocbuyback.com/sell/tablet/apple/ipad-10-2-8th-gen-2020
iPad 10.2 8th Gen (2020)_128GB_Wi-Fi + Cellular_Good ,60.0,https://www.ocbuyback.com/sell/tablet/apple/ipad-10-2-8th-gen-2020
iPad 10.2 8th Gen (2020)_128GB_Wi-Fi + Cellular_Fair,45.0,https://www.ocbuyback.com/sell/tablet/apple/ipad-10-2-8th-gen-2020
iPad 10.2 8th Gen (2020)_128GB_Wi-Fi + Cellular_Minor Damage,10.0,https://www.ocbuyback.com/sell/tablet/apple/ipad-10-2-8th-gen-2020
iPad 10.2 9th Gen (2021)_64GB_Wi-Fi_Brand New,105.0,https://www.ocbuyback.com/sell/tablet/apple/ipad-10-2-9th-gen-2021
iPad 10.2 9th Gen (2021)_64GB_Wi-Fi_Flawless,75.0,https://www.ocbuyback.com/sell/tablet/apple/ipad-10-2-9th-gen-2021
iPad 10.2 9th Gen (2021)_64GB_Wi-Fi_Good ,65.0,https://www.ocbuyback.com/sell/tablet/apple/ipad-10-2-9th-gen-2021
iPad 10.2 9th Gen (2021)_64GB_Wi-Fi_Fair,30.0,https://www.ocbuyback.com/sell/tablet/apple/ipad-10-2-9th-gen-2021
iPad 10.2 9th Gen (2021)_64GB_Wi-Fi_Minor Damage,10.0,https://www.ocbuyback.com/sell/tablet/apple/ipad-10-2-9th-gen-2021
iPad 10.2 9th Gen (2021)_64GB_Wi-Fi + Cellular_Brand New,110.0,https://www.ocbuyback.com/sell/tablet/apple/ipad-10-2-9th-gen-2021
iPad 10.2 9th Gen (2021)_64GB_Wi-Fi + Cellular_Flawless,80.0,https://www.ocbuyback.com/sell/tablet/apple/ipad-10-2-9th-gen-2021
iPad 10.2 9th Gen (2021)_64GB_Wi-Fi + Cellular_Good ,70.0,https://www.ocbuyback.com/sell/tablet/apple/ipad-10-2-9th-gen-2021
iPad 10.2 9th Gen (2021)_64GB_Wi-Fi + Cellular_Fair,35.0,https://www.ocbuyback.com/sell/tablet/apple/ipad-10-2-9th-gen-2021
iPad 10.2 9th Gen (2021)_64GB_Wi-Fi + Cellular_Minor Damage,14.0,https://www.ocbuyback.com/sell/tablet/apple/ipad-10-2-9th-gen-2021
iPad 10.2 9th Gen (2021)_256GB_Wi-Fi_Brand New,120.0,https://www.ocbuyback.com/sell/tablet/apple/ipad-10-2-9th-gen-2021
iPad 10.2 9th Gen (2021)_256GB_Wi-Fi_Flawless,90.0,https://www.ocbuyback.com/sell/tablet/apple/ipad-10-2-9th-gen-2021
iPad 10.2 9th Gen (2021)_256GB_Wi-Fi_Good ,80.0,https://www.ocbuyback.com/sell/tablet/apple/ipad-10-2-9th-gen-2021
iPad 10.2 9th Gen (2021)_256GB_Wi-Fi_Fair,45.0,https://www.ocbuyback.com/sell/tablet/apple/ipad-10-2-9th-gen-2021
iPad 10.2 9th Gen (2021)_256GB_Wi-Fi_Minor Damage,14.0,https://www.ocbuyback.com/sell/tablet/apple/ipad-10-2-9th-gen-2021
iPad 10.2 9th Gen (2021)_256GB_Wi-Fi + Cellular_Brand New,125.0,https://www.ocbuyback.com/sell/tablet/apple/ipad-10-2-9th-gen-2021
iPad 10.2 9th Gen (2021)_256GB_Wi-Fi + Cellular_Flawless,95.0,https://www.ocbuyback.com/sell/tablet/apple/ipad-10-2-9th-gen-2021
iPad 10.2 9th Gen (2021)_256GB_Wi-Fi + Cellular_Good ,85.0,https://www.ocbuyback.com/sell/tablet/apple/ipad-10-2-9th-gen-2021
iPad 10.2 9th Gen (2021)_256GB_Wi-Fi + Cellular_Fair,50.0,https://www.ocbuyback.com/sell/tablet/apple/ipad-10-2-9th-gen-2021
iPad 10.2 9th Gen (2021)_256GB_Wi-Fi + Cellular_Minor Damage,18.0,https://www.ocbuyback.com/sell/tablet/apple/ipad-10-2-9th-gen-2021
iPad Pro 11 1st Gen (2018)_64GB_Wi-Fi_Flawless,170.0,https://www.ocbuyback.com/sell/tablet/apple/ipad-pro-11-1st-gen-2018
iPad Pro 11 1st Gen (2018)_64GB_Wi-Fi_Good ,140.0,https://www.ocbuyback.com/sell/tablet/apple/ipad-pro-11-1st-gen-2018
iPad Pro 11 1st Gen (2018)_64GB_Wi-Fi_Fair,80.0,https://www.ocbuyback.com/sell/tablet/apple/ipad-pro-11-1st-gen-2018
iPad Pro 11 1st Gen (2018)_64GB_Wi-Fi_Minor Damage,30.0,https://www.ocbuyback.com/sell/tablet/apple/ipad-pro-11-1st-gen-2018
iPad Pro 11 1st Gen (2018)_64GB_Wi-Fi + Cellular_Flawless,185.0,https://www.ocbuyback.com/sell/tablet/apple/ipad-pro-11-1st-gen-2018
iPad Pro 11 1st Gen (2018)_64GB_Wi-Fi + Cellular_Good ,155.0,https://www.ocbuyback.com/sell/tablet/apple/ipad-pro-11-1st-gen-2018
iPad Pro 11 1st Gen (2018)_64GB_Wi-Fi + Cellular_Fair,95.0,https://www.ocbuyback.com/sell/tablet/apple/ipad-pro-11-1st-gen-2018
iPad Pro 11 1st Gen (2018)_64GB_Wi-Fi + Cellular_Minor Damage,35.0,https://www.ocbuyback.com/sell/tablet/apple/ipad-pro-11-1st-gen-2018
iPad Pro 11 1st Gen (2018)_256GB_Wi-Fi_Flawless,205.0,https://www.ocbuyback.com/sell/tablet/apple/ipad-pro-11-1st-gen-2018
iPad Pro 11 1st Gen (2018)_256GB_Wi-Fi_Good ,175.0,https://www.ocbuyback.com/sell/tablet/apple/ipad-pro-11-1st-gen-2018
iPad Pro 11 1st Gen (2018)_256GB_Wi-Fi_Fair,115.0,https://www.ocbuyback.com/sell/tablet/apple/ipad-pro-11-1st-gen-2018
iPad Pro 11 1st Gen (2018)_256GB_Wi-Fi_Minor Damage,35.0,https://www.ocbuyback.com/sell/tablet/apple/ipad-pro-11-1st-gen-2018
iPad Pro 11 1st Gen (2018)_256GB_Wi-Fi + Cellular_Flawless,220.0,https://www.ocbuyback.com/sell/tablet/apple/ipad-pro-11-1st-gen-2018
iPad Pro 11 1st Gen (2018)_256GB_Wi-Fi + Cellular_Good ,190.0,https://www.ocbuyback.com/sell/tablet/apple/ipad-pro-11-1st-gen-2018
iPad Pro 11 1st Gen (2018)_256GB_Wi-Fi + Cellular_Fair,130.0,https://www.ocbuyback.com/sell/tablet/apple/ipad-pro-11-1st-gen-2018
iPad Pro 11 1st Gen (2018)_256GB_Wi-Fi + Cellular_Minor Damage,40.0,https://www.ocbuyback.com/sell/tablet/apple/ipad-pro-11-1st-gen-2018
iPad Pro 11 1st Gen (2018)_512GB_Wi-Fi_Flawless,230.0,https://www.ocbuyback.com/sell/tablet/apple/ipad-pro-11-1st-gen-2018
iPad Pro 11 1st Gen (2018)_512GB_Wi-Fi_Good ,205.0,https://www.ocbuyback.com/sell/tablet/apple/ipad-pro-11-1st-gen-2018
iPad Pro 11 1st Gen (2018)_512GB_Wi-Fi_Fair,145.0,https://www.ocbuyback.com/sell/tablet/apple/ipad-pro-11-1st-gen-2018
iPad Pro 11 1st Gen (2018)_512GB_Wi-Fi_Minor Damage,37.0,https://www.ocbuyback.com/sell/tablet/apple/ipad-pro-11-1st-gen-2018
iPad Pro 11 1st Gen (2018)_512GB_Wi-Fi + Cellular_Flawless,245.0,https://www.ocbuyback.com/sell/tablet/apple/ipad-pro-11-1st-gen-2018
iPad Pro 11 1st Gen (2018)_512GB_Wi-Fi + Cellular_Good ,220.0,https://www.ocbuyback.com/sell/tablet/apple/ipad-pro-11-1st-gen-2018
iPad Pro 11 1st Gen (2018)_512GB_Wi-Fi + Cellular_Fair,160.0,https://www.ocbuyback.com/sell/tablet/apple/ipad-pro-11-1st-gen-2018
iPad Pro 11 1st Gen (2018)_512GB_Wi-Fi + Cellular_Minor Damage,42.0,https://www.ocbuyback.com/sell/tablet/apple/ipad-pro-11-1st-gen-2018
iPad Pro 11 1st Gen (2018)_1TB_Wi-Fi_Flawless,250.0,https://www.ocbuyback.com/sell/tablet/apple/ipad-pro-11-1st-gen-2018
iPad Pro 11 1st Gen (2018)_1TB_Wi-Fi_Good ,225.0,https://www.ocbuyback.com/sell/tablet/apple/ipad-pro-11-1st-gen-2018
iPad Pro 11 1st Gen (2018)_1TB_Wi-Fi_Fair,170.0,https://www.ocbuyback.com/sell/tablet/apple/ipad-pro-11-1st-gen-2018
iPad Pro 11 1st Gen (2018)_1TB_Wi-Fi_Minor Damage,40.0,https://www.ocbuyback.com/sell/tablet/apple/ipad-pro-11-1st-gen-2018
iPad Pro 11 1st Gen (2018)_1TB_Wi-Fi + Cellular_Flawless,265.0,https://www.ocbuyback.com/sell/tablet/apple/ipad-pro-11-1st-gen-2018
iPad Pro 11 1st Gen (2018)_1TB_Wi-Fi + Cellular_Good ,240.0,https://www.ocbuyback.com/sell/tablet/apple/ipad-pro-11-1st-gen-2018
iPad Pro 11 1st Gen (2018)_1TB_Wi-Fi + Cellular_Fair,180.0,https://www.ocbuyback.com/sell/tablet/apple/ipad-pro-11-1st-gen-2018
iPad Pro 11 1st Gen (2018)_1TB_Wi-Fi + Cellular_Minor Damage,45.0,https://www.ocbuyback.com/sell/tablet/apple/ipad-pro-11-1st-gen-2018
iPad Pro 11 2nd Gen (2020)_128GB_Wi-Fi_Flawless,265.0,https://www.ocbuyback.com/sell/tablet/apple/ipad-pro-11-2nd-gen-2020
iPad Pro 11 2nd Gen (2020)_128GB_Wi-Fi_Good ,245.0,https://www.ocbuyback.com/sell/tablet/apple/ipad-pro-11-2nd-gen-2020
iPad Pro 11 2nd Gen (2020)_128GB_Wi-Fi_Fair,200.0,https://www.ocbuyback.com/sell/tablet/apple/ipad-pro-11-2nd-gen-2020
iPad Pro 11 2nd Gen (2020)_128GB_Wi-Fi_Minor Damage,75.0,https://www.ocbuyback.com/sell/tablet/apple/ipad-pro-11-2nd-gen-2020
iPad Pro 11 2nd Gen (2020)_128GB_Wi-Fi_Broken,20.0,https://www.ocbuyback.com/sell/tablet/apple/ipad-pro-11-2nd-gen-2020
iPad Pro 11 2nd Gen (2020)_128GB_Wi-Fi + Cellular_Flawless,275.0,https://www.ocbuyback.com/sell/tablet/apple/ipad-pro-11-2nd-gen-2020
iPad Pro 11 2nd Gen (2020)_128GB_Wi-Fi + Cellular_Good ,255.0,https://www.ocbuyback.com/sell/tablet/apple/ipad-pro-11-2nd-gen-2020
iPad Pro 11 2nd Gen (2020)_128GB_Wi-Fi + Cellular_Fair,210.0,https://www.ocbuyback.com/sell/tablet/apple/ipad-pro-11-2nd-gen-2020
iPad Pro 11 2nd Gen (2020)_128GB_Wi-Fi + Cellular_Minor Damage,80.0,https://www.ocbuyback.com/sell/tablet/apple/ipad-pro-11-2nd-gen-2020
iPad Pro 11 2nd Gen (2020)_128GB_Wi-Fi + Cellular_Broken,20.0,https://www.ocbuyback.com/sell/tablet/apple/ipad-pro-11-2nd-gen-2020
iPad Pro 11 2nd Gen (2020)_256GB_Wi-Fi_Flawless,275.0,https://www.ocbuyback.com/sell/tablet/apple/ipad-pro-11-2nd-gen-2020
iPad Pro 11 2nd Gen (2020)_256GB_Wi-Fi_Good ,255.0,https://www.ocbuyback.com/sell/tablet/apple/ipad-pro-11-2nd-gen-2020
iPad Pro 11 2nd Gen (2020)_256GB_Wi-Fi_Fair,210.0,https://www.ocbuyback.com/sell/tablet/apple/ipad-pro-11-2nd-gen-2020
iPad Pro 11 2nd Gen (2020)_256GB_Wi-Fi_Minor Damage,80.0,https://www.ocbuyback.com/sell/tablet/apple/ipad-pro-11-2nd-gen-2020
iPad Pro 11 2nd Gen (2020)_256GB_Wi-Fi_Broken,20.0,https://www.ocbuyback.com/sell/tablet/apple/ipad-pro-11-2nd-gen-2020
iPad Pro 11 2nd Gen (2020)_256GB_Wi-Fi + Cellular_Flawless,285.0,https://www.ocbuyback.com/sell/tablet/apple/ipad-pro-11-2nd-gen-2020
iPad Pro 11 2nd Gen (2020)_256GB_Wi-Fi + Cellular_Good ,265.0,https://www.ocbuyback.com/sell/tablet/apple/ipad-pro-11-2nd-gen-2020
iPad Pro 11 2nd Gen (2020)_256GB_Wi-Fi + Cellular_Fair,220.0,https://www.ocbuyback.com/sell/tablet/apple/ipad-pro-11-2nd-gen-2020
iPad Pro 11 2nd Gen (2020)_256GB_Wi-Fi + Cellular_Minor Damage,85.0,https://www.ocbuyback.com/sell/tablet/apple/ipad-pro-11-2nd-gen-2020
iPad Pro 11 2nd Gen (2020)_256GB_Wi-Fi + Cellular_Broken,20.0,https://www.ocbuyback.com/sell/tablet/apple/ipad-pro-11-2nd-gen-2020
iPad Pro 11 2nd Gen (2020)_512GB_Wi-Fi_Flawless,290.0,https://www.ocbuyback.com/sell/tablet/apple/ipad-pro-11-2nd-gen-2020
iPad Pro 11 2nd Gen (2020)_512GB_Wi-Fi_Good ,270.0,https://www.ocbuyback.com/sell/tablet/apple/ipad-pro-11-2nd-gen-2020
iPad Pro 11 2nd Gen (2020)_512GB_Wi-Fi_Fair,225.0,https://www.ocbuyback.com/sell/tablet/apple/ipad-pro-11-2nd-gen-2020
iPad Pro 11 2nd Gen (2020)_512GB_Wi-Fi_Minor Damage,82.0,https://www.ocbuyback.com/sell/tablet/apple/ipad-pro-11-2nd-gen-2020
iPad Pro 11 2nd Gen (2020)_512GB_Wi-Fi_Broken,20.0,https://www.ocbuyback.com/sell/tablet/apple/ipad-pro-11-2nd-gen-2020
iPad Pro 11 2nd Gen (2020)_512GB_Wi-Fi + Cellular_Flawless,300.0,https://www.ocbuyback.com/sell/tablet/apple/ipad-pro-11-2nd-gen-2020
iPad Pro 11 2nd Gen (2020)_512GB_Wi-Fi + Cellular_Good ,280.0,https://www.ocbuyback.com/sell/tablet/apple/ipad-pro-11-2nd-gen-2020
iPad Pro 11 2nd Gen (2020)_512GB_Wi-Fi + Cellular_Fair,235.0,https://www.ocbuyback.com/sell/tablet/apple/ipad-pro-11-2nd-gen-2020
iPad Pro 11 2nd Gen (2020)_512GB_Wi-Fi + Cellular_Minor Damage,87.0,https://www.ocbuyback.com/sell/tablet/apple/ipad-pro-11-2nd-gen-2020
iPad Pro 11 2nd Gen (2020)_512GB_Wi-Fi + Cellular_Broken,20.0,https://www.ocbuyback.com/sell/tablet/apple/ipad-pro-11-2nd-gen-2020
iPad Pro 11 2nd Gen (2020)_1TB_Wi-Fi_Flawless,310.0,https://www.ocbuyback.com/sell/tablet/apple/ipad-pro-11-2nd-gen-2020
iPad Pro 11 2nd Gen (2020)_1TB_Wi-Fi_Good ,290.0,https://www.ocbuyback.com/sell/tablet/apple/ipad-pro-11-2nd-gen-2020
iPad Pro 11 2nd Gen (2020)_1TB_Wi-Fi_Fair,245.0,https://www.ocbuyback.com/sell/tablet/apple/ipad-pro-11-2nd-gen-2020
iPad Pro 11 2nd Gen (2020)_1TB_Wi-Fi_Minor Damage,87.0,https://www.ocbuyback.com/sell/tablet/apple/ipad-pro-11-2nd-gen-2020
iPad Pro 11 2nd Gen (2020)_1TB_Wi-Fi_Broken,20.0,https://www.ocbuyback.com/sell/tablet/apple/ipad-pro-11-2nd-gen-2020
iPad Pro 11 2nd Gen (2020)_1TB_Wi-Fi + Cellular_Flawless,320.0,https://www.ocbuyback.com/sell/tablet/apple/ipad-pro-11-2nd-gen-2020
iPad Pro 11 2nd Gen (2020)_1TB_Wi-Fi + Cellular_Good ,300.0,https://www.ocbuyback.com/sell/tablet/apple/ipad-pro-11-2nd-gen-2020
iPad Pro 11 2nd Gen (2020)_1TB_Wi-Fi + Cellular_Fair,255.0,https://www.ocbuyback.com/sell/tablet/apple/ipad-pro-11-2nd-gen-2020
iPad Pro 11 2nd Gen (2020)_1TB_Wi-Fi + Cellular_Minor Damage,92.0,https://www.ocbuyback.com/sell/tablet/apple/ipad-pro-11-2nd-gen-2020
iPad Pro 11 2nd Gen (2020)_1TB_Wi-Fi + Cellular_Broken,20.0,https://www.ocbuyback.com/sell/tablet/apple/ipad-pro-11-2nd-gen-2020
iPad Pro 11 3rd Gen (2021)_128GB_Wi-Fi_Flawless,290.0,https://www.ocbuyback.com/sell/tablet/apple/ipad-pro-11-3rd-gen-2021
iPad Pro 11 3rd Gen (2021)_128GB_Wi-Fi_Good ,260.0,https://www.ocbuyback.com/sell/tablet/apple/ipad-pro-11-3rd-gen-2021
iPad Pro 11 3rd Gen (2021)_128GB_Wi-Fi_Fair,205.0,https://www.ocbuyback.com/sell/tablet/apple/ipad-pro-11-3rd-gen-2021
iPad Pro 11 3rd Gen (2021)_128GB_Wi-Fi_Minor Damage,65.0,https://www.ocbuyback.com/sell/tablet/apple/ipad-pro-11-3rd-gen-2021
iPad Pro 11 3rd Gen (2021)_128GB_Wi-Fi_Broken,10.0,https://www.ocbuyback.com/sell/tablet/apple/ipad-pro-11-3rd-gen-2021
iPad Pro 11 3rd Gen (2021)_128GB_Wi-Fi + Cellular_Flawless,320.0,https://www.ocbuyback.com/sell/tablet/apple/ipad-pro-11-3rd-gen-2021
iPad Pro 11 3rd Gen (2021)_128GB_Wi-Fi + Cellular_Good ,290.0,https://www.ocbuyback.com/sell/tablet/apple/ipad-pro-11-3rd-gen-2021
iPad Pro 11 3rd Gen (2021)_128GB_Wi-Fi + Cellular_Fair,235.0,https://www.ocbuyback.com/sell/tablet/apple/ipad-pro-11-3rd-gen-2021
iPad Pro 11 3rd Gen (2021)_128GB_Wi-Fi + Cellular_Minor Damage,75.0,https://www.ocbuyback.com/sell/tablet/apple/ipad-pro-11-3rd-gen-2021
iPad Pro 11 3rd Gen (2021)_128GB_Wi-Fi + Cellular_Broken,10.0,https://www.ocbuyback.com/sell/tablet/apple/ipad-pro-11-3rd-gen-2021
iPad Pro 11 3rd Gen (2021)_256GB_Wi-Fi_Flawless,310.0,https://www.ocbuyback.com/sell/tablet/apple/ipad-pro-11-3rd-gen-2021
iPad Pro 11 3rd Gen (2021)_256GB_Wi-Fi_Good ,280.0,https://www.ocbuyback.com/sell/tablet/apple/ipad-pro-11-3rd-gen-2021
iPad Pro 11 3rd Gen (2021)_256GB_Wi-Fi_Fair,240.0,https://www.ocbuyback.com/sell/tablet/apple/ipad-pro-11-3rd-gen-2021
iPad Pro 11 3rd Gen (2021)_256GB_Wi-Fi_Minor Damage,65.0,https://www.ocbuyback.com/sell/tablet/apple/ipad-pro-11-3rd-gen-2021
iPad Pro 11 3rd Gen (2021)_256GB_Wi-Fi_Broken,10.0,https://www.ocbuyback.com/sell/tablet/apple/ipad-pro-11-3rd-gen-2021
iPad Pro 11 3rd Gen (2021)_256GB_Wi-Fi + Cellular_Flawless,340.0,https://www.ocbuyback.com/sell/tablet/apple/ipad-pro-11-3rd-gen-2021
iPad Pro 11 3rd Gen (2021)_256GB_Wi-Fi + Cellular_Good ,310.0,https://www.ocbuyback.com/sell/tablet/apple/ipad-pro-11-3rd-gen-2021
iPad Pro 11 3rd Gen (2021)_256GB_Wi-Fi + Cellular_Fair,270.0,https://www.ocbuyback.com/sell/tablet/apple/ipad-pro-11-3rd-gen-2021
iPad Pro 11 3rd Gen (2021)_256GB_Wi-Fi + Cellular_Minor Damage,85.0,https://www.ocbuyback.com/sell/tablet/apple/ipad-pro-11-3rd-gen-2021
iPad Pro 11 3rd Gen (2021)_256GB_Wi-Fi + Cellular_Broken,10.0,https://www.ocbuyback.com/sell/tablet/apple/ipad-pro-11-3rd-gen-2021
iPad Pro 11 3rd Gen (2021)_512GB_Wi-Fi_Flawless,350.0,https://www.ocbuyback.com/sell/tablet/apple/ipad-pro-11-3rd-gen-2021
iPad Pro 11 3rd Gen (2021)_512GB_Wi-Fi_Good ,320.0,https://www.ocbuyback.com/sell/tablet/apple/ipad-pro-11-3rd-gen-2021
iPad Pro 11 3rd Gen (2021)_512GB_Wi-Fi_Fair,265.0,https://www.ocbuyback.com/sell/tablet/apple/ipad-pro-11-3rd-gen-2021
iPad Pro 11 3rd Gen (2021)_512GB_Wi-Fi_Minor Damage,60.0,https://www.ocbuyback.com/sell/tablet/apple/ipad-pro-11-3rd-gen-2021
iPad Pro 11 3rd Gen (2021)_512GB_Wi-Fi_Broken,10.0,https://www.ocbuyback.com/sell/tablet/apple/ipad-pro-11-3rd-gen-2021
iPad Pro 11 3rd Gen (2021)_512GB_Wi-Fi + Cellular_Flawless,380.0,https://www.ocbuyback.com/sell/tablet/apple/ipad-pro-11-3rd-gen-2021
iPad Pro 11 3rd Gen (2021)_512GB_Wi-Fi + Cellular_Good ,350.0,https://www.ocbuyback.com/sell/tablet/apple/ipad-pro-11-3rd-gen-2021
iPad Pro 11 3rd Gen (2021)_512GB_Wi-Fi + Cellular_Fair,295.0,https://www.ocbuyback.com/sell/tablet/apple/ipad-pro-11-3rd-gen-2021
iPad Pro 11 3rd Gen (2021)_512GB_Wi-Fi + Cellular_Minor Damage,100.0,https://www.ocbuyback.com/sell/tablet/apple/ipad-pro-11-3rd-gen-2021
iPad Pro 11 3rd Gen (2021)_512GB_Wi-Fi + Cellular_Broken,10.0,https://www.ocbuyback.com/sell/tablet/apple/ipad-pro-11-3rd-gen-2021
iPad Pro 11 3rd Gen (2021)_1TB_Wi-Fi_Flawless,390.0,https://www.ocbuyback.com/sell/tablet/apple/ipad-pro-11-3rd-gen-2021
iPad Pro 11 3rd Gen (2021)_1TB_Wi-Fi_Good ,360.0,https://www.ocbuyback.com/sell/tablet/apple/ipad-pro-11-3rd-gen-2021
iPad Pro 11 3rd Gen (2021)_1TB_Wi-Fi_Fair,305.0,https://www.ocbuyback.com/sell/tablet/apple/ipad-pro-11-3rd-gen-2021
iPad Pro 11 3rd Gen (2021)_1TB_Wi-Fi_Minor Damage,65.0,https://www.ocbuyback.com/sell/tablet/apple/ipad-pro-11-3rd-gen-2021
iPad Pro 11 3rd Gen (2021)_1TB_Wi-Fi_Broken,10.0,https://www.ocbuyback.com/sell/tablet/apple/ipad-pro-11-3rd-gen-2021
iPad Pro 11 3rd Gen (2021)_1TB_Wi-Fi + Cellular_Flawless,420.0,https://www.ocbuyback.com/sell/tablet/apple/ipad-pro-11-3rd-gen-2021
iPad Pro 11 3rd Gen (2021)_1TB_Wi-Fi + Cellular_Good ,390.0,https://www.ocbuyback.com/sell/tablet/apple/ipad-pro-11-3rd-gen-2021
iPad Pro 11 3rd Gen (2021)_1TB_Wi-Fi + Cellular_Fair,335.0,https://www.ocbuyback.com/sell/tablet/apple/ipad-pro-11-3rd-gen-2021
iPad Pro 11 3rd Gen (2021)_1TB_Wi-Fi + Cellular_Minor Damage,105.0,https://www.ocbuyback.com/sell/tablet/apple/ipad-pro-11-3rd-gen-2021
iPad Pro 11 3rd Gen (2021)_1TB_Wi-Fi + Cellular_Broken,10.0,https://www.ocbuyback.com/sell/tablet/apple/ipad-pro-11-3rd-gen-2021
iPad Pro 11 3rd Gen (2021)_2TB_Wi-Fi_Flawless,440.0,https://www.ocbuyback.com/sell/tablet/apple/ipad-pro-11-3rd-gen-2021
iPad Pro 11 3rd Gen (2021)_2TB_Wi-Fi_Good ,410.0,https://www.ocbuyback.com/sell/tablet/apple/ipad-pro-11-3rd-gen-2021
iPad Pro 11 3rd Gen (2021)_2TB_Wi-Fi_Fair,355.0,https://www.ocbuyback.com/sell/tablet/apple/ipad-pro-11-3rd-gen-2021
iPad Pro 11 3rd Gen (2021)_2TB_Wi-Fi_Minor Damage,85.0,https://www.ocbuyback.com/sell/tablet/apple/ipad-pro-11-3rd-gen-2021
iPad Pro 11 3rd Gen (2021)_2TB_Wi-Fi_Broken,10.0,https://www.ocbuyback.com/sell/tablet/apple/ipad-pro-11-3rd-gen-2021
iPad Pro 11 3rd Gen (2021)_2TB_Wi-Fi + Cellular_Flawless,470.0,https://www.ocbuyback.com/sell/tablet/apple/ipad-pro-11-3rd-gen-2021
iPad Pro 11 3rd Gen (2021)_2TB_Wi-Fi + Cellular_Good ,440.0,https://www.ocbuyback.com/sell/tablet/apple/ipad-pro-11-3rd-gen-2021
iPad Pro 11 3rd Gen (2021)_2TB_Wi-Fi + Cellular_Fair,385.0,https://www.ocbuyback.com/sell/tablet/apple/ipad-pro-11-3rd-gen-2021
iPad Pro 11 3rd Gen (2021)_2TB_Wi-Fi + Cellular_Minor Damage,125.0,https://www.ocbuyback.com/sell/tablet/apple/ipad-pro-11-3rd-gen-2021
iPad Pro 11 3rd Gen (2021)_2TB_Wi-Fi + Cellular_Broken,10.0,https://www.ocbuyback.com/sell/tablet/apple/ipad-pro-11-3rd-gen-2021
iPad 10.9 10th Gen (2022)_64GB_Wi-Fi_Brand New,160.0,https://www.ocbuyback.com/sell/tablet/apple/ipad-10-9-10th-gen-2022
iPad 10.9 10th Gen (2022)_64GB_Wi-Fi_Flawless,140.0,https://www.ocbuyback.com/sell/tablet/apple/ipad-10-9-10th-gen-2022
iPad 10.9 10th Gen (2022)_64GB_Wi-Fi_Good ,110.0,https://www.ocbuyback.com/sell/tablet/apple/ipad-10-9-10th-gen-2022
iPad 10.9 10th Gen (2022)_64GB_Wi-Fi_Fair,70.0,https://www.ocbuyback.com/sell/tablet/apple/ipad-10-9-10th-gen-2022
iPad 10.9 10th Gen (2022)_64GB_Wi-Fi_Minor Damage,25.0,https://www.ocbuyback.com/sell/tablet/apple/ipad-10-9-10th-gen-2022
iPad 10.9 10th Gen (2022)_64GB_Wi-Fi_Broken,10.0,https://www.ocbuyback.com/sell/tablet/apple/ipad-10-9-10th-gen-2022
iPad 10.9 10th Gen (2022)_64GB_Wi-Fi + Cellular_Brand New,190.0,https://www.ocbuyback.com/sell/tablet/apple/ipad-10-9-10th-gen-2022
iPad 10.9 10th Gen (2022)_64GB_Wi-Fi + Cellular_Flawless,170.0,https://www.ocbuyback.com/sell/tablet/apple/ipad-10-9-10th-gen-2022
iPad 10.9 10th Gen (2022)_64GB_Wi-Fi + Cellular_Good ,140.0,https://www.ocbuyback.com/sell/tablet/apple/ipad-10-9-10th-gen-2022
iPad 10.9 10th Gen (2022)_64GB_Wi-Fi + Cellular_Fair,100.0,https://www.ocbuyback.com/sell/tablet/apple/ipad-10-9-10th-gen-2022
iPad 10.9 10th Gen (2022)_64GB_Wi-Fi + Cellular_Minor Damage,35.0,https://www.ocbuyback.com/sell/tablet/apple/ipad-10-9-10th-gen-2022
iPad 10.9 10th Gen (2022)_64GB_Wi-Fi + Cellular_Broken,10.0,https://www.ocbuyback.com/sell/tablet/apple/ipad-10-9-10th-gen-2022
iPad 10.9 10th Gen (2022)_256GB_Wi-Fi_Brand New,190.0,https://www.ocbuyback.com/sell/tablet/apple/ipad-10-9-10th-gen-2022
iPad 10.9 10th Gen (2022)_256GB_Wi-Fi_Flawless,170.0,https://www.ocbuyback.com/sell/tablet/apple/ipad-10-9-10th-gen-2022
iPad 10.9 10th Gen (2022)_256GB_Wi-Fi_Good ,140.0,https://www.ocbuyback.com/sell/tablet/apple/ipad-10-9-10th-gen-2022
iPad 10.9 10th Gen (2022)_256GB_Wi-Fi_Fair,100.0,https://www.ocbuyback.com/sell/tablet/apple/ipad-10-9-10th-gen-2022
iPad 10.9 10th Gen (2022)_256GB_Wi-Fi_Minor Damage,35.0,https://www.ocbuyback.com/sell/tablet/apple/ipad-10-9-10th-gen-2022
iPad 10.9 10th Gen (2022)_256GB_Wi-Fi_Broken,10.0,https://www.ocbuyback.com/sell/tablet/apple/ipad-10-9-10th-gen-2022
iPad 10.9 10th Gen (2022)_256GB_Wi-Fi + Cellular_Brand New,220.0,https://www.ocbuyback.com/sell/tablet/apple/ipad-10-9-10th-gen-2022
iPad 10.9 10th Gen (2022)_256GB_Wi-Fi + Cellular_Flawless,200.0,https://www.ocbuyback.com/sell/tablet/apple/ipad-10-9-10th-gen-2022
iPad 10.9 10th Gen (2022)_256GB_Wi-Fi + Cellular_Good ,170.0,https://www.ocbuyback.com/sell/tablet/apple/ipad-10-9-10th-gen-2022
iPad 10.9 10th Gen (2022)_256GB_Wi-Fi + Cellular_Fair,130.0,https://www.ocbuyback.com/sell/tablet/apple/ipad-10-9-10th-gen-2022
iPad 10.9 10th Gen (2022)_256GB_Wi-Fi + Cellular_Minor Damage,45.0,https://www.ocbuyback.com/sell/tablet/apple/ipad-10-9-10th-gen-2022
iPad 10.9 10th Gen (2022)_256GB_Wi-Fi + Cellular_Broken,10.0,https://www.ocbuyback.com/sell/tablet/apple/ipad-10-9-10th-gen-2022
iPad Pro 11 4th Gen (2022)_128GB_Wi-Fi_Brand New,420.0,https://www.ocbuyback.com/sell/tablet/apple/ipad-pro-11-4th-gen-2022
iPad Pro 11 4th Gen (2022)_128GB_Wi-Fi_Flawless,370.0,https://www.ocbuyback.com/sell/tablet/apple/ipad-pro-11-4th-gen-2022
iPad Pro 11 4th Gen (2022)_128GB_Wi-Fi_Good ,330.0,https://www.ocbuyback.com/sell/tablet/apple/ipad-pro-11-4th-gen-2022
iPad Pro 11 4th Gen (2022)_128GB_Wi-Fi_Fair,285.0,https://www.ocbuyback.com/sell/tablet/apple/ipad-pro-11-4th-gen-2022
iPad Pro 11 4th Gen (2022)_128GB_Wi-Fi_Minor Damage,155.0,https://www.ocbuyback.com/sell/tablet/apple/ipad-pro-11-4th-gen-2022
iPad Pro 11 4th Gen (2022)_128GB_Wi-Fi_Broken,30.0,https://www.ocbuyback.com/sell/tablet/apple/ipad-pro-11-4th-gen-2022
iPad Pro 11 4th Gen (2022)_128GB_Wi-Fi + Cellular_Brand New,450.0,https://www.ocbuyback.com/sell/tablet/apple/ipad-pro-11-4th-gen-2022
iPad Pro 11 4th Gen (2022)_128GB_Wi-Fi + Cellular_Flawless,400.0,https://www.ocbuyback.com/sell/tablet/apple/ipad-pro-11-4th-gen-2022
iPad Pro 11 4th Gen (2022)_128GB_Wi-Fi + Cellular_Good ,360.0,https://www.ocbuyback.com/sell/tablet/apple/ipad-pro-11-4th-gen-2022
iPad Pro 11 4th Gen (2022)_128GB_Wi-Fi + Cellular_Fair,315.0,https://www.ocbuyback.com/sell/tablet/apple/ipad-pro-11-4th-gen-2022
iPad Pro 11 4th Gen (2022)_128GB_Wi-Fi + Cellular_Minor Damage,175.0,https://www.ocbuyback.com/sell/tablet/apple/ipad-pro-11-4th-gen-2022
iPad Pro 11 4th Gen (2022)_128GB_Wi-Fi + Cellular_Broken,30.0,https://www.ocbuyback.com/sell/tablet/apple/ipad-pro-11-4th-gen-2022
iPad Pro 11 4th Gen (2022)_256GB_Wi-Fi_Brand New,470.0,https://www.ocbuyback.com/sell/tablet/apple/ipad-pro-11-4th-gen-2022
iPad Pro 11 4th Gen (2022)_256GB_Wi-Fi_Flawless,420.0,https://www.ocbuyback.com/sell/tablet/apple/ipad-pro-11-4th-gen-2022
iPad Pro 11 4th Gen (2022)_256GB_Wi-Fi_Good ,380.0,https://www.ocbuyback.com/sell/tablet/apple/ipad-pro-11-4th-gen-2022
iPad Pro 11 4th Gen (2022)_256GB_Wi-Fi_Fair,335.0,https://www.ocbuyback.com/sell/tablet/apple/ipad-pro-11-4th-gen-2022
iPad Pro 11 4th Gen (2022)_256GB_Wi-Fi_Minor Damage,170.0,https://www.ocbuyback.com/sell/tablet/apple/ipad-pro-11-4th-gen-2022
iPad Pro 11 4th Gen (2022)_256GB_Wi-Fi_Broken,30.0,https://www.ocbuyback.com/sell/tablet/apple/ipad-pro-11-4th-gen-2022
iPad Pro 11 4th Gen (2022)_256GB_Wi-Fi + Cellular_Brand New,500.0,https://www.ocbuyback.com/sell/tablet/apple/ipad-pro-11-4th-gen-2022
iPad Pro 11 4th Gen (2022)_256GB_Wi-Fi + Cellular_Flawless,450.0,https://www.ocbuyback.com/sell/tablet/apple/ipad-pro-11-4th-gen-2022
iPad Pro 11 4th Gen (2022)_256GB_Wi-Fi + Cellular_Good ,410.0,https://www.ocbuyback.com/sell/tablet/apple/ipad-pro-11-4th-gen-2022
iPad Pro 11 4th Gen (2022)_256GB_Wi-Fi + Cellular_Fair,365.0,https://www.ocbuyback.com/sell/tablet/apple/ipad-pro-11-4th-gen-2022
iPad Pro 11 4th Gen (2022)_256GB_Wi-Fi + Cellular_Minor Damage,190.0,https://www.ocbuyback.com/sell/tablet/apple/ipad-pro-11-4th-gen-2022
iPad Pro 11 4th Gen (2022)_256GB_Wi-Fi + Cellular_Broken,30.0,https://www.ocbuyback.com/sell/tablet/apple/ipad-pro-11-4th-gen-2022
iPad Pro 11 4th Gen (2022)_512GB_Wi-Fi_Brand New,495.0,https://www.ocbuyback.com/sell/tablet/apple/ipad-pro-11-4th-gen-2022
iPad Pro 11 4th Gen (2022)_512GB_Wi-Fi_Flawless,445.0,https://www.ocbuyback.com/sell/tablet/apple/ipad-pro-11-4th-gen-2022
iPad Pro 11 4th Gen (2022)_512GB_Wi-Fi_Good ,405.0,https://www.ocbuyback.com/sell/tablet/apple/ipad-pro-11-4th-gen-2022
iPad Pro 11 4th Gen (2022)_512GB_Wi-Fi_Fair,360.0,https://www.ocbuyback.com/sell/tablet/apple/ipad-pro-11-4th-gen-2022
iPad Pro 11 4th Gen (2022)_512GB_Wi-Fi_Minor Damage,180.0,https://www.ocbuyback.com/sell/tablet/apple/ipad-pro-11-4th-gen-2022
iPad Pro 11 4th Gen (2022)_512GB_Wi-Fi_Broken,30.0,https://www.ocbuyback.com/sell/tablet/apple/ipad-pro-11-4th-gen-2022
iPad Pro 11 4th Gen (2022)_512GB_Wi-Fi + Cellular_Brand New,525.0,https://www.ocbuyback.com/sell/tablet/apple/ipad-pro-11-4th-gen-2022
iPad Pro 11 4th Gen (2022)_512GB_Wi-Fi + Cellular_Flawless,475.0,https://www.ocbuyback.com/sell/tablet/apple/ipad-pro-11-4th-gen-2022
iPad Pro 11 4th Gen (2022)_512GB_Wi-Fi + Cellular_Good ,435.0,https://www.ocbuyback.com/sell/tablet/apple/ipad-pro-11-4th-gen-2022
iPad Pro 11 4th Gen (2022)_512GB_Wi-Fi + Cellular_Fair,390.0,https://www.ocbuyback.com/sell/tablet/apple/ipad-pro-11-4th-gen-2022
iPad Pro 11 4th Gen (2022)_512GB_Wi-Fi + Cellular_Minor Damage,200.0,https://www.ocbuyback.com/sell/tablet/apple/ipad-pro-11-4th-gen-2022
iPad Pro 11 4th Gen (2022)_512GB_Wi-Fi + Cellular_Broken,30.0,https://www.ocbuyback.com/sell/tablet/apple/ipad-pro-11-4th-gen-2022
iPad Pro 11 4th Gen (2022)_1TB_Wi-Fi_Brand New,570.0,https://www.ocbuyback.com/sell/tablet/apple/ipad-pro-11-4th-gen-2022
iPad Pro 11 4th Gen (2022)_1TB_Wi-Fi_Flawless,520.0,https://www.ocbuyback.com/sell/tablet/apple/ipad-pro-11-4th-gen-2022
iPad Pro 11 4th Gen (2022)_1TB_Wi-Fi_Good ,480.0,https://www.ocbuyback.com/sell/tablet/apple/ipad-pro-11-4th-gen-2022
iPad Pro 11 4th Gen (2022)_1TB_Wi-Fi_Fair,435.0,https://www.ocbuyback.com/sell/tablet/apple/ipad-pro-11-4th-gen-2022
iPad Pro 11 4th Gen (2022)_1TB_Wi-Fi_Minor Damage,195.0,https://www.ocbuyback.com/sell/tablet/apple/ipad-pro-11-4th-gen-2022
iPad Pro 11 4th Gen (2022)_1TB_Wi-Fi_Broken,30.0,https://www.ocbuyback.com/sell/tablet/apple/ipad-pro-11-4th-gen-2022
iPad Pro 11 4th Gen (2022)_1TB_Wi-Fi + Cellular_Brand New,600.0,https://www.ocbuyback.com/sell/tablet/apple/ipad-pro-11-4th-gen-2022
iPad Pro 11 4th Gen (2022)_1TB_Wi-Fi + Cellular_Flawless,550.0,https://www.ocbuyback.com/sell/tablet/apple/ipad-pro-11-4th-gen-2022
iPad Pro 11 4th Gen (2022)_1TB_Wi-Fi + Cellular_Good ,510.0,https://www.ocbuyback.com/sell/tablet/apple/ipad-pro-11-4th-gen-2022
iPad Pro 11 4th Gen (2022)_1TB_Wi-Fi + Cellular_Fair,465.0,https://www.ocbuyback.com/sell/tablet/apple/ipad-pro-11-4th-gen-2022
iPad Pro 11 4th Gen (2022)_1TB_Wi-Fi + Cellular_Minor Damage,215.0,https://www.ocbuyback.com/sell/tablet/apple/ipad-pro-11-4th-gen-2022
iPad Pro 11 4th Gen (2022)_1TB_Wi-Fi + Cellular_Broken,30.0,https://www.ocbuyback.com/sell/tablet/apple/ipad-pro-11-4th-gen-2022
iPad Pro 11 4th Gen (2022)_2TB_Wi-Fi_Brand New,620.0,https://www.ocbuyback.com/sell/tablet/apple/ipad-pro-11-4th-gen-2022
iPad Pro 11 4th Gen (2022)_2TB_Wi-Fi_Flawless,570.0,https://www.ocbuyback.com/sell/tablet/apple/ipad-pro-11-4th-gen-2022
iPad Pro 11 4th Gen (2022)_2TB_Wi-Fi_Good ,530.0,https://www.ocbuyback.com/sell/tablet/apple/ipad-pro-11-4th-gen-2022
iPad Pro 11 4th Gen (2022)_2TB_Wi-Fi_Fair,485.0,https://www.ocbuyback.com/sell/tablet/apple/ipad-pro-11-4th-gen-2022
iPad Pro 11 4th Gen (2022)_2TB_Wi-Fi_Minor Damage,215.0,https://www.ocbuyback.com/sell/tablet/apple/ipad-pro-11-4th-gen-2022
iPad Pro 11 4th Gen (2022)_2TB_Wi-Fi_Broken,30.0,https://www.ocbuyback.com/sell/tablet/apple/ipad-pro-11-4th-gen-2022
iPad Pro 11 4th Gen (2022)_2TB_Wi-Fi + Cellular_Brand New,650.0,https://www.ocbuyback.com/sell/tablet/apple/ipad-pro-11-4th-gen-2022
iPad Pro 11 4th Gen (2022)_2TB_Wi-Fi + Cellular_Flawless,600.0,https://www.ocbuyback.com/sell/tablet/apple/ipad-pro-11-4th-gen-2022
iPad Pro 11 4th Gen (2022)_2TB_Wi-Fi + Cellular_Good ,560.0,https://www.ocbuyback.com/sell/tablet/apple/ipad-pro-11-4th-gen-2022
iPad Pro 11 4th Gen (2022)_2TB_Wi-Fi + Cellular_Fair,515.0,https://www.ocbuyback.com/sell/tablet/apple/ipad-pro-11-4th-gen-2022
iPad Pro 11 4th Gen (2022)_2TB_Wi-Fi + Cellular_Minor Damage,235.0,https://www.ocbuyback.com/sell/tablet/apple/ipad-pro-11-4th-gen-2022
iPad Pro 11 4th Gen (2022)_2TB_Wi-Fi + Cellular_Broken,30.0,https://www.ocbuyback.com/sell/tablet/apple/ipad-pro-11-4th-gen-2022
iPad Pro 13 M4 Standard Glass (2024)_256GB_Wi-Fi_Brand New,580.0,https://www.ocbuyback.com/sell/tablet/apple/ipad-pro-13-m4-standard-glass-2024
iPad Pro 13 M4 Standard Glass (2024)_256GB_Wi-Fi_Flawless,530.0,https://www.ocbuyback.com/sell/tablet/apple/ipad-pro-13-m4-standard-glass-2024
iPad Pro 13 M4 Standard Glass (2024)_256GB_Wi-Fi_Good ,480.0,https://www.ocbuyback.com/sell/tablet/apple/ipad-pro-13-m4-standard-glass-2024
iPad Pro 13 M4 Standard Glass (2024)_256GB_Wi-Fi_Fair,425.0,https://www.ocbuyback.com/sell/tablet/apple/ipad-pro-13-m4-standard-glass-2024
iPad Pro 13 M4 Standard Glass (2024)_256GB_Wi-Fi_Minor Damage,200.0,https://www.ocbuyback.com/sell/tablet/apple/ipad-pro-13-m4-standard-glass-2024
iPad Pro 13 M4 Standard Glass (2024)_256GB_Wi-Fi_Broken,50.0,https://www.ocbuyback.com/sell/tablet/apple/ipad-pro-13-m4-standard-glass-2024
iPad Pro 13 M4 Standard Glass (2024)_256GB_Wi-Fi + Cellular_Brand New,610.0,https://www.ocbuyback.com/sell/tablet/apple/ipad-pro-13-m4-standard-glass-2024
iPad Pro 13 M4 Standard Glass (2024)_256GB_Wi-Fi + Cellular_Flawless,560.0,https://www.ocbuyback.com/sell/tablet/apple/ipad-pro-13-m4-standard-glass-2024
iPad Pro 13 M4 Standard Glass (2024)_256GB_Wi-Fi + Cellular_Good ,510.0,https://www.ocbuyback.com/sell/tablet/apple/ipad-pro-13-m4-standard-glass-2024
iPad Pro 13 M4 Standard Glass (2024)_256GB_Wi-Fi + Cellular_Fair,455.0,https://www.ocbuyback.com/sell/tablet/apple/ipad-pro-13-m4-standard-glass-2024
iPad Pro 13 M4 Standard Glass (2024)_256GB_Wi-Fi + Cellular_Minor Damage,225.0,https://www.ocbuyback.com/sell/tablet/apple/ipad-pro-13-m4-standard-glass-2024
iPad Pro 13 M4 Standard Glass (2024)_256GB_Wi-Fi + Cellular_Broken,50.0,https://www.ocbuyback.com/sell/tablet/apple/ipad-pro-13-m4-standard-glass-2024
iPad Pro 13 M4 Standard Glass (2024)_512GB_Wi-Fi_Brand New,640.0,https://www.ocbuyback.com/sell/tablet/apple/ipad-pro-13-m4-standard-glass-2024
iPad Pro 13 M4 Standard Glass (2024)_512GB_Wi-Fi_Flawless,590.0,https://www.ocbuyback.com/sell/tablet/apple/ipad-pro-13-m4-standard-glass-2024
iPad Pro 13 M4 Standard Glass (2024)_512GB_Wi-Fi_Good ,540.0,https://www.ocbuyback.com/sell/tablet/apple/ipad-pro-13-m4-standard-glass-2024
iPad Pro 13 M4 Standard Glass (2024)_512GB_Wi-Fi_Fair,485.0,https://www.ocbuyback.com/sell/tablet/apple/ipad-pro-13-m4-standard-glass-2024
iPad Pro 13 M4 Standard Glass (2024)_512GB_Wi-Fi_Minor Damage,225.0,https://www.ocbuyback.com/sell/tablet/apple/ipad-pro-13-m4-standard-glass-2024
iPad Pro 13 M4 Standard Glass (2024)_512GB_Wi-Fi_Broken,50.0,https://www.ocbuyback.com/sell/tablet/apple/ipad-pro-13-m4-standard-glass-2024
iPad Pro 13 M4 Standard Glass (2024)_512GB_Wi-Fi + Cellular_Brand New,670.0,https://www.ocbuyback.com/sell/tablet/apple/ipad-pro-13-m4-standard-glass-2024
iPad Pro 13 M4 Standard Glass (2024)_512GB_Wi-Fi + Cellular_Flawless,620.0,https://www.ocbuyback.com/sell/tablet/apple/ipad-pro-13-m4-standard-glass-2024
iPad Pro 13 M4 Standard Glass (2024)_512GB_Wi-Fi + Cellular_Good ,570.0,https://www.ocbuyback.com/sell/tablet/apple/ipad-pro-13-m4-standard-glass-2024
iPad Pro 13 M4 Standard Glass (2024)_512GB_Wi-Fi + Cellular_Fair,515.0,https://www.ocbuyback.com/sell/tablet/apple/ipad-pro-13-m4-standard-glass-2024
iPad Pro 13 M4 Standard Glass (2024)_512GB_Wi-Fi + Cellular_Minor Damage,250.0,https://www.ocbuyback.com/sell/tablet/apple/ipad-pro-13-m4-standard-glass-2024
iPad Pro 13 M4 Standard Glass (2024)_512GB_Wi-Fi + Cellular_Broken,50.0,https://www.ocbuyback.com/sell/tablet/apple/ipad-pro-13-m4-standard-glass-2024
iPad Pro 13 M4 Standard Glass (2024)_1TB_Wi-Fi_Brand New,700.0,https://www.ocbuyback.com/sell/tablet/apple/ipad-pro-13-m4-standard-glass-2024
iPad Pro 13 M4 Standard Glass (2024)_1TB_Wi-Fi_Flawless,650.0,https://www.ocbuyback.com/sell/tablet/apple/ipad-pro-13-m4-standard-glass-2024
iPad Pro 13 M4 Standard Glass (2024)_1TB_Wi-Fi_Good ,600.0,https://www.ocbuyback.com/sell/tablet/apple/ipad-pro-13-m4-standard-glass-2024
iPad Pro 13 M4 Standard Glass (2024)_1TB_Wi-Fi_Fair,545.0,https://www.ocbuyback.com/sell/tablet/apple/ipad-pro-13-m4-standard-glass-2024
iPad Pro 13 M4 Standard Glass (2024)_1TB_Wi-Fi_Minor Damage,250.0,https://www.ocbuyback.com/sell/tablet/apple/ipad-pro-13-m4-standard-glass-2024
iPad Pro 13 M4 Standard Glass (2024)_1TB_Wi-Fi_Broken,50.0,https://www.ocbuyback.com/sell/tablet/apple/ipad-pro-13-m4-standard-glass-2024
iPad Pro 13 M4 Standard Glass (2024)_1TB_Wi-Fi + Cellular_Brand New,730.0,https://www.ocbuyback.com/sell/tablet/apple/ipad-pro-13-m4-standard-glass-2024
iPad Pro 13 M4 Standard Glass (2024)_1TB_Wi-Fi + Cellular_Flawless,680.0,https://www.ocbuyback.com/sell/tablet/apple/ipad-pro-13-m4-standard-glass-2024
iPad Pro 13 M4 Standard Glass (2024)_1TB_Wi-Fi + Cellular_Good ,630.0,https://www.ocbuyback.com/sell/tablet/apple/ipad-pro-13-m4-standard-glass-2024
iPad Pro 13 M4 Standard Glass (2024)_1TB_Wi-Fi + Cellular_Fair,575.0,https://www.ocbuyback.com/sell/tablet/apple/ipad-pro-13-m4-standard-glass-2024
iPad Pro 13 M4 Standard Glass (2024)_1TB_Wi-Fi + Cellular_Minor Damage,275.0,https://www.ocbuyback.com/sell/tablet/apple/ipad-pro-13-m4-standard-glass-2024
iPad Pro 13 M4 Standard Glass (2024)_1TB_Wi-Fi + Cellular_Broken,50.0,https://www.ocbuyback.com/sell/tablet/apple/ipad-pro-13-m4-standard-glass-2024
iPad Pro 13 M4 Standard Glass (2024)_2TB_Wi-Fi_Brand New,810.0,https://www.ocbuyback.com/sell/tablet/apple/ipad-pro-13-m4-standard-glass-2024
iPad Pro 13 M4 Standard Glass (2024)_2TB_Wi-Fi_Flawless,760.0,https://www.ocbuyback.com/sell/tablet/apple/ipad-pro-13-m4-standard-glass-2024
iPad Pro 13 M4 Standard Glass (2024)_2TB_Wi-Fi_Good ,710.0,https://www.ocbuyback.com/sell/tablet/apple/ipad-pro-13-m4-standard-glass-2024
iPad Pro 13 M4 Standard Glass (2024)_2TB_Wi-Fi_Fair,655.0,https://www.ocbuyback.com/sell/tablet/apple/ipad-pro-13-m4-standard-glass-2024
iPad Pro 13 M4 Standard Glass (2024)_2TB_Wi-Fi_Minor Damage,275.0,https://www.ocbuyback.com/sell/tablet/apple/ipad-pro-13-m4-standard-glass-2024
iPad Pro 13 M4 Standard Glass (2024)_2TB_Wi-Fi_Broken,50.0,https://www.ocbuyback.com/sell/tablet/apple/ipad-pro-13-m4-standard-glass-2024
iPad Pro 13 M4 Standard Glass (2024)_2TB_Wi-Fi + Cellular_Brand New,840.0,https://www.ocbuyback.com/sell/tablet/apple/ipad-pro-13-m4-standard-glass-2024
iPad Pro 13 M4 Standard Glass (2024)_2TB_Wi-Fi + Cellular_Flawless,790.0,https://www.ocbuyback.com/sell/tablet/apple/ipad-pro-13-m4-standard-glass-2024
iPad Pro 13 M4 Standard Glass (2024)_2TB_Wi-Fi + Cellular_Good ,740.0,https://www.ocbuyback.com/sell/tablet/apple/ipad-pro-13-m4-standard-glass-2024
iPad Pro 13 M4 Standard Glass (2024)_2TB_Wi-Fi + Cellular_Fair,685.0,https://www.ocbuyback.com/sell/tablet/apple/ipad-pro-13-m4-standard-glass-2024
iPad Pro 13 M4 Standard Glass (2024)_2TB_Wi-Fi + Cellular_Minor Damage,300.0,https://www.ocbuyback.com/sell/tablet/apple/ipad-pro-13-m4-standard-glass-2024
iPad Pro 13 M4 Standard Glass (2024)_2TB_Wi-Fi + Cellular_Broken,50.0,https://www.ocbuyback.com/sell/tablet/apple/ipad-pro-13-m4-standard-glass-2024
iPad Pro 13 M4 Nano-texture Glass (2024)_1TB_Wi-Fi_Brand New,735.0,https://www.ocbuyback.com/sell/tablet/apple/ipad-pro-13-m4-nano-texture-glass-2024
iPad Pro 13 M4 Nano-texture Glass (2024)_1TB_Wi-Fi_Flawless,685.0,https://www.ocbuyback.com/sell/tablet/apple/ipad-pro-13-m4-nano-texture-glass-2024
iPad Pro 13 M4 Nano-texture Glass (2024)_1TB_Wi-Fi_Good ,635.0,https://www.ocbuyback.com/sell/tablet/apple/ipad-pro-13-m4-nano-texture-glass-2024
iPad Pro 13 M4 Nano-texture Glass (2024)_1TB_Wi-Fi_Fair,580.0,https://www.ocbuyback.com/sell/tablet/apple/ipad-pro-13-m4-nano-texture-glass-2024
iPad Pro 13 M4 Nano-texture Glass (2024)_1TB_Wi-Fi_Minor Damage,265.0,https://www.ocbuyback.com/sell/tablet/apple/ipad-pro-13-m4-nano-texture-glass-2024
iPad Pro 13 M4 Nano-texture Glass (2024)_1TB_Wi-Fi_Broken,50.0,https://www.ocbuyback.com/sell/tablet/apple/ipad-pro-13-m4-nano-texture-glass-2024
iPad Pro 13 M4 Nano-texture Glass (2024)_1TB_Wi-Fi + Cellular_Brand New,765.0,https://www.ocbuyback.com/sell/tablet/apple/ipad-pro-13-m4-nano-texture-glass-2024
iPad Pro 13 M4 Nano-texture Glass (2024)_1TB_Wi-Fi + Cellular_Flawless,715.0,https://www.ocbuyback.com/sell/tablet/apple/ipad-pro-13-m4-nano-texture-glass-2024
iPad Pro 13 M4 Nano-texture Glass (2024)_1TB_Wi-Fi + Cellular_Good ,665.0,https://www.ocbuyback.com/sell/tablet/apple/ipad-pro-13-m4-nano-texture-glass-2024
iPad Pro 13 M4 Nano-texture Glass (2024)_1TB_Wi-Fi + Cellular_Fair,610.0,https://www.ocbuyback.com/sell/tablet/apple/ipad-pro-13-m4-nano-texture-glass-2024
iPad Pro 13 M4 Nano-texture Glass (2024)_1TB_Wi-Fi + Cellular_Minor Damage,290.0,https://www.ocbuyback.com/sell/tablet/apple/ipad-pro-13-m4-nano-texture-glass-2024
iPad Pro 13 M4 Nano-texture Glass (2024)_1TB_Wi-Fi + Cellular_Broken,50.0,https://www.ocbuyback.com/sell/tablet/apple/ipad-pro-13-m4-nano-texture-glass-2024
iPad Pro 13 M4 Nano-texture Glass (2024)_2TB_Wi-Fi_Brand New,845.0,https://www.ocbuyback.com/sell/tablet/apple/ipad-pro-13-m4-nano-texture-glass-2024
iPad Pro 13 M4 Nano-texture Glass (2024)_2TB_Wi-Fi_Flawless,795.0,https://www.ocbuyback.com/sell/tablet/apple/ipad-pro-13-m4-nano-texture-glass-2024
iPad Pro 13 M4 Nano-texture Glass (2024)_2TB_Wi-Fi_Good ,745.0,https://www.ocbuyback.com/sell/tablet/apple/ipad-pro-13-m4-nano-texture-glass-2024
iPad Pro 13 M4 Nano-texture Glass (2024)_2TB_Wi-Fi_Fair,690.0,https://www.ocbuyback.com/sell/tablet/apple/ipad-pro-13-m4-nano-texture-glass-2024
iPad Pro 13 M4 Nano-texture Glass (2024)_2TB_Wi-Fi_Minor Damage,290.0,https://www.ocbuyback.com/sell/tablet/apple/ipad-pro-13-m4-nano-texture-glass-2024
iPad Pro 13 M4 Nano-texture Glass (2024)_2TB_Wi-Fi_Broken,50.0,https://www.ocbuyback.com/sell/tablet/apple/ipad-pro-13-m4-nano-texture-glass-2024
iPad Pro 13 M4 Nano-texture Glass (2024)_2TB_Wi-Fi + Cellular_Brand New,875.0,https://www.ocbuyback.com/sell/tablet/apple/ipad-pro-13-m4-nano-texture-glass-2024
iPad Pro 13 M4 Nano-texture Glass (2024)_2TB_Wi-Fi + Cellular_Flawless,825.0,https://www.ocbuyback.com/sell/tablet/apple/ipad-pro-13-m4-nano-texture-glass-2024
iPad Pro 13 M4 Nano-texture Glass (2024)_2TB_Wi-Fi + Cellular_Good ,775.0,https://www.ocbuyback.com/sell/tablet/apple/ipad-pro-13-m4-nano-texture-glass-2024
iPad Pro 13 M4 Nano-texture Glass (2024)_2TB_Wi-Fi + Cellular_Fair,720.0,https://www.ocbuyback.com/sell/tablet/apple/ipad-pro-13-m4-nano-texture-glass-2024
iPad Pro 13 M4 Nano-texture Glass (2024)_2TB_Wi-Fi + Cellular_Minor Damage,315.0,https://www.ocbuyback.com/sell/tablet/apple/ipad-pro-13-m4-nano-texture-glass-2024
iPad Pro 13 M4 Nano-texture Glass (2024)_2TB_Wi-Fi + Cellular_Broken,50.0,https://www.ocbuyback.com/sell/tablet/apple/ipad-pro-13-m4-nano-texture-glass-2024
iPad Pro 11 M4 Standard Glass (2024)_256GB_Wi-Fi_Brand New,550.0,https://www.ocbuyback.com/sell/tablet/apple/ipad-pro-11-m4-standard-glass-2024
iPad Pro 11 M4 Standard Glass (2024)_256GB_Wi-Fi_Flawless,500.0,https://www.ocbuyback.com/sell/tablet/apple/ipad-pro-11-m4-standard-glass-2024
iPad Pro 11 M4 Standard Glass (2024)_256GB_Wi-Fi_Good ,460.0,https://www.ocbuyback.com/sell/tablet/apple/ipad-pro-11-m4-standard-glass-2024
iPad Pro 11 M4 Standard Glass (2024)_256GB_Wi-Fi_Fair,400.0,https://www.ocbuyback.com/sell/tablet/apple/ipad-pro-11-m4-standard-glass-2024
iPad Pro 11 M4 Standard Glass (2024)_256GB_Wi-Fi_Minor Damage,200.0,https://www.ocbuyback.com/sell/tablet/apple/ipad-pro-11-m4-standard-glass-2024
iPad Pro 11 M4 Standard Glass (2024)_256GB_Wi-Fi_Broken,50.0,https://www.ocbuyback.com/sell/tablet/apple/ipad-pro-11-m4-standard-glass-2024
iPad Pro 11 M4 Standard Glass (2024)_256GB_Wi-Fi + Cellular_Brand New,570.0,https://www.ocbuyback.com/sell/tablet/apple/ipad-pro-11-m4-standard-glass-2024
iPad Pro 11 M4 Standard Glass (2024)_256GB_Wi-Fi + Cellular_Flawless,520.0,https://www.ocbuyback.com/sell/tablet/apple/ipad-pro-11-m4-standard-glass-2024
iPad Pro 11 M4 Standard Glass (2024)_256GB_Wi-Fi + Cellular_Good ,480.0,https://www.ocbuyback.com/sell/tablet/apple/ipad-pro-11-m4-standard-glass-2024
iPad Pro 11 M4 Standard Glass (2024)_256GB_Wi-Fi + Cellular_Fair,420.0,https://www.ocbuyback.com/sell/tablet/apple/ipad-pro-11-m4-standard-glass-2024
iPad Pro 11 M4 Standard Glass (2024)_256GB_Wi-Fi + Cellular_Minor Damage,200.0,https://www.ocbuyback.com/sell/tablet/apple/ipad-pro-11-m4-standard-glass-2024
iPad Pro 11 M4 Standard Glass (2024)_256GB_Wi-Fi + Cellular_Broken,50.0,https://www.ocbuyback.com/sell/tablet/apple/ipad-pro-11-m4-standard-glass-2024
iPad Pro 11 M4 Standard Glass (2024)_512GB_Wi-Fi_Brand New,625.0,https://www.ocbuyback.com/sell/tablet/apple/ipad-pro-11-m4-standard-glass-2024
iPad Pro 11 M4 Standard Glass (2024)_512GB_Wi-Fi_Flawless,575.0,https://www.ocbuyback.com/sell/tablet/apple/ipad-pro-11-m4-standard-glass-2024
iPad Pro 11 M4 Standard Glass (2024)_512GB_Wi-Fi_Good ,535.0,https://www.ocbuyback.com/sell/tablet/apple/ipad-pro-11-m4-standard-glass-2024
iPad Pro 11 M4 Standard Glass (2024)_512GB_Wi-Fi_Fair,475.0,https://www.ocbuyback.com/sell/tablet/apple/ipad-pro-11-m4-standard-glass-2024
iPad Pro 11 M4 Standard Glass (2024)_512GB_Wi-Fi_Minor Damage,250.0,https://www.ocbuyback.com/sell/tablet/apple/ipad-pro-11-m4-standard-glass-2024
iPad Pro 11 M4 Standard Glass (2024)_512GB_Wi-Fi_Broken,50.0,https://www.ocbuyback.com/sell/tablet/apple/ipad-pro-11-m4-standard-glass-2024
iPad Pro 11 M4 Standard Glass (2024)_512GB_Wi-Fi + Cellular_Brand New,645.0,https://www.ocbuyback.com/sell/tablet/apple/ipad-pro-11-m4-standard-glass-2024
iPad Pro 11 M4 Standard Glass (2024)_512GB_Wi-Fi + Cellular_Flawless,595.0,https://www.ocbuyback.com/sell/tablet/apple/ipad-pro-11-m4-standard-glass-2024
iPad Pro 11 M4 Standard Glass (2024)_512GB_Wi-Fi + Cellular_Good ,555.0,https://www.ocbuyback.com/sell/tablet/apple/ipad-pro-11-m4-standard-glass-2024
iPad Pro 11 M4 Standard Glass (2024)_512GB_Wi-Fi + Cellular_Fair,495.0,https://www.ocbuyback.com/sell/tablet/apple/ipad-pro-11-m4-standard-glass-2024
iPad Pro 11 M4 Standard Glass (2024)_512GB_Wi-Fi + Cellular_Minor Damage,250.0,https://www.ocbuyback.com/sell/tablet/apple/ipad-pro-11-m4-standard-glass-2024
iPad Pro 11 M4 Standard Glass (2024)_512GB_Wi-Fi + Cellular_Broken,50.0,https://www.ocbuyback.com/sell/tablet/apple/ipad-pro-11-m4-standard-glass-2024
iPad Pro 11 M4 Standard Glass (2024)_1TB_Wi-Fi_Brand New,700.0,https://www.ocbuyback.com/sell/tablet/apple/ipad-pro-11-m4-standard-glass-2024
iPad Pro 11 M4 Standard Glass (2024)_1TB_Wi-Fi_Flawless,650.0,https://www.ocbuyback.com/sell/tablet/apple/ipad-pro-11-m4-standard-glass-2024
iPad Pro 11 M4 Standard Glass (2024)_1TB_Wi-Fi_Good ,610.0,https://www.ocbuyback.com/sell/tablet/apple/ipad-pro-11-m4-standard-glass-2024
iPad Pro 11 M4 Standard Glass (2024)_1TB_Wi-Fi_Fair,550.0,https://www.ocbuyback.com/sell/tablet/apple/ipad-pro-11-m4-standard-glass-2024
iPad Pro 11 M4 Standard Glass (2024)_1TB_Wi-Fi_Minor Damage,300.0,https://www.ocbuyback.com/sell/tablet/apple/ipad-pro-11-m4-standard-glass-2024
iPad Pro 11 M4 Standard Glass (2024)_1TB_Wi-Fi_Broken,50.0,https://www.ocbuyback.com/sell/tablet/apple/ipad-pro-11-m4-standard-glass-2024
iPad Pro 11 M4 Standard Glass (2024)_1TB_Wi-Fi + Cellular_Brand New,720.0,https://www.ocbuyback.com/sell/tablet/apple/ipad-pro-11-m4-standard-glass-2024
iPad Pro 11 M4 Standard Glass (2024)_1TB_Wi-Fi + Cellular_Flawless,670.0,https://www.ocbuyback.com/sell/tablet/apple/ipad-pro-11-m4-standard-glass-2024
iPad Pro 11 M4 Standard Glass (2024)_1TB_Wi-Fi + Cellular_Good ,630.0,https://www.ocbuyback.com/sell/tablet/apple/ipad-pro-11-m4-standard-glass-2024
iPad Pro 11 M4 Standard Glass (2024)_1TB_Wi-Fi + Cellular_Fair,570.0,https://www.ocbuyback.com/sell/tablet/apple/ipad-pro-11-m4-standard-glass-2024
iPad Pro 11 M4 Standard Glass (2024)_1TB_Wi-Fi + Cellular_Minor Damage,300.0,https://www.ocbuyback.com/sell/tablet/apple/ipad-pro-11-m4-standard-glass-2024
iPad Pro 11 M4 Standard Glass (2024)_1TB_Wi-Fi + Cellular_Broken,50.0,https://www.ocbuyback.com/sell/tablet/apple/ipad-pro-11-m4-standard-glass-2024
iPad Pro 11 M4 Standard Glass (2024)_2TB_Wi-Fi_Brand New,775.0,https://www.ocbuyback.com/sell/tablet/apple/ipad-pro-11-m4-standard-glass-2024
iPad Pro 11 M4 Standard Glass (2024)_2TB_Wi-Fi_Flawless,725.0,https://www.ocbuyback.com/sell/tablet/apple/ipad-pro-11-m4-standard-glass-2024
iPad Pro 11 M4 Standard Glass (2024)_2TB_Wi-Fi_Good ,685.0,https://www.ocbuyback.com/sell/tablet/apple/ipad-pro-11-m4-standard-glass-2024
iPad Pro 11 M4 Standard Glass (2024)_2TB_Wi-Fi_Fair,625.0,https://www.ocbuyback.com/sell/tablet/apple/ipad-pro-11-m4-standard-glass-2024
iPad Pro 11 M4 Standard Glass (2024)_2TB_Wi-Fi_Minor Damage,350.0,https://www.ocbuyback.com/sell/tablet/apple/ipad-pro-11-m4-standard-glass-2024
iPad Pro 11 M4 Standard Glass (2024)_2TB_Wi-Fi_Broken,50.0,https://www.ocbuyback.com/sell/tablet/apple/ipad-pro-11-m4-standard-glass-2024
iPad Pro 11 M4 Standard Glass (2024)_2TB_Wi-Fi + Cellular_Brand New,795.0,https://www.ocbuyback.com/sell/tablet/apple/ipad-pro-11-m4-standard-glass-2024
iPad Pro 11 M4 Standard Glass (2024)_2TB_Wi-Fi + Cellular_Flawless,745.0,https://www.ocbuyback.com/sell/tablet/apple/ipad-pro-11-m4-standard-glass-2024
iPad Pro 11 M4 Standard Glass (2024)_2TB_Wi-Fi + Cellular_Good ,705.0,https://www.ocbuyback.com/sell/tablet/apple/ipad-pro-11-m4-standard-glass-2024
iPad Pro 11 M4 Standard Glass (2024)_2TB_Wi-Fi + Cellular_Fair,645.0,https://www.ocbuyback.com/sell/tablet/apple/ipad-pro-11-m4-standard-glass-2024
iPad Pro 11 M4 Standard Glass (2024)_2TB_Wi-Fi + Cellular_Minor Damage,350.0,https://www.ocbuyback.com/sell/tablet/apple/ipad-pro-11-m4-standard-glass-2024
iPad Pro 11 M4 Standard Glass (2024)_2TB_Wi-Fi + Cellular_Broken,50.0,https://www.ocbuyback.com/sell/tablet/apple/ipad-pro-11-m4-standard-glass-2024
iPad Pro 11 M4 Nano-texture Glass (2024)_1TB_Wi-Fi_Brand New,735.0,https://www.ocbuyback.com/sell/tablet/apple/ipad-pro-11-m4-nano-texture-glass-2024
iPad Pro 11 M4 Nano-texture Glass (2024)_1TB_Wi-Fi_Flawless,685.0,https://www.ocbuyback.com/sell/tablet/apple/ipad-pro-11-m4-nano-texture-glass-2024
iPad Pro 11 M4 Nano-texture Glass (2024)_1TB_Wi-Fi_Good ,645.0,https://www.ocbuyback.com/sell/tablet/apple/ipad-pro-11-m4-nano-texture-glass-2024
iPad Pro 11 M4 Nano-texture Glass (2024)_1TB_Wi-Fi_Fair,585.0,https://www.ocbuyback.com/sell/tablet/apple/ipad-pro-11-m4-nano-texture-glass-2024
iPad Pro 11 M4 Nano-texture Glass (2024)_1TB_Wi-Fi_Minor Damage,315.0,https://www.ocbuyback.com/sell/tablet/apple/ipad-pro-11-m4-nano-texture-glass-2024
iPad Pro 11 M4 Nano-texture Glass (2024)_1TB_Wi-Fi_Broken,50.0,https://www.ocbuyback.com/sell/tablet/apple/ipad-pro-11-m4-nano-texture-glass-2024
iPad Pro 11 M4 Nano-texture Glass (2024)_1TB_Wi-Fi + Cellular_Brand New,755.0,https://www.ocbuyback.com/sell/tablet/apple/ipad-pro-11-m4-nano-texture-glass-2024
iPad Pro 11 M4 Nano-texture Glass (2024)_1TB_Wi-Fi + Cellular_Flawless,705.0,https://www.ocbuyback.com/sell/tablet/apple/ipad-pro-11-m4-nano-texture-glass-2024
iPad Pro 11 M4 Nano-texture Glass (2024)_1TB_Wi-Fi + Cellular_Good ,665.0,https://www.ocbuyback.com/sell/tablet/apple/ipad-pro-11-m4-nano-texture-glass-2024
iPad Pro 11 M4 Nano-texture Glass (2024)_1TB_Wi-Fi + Cellular_Fair,605.0,https://www.ocbuyback.com/sell/tablet/apple/ipad-pro-11-m4-nano-texture-glass-2024
iPad Pro 11 M4 Nano-texture Glass (2024)_1TB_Wi-Fi + Cellular_Minor Damage,315.0,https://www.ocbuyback.com/sell/tablet/apple/ipad-pro-11-m4-nano-texture-glass-2024
iPad Pro 11 M4 Nano-texture Glass (2024)_1TB_Wi-Fi + Cellular_Broken,50.0,https://www.ocbuyback.com/sell/tablet/apple/ipad-pro-11-m4-nano-texture-glass-2024
iPad Pro 11 M4 Nano-texture Glass (2024)_2TB_Wi-Fi_Brand New,810.0,https://www.ocbuyback.com/sell/tablet/apple/ipad-pro-11-m4-nano-texture-glass-2024
iPad Pro 11 M4 Nano-texture Glass (2024)_2TB_Wi-Fi_Flawless,760.0,https://www.ocbuyback.com/sell/tablet/apple/ipad-pro-11-m4-nano-texture-glass-2024
iPad Pro 11 M4 Nano-texture Glass (2024)_2TB_Wi-Fi_Good ,720.0,https://www.ocbuyback.com/sell/tablet/apple/ipad-pro-11-m4-nano-texture-glass-2024
iPad Pro 11 M4 Nano-texture Glass (2024)_2TB_Wi-Fi_Fair,660.0,https://www.ocbuyback.com/sell/tablet/apple/ipad-pro-11-m4-nano-texture-glass-2024
iPad Pro 11 M4 Nano-texture Glass (2024)_2TB_Wi-Fi_Minor Damage,365.0,https://www.ocbuyback.com/sell/tablet/apple/ipad-pro-11-m4-nano-texture-glass-2024
iPad Pro 11 M4 Nano-texture Glass (2024)_2TB_Wi-Fi_Broken,50.0,https://www.ocbuyback.com/sell/tablet/apple/ipad-pro-11-m4-nano-texture-glass-2024
iPad Pro 11 M4 Nano-texture Glass (2024)_2TB_Wi-Fi + Cellular_Brand New,830.0,https://www.ocbuyback.com/sell/tablet/apple/ipad-pro-11-m4-nano-texture-glass-2024
iPad Pro 11 M4 Nano-texture Glass (2024)_2TB_Wi-Fi + Cellular_Flawless,780.0,https://www.ocbuyback.com/sell/tablet/apple/ipad-pro-11-m4-nano-texture-glass-2024
iPad Pro 11 M4 Nano-texture Glass (2024)_2TB_Wi-Fi + Cellular_Good ,740.0,https://www.ocbuyback.com/sell/tablet/apple/ipad-pro-11-m4-nano-texture-glass-2024
iPad Pro 11 M4 Nano-texture Glass (2024)_2TB_Wi-Fi + Cellular_Fair,680.0,https://www.ocbuyback.com/sell/tablet/apple/ipad-pro-11-m4-nano-texture-glass-2024
iPad Pro 11 M4 Nano-texture Glass (2024)_2TB_Wi-Fi + Cellular_Minor Damage,365.0,https://www.ocbuyback.com/sell/tablet/apple/ipad-pro-11-m4-nano-texture-glass-2024
iPad Pro 11 M4 Nano-texture Glass (2024)_2TB_Wi-Fi + Cellular_Broken,50.0,https://www.ocbuyback.com/sell/tablet/apple/ipad-pro-11-m4-nano-texture-glass-2024
iPad Air 11 M2 (2024)_128GB_Wi-Fi_Brand New,340.0,https://www.ocbuyback.com/sell/tablet/apple/ipad-air-11-m2-2024
iPad Air 11 M2 (2024)_128GB_Wi-Fi_Flawless,290.0,https://www.ocbuyback.com/sell/tablet/apple/ipad-air-11-m2-2024
iPad Air 11 M2 (2024)_128GB_Wi-Fi_Good ,255.0,https://www.ocbuyback.com/sell/tablet/apple/ipad-air-11-m2-2024
iPad Air 11 M2 (2024)_128GB_Wi-Fi_Fair,185.0,https://www.ocbuyback.com/sell/tablet/apple/ipad-air-11-m2-2024
iPad Air 11 M2 (2024)_128GB_Wi-Fi_Minor Damage,80.0,https://www.ocbuyback.com/sell/tablet/apple/ipad-air-11-m2-2024
iPad Air 11 M2 (2024)_128GB_Wi-Fi_Broken,20.0,https://www.ocbuyback.com/sell/tablet/apple/ipad-air-11-m2-2024
iPad Air 11 M2 (2024)_128GB_Wi-Fi + Cellular_Brand New,360.0,https://www.ocbuyback.com/sell/tablet/apple/ipad-air-11-m2-2024
iPad Air 11 M2 (2024)_128GB_Wi-Fi + Cellular_Flawless,310.0,https://www.ocbuyback.com/sell/tablet/apple/ipad-air-11-m2-2024
iPad Air 11 M2 (2024)_128GB_Wi-Fi + Cellular_Good ,275.0,https://www.ocbuyback.com/sell/tablet/apple/ipad-air-11-m2-2024
iPad Air 11 M2 (2024)_128GB_Wi-Fi + Cellular_Fair,205.0,https://www.ocbuyback.com/sell/tablet/apple/ipad-air-11-m2-2024
iPad Air 11 M2 (2024)_128GB_Wi-Fi + Cellular_Minor Damage,90.0,https://www.ocbuyback.com/sell/tablet/apple/ipad-air-11-m2-2024
iPad Air 11 M2 (2024)_128GB_Wi-Fi + Cellular_Broken,20.0,https://www.ocbuyback.com/sell/tablet/apple/ipad-air-11-m2-2024
iPad Air 11 M2 (2024)_256GB_Wi-Fi_Brand New,370.0,https://www.ocbuyback.com/sell/tablet/apple/ipad-air-11-m2-2024
iPad Air 11 M2 (2024)_256GB_Wi-Fi_Flawless,320.0,https://www.ocbuyback.com/sell/tablet/apple/ipad-air-11-m2-2024
iPad Air 11 M2 (2024)_256GB_Wi-Fi_Good ,285.0,https://www.ocbuyback.com/sell/tablet/apple/ipad-air-11-m2-2024
iPad Air 11 M2 (2024)_256GB_Wi-Fi_Fair,215.0,https://www.ocbuyback.com/sell/tablet/apple/ipad-air-11-m2-2024
iPad Air 11 M2 (2024)_256GB_Wi-Fi_Minor Damage,90.0,https://www.ocbuyback.com/sell/tablet/apple/ipad-air-11-m2-2024
iPad Air 11 M2 (2024)_256GB_Wi-Fi_Broken,20.0,https://www.ocbuyback.com/sell/tablet/apple/ipad-air-11-m2-2024
iPad Air 11 M2 (2024)_256GB_Wi-Fi + Cellular_Brand New,390.0,https://www.ocbuyback.com/sell/tablet/apple/ipad-air-11-m2-2024
iPad Air 11 M2 (2024)_256GB_Wi-Fi + Cellular_Flawless,340.0,https://www.ocbuyback.com/sell/tablet/apple/ipad-air-11-m2-2024
iPad Air 11 M2 (2024)_256GB_Wi-Fi + Cellular_Good ,305.0,https://www.ocbuyback.com/sell/tablet/apple/ipad-air-11-m2-2024
iPad Air 11 M2 (2024)_256GB_Wi-Fi + Cellular_Fair,235.0,https://www.ocbuyback.com/sell/tablet/apple/ipad-air-11-m2-2024
iPad Air 11 M2 (2024)_256GB_Wi-Fi + Cellular_Minor Damage,100.0,https://www.ocbuyback.com/sell/tablet/apple/ipad-air-11-m2-2024
iPad Air 11 M2 (2024)_256GB_Wi-Fi + Cellular_Broken,20.0,https://www.ocbuyback.com/sell/tablet/apple/ipad-air-11-m2-2024
iPad Air 11 M2 (2024)_512GB_Wi-Fi_Brand New,430.0,https://www.ocbuyback.com/sell/tablet/apple/ipad-air-11-m2-2024
iPad Air 11 M2 (2024)_512GB_Wi-Fi_Flawless,380.0,https://www.ocbuyback.com/sell/tablet/apple/ipad-air-11-m2-2024
iPad Air 11 M2 (2024)_512GB_Wi-Fi_Good ,345.0,https://www.ocbuyback.com/sell/tablet/apple/ipad-air-11-m2-2024
iPad Air 11 M2 (2024)_512GB_Wi-Fi_Fair,275.0,https://www.ocbuyback.com/sell/tablet/apple/ipad-air-11-m2-2024
iPad Air 11 M2 (2024)_512GB_Wi-Fi_Minor Damage,105.0,https://www.ocbuyback.com/sell/tablet/apple/ipad-air-11-m2-2024
iPad Air 11 M2 (2024)_512GB_Wi-Fi_Broken,20.0,https://www.ocbuyback.com/sell/tablet/apple/ipad-air-11-m2-2024
iPad Air 11 M2 (2024)_512GB_Wi-Fi + Cellular_Brand New,450.0,https://www.ocbuyback.com/sell/tablet/apple/ipad-air-11-m2-2024
iPad Air 11 M2 (2024)_512GB_Wi-Fi + Cellular_Flawless,400.0,https://www.ocbuyback.com/sell/tablet/apple/ipad-air-11-m2-2024
iPad Air 11 M2 (2024)_512GB_Wi-Fi + Cellular_Good ,365.0,https://www.ocbuyback.com/sell/tablet/apple/ipad-air-11-m2-2024
iPad Air 11 M2 (2024)_512GB_Wi-Fi + Cellular_Fair,295.0,https://www.ocbuyback.com/sell/tablet/apple/ipad-air-11-m2-2024
iPad Air 11 M2 (2024)_512GB_Wi-Fi + Cellular_Minor Damage,115.0,https://www.ocbuyback.com/sell/tablet/apple/ipad-air-11-m2-2024
iPad Air 11 M2 (2024)_512GB_Wi-Fi + Cellular_Broken,20.0,https://www.ocbuyback.com/sell/tablet/apple/ipad-air-11-m2-2024
iPad Air 11 M2 (2024)_1TB_Wi-Fi_Brand New,490.0,https://www.ocbuyback.com/sell/tablet/apple/ipad-air-11-m2-2024
iPad Air 11 M2 (2024)_1TB_Wi-Fi_Flawless,440.0,https://www.ocbuyback.com/sell/tablet/apple/ipad-air-11-m2-2024
iPad Air 11 M2 (2024)_1TB_Wi-Fi_Good ,405.0,https://www.ocbuyback.com/sell/tablet/apple/ipad-air-11-m2-2024
iPad Air 11 M2 (2024)_1TB_Wi-Fi_Fair,335.0,https://www.ocbuyback.com/sell/tablet/apple/ipad-air-11-m2-2024
iPad Air 11 M2 (2024)_1TB_Wi-Fi_Minor Damage,120.0,https://www.ocbuyback.com/sell/tablet/apple/ipad-air-11-m2-2024
iPad Air 11 M2 (2024)_1TB_Wi-Fi_Broken,20.0,https://www.ocbuyback.com/sell/tablet/apple/ipad-air-11-m2-2024
iPad Air 11 M2 (2024)_1TB_Wi-Fi + Cellular_Brand New,510.0,https://www.ocbuyback.com/sell/tablet/apple/ipad-air-11-m2-2024
iPad Air 11 M2 (2024)_1TB_Wi-Fi + Cellular_Flawless,460.0,https://www.ocbuyback.com/sell/tablet/apple/ipad-air-11-m2-2024
iPad Air 11 M2 (2024)_1TB_Wi-Fi + Cellular_Good ,425.0,https://www.ocbuyback.com/sell/tablet/apple/ipad-air-11-m2-2024
iPad Air 11 M2 (2024)_1TB_Wi-Fi + Cellular_Fair,355.0,https://www.ocbuyback.com/sell/tablet/apple/ipad-air-11-m2-2024
iPad Air 11 M2 (2024)_1TB_Wi-Fi + Cellular_Minor Damage,130.0,https://www.ocbuyback.com/sell/tablet/apple/ipad-air-11-m2-2024
iPad Air 11 M2 (2024)_1TB_Wi-Fi + Cellular_Broken,20.0,https://www.ocbuyback.com/sell/tablet/apple/ipad-air-11-m2-2024
iPad Air 13 M2 (2024)_128GB_Wi-Fi_Brand New,405.0,https://www.ocbuyback.com/sell/tablet/apple/ipad-air-13-m2-2024
iPad Air 13 M2 (2024)_128GB_Wi-Fi_Flawless,355.0,https://www.ocbuyback.com/sell/tablet/apple/ipad-air-13-m2-2024
iPad Air 13 M2 (2024)_128GB_Wi-Fi_Good ,305.0,https://www.ocbuyback.com/sell/tablet/apple/ipad-air-13-m2-2024
iPad Air 13 M2 (2024)_128GB_Wi-Fi_Fair,255.0,https://www.ocbuyback.com/sell/tablet/apple/ipad-air-13-m2-2024
iPad Air 13 M2 (2024)_128GB_Wi-Fi_Minor Damage,105.0,https://www.ocbuyback.com/sell/tablet/apple/ipad-air-13-m2-2024
iPad Air 13 M2 (2024)_128GB_Wi-Fi_Broken,20.0,https://www.ocbuyback.com/sell/tablet/apple/ipad-air-13-m2-2024
iPad Air 13 M2 (2024)_128GB_Wi-Fi + Cellular_Brand New,430.0,https://www.ocbuyback.com/sell/tablet/apple/ipad-air-13-m2-2024
iPad Air 13 M2 (2024)_128GB_Wi-Fi + Cellular_Flawless,380.0,https://www.ocbuyback.com/sell/tablet/apple/ipad-air-13-m2-2024
iPad Air 13 M2 (2024)_128GB_Wi-Fi + Cellular_Good ,330.0,https://www.ocbuyback.com/sell/tablet/apple/ipad-air-13-m2-2024
iPad Air 13 M2 (2024)_128GB_Wi-Fi + Cellular_Fair,280.0,https://www.ocbuyback.com/sell/tablet/apple/ipad-air-13-m2-2024
iPad Air 13 M2 (2024)_128GB_Wi-Fi + Cellular_Minor Damage,130.0,https://www.ocbuyback.com/sell/tablet/apple/ipad-air-13-m2-2024
iPad Air 13 M2 (2024)_128GB_Wi-Fi + Cellular_Broken,20.0,https://www.ocbuyback.com/sell/tablet/apple/ipad-air-13-m2-2024
iPad Air 13 M2 (2024)_256GB_Wi-Fi_Brand New,455.0,https://www.ocbuyback.com/sell/tablet/apple/ipad-air-13-m2-2024
iPad Air 13 M2 (2024)_256GB_Wi-Fi_Flawless,405.0,https://www.ocbuyback.com/sell/tablet/apple/ipad-air-13-m2-2024
iPad Air 13 M2 (2024)_256GB_Wi-Fi_Good ,355.0,https://www.ocbuyback.com/sell/tablet/apple/ipad-air-13-m2-2024
iPad Air 13 M2 (2024)_256GB_Wi-Fi_Fair,305.0,https://www.ocbuyback.com/sell/tablet/apple/ipad-air-13-m2-2024
iPad Air 13 M2 (2024)_256GB_Wi-Fi_Minor Damage,130.0,https://www.ocbuyback.com/sell/tablet/apple/ipad-air-13-m2-2024
iPad Air 13 M2 (2024)_256GB_Wi-Fi_Broken,20.0,https://www.ocbuyback.com/sell/tablet/apple/ipad-air-13-m2-2024
iPad Air 13 M2 (2024)_256GB_Wi-Fi + Cellular_Brand New,480.0,https://www.ocbuyback.com/sell/tablet/apple/ipad-air-13-m2-2024
iPad Air 13 M2 (2024)_256GB_Wi-Fi + Cellular_Flawless,430.0,https://www.ocbuyback.com/sell/tablet/apple/ipad-air-13-m2-2024
iPad Air 13 M2 (2024)_256GB_Wi-Fi + Cellular_Good ,380.0,https://www.ocbuyback.com/sell/tablet/apple/ipad-air-13-m2-2024
iPad Air 13 M2 (2024)_256GB_Wi-Fi + Cellular_Fair,330.0,https://www.ocbuyback.com/sell/tablet/apple/ipad-air-13-m2-2024
iPad Air 13 M2 (2024)_256GB_Wi-Fi + Cellular_Minor Damage,155.0,https://www.ocbuyback.com/sell/tablet/apple/ipad-air-13-m2-2024
iPad Air 13 M2 (2024)_256GB_Wi-Fi + Cellular_Broken,20.0,https://www.ocbuyback.com/sell/tablet/apple/ipad-air-13-m2-2024
iPad Air 13 M2 (2024)_512GB_Wi-Fi_Brand New,505.0,https://www.ocbuyback.com/sell/tablet/apple/ipad-air-13-m2-2024
iPad Air 13 M2 (2024)_512GB_Wi-Fi_Flawless,455.0,https://www.ocbuyback.com/sell/tablet/apple/ipad-air-13-m2-2024
iPad Air 13 M2 (2024)_512GB_Wi-Fi_Good ,405.0,https://www.ocbuyback.com/sell/tablet/apple/ipad-air-13-m2-2024
iPad Air 13 M2 (2024)_512GB_Wi-Fi_Fair,350.0,https://www.ocbuyback.com/sell/tablet/apple/ipad-air-13-m2-2024
iPad Air 13 M2 (2024)_512GB_Wi-Fi_Minor Damage,140.0,https://www.ocbuyback.com/sell/tablet/apple/ipad-air-13-m2-2024
iPad Air 13 M2 (2024)_512GB_Wi-Fi_Broken,20.0,https://www.ocbuyback.com/sell/tablet/apple/ipad-air-13-m2-2024
iPad Air 13 M2 (2024)_512GB_Wi-Fi + Cellular_Brand New,530.0,https://www.ocbuyback.com/sell/tablet/apple/ipad-air-13-m2-2024
iPad Air 13 M2 (2024)_512GB_Wi-Fi + Cellular_Flawless,480.0,https://www.ocbuyback.com/sell/tablet/apple/ipad-air-13-m2-2024
iPad Air 13 M2 (2024)_512GB_Wi-Fi + Cellular_Good ,430.0,https://www.ocbuyback.com/sell/tablet/apple/ipad-air-13-m2-2024
iPad Air 13 M2 (2024)_512GB_Wi-Fi + Cellular_Fair,380.0,https://www.ocbuyback.com/sell/tablet/apple/ipad-air-13-m2-2024
iPad Air 13 M2 (2024)_512GB_Wi-Fi + Cellular_Minor Damage,165.0,https://www.ocbuyback.com/sell/tablet/apple/ipad-air-13-m2-2024
iPad Air 13 M2 (2024)_512GB_Wi-Fi + Cellular_Broken,20.0,https://www.ocbuyback.com/sell/tablet/apple/ipad-air-13-m2-2024
iPad Air 13 M2 (2024)_1TB_Wi-Fi_Brand New,555.0,https://www.ocbuyback.com/sell/tablet/apple/ipad-air-13-m2-2024
iPad Air 13 M2 (2024)_1TB_Wi-Fi_Flawless,505.0,https://www.ocbuyback.com/sell/tablet/apple/ipad-air-13-m2-2024
iPad Air 13 M2 (2024)_1TB_Wi-Fi_Good ,455.0,https://www.ocbuyback.com/sell/tablet/apple/ipad-air-13-m2-2024
iPad Air 13 M2 (2024)_1TB_Wi-Fi_Fair,405.0,https://www.ocbuyback.com/sell/tablet/apple/ipad-air-13-m2-2024
iPad Air 13 M2 (2024)_1TB_Wi-Fi_Minor Damage,150.0,https://www.ocbuyback.com/sell/tablet/apple/ipad-air-13-m2-2024
iPad Air 13 M2 (2024)_1TB_Wi-Fi_Broken,20.0,https://www.ocbuyback.com/sell/tablet/apple/ipad-air-13-m2-2024
iPad Air 13 M2 (2024)_1TB_Wi-Fi + Cellular_Brand New,580.0,https://www.ocbuyback.com/sell/tablet/apple/ipad-air-13-m2-2024
iPad Air 13 M2 (2024)_1TB_Wi-Fi + Cellular_Flawless,530.0,https://www.ocbuyback.com/sell/tablet/apple/ipad-air-13-m2-2024
iPad Air 13 M2 (2024)_1TB_Wi-Fi + Cellular_Good ,480.0,https://www.ocbuyback.com/sell/tablet/apple/ipad-air-13-m2-2024
iPad Air 13 M2 (2024)_1TB_Wi-Fi + Cellular_Fair,430.0,https://www.ocbuyback.com/sell/tablet/apple/ipad-air-13-m2-2024
iPad Air 13 M2 (2024)_1TB_Wi-Fi + Cellular_Minor Damage,175.0,https://www.ocbuyback.com/sell/tablet/apple/ipad-air-13-m2-2024
iPad Air 13 M2 (2024)_1TB_Wi-Fi + Cellular_Broken,20.0,https://www.ocbuyback.com/sell/tablet/apple/ipad-air-13-m2-2024
iPad Air 11 M3 (2025)_128GB_Wi-Fi_Brand New,350.0,https://www.ocbuyback.com/sell/tablet/apple/ipad-air-11-m3-2025
iPad Air 11 M3 (2025)_128GB_Wi-Fi_Flawless,300.0,https://www.ocbuyback.com/sell/tablet/apple/ipad-air-11-m3-2025
iPad Air 11 M3 (2025)_128GB_Wi-Fi_Good ,250.0,https://www.ocbuyback.com/sell/tablet/apple/ipad-air-11-m3-2025
iPad Air 11 M3 (2025)_128GB_Wi-Fi_Fair,185.0,https://www.ocbuyback.com/sell/tablet/apple/ipad-air-11-m3-2025
iPad Air 11 M3 (2025)_128GB_Wi-Fi_Minor Damage,125.0,https://www.ocbuyback.com/sell/tablet/apple/ipad-air-11-m3-2025
iPad Air 11 M3 (2025)_128GB_Wi-Fi_Broken,10.0,https://www.ocbuyback.com/sell/tablet/apple/ipad-air-11-m3-2025
iPad Air 11 M3 (2025)_128GB_Wi-Fi + Cellular_Brand New,360.0,https://www.ocbuyback.com/sell/tablet/apple/ipad-air-11-m3-2025
iPad Air 11 M3 (2025)_128GB_Wi-Fi + Cellular_Flawless,310.0,https://www.ocbuyback.com/sell/tablet/apple/ipad-air-11-m3-2025
iPad Air 11 M3 (2025)_128GB_Wi-Fi + Cellular_Good ,260.0,https://www.ocbuyback.com/sell/tablet/apple/ipad-air-11-m3-2025
iPad Air 11 M3 (2025)_128GB_Wi-Fi + Cellular_Fair,195.0,https://www.ocbuyback.com/sell/tablet/apple/ipad-air-11-m3-2025
iPad Air 11 M3 (2025)_128GB_Wi-Fi + Cellular_Minor Damage,150.0,https://www.ocbuyback.com/sell/tablet/apple/ipad-air-11-m3-2025
iPad Air 11 M3 (2025)_128GB_Wi-Fi + Cellular_Broken,10.0,https://www.ocbuyback.com/sell/tablet/apple/ipad-air-11-m3-2025
iPad Air 11 M3 (2025)_256GB_Wi-Fi_Brand New,360.0,https://www.ocbuyback.com/sell/tablet/apple/ipad-air-11-m3-2025
iPad Air 11 M3 (2025)_256GB_Wi-Fi_Flawless,310.0,https://www.ocbuyback.com/sell/tablet/apple/ipad-air-11-m3-2025
iPad Air 11 M3 (2025)_256GB_Wi-Fi_Good ,260.0,https://www.ocbuyback.com/sell/tablet/apple/ipad-air-11-m3-2025
iPad Air 11 M3 (2025)_256GB_Wi-Fi_Fair,195.0,https://www.ocbuyback.com/sell/tablet/apple/ipad-air-11-m3-2025
iPad Air 11 M3 (2025)_256GB_Wi-Fi_Minor Damage,150.0,https://www.ocbuyback.com/sell/tablet/apple/ipad-air-11-m3-2025
iPad Air 11 M3 (2025)_256GB_Wi-Fi_Broken,10.0,https://www.ocbuyback.com/sell/tablet/apple/ipad-air-11-m3-2025
iPad Air 11 M3 (2025)_256GB_Wi-Fi + Cellular_Brand New,370.0,https://www.ocbuyback.com/sell/tablet/apple/ipad-air-11-m3-2025
iPad Air 11 M3 (2025)_256GB_Wi-Fi + Cellular_Flawless,320.0,https://www.ocbuyback.com/sell/tablet/apple/ipad-air-11-m3-2025
iPad Air 11 M3 (2025)_256GB_Wi-Fi + Cellular_Good ,270.0,https://www.ocbuyback.com/sell/tablet/apple/ipad-air-11-m3-2025
iPad Air 11 M3 (2025)_256GB_Wi-Fi + Cellular_Fair,205.0,https://www.ocbuyback.com/sell/tablet/apple/ipad-air-11-m3-2025
iPad Air 11 M3 (2025)_256GB_Wi-Fi + Cellular_Minor Damage,175.0,https://www.ocbuyback.com/sell/tablet/apple/ipad-air-11-m3-2025
iPad Air 11 M3 (2025)_256GB_Wi-Fi + Cellular_Broken,10.0,https://www.ocbuyback.com/sell/tablet/apple/ipad-air-11-m3-2025
iPad Air 11 M3 (2025)_512GB_Wi-Fi_Brand New,410.0,https://www.ocbuyback.com/sell/tablet/apple/ipad-air-11-m3-2025
iPad Air 11 M3 (2025)_512GB_Wi-Fi_Flawless,360.0,https://www.ocbuyback.com/sell/tablet/apple/ipad-air-11-m3-2025
iPad Air 11 M3 (2025)_512GB_Wi-Fi_Good ,310.0,https://www.ocbuyback.com/sell/tablet/apple/ipad-air-11-m3-2025
iPad Air 11 M3 (2025)_512GB_Wi-Fi_Fair,245.0,https://www.ocbuyback.com/sell/tablet/apple/ipad-air-11-m3-2025
iPad Air 11 M3 (2025)_512GB_Wi-Fi_Minor Damage,175.0,https://www.ocbuyback.com/sell/tablet/apple/ipad-air-11-m3-2025
iPad Air 11 M3 (2025)_512GB_Wi-Fi_Broken,10.0,https://www.ocbuyback.com/sell/tablet/apple/ipad-air-11-m3-2025
iPad Air 11 M3 (2025)_512GB_Wi-Fi + Cellular_Brand New,420.0,https://www.ocbuyback.com/sell/tablet/apple/ipad-air-11-m3-2025
iPad Air 11 M3 (2025)_512GB_Wi-Fi + Cellular_Flawless,370.0,https://www.ocbuyback.com/sell/tablet/apple/ipad-air-11-m3-2025
iPad Air 11 M3 (2025)_512GB_Wi-Fi + Cellular_Good ,320.0,https://www.ocbuyback.com/sell/tablet/apple/ipad-air-11-m3-2025
iPad Air 11 M3 (2025)_512GB_Wi-Fi + Cellular_Fair,255.0,https://www.ocbuyback.com/sell/tablet/apple/ipad-air-11-m3-2025
iPad Air 11 M3 (2025)_512GB_Wi-Fi + Cellular_Minor Damage,200.0,https://www.ocbuyback.com/sell/tablet/apple/ipad-air-11-m3-2025
iPad Air 11 M3 (2025)_512GB_Wi-Fi + Cellular_Broken,10.0,https://www.ocbuyback.com/sell/tablet/apple/ipad-air-11-m3-2025
iPad Air 11 M3 (2025)_1TB_Wi-Fi_Brand New,480.0,https://www.ocbuyback.com/sell/tablet/apple/ipad-air-11-m3-2025
iPad Air 11 M3 (2025)_1TB_Wi-Fi_Flawless,430.0,https://www.ocbuyback.com/sell/tablet/apple/ipad-air-11-m3-2025
iPad Air 11 M3 (2025)_1TB_Wi-Fi_Good ,380.0,https://www.ocbuyback.com/sell/tablet/apple/ipad-air-11-m3-2025
iPad Air 11 M3 (2025)_1TB_Wi-Fi_Fair,315.0,https://www.ocbuyback.com/sell/tablet/apple/ipad-air-11-m3-2025
iPad Air 11 M3 (2025)_1TB_Wi-Fi_Minor Damage,200.0,https://www.ocbuyback.com/sell/tablet/apple/ipad-air-11-m3-2025
iPad Air 11 M3 (2025)_1TB_Wi-Fi_Broken,10.0,https://www.ocbuyback.com/sell/tablet/apple/ipad-air-11-m3-2025
iPad Air 11 M3 (2025)_1TB_Wi-Fi + Cellular_Brand New,490.0,https://www.ocbuyback.com/sell/tablet/apple/ipad-air-11-m3-2025
iPad Air 11 M3 (2025)_1TB_Wi-Fi + Cellular_Flawless,440.0,https://www.ocbuyback.com/sell/tablet/apple/ipad-air-11-m3-2025
iPad Air 11 M3 (2025)_1TB_Wi-Fi + Cellular_Good ,390.0,https://www.ocbuyback.com/sell/tablet/apple/ipad-air-11-m3-2025
iPad Air 11 M3 (2025)_1TB_Wi-Fi + Cellular_Fair,325.0,https://www.ocbuyback.com/sell/tablet/apple/ipad-air-11-m3-2025
iPad Air 11 M3 (2025)_1TB_Wi-Fi + Cellular_Minor Damage,225.0,https://www.ocbuyback.com/sell/tablet/apple/ipad-air-11-m3-2025
iPad Air 11 M3 (2025)_1TB_Wi-Fi + Cellular_Broken,10.0,https://www.ocbuyback.com/sell/tablet/apple/ipad-air-11-m3-2025
iPad Air 13 M3 (2025)_128GB_Wi-Fi_Brand New,450.0,https://www.ocbuyback.com/sell/tablet/apple/ipad-air-13-m3-2025
iPad Air 13 M3 (2025)_128GB_Wi-Fi_Flawless,400.0,https://www.ocbuyback.com/sell/tablet/apple/ipad-air-13-m3-2025
iPad Air 13 M3 (2025)_128GB_Wi-Fi_Good ,340.0,https://www.ocbuyback.com/sell/tablet/apple/ipad-air-13-m3-2025
iPad Air 13 M3 (2025)_128GB_Wi-Fi_Fair,280.0,https://www.ocbuyback.com/sell/tablet/apple/ipad-air-13-m3-2025
iPad Air 13 M3 (2025)_128GB_Wi-Fi_Minor Damage,150.0,https://www.ocbuyback.com/sell/tablet/apple/ipad-air-13-m3-2025
iPad Air 13 M3 (2025)_128GB_Wi-Fi_Broken,10.0,https://www.ocbuyback.com/sell/tablet/apple/ipad-air-13-m3-2025
iPad Air 13 M3 (2025)_128GB_Wi-Fi + Cellular_Brand New,480.0,https://www.ocbuyback.com/sell/tablet/apple/ipad-air-13-m3-2025
iPad Air 13 M3 (2025)_128GB_Wi-Fi + Cellular_Flawless,430.0,https://www.ocbuyback.com/sell/tablet/apple/ipad-air-13-m3-2025
iPad Air 13 M3 (2025)_128GB_Wi-Fi + Cellular_Good ,370.0,https://www.ocbuyback.com/sell/tablet/apple/ipad-air-13-m3-2025
iPad Air 13 M3 (2025)_128GB_Wi-Fi + Cellular_Fair,310.0,https://www.ocbuyback.com/sell/tablet/apple/ipad-air-13-m3-2025
iPad Air 13 M3 (2025)_128GB_Wi-Fi + Cellular_Minor Damage,165.0,https://www.ocbuyback.com/sell/tablet/apple/ipad-air-13-m3-2025
iPad Air 13 M3 (2025)_128GB_Wi-Fi + Cellular_Broken,10.0,https://www.ocbuyback.com/sell/tablet/apple/ipad-air-13-m3-2025
iPad Air 13 M3 (2025)_256GB_Wi-Fi_Brand New,480.0,https://www.ocbuyback.com/sell/tablet/apple/ipad-air-13-m3-2025
iPad Air 13 M3 (2025)_256GB_Wi-Fi_Flawless,430.0,https://www.ocbuyback.com/sell/tablet/apple/ipad-air-13-m3-2025
iPad Air 13 M3 (2025)_256GB_Wi-Fi_Good ,370.0,https://www.ocbuyback.com/sell/tablet/apple/ipad-air-13-m3-2025
iPad Air 13 M3 (2025)_256GB_Wi-Fi_Fair,310.0,https://www.ocbuyback.com/sell/tablet/apple/ipad-air-13-m3-2025
iPad Air 13 M3 (2025)_256GB_Wi-Fi_Minor Damage,160.0,https://www.ocbuyback.com/sell/tablet/apple/ipad-air-13-m3-2025
iPad Air 13 M3 (2025)_256GB_Wi-Fi_Broken,10.0,https://www.ocbuyback.com/sell/tablet/apple/ipad-air-13-m3-2025
iPad Air 13 M3 (2025)_256GB_Wi-Fi + Cellular_Brand New,510.0,https://www.ocbuyback.com/sell/tablet/apple/ipad-air-13-m3-2025
iPad Air 13 M3 (2025)_256GB_Wi-Fi + Cellular_Flawless,460.0,https://www.ocbuyback.com/sell/tablet/apple/ipad-air-13-m3-2025
iPad Air 13 M3 (2025)_256GB_Wi-Fi + Cellular_Good ,400.0,https://www.ocbuyback.com/sell/tablet/apple/ipad-air-13-m3-2025
iPad Air 13 M3 (2025)_256GB_Wi-Fi + Cellular_Fair,340.0,https://www.ocbuyback.com/sell/tablet/apple/ipad-air-13-m3-2025
iPad Air 13 M3 (2025)_256GB_Wi-Fi + Cellular_Minor Damage,175.0,https://www.ocbuyback.com/sell/tablet/apple/ipad-air-13-m3-2025
iPad Air 13 M3 (2025)_256GB_Wi-Fi + Cellular_Broken,10.0,https://www.ocbuyback.com/sell/tablet/apple/ipad-air-13-m3-2025
iPad Air 13 M3 (2025)_512GB_Wi-Fi_Brand New,515.0,https://www.ocbuyback.com/sell/tablet/apple/ipad-air-13-m3-2025
iPad Air 13 M3 (2025)_512GB_Wi-Fi_Flawless,465.0,https://www.ocbuyback.com/sell/tablet/apple/ipad-air-13-m3-2025
iPad Air 13 M3 (2025)_512GB_Wi-Fi_Good ,405.0,https://www.ocbuyback.com/sell/tablet/apple/ipad-air-13-m3-2025
iPad Air 13 M3 (2025)_512GB_Wi-Fi_Fair,345.0,https://www.ocbuyback.com/sell/tablet/apple/ipad-air-13-m3-2025
iPad Air 13 M3 (2025)_512GB_Wi-Fi_Minor Damage,165.0,https://www.ocbuyback.com/sell/tablet/apple/ipad-air-13-m3-2025
iPad Air 13 M3 (2025)_512GB_Wi-Fi_Broken,10.0,https://www.ocbuyback.com/sell/tablet/apple/ipad-air-13-m3-2025
iPad Air 13 M3 (2025)_512GB_Wi-Fi + Cellular_Brand New,545.0,https://www.ocbuyback.com/sell/tablet/apple/ipad-air-13-m3-2025
iPad Air 13 M3 (2025)_512GB_Wi-Fi + Cellular_Flawless,495.0,https://www.ocbuyback.com/sell/tablet/apple/ipad-air-13-m3-2025
iPad Air 13 M3 (2025)_512GB_Wi-Fi + Cellular_Good ,435.0,https://www.ocbuyback.com/sell/tablet/apple/ipad-air-13-m3-2025
iPad Air 13 M3 (2025)_512GB_Wi-Fi + Cellular_Fair,375.0,https://www.ocbuyback.com/sell/tablet/apple/ipad-air-13-m3-2025
iPad Air 13 M3 (2025)_512GB_Wi-Fi + Cellular_Minor Damage,180.0,https://www.ocbuyback.com/sell/tablet/apple/ipad-air-13-m3-2025
iPad Air 13 M3 (2025)_512GB_Wi-Fi + Cellular_Broken,10.0,https://www.ocbuyback.com/sell/tablet/apple/ipad-air-13-m3-2025
iPad Air 13 M3 (2025)_1TB_Wi-Fi_Brand New,575.0,https://www.ocbuyback.com/sell/tablet/apple/ipad-air-13-m3-2025
iPad Air 13 M3 (2025)_1TB_Wi-Fi_Flawless,525.0,https://www.ocbuyback.com/sell/tablet/apple/ipad-air-13-m3-2025
iPad Air 13 M3 (2025)_1TB_Wi-Fi_Good ,465.0,https://www.ocbuyback.com/sell/tablet/apple/ipad-air-13-m3-2025
iPad Air 13 M3 (2025)_1TB_Wi-Fi_Fair,405.0,https://www.ocbuyback.com/sell/tablet/apple/ipad-air-13-m3-2025
iPad Air 13 M3 (2025)_1TB_Wi-Fi_Minor Damage,175.0,https://www.ocbuyback.com/sell/tablet/apple/ipad-air-13-m3-2025
iPad Air 13 M3 (2025)_1TB_Wi-Fi_Broken,10.0,https://www.ocbuyback.com/sell/tablet/apple/ipad-air-13-m3-2025
iPad Air 13 M3 (2025)_1TB_Wi-Fi + Cellular_Brand New,605.0,https://www.ocbuyback.com/sell/tablet/apple/ipad-air-13-m3-2025
iPad Air 13 M3 (2025)_1TB_Wi-Fi + Cellular_Flawless,555.0,https://www.ocbuyback.com/sell/tablet/apple/ipad-air-13-m3-2025
iPad Air 13 M3 (2025)_1TB_Wi-Fi + Cellular_Good ,495.0,https://www.ocbuyback.com/sell/tablet/apple/ipad-air-13-m3-2025
iPad Air 13 M3 (2025)_1TB_Wi-Fi + Cellular_Fair,435.0,https://www.ocbuyback.com/sell/tablet/apple/ipad-air-13-m3-2025
iPad Air 13 M3 (2025)_1TB_Wi-Fi + Cellular_Minor Damage,190.0,https://www.ocbuyback.com/sell/tablet/apple/ipad-air-13-m3-2025
iPad Air 13 M3 (2025)_1TB_Wi-Fi + Cellular_Broken,10.0,https://www.ocbuyback.com/sell/tablet/apple/ipad-air-13-m3-2025
iPad 11 A16 11th Gen (2025)_128GB_Wi-Fi_Brand New,180.0,https://www.ocbuyback.com/sell/tablet/apple/ipad-11-a16-11th-gen-2025
iPad 11 A16 11th Gen (2025)_128GB_Wi-Fi_Flawless,150.0,https://www.ocbuyback.com/sell/tablet/apple/ipad-11-a16-11th-gen-2025
iPad 11 A16 11th Gen (2025)_128GB_Wi-Fi_Good ,120.0,https://www.ocbuyback.com/sell/tablet/apple/ipad-11-a16-11th-gen-2025
iPad 11 A16 11th Gen (2025)_128GB_Wi-Fi_Fair,90.0,https://www.ocbuyback.com/sell/tablet/apple/ipad-11-a16-11th-gen-2025
iPad 11 A16 11th Gen (2025)_128GB_Wi-Fi_Minor Damage,35.0,https://www.ocbuyback.com/sell/tablet/apple/ipad-11-a16-11th-gen-2025
iPad 11 A16 11th Gen (2025)_128GB_Wi-Fi_Broken,10.0,https://www.ocbuyback.com/sell/tablet/apple/ipad-11-a16-11th-gen-2025
iPad 11 A16 11th Gen (2025)_128GB_Wi-Fi + Cellular_Brand New,230.0,https://www.ocbuyback.com/sell/tablet/apple/ipad-11-a16-11th-gen-2025
iPad 11 A16 11th Gen (2025)_128GB_Wi-Fi + Cellular_Flawless,180.0,https://www.ocbuyback.com/sell/tablet/apple/ipad-11-a16-11th-gen-2025
iPad 11 A16 11th Gen (2025)_128GB_Wi-Fi + Cellular_Good ,150.0,https://www.ocbuyback.com/sell/tablet/apple/ipad-11-a16-11th-gen-2025
iPad 11 A16 11th Gen (2025)_128GB_Wi-Fi + Cellular_Fair,120.0,https://www.ocbuyback.com/sell/tablet/apple/ipad-11-a16-11th-gen-2025
iPad 11 A16 11th Gen (2025)_128GB_Wi-Fi + Cellular_Minor Damage,45.0,https://www.ocbuyback.com/sell/tablet/apple/ipad-11-a16-11th-gen-2025
iPad 11 A16 11th Gen (2025)_128GB_Wi-Fi + Cellular_Broken,10.0,https://www.ocbuyback.com/sell/tablet/apple/ipad-11-a16-11th-gen-2025
iPad 11 A16 11th Gen (2025)_256GB_Wi-Fi_Brand New,220.0,https://www.ocbuyback.com/sell/tablet/apple/ipad-11-a16-11th-gen-2025
iPad 11 A16 11th Gen (2025)_256GB_Wi-Fi_Flawless,190.0,https://www.ocbuyback.com/sell/tablet/apple/ipad-11-a16-11th-gen-2025
iPad 11 A16 11th Gen (2025)_256GB_Wi-Fi_Good ,160.0,https://www.ocbuyback.com/sell/tablet/apple/ipad-11-a16-11th-gen-2025
iPad 11 A16 11th Gen (2025)_256GB_Wi-Fi_Fair,130.0,https://www.ocbuyback.com/sell/tablet/apple/ipad-11-a16-11th-gen-2025
iPad 11 A16 11th Gen (2025)_256GB_Wi-Fi_Minor Damage,50.0,https://www.ocbuyback.com/sell/tablet/apple/ipad-11-a16-11th-gen-2025
iPad 11 A16 11th Gen (2025)_256GB_Wi-Fi_Broken,10.0,https://www.ocbuyback.com/sell/tablet/apple/ipad-11-a16-11th-gen-2025
iPad 11 A16 11th Gen (2025)_256GB_Wi-Fi + Cellular_Brand New,270.0,https://www.ocbuyback.com/sell/tablet/apple/ipad-11-a16-11th-gen-2025
iPad 11 A16 11th Gen (2025)_256GB_Wi-Fi + Cellular_Flawless,220.0,https://www.ocbuyback.com/sell/tablet/apple/ipad-11-a16-11th-gen-2025
iPad 11 A16 11th Gen (2025)_256GB_Wi-Fi + Cellular_Good ,190.0,https://www.ocbuyback.com/sell/tablet/apple/ipad-11-a16-11th-gen-2025
iPad 11 A16 11th Gen (2025)_256GB_Wi-Fi + Cellular_Fair,160.0,https://www.ocbuyback.com/sell/tablet/apple/ipad-11-a16-11th-gen-2025
iPad 11 A16 11th Gen (2025)_256GB_Wi-Fi + Cellular_Minor Damage,60.0,https://www.ocbuyback.com/sell/tablet/apple/ipad-11-a16-11th-gen-2025
iPad 11 A16 11th Gen (2025)_256GB_Wi-Fi + Cellular_Broken,10.0,https://www.ocbuyback.com/sell/tablet/apple/ipad-11-a16-11th-gen-2025
iPad 11 A16 11th Gen (2025)_512GB_Wi-Fi_Brand New,280.0,https://www.ocbuyback.com/sell/tablet/apple/ipad-11-a16-11th-gen-2025
iPad 11 A16 11th Gen (2025)_512GB_Wi-Fi_Flawless,250.0,https://www.ocbuyback.com/sell/tablet/apple/ipad-11-a16-11th-gen-2025
iPad 11 A16 11th Gen (2025)_512GB_Wi-Fi_Good ,220.0,https://www.ocbuyback.com/sell/tablet/apple/ipad-11-a16-11th-gen-2025
iPad 11 A16 11th Gen (2025)_512GB_Wi-Fi_Fair,190.0,https://www.ocbuyback.com/sell/tablet/apple/ipad-11-a16-11th-gen-2025
iPad 11 A16 11th Gen (2025)_512GB_Wi-Fi_Minor Damage,65.0,https://www.ocbuyback.com/sell/tablet/apple/ipad-11-a16-11th-gen-2025
iPad 11 A16 11th Gen (2025)_512GB_Wi-Fi_Broken,10.0,https://www.ocbuyback.com/sell/tablet/apple/ipad-11-a16-11th-gen-2025
iPad 11 A16 11th Gen (2025)_512GB_Wi-Fi + Cellular_Brand New,330.0,https://www.ocbuyback.com/sell/tablet/apple/ipad-11-a16-11th-gen-2025
iPad 11 A16 11th Gen (2025)_512GB_Wi-Fi + Cellular_Flawless,280.0,https://www.ocbuyback.com/sell/tablet/apple/ipad-11-a16-11th-gen-2025
iPad 11 A16 11th Gen (2025)_512GB_Wi-Fi + Cellular_Good ,250.0,https://www.ocbuyback.com/sell/tablet/apple/ipad-11-a16-11th-gen-2025
iPad 11 A16 11th Gen (2025)_512GB_Wi-Fi + Cellular_Fair,220.0,https://www.ocbuyback.com/sell/tablet/apple/ipad-11-a16-11th-gen-2025
iPad 11 A16 11th Gen (2025)_512GB_Wi-Fi + Cellular_Minor Damage,75.0,https://www.ocbuyback.com/sell/tablet/apple/ipad-11-a16-11th-gen-2025
iPad 11 A16 11th Gen (2025)_512GB_Wi-Fi + Cellular_Broken,10.0,https://www.ocbuyback.com/sell/tablet/apple/ipad-11-a16-11th-gen-2025
iPhone 11_64GB_AT&T_Flawless,65.0,https://www.ocbuyback.com/sell/cell-phone/apple/iphone-11
iPhone 11_64GB_AT&T_Good ,55.0,https://www.ocbuyback.com/sell/cell-phone/apple/iphone-11
iPhone 11_64GB_AT&T_Fair,30.0,https://www.ocbuyback.com/sell/cell-phone/apple/iphone-11
iPhone 11_64GB_AT&T_Minor Damage,20.0,https://www.ocbuyback.com/sell/cell-phone/apple/iphone-11
iPhone 11_64GB_AT&T_Broken,5.0,https://www.ocbuyback.com/sell/cell-phone/apple/iphone-11
iPhone 11_64GB_T-Mobile_Flawless,65.0,https://www.ocbuyback.com/sell/cell-phone/apple/iphone-11
iPhone 11_64GB_T-Mobile_Good ,55.0,https://www.ocbuyback.com/sell/cell-phone/apple/iphone-11
iPhone 11_64GB_T-Mobile_Fair,30.0,https://www.ocbuyback.com/sell/cell-phone/apple/iphone-11
iPhone 11_64GB_T-Mobile_Minor Damage,10.0,https://www.ocbuyback.com/sell/cell-phone/apple/iphone-11
iPhone 11_64GB_T-Mobile_Broken,5.0,https://www.ocbuyback.com/sell/cell-phone/apple/iphone-11
iPhone 11_64GB_Verizon_Flawless,80.0,https://www.ocbuyback.com/sell/cell-phone/apple/iphone-11
iPhone 11_64GB_Verizon_Good ,70.0,https://www.ocbuyback.com/sell/cell-phone/apple/iphone-11
iPhone 11_64GB_Verizon_Fair,45.0,https://www.ocbuyback.com/sell/cell-phone/apple/iphone-11
iPhone 11_64GB_Verizon_Minor Damage,25.0,https://www.ocbuyback.com/sell/cell-phone/apple/iphone-11
iPhone 11_64GB_Verizon_Broken,5.0,https://www.ocbuyback.com/sell/cell-phone/apple/iphone-11
iPhone 11_64GB_Unlocked_Flawless,80.0,https://www.ocbuyback.com/sell/cell-phone/apple/iphone-11
iPhone 11_64GB_Unlocked_Good ,70.0,https://www.ocbuyback.com/sell/cell-phone/apple/iphone-11
iPhone 11_64GB_Unlocked_Fair,45.0,https://www.ocbuyback.com/sell/cell-phone/apple/iphone-11
iPhone 11_64GB_Unlocked_Minor Damage,25.0,https://www.ocbuyback.com/sell/cell-phone/apple/iphone-11
iPhone 11_64GB_Unlocked_Broken,5.0,https://www.ocbuyback.com/sell/cell-phone/apple/iphone-11
iPhone 11_128GB_AT&T_Flawless,75.0,https://www.ocbuyback.com/sell/cell-phone/apple/iphone-11
iPhone 11_128GB_AT&T_Good ,65.0,https://www.ocbuyback.com/sell/cell-phone/apple/iphone-11
iPhone 11_128GB_AT&T_Fair,40.0,https://www.ocbuyback.com/sell/cell-phone/apple/iphone-11
iPhone 11_128GB_AT&T_Minor Damage,21.0,https://www.ocbuyback.com/sell/cell-phone/apple/iphone-11
iPhone 11_128GB_AT&T_Broken,5.0,https://www.ocbuyback.com/sell/cell-phone/apple/iphone-11
iPhone 11_128GB_T-Mobile_Flawless,75.0,https://www.ocbuyback.com/sell/cell-phone/apple/iphone-11
iPhone 11_128GB_T-Mobile_Good ,65.0,https://www.ocbuyback.com/sell/cell-phone/apple/iphone-11
iPhone 11_128GB_T-Mobile_Fair,40.0,https://www.ocbuyback.com/sell/cell-phone/apple/iphone-11
iPhone 11_128GB_T-Mobile_Minor Damage,10.0,https://www.ocbuyback.com/sell/cell-phone/apple/iphone-11
iPhone 11_128GB_T-Mobile_Broken,5.0,https://www.ocbuyback.com/sell/cell-phone/apple/iphone-11
iPhone 11_128GB_Verizon_Flawless,90.0,https://www.ocbuyback.com/sell/cell-phone/apple/iphone-11
iPhone 11_128GB_Verizon_Good ,80.0,https://www.ocbuyback.com/sell/cell-phone/apple/iphone-11
iPhone 11_128GB_Verizon_Fair,55.0,https://www.ocbuyback.com/sell/cell-phone/apple/iphone-11
iPhone 11_128GB_Verizon_Minor Damage,26.0,https://www.ocbuyback.com/sell/cell-phone/apple/iphone-11
iPhone 11_128GB_Verizon_Broken,5.0,https://www.ocbuyback.com/sell/cell-phone/apple/iphone-11
iPhone 11_128GB_Unlocked_Flawless,90.0,https://www.ocbuyback.com/sell/cell-phone/apple/iphone-11
iPhone 11_128GB_Unlocked_Good ,80.0,https://www.ocbuyback.com/sell/cell-phone/apple/iphone-11
iPhone 11_128GB_Unlocked_Fair,55.0,https://www.ocbuyback.com/sell/cell-phone/apple/iphone-11
iPhone 11_128GB_Unlocked_Minor Damage,26.0,https://www.ocbuyback.com/sell/cell-phone/apple/iphone-11
iPhone 11_128GB_Unlocked_Broken,5.0,https://www.ocbuyback.com/sell/cell-phone/apple/iphone-11
iPhone 11_256GB_AT&T_Flawless,85.0,https://www.ocbuyback.com/sell/cell-phone/apple/iphone-11
iPhone 11_256GB_AT&T_Good ,75.0,https://www.ocbuyback.com/sell/cell-phone/apple/iphone-11
iPhone 11_256GB_AT&T_Fair,50.0,https://www.ocbuyback.com/sell/cell-phone/apple/iphone-11
iPhone 11_256GB_AT&T_Minor Damage,22.0,https://www.ocbuyback.com/sell/cell-phone/apple/iphone-11
iPhone 11_256GB_AT&T_Broken,5.0,https://www.ocbuyback.com/sell/cell-phone/apple/iphone-11
iPhone 11_256GB_T-Mobile_Flawless,85.0,https://www.ocbuyback.com/sell/cell-phone/apple/iphone-11
iPhone 11_256GB_T-Mobile_Good ,75.0,https://www.ocbuyback.com/sell/cell-phone/apple/iphone-11
iPhone 11_256GB_T-Mobile_Fair,50.0,https://www.ocbuyback.com/sell/cell-phone/apple/iphone-11
iPhone 11_256GB_T-Mobile_Minor Damage,10.0,https://www.ocbuyback.com/sell/cell-phone/apple/iphone-11
iPhone 11_256GB_T-Mobile_Broken,5.0,https://www.ocbuyback.com/sell/cell-phone/apple/iphone-11
iPhone 11_256GB_Verizon_Flawless,100.0,https://www.ocbuyback.com/sell/cell-phone/apple/iphone-11
iPhone 11_256GB_Verizon_Good ,90.0,https://www.ocbuyback.com/sell/cell-phone/apple/iphone-11
iPhone 11_256GB_Verizon_Fair,65.0,https://www.ocbuyback.com/sell/cell-phone/apple/iphone-11
iPhone 11_256GB_Verizon_Minor Damage,27.0,https://www.ocbuyback.com/sell/cell-phone/apple/iphone-11
iPhone 11_256GB_Verizon_Broken,5.0,https://www.ocbuyback.com/sell/cell-phone/apple/iphone-11
iPhone 11_256GB_Unlocked_Flawless,100.0,https://www.ocbuyback.com/sell/cell-phone/apple/iphone-11
iPhone 11_256GB_Unlocked_Good ,90.0,https://www.ocbuyback.com/sell/cell-phone/apple/iphone-11
iPhone 11_256GB_Unlocked_Fair,65.0,https://www.ocbuyback.com/sell/cell-phone/apple/iphone-11
iPhone 11_256GB_Unlocked_Minor Damage,27.0,https://www.ocbuyback.com/sell/cell-phone/apple/iphone-11
iPhone 11_256GB_Unlocked_Broken,5.0,https://www.ocbuyback.com/sell/cell-phone/apple/iphone-11
iPhone 11 Pro_64GB_AT&T_Brand New,140.0,https://www.ocbuyback.com/sell/cell-phone/apple/iphone-11-pro
iPhone 11 Pro_64GB_AT&T_Flawless,90.0,https://www.ocbuyback.com/sell/cell-phone/apple/iphone-11-pro
iPhone 11 Pro_64GB_AT&T_Good ,80.0,https://www.ocbuyback.com/sell/cell-phone/apple/iphone-11-pro
iPhone 11 Pro_64GB_AT&T_Fair,50.0,https://www.ocbuyback.com/sell/cell-phone/apple/iphone-11-pro
iPhone 11 Pro_64GB_AT&T_Minor Damage,20.0,https://www.ocbuyback.com/sell/cell-phone/apple/iphone-11-pro
iPhone 11 Pro_64GB_AT&T_Broken,5.0,https://www.ocbuyback.com/sell/cell-phone/apple/iphone-11-pro
iPhone 11 Pro_64GB_T-Mobile_Brand New,120.0,https://www.ocbuyback.com/sell/cell-phone/apple/iphone-11-pro
iPhone 11 Pro_64GB_T-Mobile_Flawless,70.0,https://www.ocbuyback.com/sell/cell-phone/apple/iphone-11-pro
iPhone 11 Pro_64GB_T-Mobile_Good ,60.0,https://www.ocbuyback.com/sell/cell-phone/apple/iphone-11-pro
iPhone 11 Pro_64GB_T-Mobile_Fair,30.0,https://www.ocbuyback.com/sell/cell-phone/apple/iphone-11-pro
iPhone 11 Pro_64GB_T-Mobile_Minor Damage,15.0,https://www.ocbuyback.com/sell/cell-phone/apple/iphone-11-pro
iPhone 11 Pro_64GB_T-Mobile_Broken,5.0,https://www.ocbuyback.com/sell/cell-phone/apple/iphone-11-pro
iPhone 11 Pro_64GB_Verizon_Brand New,160.0,https://www.ocbuyback.com/sell/cell-phone/apple/iphone-11-pro
iPhone 11 Pro_64GB_Verizon_Flawless,110.0,https://www.ocbuyback.com/sell/cell-phone/apple/iphone-11-pro
iPhone 11 Pro_64GB_Verizon_Good ,100.0,https://www.ocbuyback.com/sell/cell-phone/apple/iphone-11-pro
iPhone 11 Pro_64GB_Verizon_Fair,70.0,https://www.ocbuyback.com/sell/cell-phone/apple/iphone-11-pro
iPhone 11 Pro_64GB_Verizon_Minor Damage,20.0,https://www.ocbuyback.com/sell/cell-phone/apple/iphone-11-pro
iPhone 11 Pro_64GB_Verizon_Broken,5.0,https://www.ocbuyback.com/sell/cell-phone/apple/iphone-11-pro
iPhone 11 Pro_64GB_Unlocked_Brand New,170.0,https://www.ocbuyback.com/sell/cell-phone/apple/iphone-11-pro
iPhone 11 Pro_64GB_Unlocked_Flawless,120.0,https://www.ocbuyback.com/sell/cell-phone/apple/iphone-11-pro
iPhone 11 Pro_64GB_Unlocked_Good ,110.0,https://www.ocbuyback.com/sell/cell-phone/apple/iphone-11-pro
iPhone 11 Pro_64GB_Unlocked_Fair,80.0,https://www.ocbuyback.com/sell/cell-phone/apple/iphone-11-pro
iPhone 11 Pro_64GB_Unlocked_Minor Damage,30.0,https://www.ocbuyback.com/sell/cell-phone/apple/iphone-11-pro
iPhone 11 Pro_64GB_Unlocked_Broken,5.0,https://www.ocbuyback.com/sell/cell-phone/apple/iphone-11-pro
iPhone 11 Pro_256GB_AT&T_Brand New,165.0,https://www.ocbuyback.com/sell/cell-phone/apple/iphone-11-pro
iPhone 11 Pro_256GB_AT&T_Flawless,115.0,https://www.ocbuyback.com/sell/cell-phone/apple/iphone-11-pro
iPhone 11 Pro_256GB_AT&T_Good ,95.0,https://www.ocbuyback.com/sell/cell-phone/apple/iphone-11-pro
iPhone 11 Pro_256GB_AT&T_Fair,75.0,https://www.ocbuyback.com/sell/cell-phone/apple/iphone-11-pro
iPhone 11 Pro_256GB_AT&T_Minor Damage,25.0,https://www.ocbuyback.com/sell/cell-phone/apple/iphone-11-pro
iPhone 11 Pro_256GB_AT&T_Broken,5.0,https://www.ocbuyback.com/sell/cell-phone/apple/iphone-11-pro
iPhone 11 Pro_256GB_T-Mobile_Brand New,145.0,https://www.ocbuyback.com/sell/cell-phone/apple/iphone-11-pro
iPhone 11 Pro_256GB_T-Mobile_Flawless,95.0,https://www.ocbuyback.com/sell/cell-phone/apple/iphone-11-pro
iPhone 11 Pro_256GB_T-Mobile_Good ,85.0,https://www.ocbuyback.com/sell/cell-phone/apple/iphone-11-pro
iPhone 11 Pro_256GB_T-Mobile_Fair,55.0,https://www.ocbuyback.com/sell/cell-phone/apple/iphone-11-pro
iPhone 11 Pro_256GB_T-Mobile_Minor Damage,10.0,https://www.ocbuyback.com/sell/cell-phone/apple/iphone-11-pro
iPhone 11 Pro_256GB_T-Mobile_Broken,5.0,https://www.ocbuyback.com/sell/cell-phone/apple/iphone-11-pro
iPhone 11 Pro_256GB_Verizon_Brand New,185.0,https://www.ocbuyback.com/sell/cell-phone/apple/iphone-11-pro
iPhone 11 Pro_256GB_Verizon_Flawless,135.0,https://www.ocbuyback.com/sell/cell-phone/apple/iphone-11-pro
iPhone 11 Pro_256GB_Verizon_Good ,125.0,https://www.ocbuyback.com/sell/cell-phone/apple/iphone-11-pro
iPhone 11 Pro_256GB_Verizon_Fair,95.0,https://www.ocbuyback.com/sell/cell-phone/apple/iphone-11-pro
iPhone 11 Pro_256GB_Verizon_Minor Damage,25.0,https://www.ocbuyback.com/sell/cell-phone/apple/iphone-11-pro
iPhone 11 Pro_256GB_Verizon_Broken,5.0,https://www.ocbuyback.com/sell/cell-phone/apple/iphone-11-pro
iPhone 11 Pro_256GB_Unlocked_Brand New,195.0,https://www.ocbuyback.com/sell/cell-phone/apple/iphone-11-pro
iPhone 11 Pro_256GB_Unlocked_Flawless,145.0,https://www.ocbuyback.com/sell/cell-phone/apple/iphone-11-pro
iPhone 11 Pro_256GB_Unlocked_Good ,135.0,https://www.ocbuyback.com/sell/cell-phone/apple/iphone-11-pro
iPhone 11 Pro_256GB_Unlocked_Fair,105.0,https://www.ocbuyback.com/sell/cell-phone/apple/iphone-11-pro
iPhone 11 Pro_256GB_Unlocked_Minor Damage,35.0,https://www.ocbuyback.com/sell/cell-phone/apple/iphone-11-pro
iPhone 11 Pro_256GB_Unlocked_Broken,5.0,https://www.ocbuyback.com/sell/cell-phone/apple/iphone-11-pro
iPhone 11 Pro_512GB_AT&T_Brand New,175.0,https://www.ocbuyback.com/sell/cell-phone/apple/iphone-11-pro
iPhone 11 Pro_512GB_AT&T_Flawless,125.0,https://www.ocbuyback.com/sell/cell-phone/apple/iphone-11-pro
iPhone 11 Pro_512GB_AT&T_Good ,115.0,https://www.ocbuyback.com/sell/cell-phone/apple/iphone-11-pro
iPhone 11 Pro_512GB_AT&T_Fair,85.0,https://www.ocbuyback.com/sell/cell-phone/apple/iphone-11-pro
iPhone 11 Pro_512GB_AT&T_Minor Damage,30.0,https://www.ocbuyback.com/sell/cell-phone/apple/iphone-11-pro
iPhone 11 Pro_512GB_AT&T_Broken,5.0,https://www.ocbuyback.com/sell/cell-phone/apple/iphone-11-pro
iPhone 11 Pro_512GB_T-Mobile_Brand New,155.0,https://www.ocbuyback.com/sell/cell-phone/apple/iphone-11-pro
iPhone 11 Pro_512GB_T-Mobile_Flawless,105.0,https://www.ocbuyback.com/sell/cell-phone/apple/iphone-11-pro
iPhone 11 Pro_512GB_T-Mobile_Good ,95.0,https://www.ocbuyback.com/sell/cell-phone/apple/iphone-11-pro
iPhone 11 Pro_512GB_T-Mobile_Fair,65.0,https://www.ocbuyback.com/sell/cell-phone/apple/iphone-11-pro
iPhone 11 Pro_512GB_T-Mobile_Minor Damage,10.0,https://www.ocbuyback.com/sell/cell-phone/apple/iphone-11-pro
iPhone 11 Pro_512GB_T-Mobile_Broken,5.0,https://www.ocbuyback.com/sell/cell-phone/apple/iphone-11-pro
iPhone 11 Pro_512GB_Verizon_Brand New,195.0,https://www.ocbuyback.com/sell/cell-phone/apple/iphone-11-pro
iPhone 11 Pro_512GB_Verizon_Flawless,145.0,https://www.ocbuyback.com/sell/cell-phone/apple/iphone-11-pro
iPhone 11 Pro_512GB_Verizon_Good ,135.0,https://www.ocbuyback.com/sell/cell-phone/apple/iphone-11-pro
iPhone 11 Pro_512GB_Verizon_Fair,105.0,https://www.ocbuyback.com/sell/cell-phone/apple/iphone-11-pro
iPhone 11 Pro_512GB_Verizon_Minor Damage,30.0,https://www.ocbuyback.com/sell/cell-phone/apple/iphone-11-pro
iPhone 11 Pro_512GB_Verizon_Broken,5.0,https://www.ocbuyback.com/sell/cell-phone/apple/iphone-11-pro
iPhone 11 Pro_512GB_Unlocked_Brand New,205.0,https://www.ocbuyback.com/sell/cell-phone/apple/iphone-11-pro
iPhone 11 Pro_512GB_Unlocked_Flawless,155.0,https://www.ocbuyback.com/sell/cell-phone/apple/iphone-11-pro
iPhone 11 Pro_512GB_Unlocked_Good ,145.0,https://www.ocbuyback.com/sell/cell-phone/apple/iphone-11-pro
iPhone 11 Pro_512GB_Unlocked_Fair,115.0,https://www.ocbuyback.com/sell/cell-phone/apple/iphone-11-pro
iPhone 11 Pro_512GB_Unlocked_Minor Damage,40.0,https://www.ocbuyback.com/sell/cell-phone/apple/iphone-11-pro
iPhone 11 Pro_512GB_Unlocked_Broken,5.0,https://www.ocbuyback.com/sell/cell-phone/apple/iphone-11-pro
iPhone 11 Pro Max_64GB_AT&T_Flawless,115.0,https://www.ocbuyback.com/sell/cell-phone/apple/iphone-11-pro-max
iPhone 11 Pro Max_64GB_AT&T_Good ,95.0,https://www.ocbuyback.com/sell/cell-phone/apple/iphone-11-pro-max
iPhone 11 Pro Max_64GB_AT&T_Fair,60.0,https://www.ocbuyback.com/sell/cell-phone/apple/iphone-11-pro-max
iPhone 11 Pro Max_64GB_AT&T_Minor Damage,40.0,https://www.ocbuyback.com/sell/cell-phone/apple/iphone-11-pro-max
iPhone 11 Pro Max_64GB_AT&T_Broken,5.0,https://www.ocbuyback.com/sell/cell-phone/apple/iphone-11-pro-max
iPhone 11 Pro Max_64GB_T-Mobile_Flawless,85.0,https://www.ocbuyback.com/sell/cell-phone/apple/iphone-11-pro-max
iPhone 11 Pro Max_64GB_T-Mobile_Good ,65.0,https://www.ocbuyback.com/sell/cell-phone/apple/iphone-11-pro-max
iPhone 11 Pro Max_64GB_T-Mobile_Fair,30.0,https://www.ocbuyback.com/sell/cell-phone/apple/iphone-11-pro-max
iPhone 11 Pro Max_64GB_T-Mobile_Minor Damage,15.0,https://www.ocbuyback.com/sell/cell-phone/apple/iphone-11-pro-max
iPhone 11 Pro Max_64GB_T-Mobile_Broken,5.0,https://www.ocbuyback.com/sell/cell-phone/apple/iphone-11-pro-max
iPhone 11 Pro Max_64GB_Verizon_Flawless,125.0,https://www.ocbuyback.com/sell/cell-phone/apple/iphone-11-pro-max
iPhone 11 Pro Max_64GB_Verizon_Good ,105.0,https://www.ocbuyback.com/sell/cell-phone/apple/iphone-11-pro-max
iPhone 11 Pro Max_64GB_Verizon_Fair,70.0,https://www.ocbuyback.com/sell/cell-phone/apple/iphone-11-pro-max
iPhone 11 Pro Max_64GB_Verizon_Minor Damage,40.0,https://www.ocbuyback.com/sell/cell-phone/apple/iphone-11-pro-max
iPhone 11 Pro Max_64GB_Verizon_Broken,5.0,https://www.ocbuyback.com/sell/cell-phone/apple/iphone-11-pro-max
iPhone 11 Pro Max_64GB_Unlocked_Flawless,140.0,https://www.ocbuyback.com/sell/cell-phone/apple/iphone-11-pro-max
iPhone 11 Pro Max_64GB_Unlocked_Good ,120.0,https://www.ocbuyback.com/sell/cell-phone/apple/iphone-11-pro-max
iPhone 11 Pro Max_64GB_Unlocked_Fair,85.0,https://www.ocbuyback.com/sell/cell-phone/apple/iphone-11-pro-max
iPhone 11 Pro Max_64GB_Unlocked_Minor Damage,40.0,https://www.ocbuyback.com/sell/cell-phone/apple/iphone-11-pro-max
iPhone 11 Pro Max_64GB_Unlocked_Broken,5.0,https://www.ocbuyback.com/sell/cell-phone/apple/iphone-11-pro-max
iPhone 11 Pro Max_256GB_AT&T_Flawless,130.0,https://www.ocbuyback.com/sell/cell-phone/apple/iphone-11-pro-max
iPhone 11 Pro Max_256GB_AT&T_Good ,110.0,https://www.ocbuyback.com/sell/cell-phone/apple/iphone-11-pro-max
iPhone 11 Pro Max_256GB_AT&T_Fair,75.0,https://www.ocbuyback.com/sell/cell-phone/apple/iphone-11-pro-max
iPhone 11 Pro Max_256GB_AT&T_Minor Damage,45.0,https://www.ocbuyback.com/sell/cell-phone/apple/iphone-11-pro-max
iPhone 11 Pro Max_256GB_AT&T_Broken,5.0,https://www.ocbuyback.com/sell/cell-phone/apple/iphone-11-pro-max
iPhone 11 Pro Max_256GB_T-Mobile_Flawless,100.0,https://www.ocbuyback.com/sell/cell-phone/apple/iphone-11-pro-max
iPhone 11 Pro Max_256GB_T-Mobile_Good ,80.0,https://www.ocbuyback.com/sell/cell-phone/apple/iphone-11-pro-max
iPhone 11 Pro Max_256GB_T-Mobile_Fair,45.0,https://www.ocbuyback.com/sell/cell-phone/apple/iphone-11-pro-max
iPhone 11 Pro Max_256GB_T-Mobile_Minor Damage,20.0,https://www.ocbuyback.com/sell/cell-phone/apple/iphone-11-pro-max
iPhone 11 Pro Max_256GB_T-Mobile_Broken,5.0,https://www.ocbuyback.com/sell/cell-phone/apple/iphone-11-pro-max
iPhone 11 Pro Max_256GB_Verizon_Flawless,140.0,https://www.ocbuyback.com/sell/cell-phone/apple/iphone-11-pro-max
iPhone 11 Pro Max_256GB_Verizon_Good ,120.0,https://www.ocbuyback.com/sell/cell-phone/apple/iphone-11-pro-max
iPhone 11 Pro Max_256GB_Verizon_Fair,85.0,https://www.ocbuyback.com/sell/cell-phone/apple/iphone-11-pro-max
iPhone 11 Pro Max_256GB_Verizon_Minor Damage,45.0,https://www.ocbuyback.com/sell/cell-phone/apple/iphone-11-pro-max
iPhone 11 Pro Max_256GB_Verizon_Broken,5.0,https://www.ocbuyback.com/sell/cell-phone/apple/iphone-11-pro-max
iPhone 11 Pro Max_256GB_Unlocked_Flawless,155.0,https://www.ocbuyback.com/sell/cell-phone/apple/iphone-11-pro-max
iPhone 11 Pro Max_256GB_Unlocked_Good ,135.0,https://www.ocbuyback.com/sell/cell-phone/apple/iphone-11-pro-max
iPhone 11 Pro Max_256GB_Unlocked_Fair,100.0,https://www.ocbuyback.com/sell/cell-phone/apple/iphone-11-pro-max
iPhone 11 Pro Max_256GB_Unlocked_Minor Damage,45.0,https://www.ocbuyback.com/sell/cell-phone/apple/iphone-11-pro-max
iPhone 11 Pro Max_256GB_Unlocked_Broken,5.0,https://www.ocbuyback.com/sell/cell-phone/apple/iphone-11-pro-max
iPhone 11 Pro Max_512GB_AT&T_Flawless,145.0,https://www.ocbuyback.com/sell/cell-phone/apple/iphone-11-pro-max
iPhone 11 Pro Max_512GB_AT&T_Good ,125.0,https://www.ocbuyback.com/sell/cell-phone/apple/iphone-11-pro-max
iPhone 11 Pro Max_512GB_AT&T_Fair,90.0,https://www.ocbuyback.com/sell/cell-phone/apple/iphone-11-pro-max
iPhone 11 Pro Max_512GB_AT&T_Minor Damage,50.0,https://www.ocbuyback.com/sell/cell-phone/apple/iphone-11-pro-max
iPhone 11 Pro Max_512GB_AT&T_Broken,5.0,https://www.ocbuyback.com/sell/cell-phone/apple/iphone-11-pro-max
iPhone 11 Pro Max_512GB_T-Mobile_Flawless,115.0,https://www.ocbuyback.com/sell/cell-phone/apple/iphone-11-pro-max
iPhone 11 Pro Max_512GB_T-Mobile_Good ,95.0,https://www.ocbuyback.com/sell/cell-phone/apple/iphone-11-pro-max
iPhone 11 Pro Max_512GB_T-Mobile_Fair,60.0,https://www.ocbuyback.com/sell/cell-phone/apple/iphone-11-pro-max
iPhone 11 Pro Max_512GB_T-Mobile_Minor Damage,25.0,https://www.ocbuyback.com/sell/cell-phone/apple/iphone-11-pro-max
iPhone 11 Pro Max_512GB_T-Mobile_Broken,5.0,https://www.ocbuyback.com/sell/cell-phone/apple/iphone-11-pro-max
iPhone 11 Pro Max_512GB_Verizon_Flawless,155.0,https://www.ocbuyback.com/sell/cell-phone/apple/iphone-11-pro-max
iPhone 11 Pro Max_512GB_Verizon_Good ,145.0,https://www.ocbuyback.com/sell/cell-phone/apple/iphone-11-pro-max
iPhone 11 Pro Max_512GB_Verizon_Fair,95.0,https://www.ocbuyback.com/sell/cell-phone/apple/iphone-11-pro-max
iPhone 11 Pro Max_512GB_Verizon_Minor Damage,50.0,https://www.ocbuyback.com/sell/cell-phone/apple/iphone-11-pro-max
iPhone 11 Pro Max_512GB_Verizon_Broken,5.0,https://www.ocbuyback.com/sell/cell-phone/apple/iphone-11-pro-max
iPhone 11 Pro Max_512GB_Unlocked_Flawless,170.0,https://www.ocbuyback.com/sell/cell-phone/apple/iphone-11-pro-max
iPhone 11 Pro Max_512GB_Unlocked_Good ,150.0,https://www.ocbuyback.com/sell/cell-phone/apple/iphone-11-pro-max
iPhone 11 Pro Max_512GB_Unlocked_Fair,105.0,https://www.ocbuyback.com/sell/cell-phone/apple/iphone-11-pro-max
iPhone 11 Pro Max_512GB_Unlocked_Minor Damage,50.0,https://www.ocbuyback.com/sell/cell-phone/apple/iphone-11-pro-max
iPhone 11 Pro Max_512GB_Unlocked_Broken,5.0,https://www.ocbuyback.com/sell/cell-phone/apple/iphone-11-pro-max
iPhone 12_64GB_AT&T_Flawless,105.0,https://www.ocbuyback.com/sell/cell-phone/apple/iphone-12
iPhone 12_64GB_AT&T_Good ,85.0,https://www.ocbuyback.com/sell/cell-phone/apple/iphone-12
iPhone 12_64GB_AT&T_Fair,50.0,https://www.ocbuyback.com/sell/cell-phone/apple/iphone-12
iPhone 12_64GB_AT&T_Minor Damage,35.0,https://www.ocbuyback.com/sell/cell-phone/apple/iphone-12
iPhone 12_64GB_AT&T_Broken,10.0,https://www.ocbuyback.com/sell/cell-phone/apple/iphone-12
iPhone 12_64GB_T-Mobile_Flawless,75.0,https://www.ocbuyback.com/sell/cell-phone/apple/iphone-12
iPhone 12_64GB_T-Mobile_Good ,55.0,https://www.ocbuyback.com/sell/cell-phone/apple/iphone-12
iPhone 12_64GB_T-Mobile_Fair,30.0,https://www.ocbuyback.com/sell/cell-phone/apple/iphone-12
iPhone 12_64GB_T-Mobile_Minor Damage,15.0,https://www.ocbuyback.com/sell/cell-phone/apple/iphone-12
iPhone 12_64GB_T-Mobile_Broken,10.0,https://www.ocbuyback.com/sell/cell-phone/apple/iphone-12
iPhone 12_64GB_Verizon_Flawless,115.0,https://www.ocbuyback.com/sell/cell-phone/apple/iphone-12
iPhone 12_64GB_Verizon_Good ,95.0,https://www.ocbuyback.com/sell/cell-phone/apple/iphone-12
iPhone 12_64GB_Verizon_Fair,60.0,https://www.ocbuyback.com/sell/cell-phone/apple/iphone-12
iPhone 12_64GB_Verizon_Minor Damage,35.0,https://www.ocbuyback.com/sell/cell-phone/apple/iphone-12
iPhone 12_64GB_Verizon_Broken,10.0,https://www.ocbuyback.com/sell/cell-phone/apple/iphone-12
iPhone 12_64GB_Unlocked_Flawless,120.0,https://www.ocbuyback.com/sell/cell-phone/apple/iphone-12
iPhone 12_64GB_Unlocked_Good ,100.0,https://www.ocbuyback.com/sell/cell-phone/apple/iphone-12
iPhone 12_64GB_Unlocked_Fair,65.0,https://www.ocbuyback.com/sell/cell-phone/apple/iphone-12
iPhone 12_64GB_Unlocked_Minor Damage,35.0,https://www.ocbuyback.com/sell/cell-phone/apple/iphone-12
iPhone 12_64GB_Unlocked_Broken,10.0,https://www.ocbuyback.com/sell/cell-phone/apple/iphone-12
iPhone 12_128GB_AT&T_Flawless,130.0,https://www.ocbuyback.com/sell/cell-phone/apple/iphone-12
iPhone 12_128GB_AT&T_Good ,110.0,https://www.ocbuyback.com/sell/cell-phone/apple/iphone-12
iPhone 12_128GB_AT&T_Fair,70.0,https://www.ocbuyback.com/sell/cell-phone/apple/iphone-12
iPhone 12_128GB_AT&T_Minor Damage,45.0,https://www.ocbuyback.com/sell/cell-phone/apple/iphone-12
iPhone 12_128GB_AT&T_Broken,10.0,https://www.ocbuyback.com/sell/cell-phone/apple/iphone-12
iPhone 12_128GB_T-Mobile_Flawless,100.0,https://www.ocbuyback.com/sell/cell-phone/apple/iphone-12
iPhone 12_128GB_T-Mobile_Good ,80.0,https://www.ocbuyback.com/sell/cell-phone/apple/iphone-12
iPhone 12_128GB_T-Mobile_Fair,40.0,https://www.ocbuyback.com/sell/cell-phone/apple/iphone-12
iPhone 12_128GB_T-Mobile_Minor Damage,25.0,https://www.ocbuyback.com/sell/cell-phone/apple/iphone-12
iPhone 12_128GB_T-Mobile_Broken,10.0,https://www.ocbuyback.com/sell/cell-phone/apple/iphone-12
iPhone 12_128GB_Verizon_Flawless,140.0,https://www.ocbuyback.com/sell/cell-phone/apple/iphone-12
iPhone 12_128GB_Verizon_Good ,120.0,https://www.ocbuyback.com/sell/cell-phone/apple/iphone-12
iPhone 12_128GB_Verizon_Fair,80.0,https://www.ocbuyback.com/sell/cell-phone/apple/iphone-12
iPhone 12_128GB_Verizon_Minor Damage,55.0,https://www.ocbuyback.com/sell/cell-phone/apple/iphone-12
iPhone 12_128GB_Verizon_Broken,10.0,https://www.ocbuyback.com/sell/cell-phone/apple/iphone-12
iPhone 12_128GB_Unlocked_Flawless,145.0,https://www.ocbuyback.com/sell/cell-phone/apple/iphone-12
iPhone 12_128GB_Unlocked_Good ,125.0,https://www.ocbuyback.com/sell/cell-phone/apple/iphone-12
iPhone 12_128GB_Unlocked_Fair,85.0,https://www.ocbuyback.com/sell/cell-phone/apple/iphone-12
iPhone 12_128GB_Unlocked_Minor Damage,45.0,https://www.ocbuyback.com/sell/cell-phone/apple/iphone-12
iPhone 12_128GB_Unlocked_Broken,10.0,https://www.ocbuyback.com/sell/cell-phone/apple/iphone-12
iPhone 12_256GB_AT&T_Flawless,150.0,https://www.ocbuyback.com/sell/cell-phone/apple/iphone-12
iPhone 12_256GB_AT&T_Good ,130.0,https://www.ocbuyback.com/sell/cell-phone/apple/iphone-12
iPhone 12_256GB_AT&T_Fair,90.0,https://www.ocbuyback.com/sell/cell-phone/apple/iphone-12
iPhone 12_256GB_AT&T_Minor Damage,50.0,https://www.ocbuyback.com/sell/cell-phone/apple/iphone-12
iPhone 12_256GB_AT&T_Broken,10.0,https://www.ocbuyback.com/sell/cell-phone/apple/iphone-12
iPhone 12_256GB_T-Mobile_Flawless,120.0,https://www.ocbuyback.com/sell/cell-phone/apple/iphone-12
iPhone 12_256GB_T-Mobile_Good ,100.0,https://www.ocbuyback.com/sell/cell-phone/apple/iphone-12
iPhone 12_256GB_T-Mobile_Fair,60.0,https://www.ocbuyback.com/sell/cell-phone/apple/iphone-12
iPhone 12_256GB_T-Mobile_Minor Damage,30.0,https://www.ocbuyback.com/sell/cell-phone/apple/iphone-12
iPhone 12_256GB_T-Mobile_Broken,10.0,https://www.ocbuyback.com/sell/cell-phone/apple/iphone-12
iPhone 12_256GB_Verizon_Flawless,160.0,https://www.ocbuyback.com/sell/cell-phone/apple/iphone-12
iPhone 12_256GB_Verizon_Good ,140.0,https://www.ocbuyback.com/sell/cell-phone/apple/iphone-12
iPhone 12_256GB_Verizon_Fair,100.0,https://www.ocbuyback.com/sell/cell-phone/apple/iphone-12
iPhone 12_256GB_Verizon_Minor Damage,50.0,https://www.ocbuyback.com/sell/cell-phone/apple/iphone-12
iPhone 12_256GB_Verizon_Broken,10.0,https://www.ocbuyback.com/sell/cell-phone/apple/iphone-12
iPhone 12_256GB_Unlocked_Flawless,165.0,https://www.ocbuyback.com/sell/cell-phone/apple/iphone-12
iPhone 12_256GB_Unlocked_Good ,145.0,https://www.ocbuyback.com/sell/cell-phone/apple/iphone-12
iPhone 12_256GB_Unlocked_Fair,105.0,https://www.ocbuyback.com/sell/cell-phone/apple/iphone-12
iPhone 12_256GB_Unlocked_Minor Damage,50.0,https://www.ocbuyback.com/sell/cell-phone/apple/iphone-12
iPhone 12_256GB_Unlocked_Broken,10.0,https://www.ocbuyback.com/sell/cell-phone/apple/iphone-12
iPhone 12 Mini_64GB_AT&T_Brand New,120.0,https://www.ocbuyback.com/sell/cell-phone/apple/iphone-12-mini
iPhone 12 Mini_64GB_AT&T_Flawless,80.0,https://www.ocbuyback.com/sell/cell-phone/apple/iphone-12-mini
iPhone 12 Mini_64GB_AT&T_Good ,60.0,https://www.ocbuyback.com/sell/cell-phone/apple/iphone-12-mini
iPhone 12 Mini_64GB_AT&T_Fair,30.0,https://www.ocbuyback.com/sell/cell-phone/apple/iphone-12-mini
iPhone 12 Mini_64GB_AT&T_Minor Damage,5.0,https://www.ocbuyback.com/sell/cell-phone/apple/iphone-12-mini
iPhone 12 Mini_64GB_AT&T_Broken,5.0,https://www.ocbuyback.com/sell/cell-phone/apple/iphone-12-mini
iPhone 12 Mini_64GB_T-Mobile_Brand New,85.0,https://www.ocbuyback.com/sell/cell-phone/apple/iphone-12-mini
iPhone 12 Mini_64GB_T-Mobile_Flawless,45.0,https://www.ocbuyback.com/sell/cell-phone/apple/iphone-12-mini
iPhone 12 Mini_64GB_T-Mobile_Good ,25.0,https://www.ocbuyback.com/sell/cell-phone/apple/iphone-12-mini
iPhone 12 Mini_64GB_T-Mobile_Fair,10.0,https://www.ocbuyback.com/sell/cell-phone/apple/iphone-12-mini
iPhone 12 Mini_64GB_T-Mobile_Minor Damage,5.0,https://www.ocbuyback.com/sell/cell-phone/apple/iphone-12-mini
iPhone 12 Mini_64GB_T-Mobile_Broken,5.0,https://www.ocbuyback.com/sell/cell-phone/apple/iphone-12-mini
iPhone 12 Mini_64GB_Verizon_Brand New,140.0,https://www.ocbuyback.com/sell/cell-phone/apple/iphone-12-mini
iPhone 12 Mini_64GB_Verizon_Flawless,100.0,https://www.ocbuyback.com/sell/cell-phone/apple/iphone-12-mini
iPhone 12 Mini_64GB_Verizon_Good ,80.0,https://www.ocbuyback.com/sell/cell-phone/apple/iphone-12-mini
iPhone 12 Mini_64GB_Verizon_Fair,50.0,https://www.ocbuyback.com/sell/cell-phone/apple/iphone-12-mini
iPhone 12 Mini_64GB_Verizon_Minor Damage,25.0,https://www.ocbuyback.com/sell/cell-phone/apple/iphone-12-mini
iPhone 12 Mini_64GB_Verizon_Broken,5.0,https://www.ocbuyback.com/sell/cell-phone/apple/iphone-12-mini
iPhone 12 Mini_64GB_Unlocked_Brand New,140.0,https://www.ocbuyback.com/sell/cell-phone/apple/iphone-12-mini
iPhone 12 Mini_64GB_Unlocked_Flawless,100.0,https://www.ocbuyback.com/sell/cell-phone/apple/iphone-12-mini
iPhone 12 Mini_64GB_Unlocked_Good ,80.0,https://www.ocbuyback.com/sell/cell-phone/apple/iphone-12-mini
iPhone 12 Mini_64GB_Unlocked_Fair,50.0,https://www.ocbuyback.com/sell/cell-phone/apple/iphone-12-mini
iPhone 12 Mini_64GB_Unlocked_Minor Damage,25.0,https://www.ocbuyback.com/sell/cell-phone/apple/iphone-12-mini
iPhone 12 Mini_64GB_Unlocked_Broken,5.0,https://www.ocbuyback.com/sell/cell-phone/apple/iphone-12-mini
iPhone 12 Mini_128GB_AT&T_Brand New,140.0,https://www.ocbuyback.com/sell/cell-phone/apple/iphone-12-mini
iPhone 12 Mini_128GB_AT&T_Flawless,100.0,https://www.ocbuyback.com/sell/cell-phone/apple/iphone-12-mini
iPhone 12 Mini_128GB_AT&T_Good ,80.0,https://www.ocbuyback.com/sell/cell-phone/apple/iphone-12-mini
iPhone 12 Mini_128GB_AT&T_Fair,50.0,https://www.ocbuyback.com/sell/cell-phone/apple/iphone-12-mini
iPhone 12 Mini_128GB_AT&T_Minor Damage,10.0,https://www.ocbuyback.com/sell/cell-phone/apple/iphone-12-mini
iPhone 12 Mini_128GB_AT&T_Broken,5.0,https://www.ocbuyback.com/sell/cell-phone/apple/iphone-12-mini
iPhone 12 Mini_128GB_T-Mobile_Brand New,105.0,https://www.ocbuyback.com/sell/cell-phone/apple/iphone-12-mini
iPhone 12 Mini_128GB_T-Mobile_Flawless,65.0,https://www.ocbuyback.com/sell/cell-phone/apple/iphone-12-mini
iPhone 12 Mini_128GB_T-Mobile_Good ,45.0,https://www.ocbuyback.com/sell/cell-phone/apple/iphone-12-mini
iPhone 12 Mini_128GB_T-Mobile_Fair,15.0,https://www.ocbuyback.com/sell/cell-phone/apple/iphone-12-mini
iPhone 12 Mini_128GB_T-Mobile_Minor Damage,10.0,https://www.ocbuyback.com/sell/cell-phone/apple/iphone-12-mini
iPhone 12 Mini_128GB_T-Mobile_Broken,5.0,https://www.ocbuyback.com/sell/cell-phone/apple/iphone-12-mini
iPhone 12 Mini_128GB_Verizon_Brand New,160.0,https://www.ocbuyback.com/sell/cell-phone/apple/iphone-12-mini
iPhone 12 Mini_128GB_Verizon_Flawless,120.0,https://www.ocbuyback.com/sell/cell-phone/apple/iphone-12-mini
iPhone 12 Mini_128GB_Verizon_Good ,100.0,https://www.ocbuyback.com/sell/cell-phone/apple/iphone-12-mini
iPhone 12 Mini_128GB_Verizon_Fair,70.0,https://www.ocbuyback.com/sell/cell-phone/apple/iphone-12-mini
iPhone 12 Mini_128GB_Verizon_Minor Damage,35.0,https://www.ocbuyback.com/sell/cell-phone/apple/iphone-12-mini
iPhone 12 Mini_128GB_Verizon_Broken,5.0,https://www.ocbuyback.com/sell/cell-phone/apple/iphone-12-mini
iPhone 12 Mini_128GB_Unlocked_Brand New,160.0,https://www.ocbuyback.com/sell/cell-phone/apple/iphone-12-mini
iPhone 12 Mini_128GB_Unlocked_Flawless,120.0,https://www.ocbuyback.com/sell/cell-phone/apple/iphone-12-mini
iPhone 12 Mini_128GB_Unlocked_Good ,100.0,https://www.ocbuyback.com/sell/cell-phone/apple/iphone-12-mini
iPhone 12 Mini_128GB_Unlocked_Fair,70.0,https://www.ocbuyback.com/sell/cell-phone/apple/iphone-12-mini
iPhone 12 Mini_128GB_Unlocked_Minor Damage,35.0,https://www.ocbuyback.com/sell/cell-phone/apple/iphone-12-mini
iPhone 12 Mini_128GB_Unlocked_Broken,5.0,https://www.ocbuyback.com/sell/cell-phone/apple/iphone-12-mini
iPhone 12 Mini_256GB_AT&T_Brand New,155.0,https://www.ocbuyback.com/sell/cell-phone/apple/iphone-12-mini
iPhone 12 Mini_256GB_AT&T_Flawless,115.0,https://www.ocbuyback.com/sell/cell-phone/apple/iphone-12-mini
iPhone 12 Mini_256GB_AT&T_Good ,95.0,https://www.ocbuyback.com/sell/cell-phone/apple/iphone-12-mini
iPhone 12 Mini_256GB_AT&T_Fair,65.0,https://www.ocbuyback.com/sell/cell-phone/apple/iphone-12-mini
iPhone 12 Mini_256GB_AT&T_Minor Damage,15.0,https://www.ocbuyback.com/sell/cell-phone/apple/iphone-12-mini
iPhone 12 Mini_256GB_AT&T_Broken,5.0,https://www.ocbuyback.com/sell/cell-phone/apple/iphone-12-mini
iPhone 12 Mini_256GB_T-Mobile_Brand New,120.0,https://www.ocbuyback.com/sell/cell-phone/apple/iphone-12-mini
iPhone 12 Mini_256GB_T-Mobile_Flawless,80.0,https://www.ocbuyback.com/sell/cell-phone/apple/iphone-12-mini
iPhone 12 Mini_256GB_T-Mobile_Good ,60.0,https://www.ocbuyback.com/sell/cell-phone/apple/iphone-12-mini
iPhone 12 Mini_256GB_T-Mobile_Fair,30.0,https://www.ocbuyback.com/sell/cell-phone/apple/iphone-12-mini
iPhone 12 Mini_256GB_T-Mobile_Minor Damage,10.0,https://www.ocbuyback.com/sell/cell-phone/apple/iphone-12-mini
iPhone 12 Mini_256GB_T-Mobile_Broken,5.0,https://www.ocbuyback.com/sell/cell-phone/apple/iphone-12-mini
iPhone 12 Mini_256GB_Verizon_Brand New,175.0,https://www.ocbuyback.com/sell/cell-phone/apple/iphone-12-mini
iPhone 12 Mini_256GB_Verizon_Flawless,135.0,https://www.ocbuyback.com/sell/cell-phone/apple/iphone-12-mini
iPhone 12 Mini_256GB_Verizon_Good ,115.0,https://www.ocbuyback.com/sell/cell-phone/apple/iphone-12-mini
iPhone 12 Mini_256GB_Verizon_Fair,85.0,https://www.ocbuyback.com/sell/cell-phone/apple/iphone-12-mini
iPhone 12 Mini_256GB_Verizon_Minor Damage,35.0,https://www.ocbuyback.com/sell/cell-phone/apple/iphone-12-mini
iPhone 12 Mini_256GB_Verizon_Broken,5.0,https://www.ocbuyback.com/sell/cell-phone/apple/iphone-12-mini
iPhone 12 Mini_256GB_Unlocked_Brand New,175.0,https://www.ocbuyback.com/sell/cell-phone/apple/iphone-12-mini
iPhone 12 Mini_256GB_Unlocked_Flawless,135.0,https://www.ocbuyback.com/sell/cell-phone/apple/iphone-12-mini
iPhone 12 Mini_256GB_Unlocked_Good ,115.0,https://www.ocbuyback.com/sell/cell-phone/apple/iphone-12-mini
iPhone 12 Mini_256GB_Unlocked_Fair,85.0,https://www.ocbuyback.com/sell/cell-phone/apple/iphone-12-mini
iPhone 12 Mini_256GB_Unlocked_Minor Damage,35.0,https://www.ocbuyback.com/sell/cell-phone/apple/iphone-12-mini
iPhone 12 Mini_256GB_Unlocked_Broken,5.0,https://www.ocbuyback.com/sell/cell-phone/apple/iphone-12-mini
iPhone 12 Pro_128GB_AT&T_Flawless,130.0,https://www.ocbuyback.com/sell/cell-phone/apple/iphone-12-pro
iPhone 12 Pro_128GB_AT&T_Good ,110.0,https://www.ocbuyback.com/sell/cell-phone/apple/iphone-12-pro
iPhone 12 Pro_128GB_AT&T_Fair,60.0,https://www.ocbuyback.com/sell/cell-phone/apple/iphone-12-pro
iPhone 12 Pro_128GB_AT&T_Minor Damage,20.0,https://www.ocbuyback.com/sell/cell-phone/apple/iphone-12-pro
iPhone 12 Pro_128GB_AT&T_Broken,10.0,https://www.ocbuyback.com/sell/cell-phone/apple/iphone-12-pro
iPhone 12 Pro_128GB_T-Mobile_Flawless,100.0,https://www.ocbuyback.com/sell/cell-phone/apple/iphone-12-pro
iPhone 12 Pro_128GB_T-Mobile_Good ,80.0,https://www.ocbuyback.com/sell/cell-phone/apple/iphone-12-pro
iPhone 12 Pro_128GB_T-Mobile_Fair,30.0,https://www.ocbuyback.com/sell/cell-phone/apple/iphone-12-pro
iPhone 12 Pro_128GB_T-Mobile_Minor Damage,20.0,https://www.ocbuyback.com/sell/cell-phone/apple/iphone-12-pro
iPhone 12 Pro_128GB_T-Mobile_Broken,10.0,https://www.ocbuyback.com/sell/cell-phone/apple/iphone-12-pro
iPhone 12 Pro_128GB_Verizon_Flawless,170.0,https://www.ocbuyback.com/sell/cell-phone/apple/iphone-12-pro
iPhone 12 Pro_128GB_Verizon_Good ,150.0,https://www.ocbuyback.com/sell/cell-phone/apple/iphone-12-pro
iPhone 12 Pro_128GB_Verizon_Fair,100.0,https://www.ocbuyback.com/sell/cell-phone/apple/iphone-12-pro
iPhone 12 Pro_128GB_Verizon_Minor Damage,50.0,https://www.ocbuyback.com/sell/cell-phone/apple/iphone-12-pro
iPhone 12 Pro_128GB_Verizon_Broken,20.0,https://www.ocbuyback.com/sell/cell-phone/apple/iphone-12-pro
iPhone 12 Pro_128GB_Unlocked_Flawless,170.0,https://www.ocbuyback.com/sell/cell-phone/apple/iphone-12-pro
iPhone 12 Pro_128GB_Unlocked_Good ,150.0,https://www.ocbuyback.com/sell/cell-phone/apple/iphone-12-pro
iPhone 12 Pro_128GB_Unlocked_Fair,100.0,https://www.ocbuyback.com/sell/cell-phone/apple/iphone-12-pro
iPhone 12 Pro_128GB_Unlocked_Minor Damage,50.0,https://www.ocbuyback.com/sell/cell-phone/apple/iphone-12-pro
iPhone 12 Pro_128GB_Unlocked_Broken,20.0,https://www.ocbuyback.com/sell/cell-phone/apple/iphone-12-pro
iPhone 12 Pro_256GB_AT&T_Flawless,170.0,https://www.ocbuyback.com/sell/cell-phone/apple/iphone-12-pro
iPhone 12 Pro_256GB_AT&T_Good ,150.0,https://www.ocbuyback.com/sell/cell-phone/apple/iphone-12-pro
iPhone 12 Pro_256GB_AT&T_Fair,100.0,https://www.ocbuyback.com/sell/cell-phone/apple/iphone-12-pro
iPhone 12 Pro_256GB_AT&T_Minor Damage,30.0,https://www.ocbuyback.com/sell/cell-phone/apple/iphone-12-pro
iPhone 12 Pro_256GB_AT&T_Broken,20.0,https://www.ocbuyback.com/sell/cell-phone/apple/iphone-12-pro
iPhone 12 Pro_256GB_T-Mobile_Flawless,140.0,https://www.ocbuyback.com/sell/cell-phone/apple/iphone-12-pro
iPhone 12 Pro_256GB_T-Mobile_Good ,120.0,https://www.ocbuyback.com/sell/cell-phone/apple/iphone-12-pro
iPhone 12 Pro_256GB_T-Mobile_Fair,70.0,https://www.ocbuyback.com/sell/cell-phone/apple/iphone-12-pro
iPhone 12 Pro_256GB_T-Mobile_Minor Damage,30.0,https://www.ocbuyback.com/sell/cell-phone/apple/iphone-12-pro
iPhone 12 Pro_256GB_T-Mobile_Broken,20.0,https://www.ocbuyback.com/sell/cell-phone/apple/iphone-12-pro
iPhone 12 Pro_256GB_Verizon_Flawless,210.0,https://www.ocbuyback.com/sell/cell-phone/apple/iphone-12-pro
iPhone 12 Pro_256GB_Verizon_Good ,190.0,https://www.ocbuyback.com/sell/cell-phone/apple/iphone-12-pro
iPhone 12 Pro_256GB_Verizon_Fair,140.0,https://www.ocbuyback.com/sell/cell-phone/apple/iphone-12-pro
iPhone 12 Pro_256GB_Verizon_Minor Damage,60.0,https://www.ocbuyback.com/sell/cell-phone/apple/iphone-12-pro
iPhone 12 Pro_256GB_Verizon_Broken,20.0,https://www.ocbuyback.com/sell/cell-phone/apple/iphone-12-pro
iPhone 12 Pro_256GB_Unlocked_Flawless,210.0,https://www.ocbuyback.com/sell/cell-phone/apple/iphone-12-pro
iPhone 12 Pro_256GB_Unlocked_Good ,190.0,https://www.ocbuyback.com/sell/cell-phone/apple/iphone-12-pro
iPhone 12 Pro_256GB_Unlocked_Fair,140.0,https://www.ocbuyback.com/sell/cell-phone/apple/iphone-12-pro
iPhone 12 Pro_256GB_Unlocked_Minor Damage,60.0,https://www.ocbuyback.com/sell/cell-phone/apple/iphone-12-pro
iPhone 12 Pro_256GB_Unlocked_Broken,20.0,https://www.ocbuyback.com/sell/cell-phone/apple/iphone-12-pro
iPhone 12 Pro_512GB_AT&T_Flawless,180.0,https://www.ocbuyback.com/sell/cell-phone/apple/iphone-12-pro
iPhone 12 Pro_512GB_AT&T_Good ,160.0,https://www.ocbuyback.com/sell/cell-phone/apple/iphone-12-pro
iPhone 12 Pro_512GB_AT&T_Fair,110.0,https://www.ocbuyback.com/sell/cell-phone/apple/iphone-12-pro
iPhone 12 Pro_512GB_AT&T_Minor Damage,35.0,https://www.ocbuyback.com/sell/cell-phone/apple/iphone-12-pro
iPhone 12 Pro_512GB_AT&T_Broken,20.0,https://www.ocbuyback.com/sell/cell-phone/apple/iphone-12-pro
iPhone 12 Pro_512GB_T-Mobile_Flawless,150.0,https://www.ocbuyback.com/sell/cell-phone/apple/iphone-12-pro
iPhone 12 Pro_512GB_T-Mobile_Good ,130.0,https://www.ocbuyback.com/sell/cell-phone/apple/iphone-12-pro
iPhone 12 Pro_512GB_T-Mobile_Fair,80.0,https://www.ocbuyback.com/sell/cell-phone/apple/iphone-12-pro
iPhone 12 Pro_512GB_T-Mobile_Minor Damage,35.0,https://www.ocbuyback.com/sell/cell-phone/apple/iphone-12-pro
iPhone 12 Pro_512GB_T-Mobile_Broken,20.0,https://www.ocbuyback.com/sell/cell-phone/apple/iphone-12-pro
iPhone 12 Pro_512GB_Verizon_Flawless,220.0,https://www.ocbuyback.com/sell/cell-phone/apple/iphone-12-pro
iPhone 12 Pro_512GB_Verizon_Good ,200.0,https://www.ocbuyback.com/sell/cell-phone/apple/iphone-12-pro
iPhone 12 Pro_512GB_Verizon_Fair,150.0,https://www.ocbuyback.com/sell/cell-phone/apple/iphone-12-pro
iPhone 12 Pro_512GB_Verizon_Minor Damage,65.0,https://www.ocbuyback.com/sell/cell-phone/apple/iphone-12-pro
iPhone 12 Pro_512GB_Verizon_Broken,20.0,https://www.ocbuyback.com/sell/cell-phone/apple/iphone-12-pro
iPhone 12 Pro_512GB_Unlocked_Flawless,220.0,https://www.ocbuyback.com/sell/cell-phone/apple/iphone-12-pro
iPhone 12 Pro_512GB_Unlocked_Good ,200.0,https://www.ocbuyback.com/sell/cell-phone/apple/iphone-12-pro
iPhone 12 Pro_512GB_Unlocked_Fair,150.0,https://www.ocbuyback.com/sell/cell-phone/apple/iphone-12-pro
iPhone 12 Pro_512GB_Unlocked_Minor Damage,65.0,https://www.ocbuyback.com/sell/cell-phone/apple/iphone-12-pro
iPhone 12 Pro_512GB_Unlocked_Broken,20.0,https://www.ocbuyback.com/sell/cell-phone/apple/iphone-12-pro
iPhone 12 Pro Max_128GB_AT&T_Flawless,205.0,https://www.ocbuyback.com/sell/cell-phone/apple/iphone-12-pro-max
iPhone 12 Pro Max_128GB_AT&T_Good ,175.0,https://www.ocbuyback.com/sell/cell-phone/apple/iphone-12-pro-max
iPhone 12 Pro Max_128GB_AT&T_Fair,115.0,https://www.ocbuyback.com/sell/cell-phone/apple/iphone-12-pro-max
iPhone 12 Pro Max_128GB_AT&T_Minor Damage,60.0,https://www.ocbuyback.com/sell/cell-phone/apple/iphone-12-pro-max
iPhone 12 Pro Max_128GB_AT&T_Broken,20.0,https://www.ocbuyback.com/sell/cell-phone/apple/iphone-12-pro-max
iPhone 12 Pro Max_128GB_T-Mobile_Flawless,150.0,https://www.ocbuyback.com/sell/cell-phone/apple/iphone-12-pro-max
iPhone 12 Pro Max_128GB_T-Mobile_Good ,120.0,https://www.ocbuyback.com/sell/cell-phone/apple/iphone-12-pro-max
iPhone 12 Pro Max_128GB_T-Mobile_Fair,60.0,https://www.ocbuyback.com/sell/cell-phone/apple/iphone-12-pro-max
iPhone 12 Pro Max_128GB_T-Mobile_Minor Damage,40.0,https://www.ocbuyback.com/sell/cell-phone/apple/iphone-12-pro-max
iPhone 12 Pro Max_128GB_T-Mobile_Broken,20.0,https://www.ocbuyback.com/sell/cell-phone/apple/iphone-12-pro-max
iPhone 12 Pro Max_128GB_Verizon_Flawless,225.0,https://www.ocbuyback.com/sell/cell-phone/apple/iphone-12-pro-max
iPhone 12 Pro Max_128GB_Verizon_Good ,195.0,https://www.ocbuyback.com/sell/cell-phone/apple/iphone-12-pro-max
iPhone 12 Pro Max_128GB_Verizon_Fair,135.0,https://www.ocbuyback.com/sell/cell-phone/apple/iphone-12-pro-max
iPhone 12 Pro Max_128GB_Verizon_Minor Damage,60.0,https://www.ocbuyback.com/sell/cell-phone/apple/iphone-12-pro-max
iPhone 12 Pro Max_128GB_Verizon_Broken,20.0,https://www.ocbuyback.com/sell/cell-phone/apple/iphone-12-pro-max
iPhone 12 Pro Max_128GB_Unlocked_Flawless,245.0,https://www.ocbuyback.com/sell/cell-phone/apple/iphone-12-pro-max
iPhone 12 Pro Max_128GB_Unlocked_Good ,215.0,https://www.ocbuyback.com/sell/cell-phone/apple/iphone-12-pro-max
iPhone 12 Pro Max_128GB_Unlocked_Fair,155.0,https://www.ocbuyback.com/sell/cell-phone/apple/iphone-12-pro-max
iPhone 12 Pro Max_128GB_Unlocked_Minor Damage,80.0,https://www.ocbuyback.com/sell/cell-phone/apple/iphone-12-pro-max
iPhone 12 Pro Max_128GB_Unlocked_Broken,20.0,https://www.ocbuyback.com/sell/cell-phone/apple/iphone-12-pro-max
iPhone 12 Pro Max_256GB_AT&T_Flawless,225.0,https://www.ocbuyback.com/sell/cell-phone/apple/iphone-12-pro-max
iPhone 12 Pro Max_256GB_AT&T_Good ,195.0,https://www.ocbuyback.com/sell/cell-phone/apple/iphone-12-pro-max
iPhone 12 Pro Max_256GB_AT&T_Fair,125.0,https://www.ocbuyback.com/sell/cell-phone/apple/iphone-12-pro-max
iPhone 12 Pro Max_256GB_AT&T_Minor Damage,60.0,https://www.ocbuyback.com/sell/cell-phone/apple/iphone-12-pro-max
iPhone 12 Pro Max_256GB_AT&T_Broken,20.0,https://www.ocbuyback.com/sell/cell-phone/apple/iphone-12-pro-max
iPhone 12 Pro Max_256GB_T-Mobile_Flawless,170.0,https://www.ocbuyback.com/sell/cell-phone/apple/iphone-12-pro-max
iPhone 12 Pro Max_256GB_T-Mobile_Good ,140.0,https://www.ocbuyback.com/sell/cell-phone/apple/iphone-12-pro-max
iPhone 12 Pro Max_256GB_T-Mobile_Fair,70.0,https://www.ocbuyback.com/sell/cell-phone/apple/iphone-12-pro-max
iPhone 12 Pro Max_256GB_T-Mobile_Minor Damage,40.0,https://www.ocbuyback.com/sell/cell-phone/apple/iphone-12-pro-max
iPhone 12 Pro Max_256GB_T-Mobile_Broken,20.0,https://www.ocbuyback.com/sell/cell-phone/apple/iphone-12-pro-max
iPhone 12 Pro Max_256GB_Verizon_Flawless,245.0,https://www.ocbuyback.com/sell/cell-phone/apple/iphone-12-pro-max
iPhone 12 Pro Max_256GB_Verizon_Good ,215.0,https://www.ocbuyback.com/sell/cell-phone/apple/iphone-12-pro-max
iPhone 12 Pro Max_256GB_Verizon_Fair,145.0,https://www.ocbuyback.com/sell/cell-phone/apple/iphone-12-pro-max
iPhone 12 Pro Max_256GB_Verizon_Minor Damage,60.0,https://www.ocbuyback.com/sell/cell-phone/apple/iphone-12-pro-max
iPhone 12 Pro Max_256GB_Verizon_Broken,20.0,https://www.ocbuyback.com/sell/cell-phone/apple/iphone-12-pro-max
iPhone 12 Pro Max_256GB_Unlocked_Flawless,265.0,https://www.ocbuyback.com/sell/cell-phone/apple/iphone-12-pro-max
iPhone 12 Pro Max_256GB_Unlocked_Good ,235.0,https://www.ocbuyback.com/sell/cell-phone/apple/iphone-12-pro-max
iPhone 12 Pro Max_256GB_Unlocked_Fair,165.0,https://www.ocbuyback.com/sell/cell-phone/apple/iphone-12-pro-max
iPhone 12 Pro Max_256GB_Unlocked_Minor Damage,80.0,https://www.ocbuyback.com/sell/cell-phone/apple/iphone-12-pro-max
iPhone 12 Pro Max_256GB_Unlocked_Broken,20.0,https://www.ocbuyback.com/sell/cell-phone/apple/iphone-12-pro-max
iPhone 12 Pro Max_512GB_AT&T_Flawless,240.0,https://www.ocbuyback.com/sell/cell-phone/apple/iphone-12-pro-max
iPhone 12 Pro Max_512GB_AT&T_Good ,215.0,https://www.ocbuyback.com/sell/cell-phone/apple/iphone-12-pro-max
iPhone 12 Pro Max_512GB_AT&T_Fair,145.0,https://www.ocbuyback.com/sell/cell-phone/apple/iphone-12-pro-max
iPhone 12 Pro Max_512GB_AT&T_Minor Damage,65.0,https://www.ocbuyback.com/sell/cell-phone/apple/iphone-12-pro-max
iPhone 12 Pro Max_512GB_AT&T_Broken,20.0,https://www.ocbuyback.com/sell/cell-phone/apple/iphone-12-pro-max
iPhone 12 Pro Max_512GB_T-Mobile_Flawless,185.0,https://www.ocbuyback.com/sell/cell-phone/apple/iphone-12-pro-max
iPhone 12 Pro Max_512GB_T-Mobile_Good ,170.0,https://www.ocbuyback.com/sell/cell-phone/apple/iphone-12-pro-max
iPhone 12 Pro Max_512GB_T-Mobile_Fair,90.0,https://www.ocbuyback.com/sell/cell-phone/apple/iphone-12-pro-max
iPhone 12 Pro Max_512GB_T-Mobile_Minor Damage,45.0,https://www.ocbuyback.com/sell/cell-phone/apple/iphone-12-pro-max
iPhone 12 Pro Max_512GB_T-Mobile_Broken,20.0,https://www.ocbuyback.com/sell/cell-phone/apple/iphone-12-pro-max
iPhone 12 Pro Max_512GB_Verizon_Flawless,260.0,https://www.ocbuyback.com/sell/cell-phone/apple/iphone-12-pro-max
iPhone 12 Pro Max_512GB_Verizon_Good ,235.0,https://www.ocbuyback.com/sell/cell-phone/apple/iphone-12-pro-max
iPhone 12 Pro Max_512GB_Verizon_Fair,165.0,https://www.ocbuyback.com/sell/cell-phone/apple/iphone-12-pro-max
iPhone 12 Pro Max_512GB_Verizon_Minor Damage,65.0,https://www.ocbuyback.com/sell/cell-phone/apple/iphone-12-pro-max
iPhone 12 Pro Max_512GB_Verizon_Broken,20.0,https://www.ocbuyback.com/sell/cell-phone/apple/iphone-12-pro-max
iPhone 12 Pro Max_512GB_Unlocked_Flawless,280.0,https://www.ocbuyback.com/sell/cell-phone/apple/iphone-12-pro-max
iPhone 12 Pro Max_512GB_Unlocked_Good ,255.0,https://www.ocbuyback.com/sell/cell-phone/apple/iphone-12-pro-max
iPhone 12 Pro Max_512GB_Unlocked_Fair,185.0,https://www.ocbuyback.com/sell/cell-phone/apple/iphone-12-pro-max
iPhone 12 Pro Max_512GB_Unlocked_Minor Damage,85.0,https://www.ocbuyback.com/sell/cell-phone/apple/iphone-12-pro-max
iPhone 12 Pro Max_512GB_Unlocked_Broken,20.0,https://www.ocbuyback.com/sell/cell-phone/apple/iphone-12-pro-max
iPhone 13_128GB_AT&T_Flawless,155.0,https://www.ocbuyback.com/sell/cell-phone/apple/iphone-13
iPhone 13_128GB_AT&T_Good ,125.0,https://www.ocbuyback.com/sell/cell-phone/apple/iphone-13
iPhone 13_128GB_AT&T_Fair,70.0,https://www.ocbuyback.com/sell/cell-phone/apple/iphone-13
iPhone 13_128GB_AT&T_Minor Damage,30.0,https://www.ocbuyback.com/sell/cell-phone/apple/iphone-13
iPhone 13_128GB_AT&T_Broken,5.0,https://www.ocbuyback.com/sell/cell-phone/apple/iphone-13
iPhone 13_128GB_T-Mobile_Flawless,135.0,https://www.ocbuyback.com/sell/cell-phone/apple/iphone-13
iPhone 13_128GB_T-Mobile_Good ,105.0,https://www.ocbuyback.com/sell/cell-phone/apple/iphone-13
iPhone 13_128GB_T-Mobile_Fair,50.0,https://www.ocbuyback.com/sell/cell-phone/apple/iphone-13
iPhone 13_128GB_T-Mobile_Minor Damage,20.0,https://www.ocbuyback.com/sell/cell-phone/apple/iphone-13
iPhone 13_128GB_T-Mobile_Broken,5.0,https://www.ocbuyback.com/sell/cell-phone/apple/iphone-13
iPhone 13_128GB_Verizon_Flawless,130.0,https://www.ocbuyback.com/sell/cell-phone/apple/iphone-13
iPhone 13_128GB_Verizon_Good ,100.0,https://www.ocbuyback.com/sell/cell-phone/apple/iphone-13
iPhone 13_128GB_Verizon_Fair,45.0,https://www.ocbuyback.com/sell/cell-phone/apple/iphone-13
iPhone 13_128GB_Verizon_Minor Damage,25.0,https://www.ocbuyback.com/sell/cell-phone/apple/iphone-13
iPhone 13_128GB_Verizon_Broken,5.0,https://www.ocbuyback.com/sell/cell-phone/apple/iphone-13
iPhone 13_128GB_Unlocked_Flawless,195.0,https://www.ocbuyback.com/sell/cell-phone/apple/iphone-13
iPhone 13_128GB_Unlocked_Good ,155.0,https://www.ocbuyback.com/sell/cell-phone/apple/iphone-13
iPhone 13_128GB_Unlocked_Fair,110.0,https://www.ocbuyback.com/sell/cell-phone/apple/iphone-13
iPhone 13_128GB_Unlocked_Minor Damage,50.0,https://www.ocbuyback.com/sell/cell-phone/apple/iphone-13
iPhone 13_128GB_Unlocked_Broken,5.0,https://www.ocbuyback.com/sell/cell-phone/apple/iphone-13
iPhone 13_256GB_AT&T_Flawless,175.0,https://www.ocbuyback.com/sell/cell-phone/apple/iphone-13
iPhone 13_256GB_AT&T_Good ,145.0,https://www.ocbuyback.com/sell/cell-phone/apple/iphone-13
iPhone 13_256GB_AT&T_Fair,95.0,https://www.ocbuyback.com/sell/cell-phone/apple/iphone-13
iPhone 13_256GB_AT&T_Minor Damage,35.0,https://www.ocbuyback.com/sell/cell-phone/apple/iphone-13
iPhone 13_256GB_AT&T_Broken,5.0,https://www.ocbuyback.com/sell/cell-phone/apple/iphone-13
iPhone 13_256GB_T-Mobile_Flawless,155.0,https://www.ocbuyback.com/sell/cell-phone/apple/iphone-13
iPhone 13_256GB_T-Mobile_Good ,125.0,https://www.ocbuyback.com/sell/cell-phone/apple/iphone-13
iPhone 13_256GB_T-Mobile_Fair,75.0,https://www.ocbuyback.com/sell/cell-phone/apple/iphone-13
iPhone 13_256GB_T-Mobile_Minor Damage,30.0,https://www.ocbuyback.com/sell/cell-phone/apple/iphone-13
iPhone 13_256GB_T-Mobile_Broken,5.0,https://www.ocbuyback.com/sell/cell-phone/apple/iphone-13
iPhone 13_256GB_Verizon_Flawless,150.0,https://www.ocbuyback.com/sell/cell-phone/apple/iphone-13
iPhone 13_256GB_Verizon_Good ,115.0,https://www.ocbuyback.com/sell/cell-phone/apple/iphone-13
iPhone 13_256GB_Verizon_Fair,70.0,https://www.ocbuyback.com/sell/cell-phone/apple/iphone-13
iPhone 13_256GB_Verizon_Minor Damage,30.0,https://www.ocbuyback.com/sell/cell-phone/apple/iphone-13
iPhone 13_256GB_Verizon_Broken,5.0,https://www.ocbuyback.com/sell/cell-phone/apple/iphone-13
iPhone 13_256GB_Unlocked_Flawless,215.0,https://www.ocbuyback.com/sell/cell-phone/apple/iphone-13
iPhone 13_256GB_Unlocked_Good ,180.0,https://www.ocbuyback.com/sell/cell-phone/apple/iphone-13
iPhone 13_256GB_Unlocked_Fair,135.0,https://www.ocbuyback.com/sell/cell-phone/apple/iphone-13
iPhone 13_256GB_Unlocked_Minor Damage,55.0,https://www.ocbuyback.com/sell/cell-phone/apple/iphone-13
iPhone 13_256GB_Unlocked_Broken,5.0,https://www.ocbuyback.com/sell/cell-phone/apple/iphone-13
iPhone 13_512GB_AT&T_Flawless,185.0,https://www.ocbuyback.com/sell/cell-phone/apple/iphone-13
iPhone 13_512GB_AT&T_Good ,155.0,https://www.ocbuyback.com/sell/cell-phone/apple/iphone-13
iPhone 13_512GB_AT&T_Fair,110.0,https://www.ocbuyback.com/sell/cell-phone/apple/iphone-13
iPhone 13_512GB_AT&T_Minor Damage,40.0,https://www.ocbuyback.com/sell/cell-phone/apple/iphone-13
iPhone 13_512GB_AT&T_Broken,5.0,https://www.ocbuyback.com/sell/cell-phone/apple/iphone-13
iPhone 13_512GB_T-Mobile_Flawless,150.0,https://www.ocbuyback.com/sell/cell-phone/apple/iphone-13
iPhone 13_512GB_T-Mobile_Good ,130.0,https://www.ocbuyback.com/sell/cell-phone/apple/iphone-13
iPhone 13_512GB_T-Mobile_Fair,90.0,https://www.ocbuyback.com/sell/cell-phone/apple/iphone-13
iPhone 13_512GB_T-Mobile_Minor Damage,35.0,https://www.ocbuyback.com/sell/cell-phone/apple/iphone-13
iPhone 13_512GB_T-Mobile_Broken,5.0,https://www.ocbuyback.com/sell/cell-phone/apple/iphone-13
iPhone 13_512GB_Verizon_Flawless,150.0,https://www.ocbuyback.com/sell/cell-phone/apple/iphone-13
iPhone 13_512GB_Verizon_Good ,130.0,https://www.ocbuyback.com/sell/cell-phone/apple/iphone-13
iPhone 13_512GB_Verizon_Fair,85.0,https://www.ocbuyback.com/sell/cell-phone/apple/iphone-13
iPhone 13_512GB_Verizon_Minor Damage,35.0,https://www.ocbuyback.com/sell/cell-phone/apple/iphone-13
iPhone 13_512GB_Verizon_Broken,5.0,https://www.ocbuyback.com/sell/cell-phone/apple/iphone-13
iPhone 13_512GB_Unlocked_Flawless,225.0,https://www.ocbuyback.com/sell/cell-phone/apple/iphone-13
iPhone 13_512GB_Unlocked_Good ,195.0,https://www.ocbuyback.com/sell/cell-phone/apple/iphone-13
iPhone 13_512GB_Unlocked_Fair,150.0,https://www.ocbuyback.com/sell/cell-phone/apple/iphone-13
iPhone 13_512GB_Unlocked_Minor Damage,60.0,https://www.ocbuyback.com/sell/cell-phone/apple/iphone-13
iPhone 13_512GB_Unlocked_Broken,5.0,https://www.ocbuyback.com/sell/cell-phone/apple/iphone-13
iPhone 13 Mini_128GB_AT&T_Flawless,115.0,https://www.ocbuyback.com/sell/cell-phone/apple/iphone-13-mini
iPhone 13 Mini_128GB_AT&T_Good ,100.0,https://www.ocbuyback.com/sell/cell-phone/apple/iphone-13-mini
iPhone 13 Mini_128GB_AT&T_Fair,45.0,https://www.ocbuyback.com/sell/cell-phone/apple/iphone-13-mini
iPhone 13 Mini_128GB_AT&T_Minor Damage,40.0,https://www.ocbuyback.com/sell/cell-phone/apple/iphone-13-mini
iPhone 13 Mini_128GB_AT&T_Broken,5.0,https://www.ocbuyback.com/sell/cell-phone/apple/iphone-13-mini
iPhone 13 Mini_128GB_T-Mobile_Flawless,80.0,https://www.ocbuyback.com/sell/cell-phone/apple/iphone-13-mini
iPhone 13 Mini_128GB_T-Mobile_Good ,55.0,https://www.ocbuyback.com/sell/cell-phone/apple/iphone-13-mini
iPhone 13 Mini_128GB_T-Mobile_Fair,30.0,https://www.ocbuyback.com/sell/cell-phone/apple/iphone-13-mini
iPhone 13 Mini_128GB_T-Mobile_Minor Damage,30.0,https://www.ocbuyback.com/sell/cell-phone/apple/iphone-13-mini
iPhone 13 Mini_128GB_T-Mobile_Broken,5.0,https://www.ocbuyback.com/sell/cell-phone/apple/iphone-13-mini
iPhone 13 Mini_128GB_Verizon_Flawless,125.0,https://www.ocbuyback.com/sell/cell-phone/apple/iphone-13-mini
iPhone 13 Mini_128GB_Verizon_Good ,100.0,https://www.ocbuyback.com/sell/cell-phone/apple/iphone-13-mini
iPhone 13 Mini_128GB_Verizon_Fair,45.0,https://www.ocbuyback.com/sell/cell-phone/apple/iphone-13-mini
iPhone 13 Mini_128GB_Verizon_Minor Damage,25.0,https://www.ocbuyback.com/sell/cell-phone/apple/iphone-13-mini
iPhone 13 Mini_128GB_Verizon_Broken,5.0,https://www.ocbuyback.com/sell/cell-phone/apple/iphone-13-mini
iPhone 13 Mini_128GB_Unlocked_Flawless,155.0,https://www.ocbuyback.com/sell/cell-phone/apple/iphone-13-mini
iPhone 13 Mini_128GB_Unlocked_Good ,140.0,https://www.ocbuyback.com/sell/cell-phone/apple/iphone-13-mini
iPhone 13 Mini_128GB_Unlocked_Fair,85.0,https://www.ocbuyback.com/sell/cell-phone/apple/iphone-13-mini
iPhone 13 Mini_128GB_Unlocked_Minor Damage,50.0,https://www.ocbuyback.com/sell/cell-phone/apple/iphone-13-mini
iPhone 13 Mini_128GB_Unlocked_Broken,5.0,https://www.ocbuyback.com/sell/cell-phone/apple/iphone-13-mini
iPhone 13 Mini_256GB_AT&T_Flawless,155.0,https://www.ocbuyback.com/sell/cell-phone/apple/iphone-13-mini
iPhone 13 Mini_256GB_AT&T_Good ,140.0,https://www.ocbuyback.com/sell/cell-phone/apple/iphone-13-mini
iPhone 13 Mini_256GB_AT&T_Fair,85.0,https://www.ocbuyback.com/sell/cell-phone/apple/iphone-13-mini
iPhone 13 Mini_256GB_AT&T_Minor Damage,50.0,https://www.ocbuyback.com/sell/cell-phone/apple/iphone-13-mini
iPhone 13 Mini_256GB_AT&T_Broken,5.0,https://www.ocbuyback.com/sell/cell-phone/apple/iphone-13-mini
iPhone 13 Mini_256GB_T-Mobile_Flawless,120.0,https://www.ocbuyback.com/sell/cell-phone/apple/iphone-13-mini
iPhone 13 Mini_256GB_T-Mobile_Good ,95.0,https://www.ocbuyback.com/sell/cell-phone/apple/iphone-13-mini
iPhone 13 Mini_256GB_T-Mobile_Fair,40.0,https://www.ocbuyback.com/sell/cell-phone/apple/iphone-13-mini
iPhone 13 Mini_256GB_T-Mobile_Minor Damage,40.0,https://www.ocbuyback.com/sell/cell-phone/apple/iphone-13-mini
iPhone 13 Mini_256GB_T-Mobile_Broken,5.0,https://www.ocbuyback.com/sell/cell-phone/apple/iphone-13-mini
iPhone 13 Mini_256GB_Verizon_Flawless,165.0,https://www.ocbuyback.com/sell/cell-phone/apple/iphone-13-mini
iPhone 13 Mini_256GB_Verizon_Good ,140.0,https://www.ocbuyback.com/sell/cell-phone/apple/iphone-13-mini
iPhone 13 Mini_256GB_Verizon_Fair,85.0,https://www.ocbuyback.com/sell/cell-phone/apple/iphone-13-mini
iPhone 13 Mini_256GB_Verizon_Minor Damage,35.0,https://www.ocbuyback.com/sell/cell-phone/apple/iphone-13-mini
iPhone 13 Mini_256GB_Verizon_Broken,5.0,https://www.ocbuyback.com/sell/cell-phone/apple/iphone-13-mini
iPhone 13 Mini_256GB_Unlocked_Flawless,195.0,https://www.ocbuyback.com/sell/cell-phone/apple/iphone-13-mini
iPhone 13 Mini_256GB_Unlocked_Good ,180.0,https://www.ocbuyback.com/sell/cell-phone/apple/iphone-13-mini
iPhone 13 Mini_256GB_Unlocked_Fair,125.0,https://www.ocbuyback.com/sell/cell-phone/apple/iphone-13-mini
iPhone 13 Mini_256GB_Unlocked_Minor Damage,60.0,https://www.ocbuyback.com/sell/cell-phone/apple/iphone-13-mini
iPhone 13 Mini_256GB_Unlocked_Broken,5.0,https://www.ocbuyback.com/sell/cell-phone/apple/iphone-13-mini
iPhone 13 Mini_512GB_AT&T_Flawless,170.0,https://www.ocbuyback.com/sell/cell-phone/apple/iphone-13-mini
iPhone 13 Mini_512GB_AT&T_Good ,155.0,https://www.ocbuyback.com/sell/cell-phone/apple/iphone-13-mini
iPhone 13 Mini_512GB_AT&T_Fair,100.0,https://www.ocbuyback.com/sell/cell-phone/apple/iphone-13-mini
iPhone 13 Mini_512GB_AT&T_Minor Damage,55.0,https://www.ocbuyback.com/sell/cell-phone/apple/iphone-13-mini
iPhone 13 Mini_512GB_AT&T_Broken,5.0,https://www.ocbuyback.com/sell/cell-phone/apple/iphone-13-mini
iPhone 13 Mini_512GB_T-Mobile_Flawless,130.0,https://www.ocbuyback.com/sell/cell-phone/apple/iphone-13-mini
iPhone 13 Mini_512GB_T-Mobile_Good ,105.0,https://www.ocbuyback.com/sell/cell-phone/apple/iphone-13-mini
iPhone 13 Mini_512GB_T-Mobile_Fair,55.0,https://www.ocbuyback.com/sell/cell-phone/apple/iphone-13-mini
iPhone 13 Mini_512GB_T-Mobile_Minor Damage,30.0,https://www.ocbuyback.com/sell/cell-phone/apple/iphone-13-mini
iPhone 13 Mini_512GB_T-Mobile_Broken,5.0,https://www.ocbuyback.com/sell/cell-phone/apple/iphone-13-mini
iPhone 13 Mini_512GB_Verizon_Flawless,180.0,https://www.ocbuyback.com/sell/cell-phone/apple/iphone-13-mini
iPhone 13 Mini_512GB_Verizon_Good ,145.0,https://www.ocbuyback.com/sell/cell-phone/apple/iphone-13-mini
iPhone 13 Mini_512GB_Verizon_Fair,100.0,https://www.ocbuyback.com/sell/cell-phone/apple/iphone-13-mini
iPhone 13 Mini_512GB_Verizon_Minor Damage,25.0,https://www.ocbuyback.com/sell/cell-phone/apple/iphone-13-mini
iPhone 13 Mini_512GB_Verizon_Broken,5.0,https://www.ocbuyback.com/sell/cell-phone/apple/iphone-13-mini
iPhone 13 Mini_512GB_Unlocked_Flawless,210.0,https://www.ocbuyback.com/sell/cell-phone/apple/iphone-13-mini
iPhone 13 Mini_512GB_Unlocked_Good ,195.0,https://www.ocbuyback.com/sell/cell-phone/apple/iphone-13-mini
iPhone 13 Mini_512GB_Unlocked_Fair,140.0,https://www.ocbuyback.com/sell/cell-phone/apple/iphone-13-mini
iPhone 13 Mini_512GB_Unlocked_Minor Damage,65.0,https://www.ocbuyback.com/sell/cell-phone/apple/iphone-13-mini
iPhone 13 Mini_512GB_Unlocked_Broken,5.0,https://www.ocbuyback.com/sell/cell-phone/apple/iphone-13-mini
iPhone 13 Pro_128GB_AT&T_Flawless,190.0,https://www.ocbuyback.com/sell/cell-phone/apple/iphone-13-pro
iPhone 13 Pro_128GB_AT&T_Good ,160.0,https://www.ocbuyback.com/sell/cell-phone/apple/iphone-13-pro
iPhone 13 Pro_128GB_AT&T_Fair,100.0,https://www.ocbuyback.com/sell/cell-phone/apple/iphone-13-pro
iPhone 13 Pro_128GB_AT&T_Minor Damage,70.0,https://www.ocbuyback.com/sell/cell-phone/apple/iphone-13-pro
iPhone 13 Pro_128GB_AT&T_Broken,20.0,https://www.ocbuyback.com/sell/cell-phone/apple/iphone-13-pro
iPhone 13 Pro_128GB_T-Mobile_Flawless,145.0,https://www.ocbuyback.com/sell/cell-phone/apple/iphone-13-pro
iPhone 13 Pro_128GB_T-Mobile_Good ,115.0,https://www.ocbuyback.com/sell/cell-phone/apple/iphone-13-pro
iPhone 13 Pro_128GB_T-Mobile_Fair,75.0,https://www.ocbuyback.com/sell/cell-phone/apple/iphone-13-pro
iPhone 13 Pro_128GB_T-Mobile_Minor Damage,30.0,https://www.ocbuyback.com/sell/cell-phone/apple/iphone-13-pro
iPhone 13 Pro_128GB_T-Mobile_Broken,20.0,https://www.ocbuyback.com/sell/cell-phone/apple/iphone-13-pro
iPhone 13 Pro_128GB_Verizon_Flawless,190.0,https://www.ocbuyback.com/sell/cell-phone/apple/iphone-13-pro
iPhone 13 Pro_128GB_Verizon_Good ,160.0,https://www.ocbuyback.com/sell/cell-phone/apple/iphone-13-pro
iPhone 13 Pro_128GB_Verizon_Fair,100.0,https://www.ocbuyback.com/sell/cell-phone/apple/iphone-13-pro
iPhone 13 Pro_128GB_Verizon_Minor Damage,70.0,https://www.ocbuyback.com/sell/cell-phone/apple/iphone-13-pro
iPhone 13 Pro_128GB_Verizon_Broken,20.0,https://www.ocbuyback.com/sell/cell-phone/apple/iphone-13-pro
iPhone 13 Pro_128GB_Unlocked_Flawless,250.0,https://www.ocbuyback.com/sell/cell-phone/apple/iphone-13-pro
iPhone 13 Pro_128GB_Unlocked_Good ,220.0,https://www.ocbuyback.com/sell/cell-phone/apple/iphone-13-pro
iPhone 13 Pro_128GB_Unlocked_Fair,150.0,https://www.ocbuyback.com/sell/cell-phone/apple/iphone-13-pro
iPhone 13 Pro_128GB_Unlocked_Minor Damage,90.0,https://www.ocbuyback.com/sell/cell-phone/apple/iphone-13-pro
iPhone 13 Pro_128GB_Unlocked_Broken,20.0,https://www.ocbuyback.com/sell/cell-phone/apple/iphone-13-pro
iPhone 13 Pro_256GB_AT&T_Flawless,220.0,https://www.ocbuyback.com/sell/cell-phone/apple/iphone-13-pro
iPhone 13 Pro_256GB_AT&T_Good ,190.0,https://www.ocbuyback.com/sell/cell-phone/apple/iphone-13-pro
iPhone 13 Pro_256GB_AT&T_Fair,120.0,https://www.ocbuyback.com/sell/cell-phone/apple/iphone-13-pro
iPhone 13 Pro_256GB_AT&T_Minor Damage,85.0,https://www.ocbuyback.com/sell/cell-phone/apple/iphone-13-pro
iPhone 13 Pro_256GB_AT&T_Broken,20.0,https://www.ocbuyback.com/sell/cell-phone/apple/iphone-13-pro
iPhone 13 Pro_256GB_T-Mobile_Flawless,175.0,https://www.ocbuyback.com/sell/cell-phone/apple/iphone-13-pro
iPhone 13 Pro_256GB_T-Mobile_Good ,145.0,https://www.ocbuyback.com/sell/cell-phone/apple/iphone-13-pro
iPhone 13 Pro_256GB_T-Mobile_Fair,75.0,https://www.ocbuyback.com/sell/cell-phone/apple/iphone-13-pro
iPhone 13 Pro_256GB_T-Mobile_Minor Damage,45.0,https://www.ocbuyback.com/sell/cell-phone/apple/iphone-13-pro
iPhone 13 Pro_256GB_T-Mobile_Broken,20.0,https://www.ocbuyback.com/sell/cell-phone/apple/iphone-13-pro
iPhone 13 Pro_256GB_Verizon_Flawless,220.0,https://www.ocbuyback.com/sell/cell-phone/apple/iphone-13-pro
iPhone 13 Pro_256GB_Verizon_Good ,190.0,https://www.ocbuyback.com/sell/cell-phone/apple/iphone-13-pro
iPhone 13 Pro_256GB_Verizon_Fair,120.0,https://www.ocbuyback.com/sell/cell-phone/apple/iphone-13-pro
iPhone 13 Pro_256GB_Verizon_Minor Damage,40.0,https://www.ocbuyback.com/sell/cell-phone/apple/iphone-13-pro
iPhone 13 Pro_256GB_Verizon_Broken,20.0,https://www.ocbuyback.com/sell/cell-phone/apple/iphone-13-pro
iPhone 13 Pro_256GB_Unlocked_Flawless,280.0,https://www.ocbuyback.com/sell/cell-phone/apple/iphone-13-pro
iPhone 13 Pro_256GB_Unlocked_Good ,250.0,https://www.ocbuyback.com/sell/cell-phone/apple/iphone-13-pro
iPhone 13 Pro_256GB_Unlocked_Fair,175.0,https://www.ocbuyback.com/sell/cell-phone/apple/iphone-13-pro
iPhone 13 Pro_256GB_Unlocked_Minor Damage,105.0,https://www.ocbuyback.com/sell/cell-phone/apple/iphone-13-pro
iPhone 13 Pro_256GB_Unlocked_Broken,20.0,https://www.ocbuyback.com/sell/cell-phone/apple/iphone-13-pro
iPhone 13 Pro_512GB_AT&T_Flawless,240.0,https://www.ocbuyback.com/sell/cell-phone/apple/iphone-13-pro
iPhone 13 Pro_512GB_AT&T_Good ,210.0,https://www.ocbuyback.com/sell/cell-phone/apple/iphone-13-pro
iPhone 13 Pro_512GB_AT&T_Fair,140.0,https://www.ocbuyback.com/sell/cell-phone/apple/iphone-13-pro
iPhone 13 Pro_512GB_AT&T_Minor Damage,90.0,https://www.ocbuyback.com/sell/cell-phone/apple/iphone-13-pro
iPhone 13 Pro_512GB_AT&T_Broken,20.0,https://www.ocbuyback.com/sell/cell-phone/apple/iphone-13-pro
iPhone 13 Pro_512GB_T-Mobile_Flawless,195.0,https://www.ocbuyback.com/sell/cell-phone/apple/iphone-13-pro
iPhone 13 Pro_512GB_T-Mobile_Good ,175.0,https://www.ocbuyback.com/sell/cell-phone/apple/iphone-13-pro
iPhone 13 Pro_512GB_T-Mobile_Fair,95.0,https://www.ocbuyback.com/sell/cell-phone/apple/iphone-13-pro
iPhone 13 Pro_512GB_T-Mobile_Minor Damage,50.0,https://www.ocbuyback.com/sell/cell-phone/apple/iphone-13-pro
iPhone 13 Pro_512GB_Verizon_Flawless,240.0,https://www.ocbuyback.com/sell/cell-phone/apple/iphone-13-pro
iPhone 13 Pro_512GB_Verizon_Good ,210.0,https://www.ocbuyback.com/sell/cell-phone/apple/iphone-13-pro
iPhone 13 Pro_512GB_Verizon_Fair,140.0,https://www.ocbuyback.com/sell/cell-phone/apple/iphone-13-pro
iPhone 13 Pro_512GB_Verizon_Minor Damage,45.0,https://www.ocbuyback.com/sell/cell-phone/apple/iphone-13-pro
iPhone 13 Pro_512GB_Verizon_Broken,20.0,https://www.ocbuyback.com/sell/cell-phone/apple/iphone-13-pro
iPhone 13 Pro_512GB_Unlocked_Flawless,300.0,https://www.ocbuyback.com/sell/cell-phone/apple/iphone-13-pro
iPhone 13 Pro_512GB_Unlocked_Good ,270.0,https://www.ocbuyback.com/sell/cell-phone/apple/iphone-13-pro
iPhone 13 Pro_512GB_Unlocked_Fair,195.0,https://www.ocbuyback.com/sell/cell-phone/apple/iphone-13-pro
iPhone 13 Pro_512GB_Unlocked_Minor Damage,110.0,https://www.ocbuyback.com/sell/cell-phone/apple/iphone-13-pro
iPhone 13 Pro_512GB_Unlocked_Broken,20.0,https://www.ocbuyback.com/sell/cell-phone/apple/iphone-13-pro
iPhone 13 Pro_1TB_AT&T_Flawless,250.0,https://www.ocbuyback.com/sell/cell-phone/apple/iphone-13-pro
iPhone 13 Pro_1TB_AT&T_Good ,220.0,https://www.ocbuyback.com/sell/cell-phone/apple/iphone-13-pro
iPhone 13 Pro_1TB_AT&T_Fair,150.0,https://www.ocbuyback.com/sell/cell-phone/apple/iphone-13-pro
iPhone 13 Pro_1TB_AT&T_Minor Damage,100.0,https://www.ocbuyback.com/sell/cell-phone/apple/iphone-13-pro
iPhone 13 Pro_1TB_AT&T_Broken,20.0,https://www.ocbuyback.com/sell/cell-phone/apple/iphone-13-pro
iPhone 13 Pro_1TB_T-Mobile_Flawless,205.0,https://www.ocbuyback.com/sell/cell-phone/apple/iphone-13-pro
iPhone 13 Pro_1TB_T-Mobile_Good ,175.0,https://www.ocbuyback.com/sell/cell-phone/apple/iphone-13-pro
iPhone 13 Pro_1TB_T-Mobile_Fair,105.0,https://www.ocbuyback.com/sell/cell-phone/apple/iphone-13-pro
iPhone 13 Pro_1TB_T-Mobile_Minor Damage,60.0,https://www.ocbuyback.com/sell/cell-phone/apple/iphone-13-pro
iPhone 13 Pro_1TB_T-Mobile_Broken,20.0,https://www.ocbuyback.com/sell/cell-phone/apple/iphone-13-pro
iPhone 13 Pro_1TB_Verizon_Flawless,250.0,https://www.ocbuyback.com/sell/cell-phone/apple/iphone-13-pro
iPhone 13 Pro_1TB_Verizon_Good ,220.0,https://www.ocbuyback.com/sell/cell-phone/apple/iphone-13-pro
iPhone 13 Pro_1TB_Verizon_Fair,150.0,https://www.ocbuyback.com/sell/cell-phone/apple/iphone-13-pro
iPhone 13 Pro_1TB_Verizon_Minor Damage,55.0,https://www.ocbuyback.com/sell/cell-phone/apple/iphone-13-pro
iPhone 13 Pro_1TB_Verizon_Broken,20.0,https://www.ocbuyback.com/sell/cell-phone/apple/iphone-13-pro
iPhone 13 Pro_1TB_Unlocked_Flawless,310.0,https://www.ocbuyback.com/sell/cell-phone/apple/iphone-13-pro
iPhone 13 Pro_1TB_Unlocked_Good ,280.0,https://www.ocbuyback.com/sell/cell-phone/apple/iphone-13-pro
iPhone 13 Pro_1TB_Unlocked_Fair,210.0,https://www.ocbuyback.com/sell/cell-phone/apple/iphone-13-pro
iPhone 13 Pro_1TB_Unlocked_Minor Damage,120.0,https://www.ocbuyback.com/sell/cell-phone/apple/iphone-13-pro
iPhone 13 Pro_1TB_Unlocked_Broken,20.0,https://www.ocbuyback.com/sell/cell-phone/apple/iphone-13-pro
iPhone 13 Pro Max_128GB_AT&T_Flawless,245.0,https://www.ocbuyback.com/sell/cell-phone/apple/iphone-13-pro-max
iPhone 13 Pro Max_128GB_AT&T_Good ,215.0,https://www.ocbuyback.com/sell/cell-phone/apple/iphone-13-pro-max
iPhone 13 Pro Max_128GB_AT&T_Fair,135.0,https://www.ocbuyback.com/sell/cell-phone/apple/iphone-13-pro-max
iPhone 13 Pro Max_128GB_AT&T_Minor Damage,85.0,https://www.ocbuyback.com/sell/cell-phone/apple/iphone-13-pro-max
iPhone 13 Pro Max_128GB_AT&T_Broken,20.0,https://www.ocbuyback.com/sell/cell-phone/apple/iphone-13-pro-max
iPhone 13 Pro Max_128GB_T-Mobile_Flawless,215.0,https://www.ocbuyback.com/sell/cell-phone/apple/iphone-13-pro-max
iPhone 13 Pro Max_128GB_T-Mobile_Good ,190.0,https://www.ocbuyback.com/sell/cell-phone/apple/iphone-13-pro-max
iPhone 13 Pro Max_128GB_T-Mobile_Fair,95.0,https://www.ocbuyback.com/sell/cell-phone/apple/iphone-13-pro-max
iPhone 13 Pro Max_128GB_T-Mobile_Minor Damage,60.0,https://www.ocbuyback.com/sell/cell-phone/apple/iphone-13-pro-max
iPhone 13 Pro Max_128GB_T-Mobile_Broken,20.0,https://www.ocbuyback.com/sell/cell-phone/apple/iphone-13-pro-max
iPhone 13 Pro Max_128GB_Verizon_Flawless,205.0,https://www.ocbuyback.com/sell/cell-phone/apple/iphone-13-pro-max
iPhone 13 Pro Max_128GB_Verizon_Good ,180.0,https://www.ocbuyback.com/sell/cell-phone/apple/iphone-13-pro-max
iPhone 13 Pro Max_128GB_Verizon_Fair,85.0,https://www.ocbuyback.com/sell/cell-phone/apple/iphone-13-pro-max
iPhone 13 Pro Max_128GB_Verizon_Minor Damage,50.0,https://www.ocbuyback.com/sell/cell-phone/apple/iphone-13-pro-max
iPhone 13 Pro Max_128GB_Verizon_Broken,20.0,https://www.ocbuyback.com/sell/cell-phone/apple/iphone-13-pro-max
iPhone 13 Pro Max_128GB_Unlocked_Flawless,285.0,https://www.ocbuyback.com/sell/cell-phone/apple/iphone-13-pro-max
iPhone 13 Pro Max_128GB_Unlocked_Good ,255.0,https://www.ocbuyback.com/sell/cell-phone/apple/iphone-13-pro-max
iPhone 13 Pro Max_128GB_Unlocked_Fair,175.0,https://www.ocbuyback.com/sell/cell-phone/apple/iphone-13-pro-max
iPhone 13 Pro Max_128GB_Unlocked_Minor Damage,95.0,https://www.ocbuyback.com/sell/cell-phone/apple/iphone-13-pro-max
iPhone 13 Pro Max_128GB_Unlocked_Broken,20.0,https://www.ocbuyback.com/sell/cell-phone/apple/iphone-13-pro-max
iPhone 13 Pro Max_256GB_AT&T_Flawless,295.0,https://www.ocbuyback.com/sell/cell-phone/apple/iphone-13-pro-max
iPhone 13 Pro Max_256GB_AT&T_Good ,255.0,https://www.ocbuyback.com/sell/cell-phone/apple/iphone-13-pro-max
iPhone 13 Pro Max_256GB_AT&T_Fair,180.0,https://www.ocbuyback.com/sell/cell-phone/apple/iphone-13-pro-max
iPhone 13 Pro Max_256GB_AT&T_Minor Damage,90.0,https://www.ocbuyback.com/sell/cell-phone/apple/iphone-13-pro-max
iPhone 13 Pro Max_256GB_AT&T_Broken,20.0,https://www.ocbuyback.com/sell/cell-phone/apple/iphone-13-pro-max
iPhone 13 Pro Max_256GB_T-Mobile_Flawless,255.0,https://www.ocbuyback.com/sell/cell-phone/apple/iphone-13-pro-max
iPhone 13 Pro Max_256GB_T-Mobile_Good ,230.0,https://www.ocbuyback.com/sell/cell-phone/apple/iphone-13-pro-max
iPhone 13 Pro Max_256GB_T-Mobile_Fair,145.0,https://www.ocbuyback.com/sell/cell-phone/apple/iphone-13-pro-max
iPhone 13 Pro Max_256GB_T-Mobile_Minor Damage,70.0,https://www.ocbuyback.com/sell/cell-phone/apple/iphone-13-pro-max
iPhone 13 Pro Max_256GB_T-Mobile_Broken,20.0,https://www.ocbuyback.com/sell/cell-phone/apple/iphone-13-pro-max
iPhone 13 Pro Max_256GB_Verizon_Flawless,245.0,https://www.ocbuyback.com/sell/cell-phone/apple/iphone-13-pro-max
iPhone 13 Pro Max_256GB_Verizon_Good ,220.0,https://www.ocbuyback.com/sell/cell-phone/apple/iphone-13-pro-max
iPhone 13 Pro Max_256GB_Verizon_Fair,125.0,https://www.ocbuyback.com/sell/cell-phone/apple/iphone-13-pro-max
iPhone 13 Pro Max_256GB_Verizon_Minor Damage,55.0,https://www.ocbuyback.com/sell/cell-phone/apple/iphone-13-pro-max
iPhone 13 Pro Max_256GB_Verizon_Broken,20.0,https://www.ocbuyback.com/sell/cell-phone/apple/iphone-13-pro-max
iPhone 13 Pro Max_256GB_Unlocked_Flawless,340.0,https://www.ocbuyback.com/sell/cell-phone/apple/iphone-13-pro-max
iPhone 13 Pro Max_256GB_Unlocked_Good ,305.0,https://www.ocbuyback.com/sell/cell-phone/apple/iphone-13-pro-max
iPhone 13 Pro Max_256GB_Unlocked_Fair,220.0,https://www.ocbuyback.com/sell/cell-phone/apple/iphone-13-pro-max
iPhone 13 Pro Max_256GB_Unlocked_Minor Damage,100.0,https://www.ocbuyback.com/sell/cell-phone/apple/iphone-13-pro-max
iPhone 13 Pro Max_256GB_Unlocked_Broken,20.0,https://www.ocbuyback.com/sell/cell-phone/apple/iphone-13-pro-max
iPhone 13 Pro Max_512GB_AT&T_Flawless,300.0,https://www.ocbuyback.com/sell/cell-phone/apple/iphone-13-pro-max
iPhone 13 Pro Max_512GB_AT&T_Good ,260.0,https://www.ocbuyback.com/sell/cell-phone/apple/iphone-13-pro-max
iPhone 13 Pro Max_512GB_AT&T_Fair,190.0,https://www.ocbuyback.com/sell/cell-phone/apple/iphone-13-pro-max
iPhone 13 Pro Max_512GB_AT&T_Minor Damage,95.0,https://www.ocbuyback.com/sell/cell-phone/apple/iphone-13-pro-max
iPhone 13 Pro Max_512GB_AT&T_Broken,20.0,https://www.ocbuyback.com/sell/cell-phone/apple/iphone-13-pro-max
iPhone 13 Pro Max_512GB_T-Mobile_Flawless,260.0,https://www.ocbuyback.com/sell/cell-phone/apple/iphone-13-pro-max
iPhone 13 Pro Max_512GB_T-Mobile_Good ,235.0,https://www.ocbuyback.com/sell/cell-phone/apple/iphone-13-pro-max
iPhone 13 Pro Max_512GB_T-Mobile_Fair,150.0,https://www.ocbuyback.com/sell/cell-phone/apple/iphone-13-pro-max
iPhone 13 Pro Max_512GB_T-Mobile_Minor Damage,60.0,https://www.ocbuyback.com/sell/cell-phone/apple/iphone-13-pro-max
iPhone 13 Pro Max_512GB_T-Mobile_Broken,20.0,https://www.ocbuyback.com/sell/cell-phone/apple/iphone-13-pro-max
iPhone 13 Pro Max_512GB_Verizon_Flawless,260.0,https://www.ocbuyback.com/sell/cell-phone/apple/iphone-13-pro-max
iPhone 13 Pro Max_512GB_Verizon_Good ,235.0,https://www.ocbuyback.com/sell/cell-phone/apple/iphone-13-pro-max
iPhone 13 Pro Max_512GB_Verizon_Fair,150.0,https://www.ocbuyback.com/sell/cell-phone/apple/iphone-13-pro-max
iPhone 13 Pro Max_512GB_Verizon_Minor Damage,60.0,https://www.ocbuyback.com/sell/cell-phone/apple/iphone-13-pro-max
iPhone 13 Pro Max_512GB_Verizon_Broken,20.0,https://www.ocbuyback.com/sell/cell-phone/apple/iphone-13-pro-max
iPhone 13 Pro Max_512GB_Unlocked_Flawless,350.0,https://www.ocbuyback.com/sell/cell-phone/apple/iphone-13-pro-max
iPhone 13 Pro Max_512GB_Unlocked_Good ,310.0,https://www.ocbuyback.com/sell/cell-phone/apple/iphone-13-pro-max
iPhone 13 Pro Max_512GB_Unlocked_Fair,230.0,https://www.ocbuyback.com/sell/cell-phone/apple/iphone-13-pro-max
iPhone 13 Pro Max_512GB_Unlocked_Minor Damage,105.0,https://www.ocbuyback.com/sell/cell-phone/apple/iphone-13-pro-max
iPhone 13 Pro Max_512GB_Unlocked_Broken,20.0,https://www.ocbuyback.com/sell/cell-phone/apple/iphone-13-pro-max
iPhone 13 Pro Max_1TB_AT&T_Flawless,325.0,https://www.ocbuyback.com/sell/cell-phone/apple/iphone-13-pro-max
iPhone 13 Pro Max_1TB_AT&T_Good ,285.0,https://www.ocbuyback.com/sell/cell-phone/apple/iphone-13-pro-max
iPhone 13 Pro Max_1TB_AT&T_Fair,205.0,https://www.ocbuyback.com/sell/cell-phone/apple/iphone-13-pro-max
iPhone 13 Pro Max_1TB_AT&T_Minor Damage,100.0,https://www.ocbuyback.com/sell/cell-phone/apple/iphone-13-pro-max
iPhone 13 Pro Max_1TB_AT&T_Broken,20.0,https://www.ocbuyback.com/sell/cell-phone/apple/iphone-13-pro-max
iPhone 13 Pro Max_1TB_T-Mobile_Flawless,295.0,https://www.ocbuyback.com/sell/cell-phone/apple/iphone-13-pro-max
iPhone 13 Pro Max_1TB_T-Mobile_Good ,265.0,https://www.ocbuyback.com/sell/cell-phone/apple/iphone-13-pro-max
iPhone 13 Pro Max_1TB_T-Mobile_Fair,175.0,https://www.ocbuyback.com/sell/cell-phone/apple/iphone-13-pro-max
iPhone 13 Pro Max_1TB_T-Mobile_Minor Damage,80.0,https://www.ocbuyback.com/sell/cell-phone/apple/iphone-13-pro-max
iPhone 13 Pro Max_1TB_T-Mobile_Broken,20.0,https://www.ocbuyback.com/sell/cell-phone/apple/iphone-13-pro-max
iPhone 13 Pro Max_1TB_Verizon_Flawless,295.0,https://www.ocbuyback.com/sell/cell-phone/apple/iphone-13-pro-max
iPhone 13 Pro Max_1TB_Verizon_Good ,265.0,https://www.ocbuyback.com/sell/cell-phone/apple/iphone-13-pro-max
iPhone 13 Pro Max_1TB_Verizon_Fair,175.0,https://www.ocbuyback.com/sell/cell-phone/apple/iphone-13-pro-max
iPhone 13 Pro Max_1TB_Verizon_Minor Damage,80.0,https://www.ocbuyback.com/sell/cell-phone/apple/iphone-13-pro-max
iPhone 13 Pro Max_1TB_Verizon_Broken,20.0,https://www.ocbuyback.com/sell/cell-phone/apple/iphone-13-pro-max
iPhone 13 Pro Max_1TB_Unlocked_Flawless,375.0,https://www.ocbuyback.com/sell/cell-phone/apple/iphone-13-pro-max
iPhone 13 Pro Max_1TB_Unlocked_Good ,335.0,https://www.ocbuyback.com/sell/cell-phone/apple/iphone-13-pro-max
iPhone 13 Pro Max_1TB_Unlocked_Fair,245.0,https://www.ocbuyback.com/sell/cell-phone/apple/iphone-13-pro-max
iPhone 13 Pro Max_1TB_Unlocked_Minor Damage,110.0,https://www.ocbuyback.com/sell/cell-phone/apple/iphone-13-pro-max
iPhone 13 Pro Max_1TB_Unlocked_Broken,20.0,https://www.ocbuyback.com/sell/cell-phone/apple/iphone-13-pro-max
iPhone SE 3rd Gen (2022)_64GB_AT&T_Brand New,95.0,https://www.ocbuyback.com/sell/cell-phone/apple/iphone-se-3rd-gen-2022
iPhone SE 3rd Gen (2022)_64GB_AT&T_Flawless,55.0,https://www.ocbuyback.com/sell/cell-phone/apple/iphone-se-3rd-gen-2022
iPhone SE 3rd Gen (2022)_64GB_AT&T_Good ,40.0,https://www.ocbuyback.com/sell/cell-phone/apple/iphone-se-3rd-gen-2022
iPhone SE 3rd Gen (2022)_64GB_AT&T_Fair,15.0,https://www.ocbuyback.com/sell/cell-phone/apple/iphone-se-3rd-gen-2022
iPhone SE 3rd Gen (2022)_64GB_AT&T_Minor Damage,15.0,https://www.ocbuyback.com/sell/cell-phone/apple/iphone-se-3rd-gen-2022
iPhone SE 3rd Gen (2022)_64GB_AT&T_Broken,5.0,https://www.ocbuyback.com/sell/cell-phone/apple/iphone-se-3rd-gen-2022
iPhone SE 3rd Gen (2022)_64GB_T-Mobile_Brand New,75.0,https://www.ocbuyback.com/sell/cell-phone/apple/iphone-se-3rd-gen-2022
iPhone SE 3rd Gen (2022)_64GB_T-Mobile_Flawless,35.0,https://www.ocbuyback.com/sell/cell-phone/apple/iphone-se-3rd-gen-2022
iPhone SE 3rd Gen (2022)_64GB_T-Mobile_Good ,20.0,https://www.ocbuyback.com/sell/cell-phone/apple/iphone-se-3rd-gen-2022
iPhone SE 3rd Gen (2022)_64GB_T-Mobile_Fair,10.0,https://www.ocbuyback.com/sell/cell-phone/apple/iphone-se-3rd-gen-2022
iPhone SE 3rd Gen (2022)_64GB_T-Mobile_Minor Damage,10.0,https://www.ocbuyback.com/sell/cell-phone/apple/iphone-se-3rd-gen-2022
iPhone SE 3rd Gen (2022)_64GB_T-Mobile_Broken,5.0,https://www.ocbuyback.com/sell/cell-phone/apple/iphone-se-3rd-gen-2022
iPhone SE 3rd Gen (2022)_64GB_Verizon_Brand New,105.0,https://www.ocbuyback.com/sell/cell-phone/apple/iphone-se-3rd-gen-2022
iPhone SE 3rd Gen (2022)_64GB_Verizon_Flawless,65.0,https://www.ocbuyback.com/sell/cell-phone/apple/iphone-se-3rd-gen-2022
iPhone SE 3rd Gen (2022)_64GB_Verizon_Good ,50.0,https://www.ocbuyback.com/sell/cell-phone/apple/iphone-se-3rd-gen-2022
iPhone SE 3rd Gen (2022)_64GB_Verizon_Fair,25.0,https://www.ocbuyback.com/sell/cell-phone/apple/iphone-se-3rd-gen-2022
iPhone SE 3rd Gen (2022)_64GB_Verizon_Minor Damage,15.0,https://www.ocbuyback.com/sell/cell-phone/apple/iphone-se-3rd-gen-2022
iPhone SE 3rd Gen (2022)_64GB_Verizon_Broken,5.0,https://www.ocbuyback.com/sell/cell-phone/apple/iphone-se-3rd-gen-2022
iPhone SE 3rd Gen (2022)_64GB_Unlocked_Brand New,105.0,https://www.ocbuyback.com/sell/cell-phone/apple/iphone-se-3rd-gen-2022
iPhone SE 3rd Gen (2022)_64GB_Unlocked_Flawless,65.0,https://www.ocbuyback.com/sell/cell-phone/apple/iphone-se-3rd-gen-2022
iPhone SE 3rd Gen (2022)_64GB_Unlocked_Good ,50.0,https://www.ocbuyback.com/sell/cell-phone/apple/iphone-se-3rd-gen-2022
iPhone SE 3rd Gen (2022)_64GB_Unlocked_Fair,25.0,https://www.ocbuyback.com/sell/cell-phone/apple/iphone-se-3rd-gen-2022
iPhone SE 3rd Gen (2022)_64GB_Unlocked_Minor Damage,15.0,https://www.ocbuyback.com/sell/cell-phone/apple/iphone-se-3rd-gen-2022
iPhone SE 3rd Gen (2022)_64GB_Unlocked_Broken,5.0,https://www.ocbuyback.com/sell/cell-phone/apple/iphone-se-3rd-gen-2022
iPhone SE 3rd Gen (2022)_128GB_AT&T_Brand New,120.0,https://www.ocbuyback.com/sell/cell-phone/apple/iphone-se-3rd-gen-2022
iPhone SE 3rd Gen (2022)_128GB_AT&T_Flawless,80.0,https://www.ocbuyback.com/sell/cell-phone/apple/iphone-se-3rd-gen-2022
iPhone SE 3rd Gen (2022)_128GB_AT&T_Good ,65.0,https://www.ocbuyback.com/sell/cell-phone/apple/iphone-se-3rd-gen-2022
iPhone SE 3rd Gen (2022)_128GB_AT&T_Fair,40.0,https://www.ocbuyback.com/sell/cell-phone/apple/iphone-se-3rd-gen-2022
iPhone SE 3rd Gen (2022)_128GB_AT&T_Minor Damage,16.0,https://www.ocbuyback.com/sell/cell-phone/apple/iphone-se-3rd-gen-2022
iPhone SE 3rd Gen (2022)_128GB_AT&T_Broken,5.0,https://www.ocbuyback.com/sell/cell-phone/apple/iphone-se-3rd-gen-2022
iPhone SE 3rd Gen (2022)_128GB_T-Mobile_Brand New,100.0,https://www.ocbuyback.com/sell/cell-phone/apple/iphone-se-3rd-gen-2022
iPhone SE 3rd Gen (2022)_128GB_T-Mobile_Flawless,60.0,https://www.ocbuyback.com/sell/cell-phone/apple/iphone-se-3rd-gen-2022
iPhone SE 3rd Gen (2022)_128GB_T-Mobile_Good ,45.0,https://www.ocbuyback.com/sell/cell-phone/apple/iphone-se-3rd-gen-2022
iPhone SE 3rd Gen (2022)_128GB_T-Mobile_Fair,20.0,https://www.ocbuyback.com/sell/cell-phone/apple/iphone-se-3rd-gen-2022
iPhone SE 3rd Gen (2022)_128GB_T-Mobile_Minor Damage,11.0,https://www.ocbuyback.com/sell/cell-phone/apple/iphone-se-3rd-gen-2022
iPhone SE 3rd Gen (2022)_128GB_T-Mobile_Broken,5.0,https://www.ocbuyback.com/sell/cell-phone/apple/iphone-se-3rd-gen-2022
iPhone SE 3rd Gen (2022)_128GB_Verizon_Brand New,130.0,https://www.ocbuyback.com/sell/cell-phone/apple/iphone-se-3rd-gen-2022
iPhone SE 3rd Gen (2022)_128GB_Verizon_Flawless,90.0,https://www.ocbuyback.com/sell/cell-phone/apple/iphone-se-3rd-gen-2022
iPhone SE 3rd Gen (2022)_128GB_Verizon_Good ,75.0,https://www.ocbuyback.com/sell/cell-phone/apple/iphone-se-3rd-gen-2022
iPhone SE 3rd Gen (2022)_128GB_Verizon_Fair,50.0,https://www.ocbuyback.com/sell/cell-phone/apple/iphone-se-3rd-gen-2022
iPhone SE 3rd Gen (2022)_128GB_Verizon_Minor Damage,16.0,https://www.ocbuyback.com/sell/cell-phone/apple/iphone-se-3rd-gen-2022
iPhone SE 3rd Gen (2022)_128GB_Verizon_Broken,5.0,https://www.ocbuyback.com/sell/cell-phone/apple/iphone-se-3rd-gen-2022
iPhone SE 3rd Gen (2022)_128GB_Unlocked_Brand New,130.0,https://www.ocbuyback.com/sell/cell-phone/apple/iphone-se-3rd-gen-2022
iPhone SE 3rd Gen (2022)_128GB_Unlocked_Flawless,90.0,https://www.ocbuyback.com/sell/cell-phone/apple/iphone-se-3rd-gen-2022
iPhone SE 3rd Gen (2022)_128GB_Unlocked_Good ,75.0,https://www.ocbuyback.com/sell/cell-phone/apple/iphone-se-3rd-gen-2022
iPhone SE 3rd Gen (2022)_128GB_Unlocked_Fair,50.0,https://www.ocbuyback.com/sell/cell-phone/apple/iphone-se-3rd-gen-2022
iPhone SE 3rd Gen (2022)_128GB_Unlocked_Minor Damage,16.0,https://www.ocbuyback.com/sell/cell-phone/apple/iphone-se-3rd-gen-2022
iPhone SE 3rd Gen (2022)_128GB_Unlocked_Broken,5.0,https://www.ocbuyback.com/sell/cell-phone/apple/iphone-se-3rd-gen-2022
iPhone SE 3rd Gen (2022)_256GB_AT&T_Brand New,130.0,https://www.ocbuyback.com/sell/cell-phone/apple/iphone-se-3rd-gen-2022
iPhone SE 3rd Gen (2022)_256GB_AT&T_Flawless,90.0,https://www.ocbuyback.com/sell/cell-phone/apple/iphone-se-3rd-gen-2022
iPhone SE 3rd Gen (2022)_256GB_AT&T_Good ,75.0,https://www.ocbuyback.com/sell/cell-phone/apple/iphone-se-3rd-gen-2022
iPhone SE 3rd Gen (2022)_256GB_AT&T_Fair,50.0,https://www.ocbuyback.com/sell/cell-phone/apple/iphone-se-3rd-gen-2022
iPhone SE 3rd Gen (2022)_256GB_AT&T_Minor Damage,17.0,https://www.ocbuyback.com/sell/cell-phone/apple/iphone-se-3rd-gen-2022
iPhone SE 3rd Gen (2022)_256GB_AT&T_Broken,5.0,https://www.ocbuyback.com/sell/cell-phone/apple/iphone-se-3rd-gen-2022
iPhone SE 3rd Gen (2022)_256GB_T-Mobile_Brand New,110.0,https://www.ocbuyback.com/sell/cell-phone/apple/iphone-se-3rd-gen-2022
iPhone SE 3rd Gen (2022)_256GB_T-Mobile_Flawless,70.0,https://www.ocbuyback.com/sell/cell-phone/apple/iphone-se-3rd-gen-2022
iPhone SE 3rd Gen (2022)_256GB_T-Mobile_Good ,55.0,https://www.ocbuyback.com/sell/cell-phone/apple/iphone-se-3rd-gen-2022
iPhone SE 3rd Gen (2022)_256GB_T-Mobile_Fair,30.0,https://www.ocbuyback.com/sell/cell-phone/apple/iphone-se-3rd-gen-2022
iPhone SE 3rd Gen (2022)_256GB_T-Mobile_Minor Damage,12.0,https://www.ocbuyback.com/sell/cell-phone/apple/iphone-se-3rd-gen-2022
iPhone SE 3rd Gen (2022)_256GB_T-Mobile_Broken,5.0,https://www.ocbuyback.com/sell/cell-phone/apple/iphone-se-3rd-gen-2022
iPhone SE 3rd Gen (2022)_256GB_Verizon_Brand New,140.0,https://www.ocbuyback.com/sell/cell-phone/apple/iphone-se-3rd-gen-2022
iPhone SE 3rd Gen (2022)_256GB_Verizon_Flawless,100.0,https://www.ocbuyback.com/sell/cell-phone/apple/iphone-se-3rd-gen-2022
iPhone SE 3rd Gen (2022)_256GB_Verizon_Good ,85.0,https://www.ocbuyback.com/sell/cell-phone/apple/iphone-se-3rd-gen-2022
iPhone SE 3rd Gen (2022)_256GB_Verizon_Fair,60.0,https://www.ocbuyback.com/sell/cell-phone/apple/iphone-se-3rd-gen-2022
iPhone SE 3rd Gen (2022)_256GB_Verizon_Minor Damage,17.0,https://www.ocbuyback.com/sell/cell-phone/apple/iphone-se-3rd-gen-2022
iPhone SE 3rd Gen (2022)_256GB_Verizon_Broken,5.0,https://www.ocbuyback.com/sell/cell-phone/apple/iphone-se-3rd-gen-2022
iPhone SE 3rd Gen (2022)_256GB_Unlocked_Brand New,140.0,https://www.ocbuyback.com/sell/cell-phone/apple/iphone-se-3rd-gen-2022
iPhone SE 3rd Gen (2022)_256GB_Unlocked_Flawless,100.0,https://www.ocbuyback.com/sell/cell-phone/apple/iphone-se-3rd-gen-2022
iPhone SE 3rd Gen (2022)_256GB_Unlocked_Good ,85.0,https://www.ocbuyback.com/sell/cell-phone/apple/iphone-se-3rd-gen-2022
iPhone SE 3rd Gen (2022)_256GB_Unlocked_Fair,60.0,https://www.ocbuyback.com/sell/cell-phone/apple/iphone-se-3rd-gen-2022
iPhone SE 3rd Gen (2022)_256GB_Unlocked_Minor Damage,17.0,https://www.ocbuyback.com/sell/cell-phone/apple/iphone-se-3rd-gen-2022
iPhone SE 3rd Gen (2022)_256GB_Unlocked_Broken,5.0,https://www.ocbuyback.com/sell/cell-phone/apple/iphone-se-3rd-gen-2022
iPhone 14_128GB_AT&T_Flawless,145.0,https://www.ocbuyback.com/sell/cell-phone/apple/iphone-14
iPhone 14_128GB_AT&T_Good ,125.0,https://www.ocbuyback.com/sell/cell-phone/apple/iphone-14
iPhone 14_128GB_AT&T_Fair,75.0,https://www.ocbuyback.com/sell/cell-phone/apple/iphone-14
iPhone 14_128GB_AT&T_Minor Damage,45.0,https://www.ocbuyback.com/sell/cell-phone/apple/iphone-14
iPhone 14_128GB_AT&T_Broken,10.0,https://www.ocbuyback.com/sell/cell-phone/apple/iphone-14
iPhone 14_128GB_T-Mobile_Flawless,105.0,https://www.ocbuyback.com/sell/cell-phone/apple/iphone-14
iPhone 14_128GB_T-Mobile_Good ,85.0,https://www.ocbuyback.com/sell/cell-phone/apple/iphone-14
iPhone 14_128GB_T-Mobile_Fair,45.0,https://www.ocbuyback.com/sell/cell-phone/apple/iphone-14
iPhone 14_128GB_T-Mobile_Minor Damage,35.0,https://www.ocbuyback.com/sell/cell-phone/apple/iphone-14
iPhone 14_128GB_Verizon_Flawless,110.0,https://www.ocbuyback.com/sell/cell-phone/apple/iphone-14
iPhone 14_128GB_Verizon_Good ,90.0,https://www.ocbuyback.com/sell/cell-phone/apple/iphone-14
iPhone 14_128GB_Verizon_Fair,40.0,https://www.ocbuyback.com/sell/cell-phone/apple/iphone-14
iPhone 14_128GB_Verizon_Minor Damage,30.0,https://www.ocbuyback.com/sell/cell-phone/apple/iphone-14
iPhone 14_128GB_Verizon_Broken,10.0,https://www.ocbuyback.com/sell/cell-phone/apple/iphone-14
iPhone 14_128GB_Unlocked_Flawless,185.0,https://www.ocbuyback.com/sell/cell-phone/apple/iphone-14
iPhone 14_128GB_Unlocked_Good ,165.0,https://www.ocbuyback.com/sell/cell-phone/apple/iphone-14
iPhone 14_128GB_Unlocked_Fair,115.0,https://www.ocbuyback.com/sell/cell-phone/apple/iphone-14
iPhone 14_128GB_Unlocked_Minor Damage,60.0,https://www.ocbuyback.com/sell/cell-phone/apple/iphone-14
iPhone 14_128GB_Unlocked_Broken,10.0,https://www.ocbuyback.com/sell/cell-phone/apple/iphone-14
iPhone 14_256GB_AT&T_Flawless,180.0,https://www.ocbuyback.com/sell/cell-phone/apple/iphone-14
iPhone 14_256GB_AT&T_Good ,160.0,https://www.ocbuyback.com/sell/cell-phone/apple/iphone-14
iPhone 14_256GB_AT&T_Fair,110.0,https://www.ocbuyback.com/sell/cell-phone/apple/iphone-14
iPhone 14_256GB_AT&T_Minor Damage,50.0,https://www.ocbuyback.com/sell/cell-phone/apple/iphone-14
iPhone 14_256GB_AT&T_Broken,10.0,https://www.ocbuyback.com/sell/cell-phone/apple/iphone-14
iPhone 14_256GB_T-Mobile_Flawless,140.0,https://www.ocbuyback.com/sell/cell-phone/apple/iphone-14
iPhone 14_256GB_T-Mobile_Good ,120.0,https://www.ocbuyback.com/sell/cell-phone/apple/iphone-14
iPhone 14_256GB_T-Mobile_Fair,70.0,https://www.ocbuyback.com/sell/cell-phone/apple/iphone-14
iPhone 14_256GB_T-Mobile_Minor Damage,50.0,https://www.ocbuyback.com/sell/cell-phone/apple/iphone-14
iPhone 14_256GB_T-Mobile_Broken,10.0,https://www.ocbuyback.com/sell/cell-phone/apple/iphone-14
iPhone 14_256GB_Verizon_Flawless,145.0,https://www.ocbuyback.com/sell/cell-phone/apple/iphone-14
iPhone 14_256GB_Verizon_Good ,125.0,https://www.ocbuyback.com/sell/cell-phone/apple/iphone-14
iPhone 14_256GB_Verizon_Fair,75.0,https://www.ocbuyback.com/sell/cell-phone/apple/iphone-14
iPhone 14_256GB_Verizon_Minor Damage,35.0,https://www.ocbuyback.com/sell/cell-phone/apple/iphone-14
iPhone 14_256GB_Verizon_Broken,10.0,https://www.ocbuyback.com/sell/cell-phone/apple/iphone-14
iPhone 14_256GB_Unlocked_Flawless,220.0,https://www.ocbuyback.com/sell/cell-phone/apple/iphone-14
iPhone 14_256GB_Unlocked_Good ,200.0,https://www.ocbuyback.com/sell/cell-phone/apple/iphone-14
iPhone 14_256GB_Unlocked_Fair,150.0,https://www.ocbuyback.com/sell/cell-phone/apple/iphone-14
iPhone 14_256GB_Unlocked_Minor Damage,65.0,https://www.ocbuyback.com/sell/cell-phone/apple/iphone-14
iPhone 14_256GB_Unlocked_Broken,10.0,https://www.ocbuyback.com/sell/cell-phone/apple/iphone-14
iPhone 14_512GB_AT&T_Flawless,255.0,https://www.ocbuyback.com/sell/cell-phone/apple/iphone-14
iPhone 14_512GB_AT&T_Good ,235.0,https://www.ocbuyback.com/sell/cell-phone/apple/iphone-14
iPhone 14_512GB_AT&T_Fair,185.0,https://www.ocbuyback.com/sell/cell-phone/apple/iphone-14
iPhone 14_512GB_AT&T_Minor Damage,52.0,https://www.ocbuyback.com/sell/cell-phone/apple/iphone-14
iPhone 14_512GB_AT&T_Broken,10.0,https://www.ocbuyback.com/sell/cell-phone/apple/iphone-14
iPhone 14_512GB_T-Mobile_Flawless,215.0,https://www.ocbuyback.com/sell/cell-phone/apple/iphone-14
iPhone 14_512GB_T-Mobile_Good ,195.0,https://www.ocbuyback.com/sell/cell-phone/apple/iphone-14
iPhone 14_512GB_T-Mobile_Fair,145.0,https://www.ocbuyback.com/sell/cell-phone/apple/iphone-14
iPhone 14_512GB_T-Mobile_Minor Damage,52.0,https://www.ocbuyback.com/sell/cell-phone/apple/iphone-14
iPhone 14_512GB_T-Mobile_Broken,10.0,https://www.ocbuyback.com/sell/cell-phone/apple/iphone-14
iPhone 14_512GB_Verizon_Flawless,220.0,https://www.ocbuyback.com/sell/cell-phone/apple/iphone-14
iPhone 14_512GB_Verizon_Good ,200.0,https://www.ocbuyback.com/sell/cell-phone/apple/iphone-14
iPhone 14_512GB_Verizon_Fair,150.0,https://www.ocbuyback.com/sell/cell-phone/apple/iphone-14
iPhone 14_512GB_Verizon_Minor Damage,37.0,https://www.ocbuyback.com/sell/cell-phone/apple/iphone-14
iPhone 14_512GB_Verizon_Broken,10.0,https://www.ocbuyback.com/sell/cell-phone/apple/iphone-14
iPhone 14_512GB_Unlocked_Flawless,295.0,https://www.ocbuyback.com/sell/cell-phone/apple/iphone-14
iPhone 14_512GB_Unlocked_Good ,275.0,https://www.ocbuyback.com/sell/cell-phone/apple/iphone-14
iPhone 14_512GB_Unlocked_Fair,225.0,https://www.ocbuyback.com/sell/cell-phone/apple/iphone-14
iPhone 14_512GB_Unlocked_Minor Damage,67.0,https://www.ocbuyback.com/sell/cell-phone/apple/iphone-14
iPhone 14_512GB_Unlocked_Broken,10.0,https://www.ocbuyback.com/sell/cell-phone/apple/iphone-14
iPhone 14 Plus_128GB_AT&T_Brand New,260.0,https://www.ocbuyback.com/sell/cell-phone/apple/iphone-14-plus
iPhone 14 Plus_128GB_AT&T_Flawless,210.0,https://www.ocbuyback.com/sell/cell-phone/apple/iphone-14-plus
iPhone 14 Plus_128GB_AT&T_Good ,160.0,https://www.ocbuyback.com/sell/cell-phone/apple/iphone-14-plus
iPhone 14 Plus_128GB_AT&T_Fair,110.0,https://www.ocbuyback.com/sell/cell-phone/apple/iphone-14-plus
iPhone 14 Plus_128GB_AT&T_Minor Damage,45.0,https://www.ocbuyback.com/sell/cell-phone/apple/iphone-14-plus
iPhone 14 Plus_128GB_AT&T_Broken,20.0,https://www.ocbuyback.com/sell/cell-phone/apple/iphone-14-plus
iPhone 14 Plus_128GB_T-Mobile_Brand New,230.0,https://www.ocbuyback.com/sell/cell-phone/apple/iphone-14-plus
iPhone 14 Plus_128GB_T-Mobile_Flawless,180.0,https://www.ocbuyback.com/sell/cell-phone/apple/iphone-14-plus
iPhone 14 Plus_128GB_T-Mobile_Good ,130.0,https://www.ocbuyback.com/sell/cell-phone/apple/iphone-14-plus
iPhone 14 Plus_128GB_T-Mobile_Fair,80.0,https://www.ocbuyback.com/sell/cell-phone/apple/iphone-14-plus
iPhone 14 Plus_128GB_T-Mobile_Minor Damage,45.0,https://www.ocbuyback.com/sell/cell-phone/apple/iphone-14-plus
iPhone 14 Plus_128GB_T-Mobile_Broken,20.0,https://www.ocbuyback.com/sell/cell-phone/apple/iphone-14-plus
iPhone 14 Plus_128GB_Verizon_Brand New,245.0,https://www.ocbuyback.com/sell/cell-phone/apple/iphone-14-plus
iPhone 14 Plus_128GB_Verizon_Flawless,185.0,https://www.ocbuyback.com/sell/cell-phone/apple/iphone-14-plus
iPhone 14 Plus_128GB_Verizon_Good ,145.0,https://www.ocbuyback.com/sell/cell-phone/apple/iphone-14-plus
iPhone 14 Plus_128GB_Verizon_Fair,90.0,https://www.ocbuyback.com/sell/cell-phone/apple/iphone-14-plus
iPhone 14 Plus_128GB_Verizon_Minor Damage,45.0,https://www.ocbuyback.com/sell/cell-phone/apple/iphone-14-plus
iPhone 14 Plus_128GB_Verizon_Broken,20.0,https://www.ocbuyback.com/sell/cell-phone/apple/iphone-14-plus
iPhone 14 Plus_128GB_Other_Brand New,90.0,https://www.ocbuyback.com/sell/cell-phone/apple/iphone-14-plus
iPhone 14 Plus_128GB_Other_Flawless,60.0,https://www.ocbuyback.com/sell/cell-phone/apple/iphone-14-plus
iPhone 14 Plus_128GB_Other_Good ,40.0,https://www.ocbuyback.com/sell/cell-phone/apple/iphone-14-plus
iPhone 14 Plus_128GB_Other_Fair,25.0,https://www.ocbuyback.com/sell/cell-phone/apple/iphone-14-plus
iPhone 14 Plus_128GB_Other_Minor Damage,15.0,https://www.ocbuyback.com/sell/cell-phone/apple/iphone-14-plus
iPhone 14 Plus_128GB_Other_Broken,5.0,https://www.ocbuyback.com/sell/cell-phone/apple/iphone-14-plus
iPhone 14 Plus_128GB_Unlocked_Brand New,310.0,https://www.ocbuyback.com/sell/cell-phone/apple/iphone-14-plus
iPhone 14 Plus_128GB_Unlocked_Flawless,260.0,https://www.ocbuyback.com/sell/cell-phone/apple/iphone-14-plus
iPhone 14 Plus_128GB_Unlocked_Good ,210.0,https://www.ocbuyback.com/sell/cell-phone/apple/iphone-14-plus
iPhone 14 Plus_128GB_Unlocked_Fair,160.0,https://www.ocbuyback.com/sell/cell-phone/apple/iphone-14-plus
iPhone 14 Plus_128GB_Unlocked_Minor Damage,95.0,https://www.ocbuyback.com/sell/cell-phone/apple/iphone-14-plus
iPhone 14 Plus_128GB_Unlocked_Broken,20.0,https://www.ocbuyback.com/sell/cell-phone/apple/iphone-14-plus
iPhone 14 Plus_256GB_AT&T_Brand New,290.0,https://www.ocbuyback.com/sell/cell-phone/apple/iphone-14-plus
iPhone 14 Plus_256GB_AT&T_Flawless,240.0,https://www.ocbuyback.com/sell/cell-phone/apple/iphone-14-plus
iPhone 14 Plus_256GB_AT&T_Good ,200.0,https://www.ocbuyback.com/sell/cell-phone/apple/iphone-14-plus
iPhone 14 Plus_256GB_AT&T_Fair,150.0,https://www.ocbuyback.com/sell/cell-phone/apple/iphone-14-plus
iPhone 14 Plus_256GB_AT&T_Minor Damage,60.0,https://www.ocbuyback.com/sell/cell-phone/apple/iphone-14-plus
iPhone 14 Plus_256GB_AT&T_Broken,10.0,https://www.ocbuyback.com/sell/cell-phone/apple/iphone-14-plus
iPhone 14 Plus_256GB_T-Mobile_Brand New,260.0,https://www.ocbuyback.com/sell/cell-phone/apple/iphone-14-plus
iPhone 14 Plus_256GB_T-Mobile_Flawless,210.0,https://www.ocbuyback.com/sell/cell-phone/apple/iphone-14-plus
iPhone 14 Plus_256GB_T-Mobile_Good ,170.0,https://www.ocbuyback.com/sell/cell-phone/apple/iphone-14-plus
iPhone 14 Plus_256GB_T-Mobile_Fair,120.0,https://www.ocbuyback.com/sell/cell-phone/apple/iphone-14-plus
iPhone 14 Plus_256GB_T-Mobile_Minor Damage,60.0,https://www.ocbuyback.com/sell/cell-phone/apple/iphone-14-plus
iPhone 14 Plus_256GB_T-Mobile_Broken,10.0,https://www.ocbuyback.com/sell/cell-phone/apple/iphone-14-plus
iPhone 14 Plus_256GB_Verizon_Brand New,265.0,https://www.ocbuyback.com/sell/cell-phone/apple/iphone-14-plus
iPhone 14 Plus_256GB_Verizon_Flawless,215.0,https://www.ocbuyback.com/sell/cell-phone/apple/iphone-14-plus
iPhone 14 Plus_256GB_Verizon_Good ,175.0,https://www.ocbuyback.com/sell/cell-phone/apple/iphone-14-plus
iPhone 14 Plus_256GB_Verizon_Fair,125.0,https://www.ocbuyback.com/sell/cell-phone/apple/iphone-14-plus
iPhone 14 Plus_256GB_Verizon_Minor Damage,60.0,https://www.ocbuyback.com/sell/cell-phone/apple/iphone-14-plus
iPhone 14 Plus_256GB_Verizon_Broken,10.0,https://www.ocbuyback.com/sell/cell-phone/apple/iphone-14-plus
iPhone 14 Plus_256GB_Other_Brand New,115.0,https://www.ocbuyback.com/sell/cell-phone/apple/iphone-14-plus
iPhone 14 Plus_256GB_Other_Flawless,65.0,https://www.ocbuyback.com/sell/cell-phone/apple/iphone-14-plus
iPhone 14 Plus_256GB_Other_Good ,55.0,https://www.ocbuyback.com/sell/cell-phone/apple/iphone-14-plus
iPhone 14 Plus_256GB_Other_Fair,35.0,https://www.ocbuyback.com/sell/cell-phone/apple/iphone-14-plus
iPhone 14 Plus_256GB_Other_Minor Damage,20.0,https://www.ocbuyback.com/sell/cell-phone/apple/iphone-14-plus
iPhone 14 Plus_256GB_Other_Broken,10.0,https://www.ocbuyback.com/sell/cell-phone/apple/iphone-14-plus
iPhone 14 Plus_256GB_Unlocked_Brand New,340.0,https://www.ocbuyback.com/sell/cell-phone/apple/iphone-14-plus
iPhone 14 Plus_256GB_Unlocked_Flawless,290.0,https://www.ocbuyback.com/sell/cell-phone/apple/iphone-14-plus
iPhone 14 Plus_256GB_Unlocked_Good ,250.0,https://www.ocbuyback.com/sell/cell-phone/apple/iphone-14-plus
iPhone 14 Plus_256GB_Unlocked_Fair,200.0,https://www.ocbuyback.com/sell/cell-phone/apple/iphone-14-plus
iPhone 14 Plus_256GB_Unlocked_Minor Damage,110.0,https://www.ocbuyback.com/sell/cell-phone/apple/iphone-14-plus
iPhone 14 Plus_256GB_Unlocked_Broken,10.0,https://www.ocbuyback.com/sell/cell-phone/apple/iphone-14-plus
iPhone 14 Plus_512GB_AT&T_Brand New,310.0,https://www.ocbuyback.com/sell/cell-phone/apple/iphone-14-plus
iPhone 14 Plus_512GB_AT&T_Flawless,260.0,https://www.ocbuyback.com/sell/cell-phone/apple/iphone-14-plus
iPhone 14 Plus_512GB_AT&T_Good ,210.0,https://www.ocbuyback.com/sell/cell-phone/apple/iphone-14-plus
iPhone 14 Plus_512GB_AT&T_Fair,175.0,https://www.ocbuyback.com/sell/cell-phone/apple/iphone-14-plus
iPhone 14 Plus_512GB_AT&T_Minor Damage,65.0,https://www.ocbuyback.com/sell/cell-phone/apple/iphone-14-plus
iPhone 14 Plus_512GB_AT&T_Broken,10.0,https://www.ocbuyback.com/sell/cell-phone/apple/iphone-14-plus
iPhone 14 Plus_512GB_T-Mobile_Brand New,280.0,https://www.ocbuyback.com/sell/cell-phone/apple/iphone-14-plus
iPhone 14 Plus_512GB_T-Mobile_Flawless,230.0,https://www.ocbuyback.com/sell/cell-phone/apple/iphone-14-plus
iPhone 14 Plus_512GB_T-Mobile_Good ,190.0,https://www.ocbuyback.com/sell/cell-phone/apple/iphone-14-plus
iPhone 14 Plus_512GB_T-Mobile_Fair,145.0,https://www.ocbuyback.com/sell/cell-phone/apple/iphone-14-plus
iPhone 14 Plus_512GB_T-Mobile_Minor Damage,65.0,https://www.ocbuyback.com/sell/cell-phone/apple/iphone-14-plus
iPhone 14 Plus_512GB_T-Mobile_Broken,10.0,https://www.ocbuyback.com/sell/cell-phone/apple/iphone-14-plus
iPhone 14 Plus_512GB_Verizon_Brand New,285.0,https://www.ocbuyback.com/sell/cell-phone/apple/iphone-14-plus
iPhone 14 Plus_512GB_Verizon_Flawless,235.0,https://www.ocbuyback.com/sell/cell-phone/apple/iphone-14-plus
iPhone 14 Plus_512GB_Verizon_Good ,195.0,https://www.ocbuyback.com/sell/cell-phone/apple/iphone-14-plus
iPhone 14 Plus_512GB_Verizon_Fair,150.0,https://www.ocbuyback.com/sell/cell-phone/apple/iphone-14-plus
iPhone 14 Plus_512GB_Verizon_Minor Damage,65.0,https://www.ocbuyback.com/sell/cell-phone/apple/iphone-14-plus
iPhone 14 Plus_512GB_Verizon_Broken,10.0,https://www.ocbuyback.com/sell/cell-phone/apple/iphone-14-plus
iPhone 14 Plus_512GB_Other_Brand New,155.0,https://www.ocbuyback.com/sell/cell-phone/apple/iphone-14-plus
iPhone 14 Plus_512GB_Other_Flawless,105.0,https://www.ocbuyback.com/sell/cell-phone/apple/iphone-14-plus
iPhone 14 Plus_512GB_Other_Good ,75.0,https://www.ocbuyback.com/sell/cell-phone/apple/iphone-14-plus
iPhone 14 Plus_512GB_Other_Fair,35.0,https://www.ocbuyback.com/sell/cell-phone/apple/iphone-14-plus
iPhone 14 Plus_512GB_Other_Minor Damage,25.0,https://www.ocbuyback.com/sell/cell-phone/apple/iphone-14-plus
iPhone 14 Plus_512GB_Other_Broken,10.0,https://www.ocbuyback.com/sell/cell-phone/apple/iphone-14-plus
iPhone 14 Plus_512GB_Unlocked_Brand New,360.0,https://www.ocbuyback.com/sell/cell-phone/apple/iphone-14-plus
iPhone 14 Plus_512GB_Unlocked_Flawless,310.0,https://www.ocbuyback.com/sell/cell-phone/apple/iphone-14-plus
iPhone 14 Plus_512GB_Unlocked_Good ,270.0,https://www.ocbuyback.com/sell/cell-phone/apple/iphone-14-plus
iPhone 14 Plus_512GB_Unlocked_Fair,225.0,https://www.ocbuyback.com/sell/cell-phone/apple/iphone-14-plus
iPhone 14 Plus_512GB_Unlocked_Minor Damage,115.0,https://www.ocbuyback.com/sell/cell-phone/apple/iphone-14-plus
iPhone 14 Plus_512GB_Unlocked_Broken,10.0,https://www.ocbuyback.com/sell/cell-phone/apple/iphone-14-plus
iPhone 14 Pro_128GB_AT&T_Brand New,240.0,https://www.ocbuyback.com/sell/cell-phone/apple/iphone-14-pro
iPhone 14 Pro_128GB_AT&T_Flawless,190.0,https://www.ocbuyback.com/sell/cell-phone/apple/iphone-14-pro
iPhone 14 Pro_128GB_AT&T_Good ,140.0,https://www.ocbuyback.com/sell/cell-phone/apple/iphone-14-pro
iPhone 14 Pro_128GB_AT&T_Fair,90.0,https://www.ocbuyback.com/sell/cell-phone/apple/iphone-14-pro
iPhone 14 Pro_128GB_AT&T_Minor Damage,75.0,https://www.ocbuyback.com/sell/cell-phone/apple/iphone-14-pro
iPhone 14 Pro_128GB_AT&T_Broken,20.0,https://www.ocbuyback.com/sell/cell-phone/apple/iphone-14-pro
iPhone 14 Pro_128GB_T-Mobile_Brand New,260.0,https://www.ocbuyback.com/sell/cell-phone/apple/iphone-14-pro
iPhone 14 Pro_128GB_T-Mobile_Flawless,210.0,https://www.ocbuyback.com/sell/cell-phone/apple/iphone-14-pro
iPhone 14 Pro_128GB_T-Mobile_Good ,160.0,https://www.ocbuyback.com/sell/cell-phone/apple/iphone-14-pro
iPhone 14 Pro_128GB_T-Mobile_Fair,110.0,https://www.ocbuyback.com/sell/cell-phone/apple/iphone-14-pro
iPhone 14 Pro_128GB_T-Mobile_Minor Damage,65.0,https://www.ocbuyback.com/sell/cell-phone/apple/iphone-14-pro
iPhone 14 Pro_128GB_T-Mobile_Broken,20.0,https://www.ocbuyback.com/sell/cell-phone/apple/iphone-14-pro
iPhone 14 Pro_128GB_Verizon_Brand New,190.0,https://www.ocbuyback.com/sell/cell-phone/apple/iphone-14-pro
iPhone 14 Pro_128GB_Verizon_Flawless,140.0,https://www.ocbuyback.com/sell/cell-phone/apple/iphone-14-pro
iPhone 14 Pro_128GB_Verizon_Good ,90.0,https://www.ocbuyback.com/sell/cell-phone/apple/iphone-14-pro
iPhone 14 Pro_128GB_Verizon_Fair,50.0,https://www.ocbuyback.com/sell/cell-phone/apple/iphone-14-pro
iPhone 14 Pro_128GB_Verizon_Minor Damage,40.0,https://www.ocbuyback.com/sell/cell-phone/apple/iphone-14-pro
iPhone 14 Pro_128GB_Verizon_Broken,20.0,https://www.ocbuyback.com/sell/cell-phone/apple/iphone-14-pro
iPhone 14 Pro_128GB_Unlocked_Brand New,340.0,https://www.ocbuyback.com/sell/cell-phone/apple/iphone-14-pro
iPhone 14 Pro_128GB_Unlocked_Flawless,290.0,https://www.ocbuyback.com/sell/cell-phone/apple/iphone-14-pro
iPhone 14 Pro_128GB_Unlocked_Good ,240.0,https://www.ocbuyback.com/sell/cell-phone/apple/iphone-14-pro
iPhone 14 Pro_128GB_Unlocked_Fair,190.0,https://www.ocbuyback.com/sell/cell-phone/apple/iphone-14-pro
iPhone 14 Pro_128GB_Unlocked_Minor Damage,125.0,https://www.ocbuyback.com/sell/cell-phone/apple/iphone-14-pro
iPhone 14 Pro_128GB_Unlocked_Broken,20.0,https://www.ocbuyback.com/sell/cell-phone/apple/iphone-14-pro
iPhone 14 Pro_256GB_AT&T_Brand New,270.0,https://www.ocbuyback.com/sell/cell-phone/apple/iphone-14-pro
iPhone 14 Pro_256GB_AT&T_Flawless,220.0,https://www.ocbuyback.com/sell/cell-phone/apple/iphone-14-pro
iPhone 14 Pro_256GB_AT&T_Good ,170.0,https://www.ocbuyback.com/sell/cell-phone/apple/iphone-14-pro
iPhone 14 Pro_256GB_AT&T_Fair,120.0,https://www.ocbuyback.com/sell/cell-phone/apple/iphone-14-pro
iPhone 14 Pro_256GB_AT&T_Minor Damage,85.0,https://www.ocbuyback.com/sell/cell-phone/apple/iphone-14-pro
iPhone 14 Pro_256GB_AT&T_Broken,20.0,https://www.ocbuyback.com/sell/cell-phone/apple/iphone-14-pro
iPhone 14 Pro_256GB_T-Mobile_Brand New,290.0,https://www.ocbuyback.com/sell/cell-phone/apple/iphone-14-pro
iPhone 14 Pro_256GB_T-Mobile_Flawless,240.0,https://www.ocbuyback.com/sell/cell-phone/apple/iphone-14-pro
iPhone 14 Pro_256GB_T-Mobile_Good ,190.0,https://www.ocbuyback.com/sell/cell-phone/apple/iphone-14-pro
iPhone 14 Pro_256GB_T-Mobile_Fair,140.0,https://www.ocbuyback.com/sell/cell-phone/apple/iphone-14-pro
iPhone 14 Pro_256GB_T-Mobile_Minor Damage,75.0,https://www.ocbuyback.com/sell/cell-phone/apple/iphone-14-pro
iPhone 14 Pro_256GB_T-Mobile_Broken,20.0,https://www.ocbuyback.com/sell/cell-phone/apple/iphone-14-pro
iPhone 14 Pro_256GB_Verizon_Brand New,220.0,https://www.ocbuyback.com/sell/cell-phone/apple/iphone-14-pro
iPhone 14 Pro_256GB_Verizon_Flawless,170.0,https://www.ocbuyback.com/sell/cell-phone/apple/iphone-14-pro
iPhone 14 Pro_256GB_Verizon_Good ,120.0,https://www.ocbuyback.com/sell/cell-phone/apple/iphone-14-pro
iPhone 14 Pro_256GB_Verizon_Fair,70.0,https://www.ocbuyback.com/sell/cell-phone/apple/iphone-14-pro
iPhone 14 Pro_256GB_Verizon_Minor Damage,60.0,https://www.ocbuyback.com/sell/cell-phone/apple/iphone-14-pro
iPhone 14 Pro_256GB_Verizon_Broken,20.0,https://www.ocbuyback.com/sell/cell-phone/apple/iphone-14-pro
iPhone 14 Pro_256GB_Unlocked_Brand New,370.0,https://www.ocbuyback.com/sell/cell-phone/apple/iphone-14-pro
iPhone 14 Pro_256GB_Unlocked_Flawless,320.0,https://www.ocbuyback.com/sell/cell-phone/apple/iphone-14-pro
iPhone 14 Pro_256GB_Unlocked_Good ,270.0,https://www.ocbuyback.com/sell/cell-phone/apple/iphone-14-pro
iPhone 14 Pro_256GB_Unlocked_Fair,215.0,https://www.ocbuyback.com/sell/cell-phone/apple/iphone-14-pro
iPhone 14 Pro_256GB_Unlocked_Minor Damage,135.0,https://www.ocbuyback.com/sell/cell-phone/apple/iphone-14-pro
iPhone 14 Pro_256GB_Unlocked_Broken,20.0,https://www.ocbuyback.com/sell/cell-phone/apple/iphone-14-pro
iPhone 14 Pro_512GB_AT&T_Brand New,300.0,https://www.ocbuyback.com/sell/cell-phone/apple/iphone-14-pro
iPhone 14 Pro_512GB_AT&T_Flawless,250.0,https://www.ocbuyback.com/sell/cell-phone/apple/iphone-14-pro
iPhone 14 Pro_512GB_AT&T_Good ,190.0,https://www.ocbuyback.com/sell/cell-phone/apple/iphone-14-pro
iPhone 14 Pro_512GB_AT&T_Fair,140.0,https://www.ocbuyback.com/sell/cell-phone/apple/iphone-14-pro
iPhone 14 Pro_512GB_AT&T_Minor Damage,90.0,https://www.ocbuyback.com/sell/cell-phone/apple/iphone-14-pro
iPhone 14 Pro_512GB_AT&T_Broken,20.0,https://www.ocbuyback.com/sell/cell-phone/apple/iphone-14-pro
iPhone 14 Pro_512GB_T-Mobile_Brand New,320.0,https://www.ocbuyback.com/sell/cell-phone/apple/iphone-14-pro
iPhone 14 Pro_512GB_T-Mobile_Flawless,270.0,https://www.ocbuyback.com/sell/cell-phone/apple/iphone-14-pro
iPhone 14 Pro_512GB_T-Mobile_Good ,210.0,https://www.ocbuyback.com/sell/cell-phone/apple/iphone-14-pro
iPhone 14 Pro_512GB_T-Mobile_Fair,160.0,https://www.ocbuyback.com/sell/cell-phone/apple/iphone-14-pro
iPhone 14 Pro_512GB_T-Mobile_Minor Damage,80.0,https://www.ocbuyback.com/sell/cell-phone/apple/iphone-14-pro
iPhone 14 Pro_512GB_T-Mobile_Broken,20.0,https://www.ocbuyback.com/sell/cell-phone/apple/iphone-14-pro
iPhone 14 Pro_512GB_Verizon_Brand New,250.0,https://www.ocbuyback.com/sell/cell-phone/apple/iphone-14-pro
iPhone 14 Pro_512GB_Verizon_Flawless,200.0,https://www.ocbuyback.com/sell/cell-phone/apple/iphone-14-pro
iPhone 14 Pro_512GB_Verizon_Good ,140.0,https://www.ocbuyback.com/sell/cell-phone/apple/iphone-14-pro
iPhone 14 Pro_512GB_Verizon_Fair,100.0,https://www.ocbuyback.com/sell/cell-phone/apple/iphone-14-pro
iPhone 14 Pro_512GB_Verizon_Minor Damage,65.0,https://www.ocbuyback.com/sell/cell-phone/apple/iphone-14-pro
iPhone 14 Pro_512GB_Verizon_Broken,20.0,https://www.ocbuyback.com/sell/cell-phone/apple/iphone-14-pro
iPhone 14 Pro_512GB_Unlocked_Brand New,400.0,https://www.ocbuyback.com/sell/cell-phone/apple/iphone-14-pro
iPhone 14 Pro_512GB_Unlocked_Flawless,350.0,https://www.ocbuyback.com/sell/cell-phone/apple/iphone-14-pro
iPhone 14 Pro_512GB_Unlocked_Good ,300.0,https://www.ocbuyback.com/sell/cell-phone/apple/iphone-14-pro
iPhone 14 Pro_512GB_Unlocked_Fair,245.0,https://www.ocbuyback.com/sell/cell-phone/apple/iphone-14-pro
iPhone 14 Pro_512GB_Unlocked_Minor Damage,140.0,https://www.ocbuyback.com/sell/cell-phone/apple/iphone-14-pro
iPhone 14 Pro_512GB_Unlocked_Broken,20.0,https://www.ocbuyback.com/sell/cell-phone/apple/iphone-14-pro
iPhone 14 Pro_1TB_AT&T_Brand New,320.0,https://www.ocbuyback.com/sell/cell-phone/apple/iphone-14-pro
iPhone 14 Pro_1TB_AT&T_Flawless,270.0,https://www.ocbuyback.com/sell/cell-phone/apple/iphone-14-pro
iPhone 14 Pro_1TB_AT&T_Good ,220.0,https://www.ocbuyback.com/sell/cell-phone/apple/iphone-14-pro
iPhone 14 Pro_1TB_AT&T_Fair,170.0,https://www.ocbuyback.com/sell/cell-phone/apple/iphone-14-pro
iPhone 14 Pro_1TB_AT&T_Minor Damage,95.0,https://www.ocbuyback.com/sell/cell-phone/apple/iphone-14-pro
iPhone 14 Pro_1TB_AT&T_Broken,20.0,https://www.ocbuyback.com/sell/cell-phone/apple/iphone-14-pro
iPhone 14 Pro_1TB_T-Mobile_Brand New,340.0,https://www.ocbuyback.com/sell/cell-phone/apple/iphone-14-pro
iPhone 14 Pro_1TB_T-Mobile_Flawless,290.0,https://www.ocbuyback.com/sell/cell-phone/apple/iphone-14-pro
iPhone 14 Pro_1TB_T-Mobile_Good ,240.0,https://www.ocbuyback.com/sell/cell-phone/apple/iphone-14-pro
iPhone 14 Pro_1TB_T-Mobile_Fair,190.0,https://www.ocbuyback.com/sell/cell-phone/apple/iphone-14-pro
iPhone 14 Pro_1TB_T-Mobile_Minor Damage,85.0,https://www.ocbuyback.com/sell/cell-phone/apple/iphone-14-pro
iPhone 14 Pro_1TB_T-Mobile_Broken,20.0,https://www.ocbuyback.com/sell/cell-phone/apple/iphone-14-pro
iPhone 14 Pro_1TB_Verizon_Brand New,270.0,https://www.ocbuyback.com/sell/cell-phone/apple/iphone-14-pro
iPhone 14 Pro_1TB_Verizon_Flawless,220.0,https://www.ocbuyback.com/sell/cell-phone/apple/iphone-14-pro
iPhone 14 Pro_1TB_Verizon_Good ,170.0,https://www.ocbuyback.com/sell/cell-phone/apple/iphone-14-pro
iPhone 14 Pro_1TB_Verizon_Fair,120.0,https://www.ocbuyback.com/sell/cell-phone/apple/iphone-14-pro
iPhone 14 Pro_1TB_Verizon_Minor Damage,70.0,https://www.ocbuyback.com/sell/cell-phone/apple/iphone-14-pro
iPhone 14 Pro_1TB_Verizon_Broken,20.0,https://www.ocbuyback.com/sell/cell-phone/apple/iphone-14-pro
iPhone 14 Pro_1TB_Unlocked_Brand New,420.0,https://www.ocbuyback.com/sell/cell-phone/apple/iphone-14-pro
iPhone 14 Pro_1TB_Unlocked_Flawless,370.0,https://www.ocbuyback.com/sell/cell-phone/apple/iphone-14-pro
iPhone 14 Pro_1TB_Unlocked_Good ,320.0,https://www.ocbuyback.com/sell/cell-phone/apple/iphone-14-pro
iPhone 14 Pro_1TB_Unlocked_Fair,270.0,https://www.ocbuyback.com/sell/cell-phone/apple/iphone-14-pro
iPhone 14 Pro_1TB_Unlocked_Minor Damage,145.0,https://www.ocbuyback.com/sell/cell-phone/apple/iphone-14-pro
iPhone 14 Pro_1TB_Unlocked_Broken,20.0,https://www.ocbuyback.com/sell/cell-phone/apple/iphone-14-pro
iPhone 14 Pro Max_128GB_AT&T_Brand New,280.0,https://www.ocbuyback.com/sell/cell-phone/apple/iphone-14-pro-max
iPhone 14 Pro Max_128GB_AT&T_Flawless,230.0,https://www.ocbuyback.com/sell/cell-phone/apple/iphone-14-pro-max
iPhone 14 Pro Max_128GB_AT&T_Good ,195.0,https://www.ocbuyback.com/sell/cell-phone/apple/iphone-14-pro-max
iPhone 14 Pro Max_128GB_AT&T_Fair,140.0,https://www.ocbuyback.com/sell/cell-phone/apple/iphone-14-pro-max
iPhone 14 Pro Max_128GB_AT&T_Minor Damage,100.0,https://www.ocbuyback.com/sell/cell-phone/apple/iphone-14-pro-max
iPhone 14 Pro Max_128GB_AT&T_Broken,20.0,https://www.ocbuyback.com/sell/cell-phone/apple/iphone-14-pro-max
iPhone 14 Pro Max_128GB_T-Mobile_Brand New,295.0,https://www.ocbuyback.com/sell/cell-phone/apple/iphone-14-pro-max
iPhone 14 Pro Max_128GB_T-Mobile_Flawless,245.0,https://www.ocbuyback.com/sell/cell-phone/apple/iphone-14-pro-max
iPhone 14 Pro Max_128GB_T-Mobile_Good ,210.0,https://www.ocbuyback.com/sell/cell-phone/apple/iphone-14-pro-max
iPhone 14 Pro Max_128GB_T-Mobile_Fair,155.0,https://www.ocbuyback.com/sell/cell-phone/apple/iphone-14-pro-max
iPhone 14 Pro Max_128GB_T-Mobile_Minor Damage,75.0,https://www.ocbuyback.com/sell/cell-phone/apple/iphone-14-pro-max
iPhone 14 Pro Max_128GB_T-Mobile_Broken,20.0,https://www.ocbuyback.com/sell/cell-phone/apple/iphone-14-pro-max
iPhone 14 Pro Max_128GB_Verizon_Brand New,230.0,https://www.ocbuyback.com/sell/cell-phone/apple/iphone-14-pro-max
iPhone 14 Pro Max_128GB_Verizon_Flawless,180.0,https://www.ocbuyback.com/sell/cell-phone/apple/iphone-14-pro-max
iPhone 14 Pro Max_128GB_Verizon_Good ,160.0,https://www.ocbuyback.com/sell/cell-phone/apple/iphone-14-pro-max
iPhone 14 Pro Max_128GB_Verizon_Fair,90.0,https://www.ocbuyback.com/sell/cell-phone/apple/iphone-14-pro-max
iPhone 14 Pro Max_128GB_Verizon_Minor Damage,90.0,https://www.ocbuyback.com/sell/cell-phone/apple/iphone-14-pro-max
iPhone 14 Pro Max_128GB_Verizon_Broken,20.0,https://www.ocbuyback.com/sell/cell-phone/apple/iphone-14-pro-max
iPhone 14 Pro Max_128GB_Unlocked_Brand New,390.0,https://www.ocbuyback.com/sell/cell-phone/apple/iphone-14-pro-max
iPhone 14 Pro Max_128GB_Unlocked_Flawless,340.0,https://www.ocbuyback.com/sell/cell-phone/apple/iphone-14-pro-max
iPhone 14 Pro Max_128GB_Unlocked_Good ,295.0,https://www.ocbuyback.com/sell/cell-phone/apple/iphone-14-pro-max
iPhone 14 Pro Max_128GB_Unlocked_Fair,240.0,https://www.ocbuyback.com/sell/cell-phone/apple/iphone-14-pro-max
iPhone 14 Pro Max_128GB_Unlocked_Minor Damage,150.0,https://www.ocbuyback.com/sell/cell-phone/apple/iphone-14-pro-max
iPhone 14 Pro Max_128GB_Unlocked_Broken,20.0,https://www.ocbuyback.com/sell/cell-phone/apple/iphone-14-pro-max
iPhone 14 Pro Max_256GB_AT&T_Brand New,320.0,https://www.ocbuyback.com/sell/cell-phone/apple/iphone-14-pro-max
iPhone 14 Pro Max_256GB_AT&T_Flawless,270.0,https://www.ocbuyback.com/sell/cell-phone/apple/iphone-14-pro-max
iPhone 14 Pro Max_256GB_AT&T_Good ,230.0,https://www.ocbuyback.com/sell/cell-phone/apple/iphone-14-pro-max
iPhone 14 Pro Max_256GB_AT&T_Fair,170.0,https://www.ocbuyback.com/sell/cell-phone/apple/iphone-14-pro-max
iPhone 14 Pro Max_256GB_AT&T_Minor Damage,120.0,https://www.ocbuyback.com/sell/cell-phone/apple/iphone-14-pro-max
iPhone 14 Pro Max_256GB_AT&T_Broken,20.0,https://www.ocbuyback.com/sell/cell-phone/apple/iphone-14-pro-max
iPhone 14 Pro Max_256GB_T-Mobile_Brand New,315.0,https://www.ocbuyback.com/sell/cell-phone/apple/iphone-14-pro-max
iPhone 14 Pro Max_256GB_T-Mobile_Flawless,285.0,https://www.ocbuyback.com/sell/cell-phone/apple/iphone-14-pro-max
iPhone 14 Pro Max_256GB_T-Mobile_Good ,245.0,https://www.ocbuyback.com/sell/cell-phone/apple/iphone-14-pro-max
iPhone 14 Pro Max_256GB_T-Mobile_Fair,185.0,https://www.ocbuyback.com/sell/cell-phone/apple/iphone-14-pro-max
iPhone 14 Pro Max_256GB_T-Mobile_Minor Damage,95.0,https://www.ocbuyback.com/sell/cell-phone/apple/iphone-14-pro-max
iPhone 14 Pro Max_256GB_T-Mobile_Broken,20.0,https://www.ocbuyback.com/sell/cell-phone/apple/iphone-14-pro-max
iPhone 14 Pro Max_256GB_Verizon_Brand New,280.0,https://www.ocbuyback.com/sell/cell-phone/apple/iphone-14-pro-max
iPhone 14 Pro Max_256GB_Verizon_Flawless,230.0,https://www.ocbuyback.com/sell/cell-phone/apple/iphone-14-pro-max
iPhone 14 Pro Max_256GB_Verizon_Good ,200.0,https://www.ocbuyback.com/sell/cell-phone/apple/iphone-14-pro-max
iPhone 14 Pro Max_256GB_Verizon_Fair,130.0,https://www.ocbuyback.com/sell/cell-phone/apple/iphone-14-pro-max
iPhone 14 Pro Max_256GB_Verizon_Minor Damage,120.0,https://www.ocbuyback.com/sell/cell-phone/apple/iphone-14-pro-max
iPhone 14 Pro Max_256GB_Verizon_Broken,20.0,https://www.ocbuyback.com/sell/cell-phone/apple/iphone-14-pro-max
iPhone 14 Pro Max_256GB_Unlocked_Brand New,420.0,https://www.ocbuyback.com/sell/cell-phone/apple/iphone-14-pro-max
iPhone 14 Pro Max_256GB_Unlocked_Flawless,370.0,https://www.ocbuyback.com/sell/cell-phone/apple/iphone-14-pro-max
iPhone 14 Pro Max_256GB_Unlocked_Good ,330.0,https://www.ocbuyback.com/sell/cell-phone/apple/iphone-14-pro-max
iPhone 14 Pro Max_256GB_Unlocked_Fair,270.0,https://www.ocbuyback.com/sell/cell-phone/apple/iphone-14-pro-max
iPhone 14 Pro Max_256GB_Unlocked_Minor Damage,170.0,https://www.ocbuyback.com/sell/cell-phone/apple/iphone-14-pro-max
iPhone 14 Pro Max_256GB_Unlocked_Broken,20.0,https://www.ocbuyback.com/sell/cell-phone/apple/iphone-14-pro-max
iPhone 14 Pro Max_512GB_AT&T_Brand New,340.0,https://www.ocbuyback.com/sell/cell-phone/apple/iphone-14-pro-max
iPhone 14 Pro Max_512GB_AT&T_Flawless,290.0,https://www.ocbuyback.com/sell/cell-phone/apple/iphone-14-pro-max
iPhone 14 Pro Max_512GB_AT&T_Good ,250.0,https://www.ocbuyback.com/sell/cell-phone/apple/iphone-14-pro-max
iPhone 14 Pro Max_512GB_AT&T_Fair,190.0,https://www.ocbuyback.com/sell/cell-phone/apple/iphone-14-pro-max
iPhone 14 Pro Max_512GB_AT&T_Minor Damage,140.0,https://www.ocbuyback.com/sell/cell-phone/apple/iphone-14-pro-max
iPhone 14 Pro Max_512GB_AT&T_Broken,20.0,https://www.ocbuyback.com/sell/cell-phone/apple/iphone-14-pro-max
iPhone 14 Pro Max_512GB_T-Mobile_Brand New,355.0,https://www.ocbuyback.com/sell/cell-phone/apple/iphone-14-pro-max
iPhone 14 Pro Max_512GB_T-Mobile_Flawless,305.0,https://www.ocbuyback.com/sell/cell-phone/apple/iphone-14-pro-max
iPhone 14 Pro Max_512GB_T-Mobile_Good ,265.0,https://www.ocbuyback.com/sell/cell-phone/apple/iphone-14-pro-max
iPhone 14 Pro Max_512GB_T-Mobile_Fair,205.0,https://www.ocbuyback.com/sell/cell-phone/apple/iphone-14-pro-max
iPhone 14 Pro Max_512GB_T-Mobile_Minor Damage,115.0,https://www.ocbuyback.com/sell/cell-phone/apple/iphone-14-pro-max
iPhone 14 Pro Max_512GB_T-Mobile_Broken,20.0,https://www.ocbuyback.com/sell/cell-phone/apple/iphone-14-pro-max
iPhone 14 Pro Max_512GB_Verizon_Brand New,290.0,https://www.ocbuyback.com/sell/cell-phone/apple/iphone-14-pro-max
iPhone 14 Pro Max_512GB_Verizon_Flawless,240.0,https://www.ocbuyback.com/sell/cell-phone/apple/iphone-14-pro-max
iPhone 14 Pro Max_512GB_Verizon_Good ,205.0,https://www.ocbuyback.com/sell/cell-phone/apple/iphone-14-pro-max
iPhone 14 Pro Max_512GB_Verizon_Fair,140.0,https://www.ocbuyback.com/sell/cell-phone/apple/iphone-14-pro-max
iPhone 14 Pro Max_512GB_Verizon_Minor Damage,130.0,https://www.ocbuyback.com/sell/cell-phone/apple/iphone-14-pro-max
iPhone 14 Pro Max_512GB_Verizon_Broken,20.0,https://www.ocbuyback.com/sell/cell-phone/apple/iphone-14-pro-max
iPhone 14 Pro Max_512GB_Unlocked_Brand New,440.0,https://www.ocbuyback.com/sell/cell-phone/apple/iphone-14-pro-max
iPhone 14 Pro Max_512GB_Unlocked_Flawless,390.0,https://www.ocbuyback.com/sell/cell-phone/apple/iphone-14-pro-max
iPhone 14 Pro Max_512GB_Unlocked_Good ,350.0,https://www.ocbuyback.com/sell/cell-phone/apple/iphone-14-pro-max
iPhone 14 Pro Max_512GB_Unlocked_Fair,290.0,https://www.ocbuyback.com/sell/cell-phone/apple/iphone-14-pro-max
iPhone 14 Pro Max_512GB_Unlocked_Minor Damage,190.0,https://www.ocbuyback.com/sell/cell-phone/apple/iphone-14-pro-max
iPhone 14 Pro Max_512GB_Unlocked_Broken,20.0,https://www.ocbuyback.com/sell/cell-phone/apple/iphone-14-pro-max
iPhone 14 Pro Max_1TB_AT&T_Brand New,360.0,https://www.ocbuyback.com/sell/cell-phone/apple/iphone-14-pro-max
iPhone 14 Pro Max_1TB_AT&T_Flawless,310.0,https://www.ocbuyback.com/sell/cell-phone/apple/iphone-14-pro-max
iPhone 14 Pro Max_1TB_AT&T_Good ,275.0,https://www.ocbuyback.com/sell/cell-phone/apple/iphone-14-pro-max
iPhone 14 Pro Max_1TB_AT&T_Fair,210.0,https://www.ocbuyback.com/sell/cell-phone/apple/iphone-14-pro-max
iPhone 14 Pro Max_1TB_AT&T_Minor Damage,160.0,https://www.ocbuyback.com/sell/cell-phone/apple/iphone-14-pro-max
iPhone 14 Pro Max_1TB_AT&T_Broken,20.0,https://www.ocbuyback.com/sell/cell-phone/apple/iphone-14-pro-max
iPhone 14 Pro Max_1TB_T-Mobile_Brand New,375.0,https://www.ocbuyback.com/sell/cell-phone/apple/iphone-14-pro-max
iPhone 14 Pro Max_1TB_T-Mobile_Flawless,325.0,https://www.ocbuyback.com/sell/cell-phone/apple/iphone-14-pro-max
iPhone 14 Pro Max_1TB_T-Mobile_Good ,295.0,https://www.ocbuyback.com/sell/cell-phone/apple/iphone-14-pro-max
iPhone 14 Pro Max_1TB_T-Mobile_Fair,225.0,https://www.ocbuyback.com/sell/cell-phone/apple/iphone-14-pro-max
iPhone 14 Pro Max_1TB_T-Mobile_Minor Damage,135.0,https://www.ocbuyback.com/sell/cell-phone/apple/iphone-14-pro-max
iPhone 14 Pro Max_1TB_T-Mobile_Broken,20.0,https://www.ocbuyback.com/sell/cell-phone/apple/iphone-14-pro-max
iPhone 14 Pro Max_1TB_Verizon_Brand New,310.0,https://www.ocbuyback.com/sell/cell-phone/apple/iphone-14-pro-max
iPhone 14 Pro Max_1TB_Verizon_Flawless,260.0,https://www.ocbuyback.com/sell/cell-phone/apple/iphone-14-pro-max
iPhone 14 Pro Max_1TB_Verizon_Good ,230.0,https://www.ocbuyback.com/sell/cell-phone/apple/iphone-14-pro-max
iPhone 14 Pro Max_1TB_Verizon_Fair,160.0,https://www.ocbuyback.com/sell/cell-phone/apple/iphone-14-pro-max
iPhone 14 Pro Max_1TB_Verizon_Minor Damage,150.0,https://www.ocbuyback.com/sell/cell-phone/apple/iphone-14-pro-max
iPhone 14 Pro Max_1TB_Verizon_Broken,20.0,https://www.ocbuyback.com/sell/cell-phone/apple/iphone-14-pro-max
iPhone 14 Pro Max_1TB_Unlocked_Brand New,460.0,https://www.ocbuyback.com/sell/cell-phone/apple/iphone-14-pro-max
iPhone 14 Pro Max_1TB_Unlocked_Flawless,410.0,https://www.ocbuyback.com/sell/cell-phone/apple/iphone-14-pro-max
iPhone 14 Pro Max_1TB_Unlocked_Good ,375.0,https://www.ocbuyback.com/sell/cell-phone/apple/iphone-14-pro-max
iPhone 14 Pro Max_1TB_Unlocked_Fair,310.0,https://www.ocbuyback.com/sell/cell-phone/apple/iphone-14-pro-max
iPhone 14 Pro Max_1TB_Unlocked_Minor Damage,210.0,https://www.ocbuyback.com/sell/cell-phone/apple/iphone-14-pro-max
iPhone 14 Pro Max_1TB_Unlocked_Broken,20.0,https://www.ocbuyback.com/sell/cell-phone/apple/iphone-14-pro-max
iPhone 15_128GB_AT&T_Brand New,230.0,https://www.ocbuyback.com/sell/cell-phone/apple/iphone-15
iPhone 15_128GB_AT&T_Flawless,180.0,https://www.ocbuyback.com/sell/cell-phone/apple/iphone-15
iPhone 15_128GB_AT&T_Good ,150.0,https://www.ocbuyback.com/sell/cell-phone/apple/iphone-15
iPhone 15_128GB_AT&T_Fair,100.0,https://www.ocbuyback.com/sell/cell-phone/apple/iphone-15
iPhone 15_128GB_AT&T_Minor Damage,50.0,https://www.ocbuyback.com/sell/cell-phone/apple/iphone-15
iPhone 15_128GB_AT&T_Broken,15.0,https://www.ocbuyback.com/sell/cell-phone/apple/iphone-15
iPhone 15_128GB_T-Mobile_Brand New,205.0,https://www.ocbuyback.com/sell/cell-phone/apple/iphone-15
iPhone 15_128GB_T-Mobile_Flawless,155.0,https://www.ocbuyback.com/sell/cell-phone/apple/iphone-15
iPhone 15_128GB_T-Mobile_Good ,125.0,https://www.ocbuyback.com/sell/cell-phone/apple/iphone-15
iPhone 15_128GB_T-Mobile_Fair,75.0,https://www.ocbuyback.com/sell/cell-phone/apple/iphone-15
iPhone 15_128GB_T-Mobile_Minor Damage,50.0,https://www.ocbuyback.com/sell/cell-phone/apple/iphone-15
iPhone 15_128GB_T-Mobile_Broken,15.0,https://www.ocbuyback.com/sell/cell-phone/apple/iphone-15
iPhone 15_128GB_Verizon_Brand New,230.0,https://www.ocbuyback.com/sell/cell-phone/apple/iphone-15
iPhone 15_128GB_Verizon_Flawless,180.0,https://www.ocbuyback.com/sell/cell-phone/apple/iphone-15
iPhone 15_128GB_Verizon_Good ,150.0,https://www.ocbuyback.com/sell/cell-phone/apple/iphone-15
iPhone 15_128GB_Verizon_Fair,100.0,https://www.ocbuyback.com/sell/cell-phone/apple/iphone-15
iPhone 15_128GB_Verizon_Minor Damage,50.0,https://www.ocbuyback.com/sell/cell-phone/apple/iphone-15
iPhone 15_128GB_Verizon_Broken,15.0,https://www.ocbuyback.com/sell/cell-phone/apple/iphone-15
iPhone 15_128GB_Other_Brand New,120.0,https://www.ocbuyback.com/sell/cell-phone/apple/iphone-15
iPhone 15_128GB_Other_Flawless,90.0,https://www.ocbuyback.com/sell/cell-phone/apple/iphone-15
iPhone 15_128GB_Other_Good ,60.0,https://www.ocbuyback.com/sell/cell-phone/apple/iphone-15
iPhone 15_128GB_Other_Fair,45.0,https://www.ocbuyback.com/sell/cell-phone/apple/iphone-15
iPhone 15_128GB_Other_Minor Damage,30.0,https://www.ocbuyback.com/sell/cell-phone/apple/iphone-15
iPhone 15_128GB_Other_Broken,15.0,https://www.ocbuyback.com/sell/cell-phone/apple/iphone-15
iPhone 15_128GB_Unlocked_Brand New,330.0,https://www.ocbuyback.com/sell/cell-phone/apple/iphone-15
iPhone 15_128GB_Unlocked_Flawless,280.0,https://www.ocbuyback.com/sell/cell-phone/apple/iphone-15
iPhone 15_128GB_Unlocked_Good ,250.0,https://www.ocbuyback.com/sell/cell-phone/apple/iphone-15
iPhone 15_128GB_Unlocked_Fair,200.0,https://www.ocbuyback.com/sell/cell-phone/apple/iphone-15
iPhone 15_128GB_Unlocked_Minor Damage,100.0,https://www.ocbuyback.com/sell/cell-phone/apple/iphone-15
iPhone 15_128GB_Unlocked_Broken,15.0,https://www.ocbuyback.com/sell/cell-phone/apple/iphone-15
iPhone 15_256GB_AT&T_Brand New,280.0,https://www.ocbuyback.com/sell/cell-phone/apple/iphone-15
iPhone 15_256GB_AT&T_Flawless,230.0,https://www.ocbuyback.com/sell/cell-phone/apple/iphone-15
iPhone 15_256GB_AT&T_Good ,200.0,https://www.ocbuyback.com/sell/cell-phone/apple/iphone-15
iPhone 15_256GB_AT&T_Fair,150.0,https://www.ocbuyback.com/sell/cell-phone/apple/iphone-15
iPhone 15_256GB_AT&T_Minor Damage,60.0,https://www.ocbuyback.com/sell/cell-phone/apple/iphone-15
iPhone 15_256GB_AT&T_Broken,15.0,https://www.ocbuyback.com/sell/cell-phone/apple/iphone-15
iPhone 15_256GB_T-Mobile_Brand New,255.0,https://www.ocbuyback.com/sell/cell-phone/apple/iphone-15
iPhone 15_256GB_T-Mobile_Flawless,205.0,https://www.ocbuyback.com/sell/cell-phone/apple/iphone-15
iPhone 15_256GB_T-Mobile_Good ,175.0,https://www.ocbuyback.com/sell/cell-phone/apple/iphone-15
iPhone 15_256GB_T-Mobile_Fair,125.0,https://www.ocbuyback.com/sell/cell-phone/apple/iphone-15
iPhone 15_256GB_T-Mobile_Minor Damage,60.0,https://www.ocbuyback.com/sell/cell-phone/apple/iphone-15
iPhone 15_256GB_T-Mobile_Broken,15.0,https://www.ocbuyback.com/sell/cell-phone/apple/iphone-15
iPhone 15_256GB_Verizon_Brand New,280.0,https://www.ocbuyback.com/sell/cell-phone/apple/iphone-15
iPhone 15_256GB_Verizon_Flawless,230.0,https://www.ocbuyback.com/sell/cell-phone/apple/iphone-15
iPhone 15_256GB_Verizon_Good ,200.0,https://www.ocbuyback.com/sell/cell-phone/apple/iphone-15
iPhone 15_256GB_Verizon_Fair,150.0,https://www.ocbuyback.com/sell/cell-phone/apple/iphone-15
iPhone 15_256GB_Verizon_Minor Damage,65.0,https://www.ocbuyback.com/sell/cell-phone/apple/iphone-15
iPhone 15_256GB_Verizon_Broken,15.0,https://www.ocbuyback.com/sell/cell-phone/apple/iphone-15
iPhone 15_256GB_Other_Brand New,150.0,https://www.ocbuyback.com/sell/cell-phone/apple/iphone-15
iPhone 15_256GB_Other_Flawless,100.0,https://www.ocbuyback.com/sell/cell-phone/apple/iphone-15
iPhone 15_256GB_Other_Good ,70.0,https://www.ocbuyback.com/sell/cell-phone/apple/iphone-15
iPhone 15_256GB_Other_Fair,35.0,https://www.ocbuyback.com/sell/cell-phone/apple/iphone-15
iPhone 15_256GB_Other_Minor Damage,25.0,https://www.ocbuyback.com/sell/cell-phone/apple/iphone-15
iPhone 15_256GB_Other_Broken,15.0,https://www.ocbuyback.com/sell/cell-phone/apple/iphone-15
iPhone 15_256GB_Unlocked_Brand New,380.0,https://www.ocbuyback.com/sell/cell-phone/apple/iphone-15
iPhone 15_256GB_Unlocked_Flawless,330.0,https://www.ocbuyback.com/sell/cell-phone/apple/iphone-15
iPhone 15_256GB_Unlocked_Good ,300.0,https://www.ocbuyback.com/sell/cell-phone/apple/iphone-15
iPhone 15_256GB_Unlocked_Fair,250.0,https://www.ocbuyback.com/sell/cell-phone/apple/iphone-15
iPhone 15_256GB_Unlocked_Minor Damage,110.0,https://www.ocbuyback.com/sell/cell-phone/apple/iphone-15
iPhone 15_256GB_Unlocked_Broken,15.0,https://www.ocbuyback.com/sell/cell-phone/apple/iphone-15
iPhone 15_512GB_AT&T_Brand New,310.0,https://www.ocbuyback.com/sell/cell-phone/apple/iphone-15
iPhone 15_512GB_AT&T_Flawless,280.0,https://www.ocbuyback.com/sell/cell-phone/apple/iphone-15
iPhone 15_512GB_AT&T_Good ,260.0,https://www.ocbuyback.com/sell/cell-phone/apple/iphone-15
iPhone 15_512GB_AT&T_Fair,200.0,https://www.ocbuyback.com/sell/cell-phone/apple/iphone-15
iPhone 15_512GB_AT&T_Minor Damage,75.0,https://www.ocbuyback.com/sell/cell-phone/apple/iphone-15
iPhone 15_512GB_AT&T_Broken,15.0,https://www.ocbuyback.com/sell/cell-phone/apple/iphone-15
iPhone 15_512GB_T-Mobile_Brand New,305.0,https://www.ocbuyback.com/sell/cell-phone/apple/iphone-15
iPhone 15_512GB_T-Mobile_Flawless,255.0,https://www.ocbuyback.com/sell/cell-phone/apple/iphone-15
iPhone 15_512GB_T-Mobile_Good ,225.0,https://www.ocbuyback.com/sell/cell-phone/apple/iphone-15
iPhone 15_512GB_T-Mobile_Fair,185.0,https://www.ocbuyback.com/sell/cell-phone/apple/iphone-15
iPhone 15_512GB_T-Mobile_Minor Damage,75.0,https://www.ocbuyback.com/sell/cell-phone/apple/iphone-15
iPhone 15_512GB_T-Mobile_Broken,15.0,https://www.ocbuyback.com/sell/cell-phone/apple/iphone-15
iPhone 15_512GB_Verizon_Brand New,330.0,https://www.ocbuyback.com/sell/cell-phone/apple/iphone-15
iPhone 15_512GB_Verizon_Flawless,280.0,https://www.ocbuyback.com/sell/cell-phone/apple/iphone-15
iPhone 15_512GB_Verizon_Good ,250.0,https://www.ocbuyback.com/sell/cell-phone/apple/iphone-15
iPhone 15_512GB_Verizon_Fair,200.0,https://www.ocbuyback.com/sell/cell-phone/apple/iphone-15
iPhone 15_512GB_Verizon_Minor Damage,75.0,https://www.ocbuyback.com/sell/cell-phone/apple/iphone-15
iPhone 15_512GB_Verizon_Broken,15.0,https://www.ocbuyback.com/sell/cell-phone/apple/iphone-15
iPhone 15_512GB_Other_Brand New,210.0,https://www.ocbuyback.com/sell/cell-phone/apple/iphone-15
iPhone 15_512GB_Other_Flawless,180.0,https://www.ocbuyback.com/sell/cell-phone/apple/iphone-15
iPhone 15_512GB_Other_Good ,160.0,https://www.ocbuyback.com/sell/cell-phone/apple/iphone-15
iPhone 15_512GB_Other_Fair,110.0,https://www.ocbuyback.com/sell/cell-phone/apple/iphone-15
iPhone 15_512GB_Other_Minor Damage,35.0,https://www.ocbuyback.com/sell/cell-phone/apple/iphone-15
iPhone 15_512GB_Other_Broken,15.0,https://www.ocbuyback.com/sell/cell-phone/apple/iphone-15
iPhone 15_512GB_Unlocked_Brand New,430.0,https://www.ocbuyback.com/sell/cell-phone/apple/iphone-15
iPhone 15_512GB_Unlocked_Flawless,380.0,https://www.ocbuyback.com/sell/cell-phone/apple/iphone-15
iPhone 15_512GB_Unlocked_Good ,350.0,https://www.ocbuyback.com/sell/cell-phone/apple/iphone-15
iPhone 15_512GB_Unlocked_Fair,300.0,https://www.ocbuyback.com/sell/cell-phone/apple/iphone-15
iPhone 15_512GB_Unlocked_Minor Damage,115.0,https://www.ocbuyback.com/sell/cell-phone/apple/iphone-15
iPhone 15_512GB_Unlocked_Broken,15.0,https://www.ocbuyback.com/sell/cell-phone/apple/iphone-15
iPhone 15 Plus_128GB_AT&T_Brand New,240.0,https://www.ocbuyback.com/sell/cell-phone/apple/iphone-15-plus
iPhone 15 Plus_128GB_AT&T_Flawless,190.0,https://www.ocbuyback.com/sell/cell-phone/apple/iphone-15-plus
iPhone 15 Plus_128GB_AT&T_Good ,140.0,https://www.ocbuyback.com/sell/cell-phone/apple/iphone-15-plus
iPhone 15 Plus_128GB_AT&T_Fair,95.0,https://www.ocbuyback.com/sell/cell-phone/apple/iphone-15-plus
iPhone 15 Plus_128GB_AT&T_Minor Damage,90.0,https://www.ocbuyback.com/sell/cell-phone/apple/iphone-15-plus
iPhone 15 Plus_128GB_AT&T_Broken,30.0,https://www.ocbuyback.com/sell/cell-phone/apple/iphone-15-plus
iPhone 15 Plus_128GB_T-Mobile_Brand New,240.0,https://www.ocbuyback.com/sell/cell-phone/apple/iphone-15-plus
iPhone 15 Plus_128GB_T-Mobile_Flawless,190.0,https://www.ocbuyback.com/sell/cell-phone/apple/iphone-15-plus
iPhone 15 Plus_128GB_T-Mobile_Good ,140.0,https://www.ocbuyback.com/sell/cell-phone/apple/iphone-15-plus
iPhone 15 Plus_128GB_T-Mobile_Fair,90.0,https://www.ocbuyback.com/sell/cell-phone/apple/iphone-15-plus
iPhone 15 Plus_128GB_T-Mobile_Minor Damage,70.0,https://www.ocbuyback.com/sell/cell-phone/apple/iphone-15-plus
iPhone 15 Plus_128GB_T-Mobile_Broken,30.0,https://www.ocbuyback.com/sell/cell-phone/apple/iphone-15-plus
iPhone 15 Plus_128GB_Verizon_Brand New,290.0,https://www.ocbuyback.com/sell/cell-phone/apple/iphone-15-plus
iPhone 15 Plus_128GB_Verizon_Flawless,240.0,https://www.ocbuyback.com/sell/cell-phone/apple/iphone-15-plus
iPhone 15 Plus_128GB_Verizon_Good ,190.0,https://www.ocbuyback.com/sell/cell-phone/apple/iphone-15-plus
iPhone 15 Plus_128GB_Verizon_Fair,140.0,https://www.ocbuyback.com/sell/cell-phone/apple/iphone-15-plus
iPhone 15 Plus_128GB_Verizon_Minor Damage,95.0,https://www.ocbuyback.com/sell/cell-phone/apple/iphone-15-plus
iPhone 15 Plus_128GB_Verizon_Broken,30.0,https://www.ocbuyback.com/sell/cell-phone/apple/iphone-15-plus
iPhone 15 Plus_128GB_Other_Brand New,125.0,https://www.ocbuyback.com/sell/cell-phone/apple/iphone-15-plus
iPhone 15 Plus_128GB_Other_Flawless,75.0,https://www.ocbuyback.com/sell/cell-phone/apple/iphone-15-plus
iPhone 15 Plus_128GB_Other_Good ,55.0,https://www.ocbuyback.com/sell/cell-phone/apple/iphone-15-plus
iPhone 15 Plus_128GB_Other_Fair,45.0,https://www.ocbuyback.com/sell/cell-phone/apple/iphone-15-plus
iPhone 15 Plus_128GB_Other_Minor Damage,45.0,https://www.ocbuyback.com/sell/cell-phone/apple/iphone-15-plus
iPhone 15 Plus_128GB_Other_Broken,30.0,https://www.ocbuyback.com/sell/cell-phone/apple/iphone-15-plus
iPhone 15 Plus_128GB_Unlocked_Brand New,390.0,https://www.ocbuyback.com/sell/cell-phone/apple/iphone-15-plus
iPhone 15 Plus_128GB_Unlocked_Flawless,340.0,https://www.ocbuyback.com/sell/cell-phone/apple/iphone-15-plus
iPhone 15 Plus_128GB_Unlocked_Good ,290.0,https://www.ocbuyback.com/sell/cell-phone/apple/iphone-15-plus
iPhone 15 Plus_128GB_Unlocked_Fair,240.0,https://www.ocbuyback.com/sell/cell-phone/apple/iphone-15-plus
iPhone 15 Plus_128GB_Unlocked_Minor Damage,145.0,https://www.ocbuyback.com/sell/cell-phone/apple/iphone-15-plus
iPhone 15 Plus_128GB_Unlocked_Broken,30.0,https://www.ocbuyback.com/sell/cell-phone/apple/iphone-15-plus
iPhone 15 Plus_256GB_AT&T_Brand New,265.0,https://www.ocbuyback.com/sell/cell-phone/apple/iphone-15-plus
iPhone 15 Plus_256GB_AT&T_Flawless,215.0,https://www.ocbuyback.com/sell/cell-phone/apple/iphone-15-plus
iPhone 15 Plus_256GB_AT&T_Good ,165.0,https://www.ocbuyback.com/sell/cell-phone/apple/iphone-15-plus
iPhone 15 Plus_256GB_AT&T_Fair,115.0,https://www.ocbuyback.com/sell/cell-phone/apple/iphone-15-plus
iPhone 15 Plus_256GB_AT&T_Minor Damage,105.0,https://www.ocbuyback.com/sell/cell-phone/apple/iphone-15-plus
iPhone 15 Plus_256GB_AT&T_Broken,30.0,https://www.ocbuyback.com/sell/cell-phone/apple/iphone-15-plus
iPhone 15 Plus_256GB_T-Mobile_Brand New,265.0,https://www.ocbuyback.com/sell/cell-phone/apple/iphone-15-plus
iPhone 15 Plus_256GB_T-Mobile_Flawless,215.0,https://www.ocbuyback.com/sell/cell-phone/apple/iphone-15-plus
iPhone 15 Plus_256GB_T-Mobile_Good ,165.0,https://www.ocbuyback.com/sell/cell-phone/apple/iphone-15-plus
iPhone 15 Plus_256GB_T-Mobile_Fair,115.0,https://www.ocbuyback.com/sell/cell-phone/apple/iphone-15-plus
iPhone 15 Plus_256GB_T-Mobile_Minor Damage,80.0,https://www.ocbuyback.com/sell/cell-phone/apple/iphone-15-plus
iPhone 15 Plus_256GB_T-Mobile_Broken,30.0,https://www.ocbuyback.com/sell/cell-phone/apple/iphone-15-plus
iPhone 15 Plus_256GB_Verizon_Brand New,315.0,https://www.ocbuyback.com/sell/cell-phone/apple/iphone-15-plus
iPhone 15 Plus_256GB_Verizon_Flawless,265.0,https://www.ocbuyback.com/sell/cell-phone/apple/iphone-15-plus
iPhone 15 Plus_256GB_Verizon_Good ,215.0,https://www.ocbuyback.com/sell/cell-phone/apple/iphone-15-plus
iPhone 15 Plus_256GB_Verizon_Fair,165.0,https://www.ocbuyback.com/sell/cell-phone/apple/iphone-15-plus
iPhone 15 Plus_256GB_Verizon_Minor Damage,105.0,https://www.ocbuyback.com/sell/cell-phone/apple/iphone-15-plus
iPhone 15 Plus_256GB_Verizon_Broken,30.0,https://www.ocbuyback.com/sell/cell-phone/apple/iphone-15-plus
iPhone 15 Plus_256GB_Other_Brand New,175.0,https://www.ocbuyback.com/sell/cell-phone/apple/iphone-15-plus
iPhone 15 Plus_256GB_Other_Flawless,125.0,https://www.ocbuyback.com/sell/cell-phone/apple/iphone-15-plus
iPhone 15 Plus_256GB_Other_Good ,115.0,https://www.ocbuyback.com/sell/cell-phone/apple/iphone-15-plus
iPhone 15 Plus_256GB_Other_Fair,65.0,https://www.ocbuyback.com/sell/cell-phone/apple/iphone-15-plus
iPhone 15 Plus_256GB_Other_Minor Damage,55.0,https://www.ocbuyback.com/sell/cell-phone/apple/iphone-15-plus
iPhone 15 Plus_256GB_Other_Broken,30.0,https://www.ocbuyback.com/sell/cell-phone/apple/iphone-15-plus
iPhone 15 Plus_256GB_Unlocked_Brand New,415.0,https://www.ocbuyback.com/sell/cell-phone/apple/iphone-15-plus
iPhone 15 Plus_256GB_Unlocked_Flawless,365.0,https://www.ocbuyback.com/sell/cell-phone/apple/iphone-15-plus
iPhone 15 Plus_256GB_Unlocked_Good ,315.0,https://www.ocbuyback.com/sell/cell-phone/apple/iphone-15-plus
iPhone 15 Plus_256GB_Unlocked_Fair,265.0,https://www.ocbuyback.com/sell/cell-phone/apple/iphone-15-plus
iPhone 15 Plus_256GB_Unlocked_Minor Damage,155.0,https://www.ocbuyback.com/sell/cell-phone/apple/iphone-15-plus
iPhone 15 Plus_256GB_Unlocked_Broken,30.0,https://www.ocbuyback.com/sell/cell-phone/apple/iphone-15-plus
iPhone 15 Plus_512GB_AT&T_Brand New,320.0,https://www.ocbuyback.com/sell/cell-phone/apple/iphone-15-plus
iPhone 15 Plus_512GB_AT&T_Flawless,270.0,https://www.ocbuyback.com/sell/cell-phone/apple/iphone-15-plus
iPhone 15 Plus_512GB_AT&T_Good ,220.0,https://www.ocbuyback.com/sell/cell-phone/apple/iphone-15-plus
iPhone 15 Plus_512GB_AT&T_Fair,170.0,https://www.ocbuyback.com/sell/cell-phone/apple/iphone-15-plus
iPhone 15 Plus_512GB_AT&T_Minor Damage,115.0,https://www.ocbuyback.com/sell/cell-phone/apple/iphone-15-plus
iPhone 15 Plus_512GB_AT&T_Broken,30.0,https://www.ocbuyback.com/sell/cell-phone/apple/iphone-15-plus
iPhone 15 Plus_512GB_T-Mobile_Brand New,320.0,https://www.ocbuyback.com/sell/cell-phone/apple/iphone-15-plus
iPhone 15 Plus_512GB_T-Mobile_Flawless,270.0,https://www.ocbuyback.com/sell/cell-phone/apple/iphone-15-plus
iPhone 15 Plus_512GB_T-Mobile_Good ,220.0,https://www.ocbuyback.com/sell/cell-phone/apple/iphone-15-plus
iPhone 15 Plus_512GB_T-Mobile_Fair,170.0,https://www.ocbuyback.com/sell/cell-phone/apple/iphone-15-plus
iPhone 15 Plus_512GB_T-Mobile_Minor Damage,90.0,https://www.ocbuyback.com/sell/cell-phone/apple/iphone-15-plus
iPhone 15 Plus_512GB_T-Mobile_Broken,30.0,https://www.ocbuyback.com/sell/cell-phone/apple/iphone-15-plus
iPhone 15 Plus_512GB_Verizon_Brand New,370.0,https://www.ocbuyback.com/sell/cell-phone/apple/iphone-15-plus
iPhone 15 Plus_512GB_Verizon_Flawless,320.0,https://www.ocbuyback.com/sell/cell-phone/apple/iphone-15-plus
iPhone 15 Plus_512GB_Verizon_Good ,270.0,https://www.ocbuyback.com/sell/cell-phone/apple/iphone-15-plus
iPhone 15 Plus_512GB_Verizon_Fair,220.0,https://www.ocbuyback.com/sell/cell-phone/apple/iphone-15-plus
iPhone 15 Plus_512GB_Verizon_Minor Damage,115.0,https://www.ocbuyback.com/sell/cell-phone/apple/iphone-15-plus
iPhone 15 Plus_512GB_Verizon_Broken,30.0,https://www.ocbuyback.com/sell/cell-phone/apple/iphone-15-plus
iPhone 15 Plus_512GB_Other_Brand New,235.0,https://www.ocbuyback.com/sell/cell-phone/apple/iphone-15-plus
iPhone 15 Plus_512GB_Other_Flawless,185.0,https://www.ocbuyback.com/sell/cell-phone/apple/iphone-15-plus
iPhone 15 Plus_512GB_Other_Good ,165.0,https://www.ocbuyback.com/sell/cell-phone/apple/iphone-15-plus
iPhone 15 Plus_512GB_Other_Fair,105.0,https://www.ocbuyback.com/sell/cell-phone/apple/iphone-15-plus
iPhone 15 Plus_512GB_Other_Minor Damage,65.0,https://www.ocbuyback.com/sell/cell-phone/apple/iphone-15-plus
iPhone 15 Plus_512GB_Other_Broken,30.0,https://www.ocbuyback.com/sell/cell-phone/apple/iphone-15-plus
iPhone 15 Plus_512GB_Unlocked_Brand New,470.0,https://www.ocbuyback.com/sell/cell-phone/apple/iphone-15-plus
iPhone 15 Plus_512GB_Unlocked_Flawless,420.0,https://www.ocbuyback.com/sell/cell-phone/apple/iphone-15-plus
iPhone 15 Plus_512GB_Unlocked_Good ,370.0,https://www.ocbuyback.com/sell/cell-phone/apple/iphone-15-plus
iPhone 15 Plus_512GB_Unlocked_Fair,320.0,https://www.ocbuyback.com/sell/cell-phone/apple/iphone-15-plus
iPhone 15 Plus_512GB_Unlocked_Minor Damage,165.0,https://www.ocbuyback.com/sell/cell-phone/apple/iphone-15-plus
iPhone 15 Plus_512GB_Unlocked_Broken,30.0,https://www.ocbuyback.com/sell/cell-phone/apple/iphone-15-plus
iPhone 15 Pro_128GB_AT&T_Brand New,230.0,https://www.ocbuyback.com/sell/cell-phone/apple/iphone-15-pro
iPhone 15 Pro_128GB_AT&T_Flawless,180.0,https://www.ocbuyback.com/sell/cell-phone/apple/iphone-15-pro
iPhone 15 Pro_128GB_AT&T_Good ,145.0,https://www.ocbuyback.com/sell/cell-phone/apple/iphone-15-pro
iPhone 15 Pro_128GB_AT&T_Fair,95.0,https://www.ocbuyback.com/sell/cell-phone/apple/iphone-15-pro
iPhone 15 Pro_128GB_AT&T_Minor Damage,105.0,https://www.ocbuyback.com/sell/cell-phone/apple/iphone-15-pro
iPhone 15 Pro_128GB_AT&T_Broken,40.0,https://www.ocbuyback.com/sell/cell-phone/apple/iphone-15-pro
iPhone 15 Pro_128GB_T-Mobile_Brand New,270.0,https://www.ocbuyback.com/sell/cell-phone/apple/iphone-15-pro
iPhone 15 Pro_128GB_T-Mobile_Flawless,220.0,https://www.ocbuyback.com/sell/cell-phone/apple/iphone-15-pro
iPhone 15 Pro_128GB_T-Mobile_Good ,185.0,https://www.ocbuyback.com/sell/cell-phone/apple/iphone-15-pro
iPhone 15 Pro_128GB_T-Mobile_Fair,135.0,https://www.ocbuyback.com/sell/cell-phone/apple/iphone-15-pro
iPhone 15 Pro_128GB_T-Mobile_Minor Damage,115.0,https://www.ocbuyback.com/sell/cell-phone/apple/iphone-15-pro
iPhone 15 Pro_128GB_T-Mobile_Broken,40.0,https://www.ocbuyback.com/sell/cell-phone/apple/iphone-15-pro
iPhone 15 Pro_128GB_Verizon_Brand New,230.0,https://www.ocbuyback.com/sell/cell-phone/apple/iphone-15-pro
iPhone 15 Pro_128GB_Verizon_Flawless,180.0,https://www.ocbuyback.com/sell/cell-phone/apple/iphone-15-pro
iPhone 15 Pro_128GB_Verizon_Good ,145.0,https://www.ocbuyback.com/sell/cell-phone/apple/iphone-15-pro
iPhone 15 Pro_128GB_Verizon_Fair,95.0,https://www.ocbuyback.com/sell/cell-phone/apple/iphone-15-pro
iPhone 15 Pro_128GB_Verizon_Minor Damage,70.0,https://www.ocbuyback.com/sell/cell-phone/apple/iphone-15-pro
iPhone 15 Pro_128GB_Verizon_Broken,40.0,https://www.ocbuyback.com/sell/cell-phone/apple/iphone-15-pro
iPhone 15 Pro_128GB_Other_Brand New,155.0,https://www.ocbuyback.com/sell/cell-phone/apple/iphone-15-pro
iPhone 15 Pro_128GB_Other_Flawless,105.0,https://www.ocbuyback.com/sell/cell-phone/apple/iphone-15-pro
iPhone 15 Pro_128GB_Other_Good ,60.0,https://www.ocbuyback.com/sell/cell-phone/apple/iphone-15-pro
iPhone 15 Pro_128GB_Other_Fair,50.0,https://www.ocbuyback.com/sell/cell-phone/apple/iphone-15-pro
iPhone 15 Pro_128GB_Other_Minor Damage,30.0,https://www.ocbuyback.com/sell/cell-phone/apple/iphone-15-pro
iPhone 15 Pro_128GB_Other_Broken,40.0,https://www.ocbuyback.com/sell/cell-phone/apple/iphone-15-pro
iPhone 15 Pro_128GB_Unlocked_Brand New,380.0,https://www.ocbuyback.com/sell/cell-phone/apple/iphone-15-pro
iPhone 15 Pro_128GB_Unlocked_Flawless,330.0,https://www.ocbuyback.com/sell/cell-phone/apple/iphone-15-pro
iPhone 15 Pro_128GB_Unlocked_Good ,295.0,https://www.ocbuyback.com/sell/cell-phone/apple/iphone-15-pro
iPhone 15 Pro_128GB_Unlocked_Fair,240.0,https://www.ocbuyback.com/sell/cell-phone/apple/iphone-15-pro
iPhone 15 Pro_128GB_Unlocked_Minor Damage,190.0,https://www.ocbuyback.com/sell/cell-phone/apple/iphone-15-pro
iPhone 15 Pro_128GB_Unlocked_Broken,40.0,https://www.ocbuyback.com/sell/cell-phone/apple/iphone-15-pro
iPhone 15 Pro_256GB_AT&T_Brand New,270.0,https://www.ocbuyback.com/sell/cell-phone/apple/iphone-15-pro
iPhone 15 Pro_256GB_AT&T_Flawless,220.0,https://www.ocbuyback.com/sell/cell-phone/apple/iphone-15-pro
iPhone 15 Pro_256GB_AT&T_Good ,185.0,https://www.ocbuyback.com/sell/cell-phone/apple/iphone-15-pro
iPhone 15 Pro_256GB_AT&T_Fair,130.0,https://www.ocbuyback.com/sell/cell-phone/apple/iphone-15-pro
iPhone 15 Pro_256GB_AT&T_Minor Damage,140.0,https://www.ocbuyback.com/sell/cell-phone/apple/iphone-15-pro
iPhone 15 Pro_256GB_AT&T_Broken,40.0,https://www.ocbuyback.com/sell/cell-phone/apple/iphone-15-pro
iPhone 15 Pro_256GB_T-Mobile_Brand New,310.0,https://www.ocbuyback.com/sell/cell-phone/apple/iphone-15-pro
iPhone 15 Pro_256GB_T-Mobile_Flawless,260.0,https://www.ocbuyback.com/sell/cell-phone/apple/iphone-15-pro
iPhone 15 Pro_256GB_T-Mobile_Good ,230.0,https://www.ocbuyback.com/sell/cell-phone/apple/iphone-15-pro
iPhone 15 Pro_256GB_T-Mobile_Fair,170.0,https://www.ocbuyback.com/sell/cell-phone/apple/iphone-15-pro
iPhone 15 Pro_256GB_T-Mobile_Minor Damage,135.0,https://www.ocbuyback.com/sell/cell-phone/apple/iphone-15-pro
iPhone 15 Pro_256GB_T-Mobile_Broken,40.0,https://www.ocbuyback.com/sell/cell-phone/apple/iphone-15-pro
iPhone 15 Pro_256GB_Verizon_Brand New,270.0,https://www.ocbuyback.com/sell/cell-phone/apple/iphone-15-pro
iPhone 15 Pro_256GB_Verizon_Flawless,220.0,https://www.ocbuyback.com/sell/cell-phone/apple/iphone-15-pro
iPhone 15 Pro_256GB_Verizon_Good ,185.0,https://www.ocbuyback.com/sell/cell-phone/apple/iphone-15-pro
iPhone 15 Pro_256GB_Verizon_Fair,130.0,https://www.ocbuyback.com/sell/cell-phone/apple/iphone-15-pro
iPhone 15 Pro_256GB_Verizon_Minor Damage,110.0,https://www.ocbuyback.com/sell/cell-phone/apple/iphone-15-pro
iPhone 15 Pro_256GB_Verizon_Broken,40.0,https://www.ocbuyback.com/sell/cell-phone/apple/iphone-15-pro
iPhone 15 Pro_256GB_Other_Brand New,170.0,https://www.ocbuyback.com/sell/cell-phone/apple/iphone-15-pro
iPhone 15 Pro_256GB_Other_Flawless,120.0,https://www.ocbuyback.com/sell/cell-phone/apple/iphone-15-pro
iPhone 15 Pro_256GB_Other_Good ,85.0,https://www.ocbuyback.com/sell/cell-phone/apple/iphone-15-pro
iPhone 15 Pro_256GB_Other_Fair,60.0,https://www.ocbuyback.com/sell/cell-phone/apple/iphone-15-pro
iPhone 15 Pro_256GB_Other_Minor Damage,50.0,https://www.ocbuyback.com/sell/cell-phone/apple/iphone-15-pro
iPhone 15 Pro_256GB_Other_Broken,40.0,https://www.ocbuyback.com/sell/cell-phone/apple/iphone-15-pro
iPhone 15 Pro_256GB_Unlocked_Brand New,410.0,https://www.ocbuyback.com/sell/cell-phone/apple/iphone-15-pro
iPhone 15 Pro_256GB_Unlocked_Flawless,360.0,https://www.ocbuyback.com/sell/cell-phone/apple/iphone-15-pro
iPhone 15 Pro_256GB_Unlocked_Good ,335.0,https://www.ocbuyback.com/sell/cell-phone/apple/iphone-15-pro
iPhone 15 Pro_256GB_Unlocked_Fair,280.0,https://www.ocbuyback.com/sell/cell-phone/apple/iphone-15-pro
iPhone 15 Pro_256GB_Unlocked_Minor Damage,210.0,https://www.ocbuyback.com/sell/cell-phone/apple/iphone-15-pro
iPhone 15 Pro_256GB_Unlocked_Broken,40.0,https://www.ocbuyback.com/sell/cell-phone/apple/iphone-15-pro
iPhone 15 Pro_512GB_AT&T_Brand New,290.0,https://www.ocbuyback.com/sell/cell-phone/apple/iphone-15-pro
iPhone 15 Pro_512GB_AT&T_Flawless,240.0,https://www.ocbuyback.com/sell/cell-phone/apple/iphone-15-pro
iPhone 15 Pro_512GB_AT&T_Good ,205.0,https://www.ocbuyback.com/sell/cell-phone/apple/iphone-15-pro
iPhone 15 Pro_512GB_AT&T_Fair,155.0,https://www.ocbuyback.com/sell/cell-phone/apple/iphone-15-pro
iPhone 15 Pro_512GB_AT&T_Minor Damage,150.0,https://www.ocbuyback.com/sell/cell-phone/apple/iphone-15-pro
iPhone 15 Pro_512GB_AT&T_Broken,40.0,https://www.ocbuyback.com/sell/cell-phone/apple/iphone-15-pro
iPhone 15 Pro_512GB_T-Mobile_Brand New,330.0,https://www.ocbuyback.com/sell/cell-phone/apple/iphone-15-pro
iPhone 15 Pro_512GB_T-Mobile_Flawless,280.0,https://www.ocbuyback.com/sell/cell-phone/apple/iphone-15-pro
iPhone 15 Pro_512GB_T-Mobile_Good ,245.0,https://www.ocbuyback.com/sell/cell-phone/apple/iphone-15-pro
iPhone 15 Pro_512GB_T-Mobile_Fair,195.0,https://www.ocbuyback.com/sell/cell-phone/apple/iphone-15-pro
iPhone 15 Pro_512GB_T-Mobile_Minor Damage,145.0,https://www.ocbuyback.com/sell/cell-phone/apple/iphone-15-pro
iPhone 15 Pro_512GB_T-Mobile_Broken,40.0,https://www.ocbuyback.com/sell/cell-phone/apple/iphone-15-pro
iPhone 15 Pro_512GB_Verizon_Brand New,290.0,https://www.ocbuyback.com/sell/cell-phone/apple/iphone-15-pro
iPhone 15 Pro_512GB_Verizon_Flawless,240.0,https://www.ocbuyback.com/sell/cell-phone/apple/iphone-15-pro
iPhone 15 Pro_512GB_Verizon_Good ,205.0,https://www.ocbuyback.com/sell/cell-phone/apple/iphone-15-pro
iPhone 15 Pro_512GB_Verizon_Fair,155.0,https://www.ocbuyback.com/sell/cell-phone/apple/iphone-15-pro
iPhone 15 Pro_512GB_Verizon_Minor Damage,120.0,https://www.ocbuyback.com/sell/cell-phone/apple/iphone-15-pro
iPhone 15 Pro_512GB_Verizon_Broken,40.0,https://www.ocbuyback.com/sell/cell-phone/apple/iphone-15-pro
iPhone 15 Pro_512GB_Other_Brand New,190.0,https://www.ocbuyback.com/sell/cell-phone/apple/iphone-15-pro
iPhone 15 Pro_512GB_Other_Flawless,140.0,https://www.ocbuyback.com/sell/cell-phone/apple/iphone-15-pro
iPhone 15 Pro_512GB_Other_Good ,105.0,https://www.ocbuyback.com/sell/cell-phone/apple/iphone-15-pro
iPhone 15 Pro_512GB_Other_Fair,75.0,https://www.ocbuyback.com/sell/cell-phone/apple/iphone-15-pro
iPhone 15 Pro_512GB_Other_Minor Damage,70.0,https://www.ocbuyback.com/sell/cell-phone/apple/iphone-15-pro
iPhone 15 Pro_512GB_Other_Broken,40.0,https://www.ocbuyback.com/sell/cell-phone/apple/iphone-15-pro
iPhone 15 Pro_512GB_Unlocked_Brand New,440.0,https://www.ocbuyback.com/sell/cell-phone/apple/iphone-15-pro
iPhone 15 Pro_512GB_Unlocked_Flawless,390.0,https://www.ocbuyback.com/sell/cell-phone/apple/iphone-15-pro
iPhone 15 Pro_512GB_Unlocked_Good ,355.0,https://www.ocbuyback.com/sell/cell-phone/apple/iphone-15-pro
iPhone 15 Pro_512GB_Unlocked_Fair,305.0,https://www.ocbuyback.com/sell/cell-phone/apple/iphone-15-pro
iPhone 15 Pro_512GB_Unlocked_Minor Damage,220.0,https://www.ocbuyback.com/sell/cell-phone/apple/iphone-15-pro
iPhone 15 Pro_512GB_Unlocked_Broken,40.0,https://www.ocbuyback.com/sell/cell-phone/apple/iphone-15-pro
iPhone 15 Pro_1TB_AT&T_Brand New,350.0,https://www.ocbuyback.com/sell/cell-phone/apple/iphone-15-pro
iPhone 15 Pro_1TB_AT&T_Flawless,300.0,https://www.ocbuyback.com/sell/cell-phone/apple/iphone-15-pro
iPhone 15 Pro_1TB_AT&T_Good ,260.0,https://www.ocbuyback.com/sell/cell-phone/apple/iphone-15-pro
iPhone 15 Pro_1TB_AT&T_Fair,215.0,https://www.ocbuyback.com/sell/cell-phone/apple/iphone-15-pro
iPhone 15 Pro_1TB_AT&T_Minor Damage,190.0,https://www.ocbuyback.com/sell/cell-phone/apple/iphone-15-pro
iPhone 15 Pro_1TB_AT&T_Broken,40.0,https://www.ocbuyback.com/sell/cell-phone/apple/iphone-15-pro
iPhone 15 Pro_1TB_T-Mobile_Brand New,425.0,https://www.ocbuyback.com/sell/cell-phone/apple/iphone-15-pro
iPhone 15 Pro_1TB_T-Mobile_Flawless,375.0,https://www.ocbuyback.com/sell/cell-phone/apple/iphone-15-pro
iPhone 15 Pro_1TB_T-Mobile_Good ,305.0,https://www.ocbuyback.com/sell/cell-phone/apple/iphone-15-pro
iPhone 15 Pro_1TB_T-Mobile_Fair,260.0,https://www.ocbuyback.com/sell/cell-phone/apple/iphone-15-pro
iPhone 15 Pro_1TB_T-Mobile_Minor Damage,165.0,https://www.ocbuyback.com/sell/cell-phone/apple/iphone-15-pro
iPhone 15 Pro_1TB_T-Mobile_Broken,40.0,https://www.ocbuyback.com/sell/cell-phone/apple/iphone-15-pro
iPhone 15 Pro_1TB_Verizon_Brand New,350.0,https://www.ocbuyback.com/sell/cell-phone/apple/iphone-15-pro
iPhone 15 Pro_1TB_Verizon_Flawless,300.0,https://www.ocbuyback.com/sell/cell-phone/apple/iphone-15-pro
iPhone 15 Pro_1TB_Verizon_Good ,260.0,https://www.ocbuyback.com/sell/cell-phone/apple/iphone-15-pro
iPhone 15 Pro_1TB_Verizon_Fair,215.0,https://www.ocbuyback.com/sell/cell-phone/apple/iphone-15-pro
iPhone 15 Pro_1TB_Verizon_Minor Damage,140.0,https://www.ocbuyback.com/sell/cell-phone/apple/iphone-15-pro
iPhone 15 Pro_1TB_Verizon_Broken,40.0,https://www.ocbuyback.com/sell/cell-phone/apple/iphone-15-pro
iPhone 15 Pro_1TB_Other_Brand New,275.0,https://www.ocbuyback.com/sell/cell-phone/apple/iphone-15-pro
iPhone 15 Pro_1TB_Other_Flawless,225.0,https://www.ocbuyback.com/sell/cell-phone/apple/iphone-15-pro
iPhone 15 Pro_1TB_Other_Good ,185.0,https://www.ocbuyback.com/sell/cell-phone/apple/iphone-15-pro
iPhone 15 Pro_1TB_Other_Fair,100.0,https://www.ocbuyback.com/sell/cell-phone/apple/iphone-15-pro
iPhone 15 Pro_1TB_Other_Minor Damage,80.0,https://www.ocbuyback.com/sell/cell-phone/apple/iphone-15-pro
iPhone 15 Pro_1TB_Other_Broken,40.0,https://www.ocbuyback.com/sell/cell-phone/apple/iphone-15-pro
iPhone 15 Pro_1TB_Unlocked_Brand New,500.0,https://www.ocbuyback.com/sell/cell-phone/apple/iphone-15-pro
iPhone 15 Pro_1TB_Unlocked_Flawless,450.0,https://www.ocbuyback.com/sell/cell-phone/apple/iphone-15-pro
iPhone 15 Pro_1TB_Unlocked_Good ,410.0,https://www.ocbuyback.com/sell/cell-phone/apple/iphone-15-pro
iPhone 15 Pro_1TB_Unlocked_Fair,365.0,https://www.ocbuyback.com/sell/cell-phone/apple/iphone-15-pro
iPhone 15 Pro_1TB_Unlocked_Minor Damage,240.0,https://www.ocbuyback.com/sell/cell-phone/apple/iphone-15-pro
iPhone 15 Pro_1TB_Unlocked_Broken,40.0,https://www.ocbuyback.com/sell/cell-phone/apple/iphone-15-pro
iPhone 15 Pro Max_256GB_AT&T_Brand New,360.0,https://www.ocbuyback.com/sell/cell-phone/apple/iphone-15-pro-max
iPhone 15 Pro Max_256GB_AT&T_Flawless,310.0,https://www.ocbuyback.com/sell/cell-phone/apple/iphone-15-pro-max
iPhone 15 Pro Max_256GB_AT&T_Good ,280.0,https://www.ocbuyback.com/sell/cell-phone/apple/iphone-15-pro-max
iPhone 15 Pro Max_256GB_AT&T_Fair,210.0,https://www.ocbuyback.com/sell/cell-phone/apple/iphone-15-pro-max
iPhone 15 Pro Max_256GB_AT&T_Minor Damage,150.0,https://www.ocbuyback.com/sell/cell-phone/apple/iphone-15-pro-max
iPhone 15 Pro Max_256GB_AT&T_Broken,40.0,https://www.ocbuyback.com/sell/cell-phone/apple/iphone-15-pro-max
iPhone 15 Pro Max_256GB_T-Mobile_Brand New,375.0,https://www.ocbuyback.com/sell/cell-phone/apple/iphone-15-pro-max
iPhone 15 Pro Max_256GB_T-Mobile_Flawless,325.0,https://www.ocbuyback.com/sell/cell-phone/apple/iphone-15-pro-max
iPhone 15 Pro Max_256GB_T-Mobile_Good ,295.0,https://www.ocbuyback.com/sell/cell-phone/apple/iphone-15-pro-max
iPhone 15 Pro Max_256GB_T-Mobile_Fair,225.0,https://www.ocbuyback.com/sell/cell-phone/apple/iphone-15-pro-max
iPhone 15 Pro Max_256GB_T-Mobile_Minor Damage,125.0,https://www.ocbuyback.com/sell/cell-phone/apple/iphone-15-pro-max
iPhone 15 Pro Max_256GB_T-Mobile_Broken,40.0,https://www.ocbuyback.com/sell/cell-phone/apple/iphone-15-pro-max
iPhone 15 Pro Max_256GB_Verizon_Brand New,280.0,https://www.ocbuyback.com/sell/cell-phone/apple/iphone-15-pro-max
iPhone 15 Pro Max_256GB_Verizon_Flawless,230.0,https://www.ocbuyback.com/sell/cell-phone/apple/iphone-15-pro-max
iPhone 15 Pro Max_256GB_Verizon_Good ,200.0,https://www.ocbuyback.com/sell/cell-phone/apple/iphone-15-pro-max
iPhone 15 Pro Max_256GB_Verizon_Fair,110.0,https://www.ocbuyback.com/sell/cell-phone/apple/iphone-15-pro-max
iPhone 15 Pro Max_256GB_Verizon_Minor Damage,90.0,https://www.ocbuyback.com/sell/cell-phone/apple/iphone-15-pro-max
iPhone 15 Pro Max_256GB_Verizon_Broken,40.0,https://www.ocbuyback.com/sell/cell-phone/apple/iphone-15-pro-max
iPhone 15 Pro Max_256GB_Other_Brand New,165.0,https://www.ocbuyback.com/sell/cell-phone/apple/iphone-15-pro-max
iPhone 15 Pro Max_256GB_Other_Flawless,115.0,https://www.ocbuyback.com/sell/cell-phone/apple/iphone-15-pro-max
iPhone 15 Pro Max_256GB_Other_Good ,70.0,https://www.ocbuyback.com/sell/cell-phone/apple/iphone-15-pro-max
iPhone 15 Pro Max_256GB_Other_Fair,50.0,https://www.ocbuyback.com/sell/cell-phone/apple/iphone-15-pro-max
iPhone 15 Pro Max_256GB_Other_Minor Damage,40.0,https://www.ocbuyback.com/sell/cell-phone/apple/iphone-15-pro-max
iPhone 15 Pro Max_256GB_Other_Broken,40.0,https://www.ocbuyback.com/sell/cell-phone/apple/iphone-15-pro-max
iPhone 15 Pro Max_256GB_Unlocked_Brand New,480.0,https://www.ocbuyback.com/sell/cell-phone/apple/iphone-15-pro-max
iPhone 15 Pro Max_256GB_Unlocked_Flawless,430.0,https://www.ocbuyback.com/sell/cell-phone/apple/iphone-15-pro-max
iPhone 15 Pro Max_256GB_Unlocked_Good ,390.0,https://www.ocbuyback.com/sell/cell-phone/apple/iphone-15-pro-max
iPhone 15 Pro Max_256GB_Unlocked_Fair,330.0,https://www.ocbuyback.com/sell/cell-phone/apple/iphone-15-pro-max
iPhone 15 Pro Max_256GB_Unlocked_Minor Damage,200.0,https://www.ocbuyback.com/sell/cell-phone/apple/iphone-15-pro-max
iPhone 15 Pro Max_256GB_Unlocked_Broken,40.0,https://www.ocbuyback.com/sell/cell-phone/apple/iphone-15-pro-max
iPhone 15 Pro Max_512GB_AT&T_Brand New,390.0,https://www.ocbuyback.com/sell/cell-phone/apple/iphone-15-pro-max
iPhone 15 Pro Max_512GB_AT&T_Flawless,340.0,https://www.ocbuyback.com/sell/cell-phone/apple/iphone-15-pro-max
iPhone 15 Pro Max_512GB_AT&T_Good ,300.0,https://www.ocbuyback.com/sell/cell-phone/apple/iphone-15-pro-max
iPhone 15 Pro Max_512GB_AT&T_Fair,240.0,https://www.ocbuyback.com/sell/cell-phone/apple/iphone-15-pro-max
iPhone 15 Pro Max_512GB_AT&T_Minor Damage,170.0,https://www.ocbuyback.com/sell/cell-phone/apple/iphone-15-pro-max
iPhone 15 Pro Max_512GB_AT&T_Broken,40.0,https://www.ocbuyback.com/sell/cell-phone/apple/iphone-15-pro-max
iPhone 15 Pro Max_512GB_T-Mobile_Brand New,405.0,https://www.ocbuyback.com/sell/cell-phone/apple/iphone-15-pro-max
iPhone 15 Pro Max_512GB_T-Mobile_Flawless,355.0,https://www.ocbuyback.com/sell/cell-phone/apple/iphone-15-pro-max
iPhone 15 Pro Max_512GB_T-Mobile_Good ,325.0,https://www.ocbuyback.com/sell/cell-phone/apple/iphone-15-pro-max
iPhone 15 Pro Max_512GB_T-Mobile_Fair,255.0,https://www.ocbuyback.com/sell/cell-phone/apple/iphone-15-pro-max
iPhone 15 Pro Max_512GB_T-Mobile_Minor Damage,145.0,https://www.ocbuyback.com/sell/cell-phone/apple/iphone-15-pro-max
iPhone 15 Pro Max_512GB_T-Mobile_Broken,40.0,https://www.ocbuyback.com/sell/cell-phone/apple/iphone-15-pro-max
iPhone 15 Pro Max_512GB_Verizon_Brand New,310.0,https://www.ocbuyback.com/sell/cell-phone/apple/iphone-15-pro-max
iPhone 15 Pro Max_512GB_Verizon_Flawless,260.0,https://www.ocbuyback.com/sell/cell-phone/apple/iphone-15-pro-max
iPhone 15 Pro Max_512GB_Verizon_Good ,230.0,https://www.ocbuyback.com/sell/cell-phone/apple/iphone-15-pro-max
iPhone 15 Pro Max_512GB_Verizon_Fair,160.0,https://www.ocbuyback.com/sell/cell-phone/apple/iphone-15-pro-max
iPhone 15 Pro Max_512GB_Verizon_Minor Damage,140.0,https://www.ocbuyback.com/sell/cell-phone/apple/iphone-15-pro-max
iPhone 15 Pro Max_512GB_Verizon_Broken,40.0,https://www.ocbuyback.com/sell/cell-phone/apple/iphone-15-pro-max
iPhone 15 Pro Max_512GB_Other_Brand New,210.0,https://www.ocbuyback.com/sell/cell-phone/apple/iphone-15-pro-max
iPhone 15 Pro Max_512GB_Other_Flawless,160.0,https://www.ocbuyback.com/sell/cell-phone/apple/iphone-15-pro-max
iPhone 15 Pro Max_512GB_Other_Good ,135.0,https://www.ocbuyback.com/sell/cell-phone/apple/iphone-15-pro-max
iPhone 15 Pro Max_512GB_Other_Fair,90.0,https://www.ocbuyback.com/sell/cell-phone/apple/iphone-15-pro-max
iPhone 15 Pro Max_512GB_Other_Minor Damage,60.0,https://www.ocbuyback.com/sell/cell-phone/apple/iphone-15-pro-max
iPhone 15 Pro Max_512GB_Other_Broken,40.0,https://www.ocbuyback.com/sell/cell-phone/apple/iphone-15-pro-max
iPhone 15 Pro Max_512GB_Unlocked_Brand New,510.0,https://www.ocbuyback.com/sell/cell-phone/apple/iphone-15-pro-max
iPhone 15 Pro Max_512GB_Unlocked_Flawless,460.0,https://www.ocbuyback.com/sell/cell-phone/apple/iphone-15-pro-max
iPhone 15 Pro Max_512GB_Unlocked_Good ,430.0,https://www.ocbuyback.com/sell/cell-phone/apple/iphone-15-pro-max
iPhone 15 Pro Max_512GB_Unlocked_Fair,360.0,https://www.ocbuyback.com/sell/cell-phone/apple/iphone-15-pro-max
iPhone 15 Pro Max_512GB_Unlocked_Minor Damage,220.0,https://www.ocbuyback.com/sell/cell-phone/apple/iphone-15-pro-max
iPhone 15 Pro Max_512GB_Unlocked_Broken,40.0,https://www.ocbuyback.com/sell/cell-phone/apple/iphone-15-pro-max
iPhone 15 Pro Max_1TB_AT&T_Brand New,430.0,https://www.ocbuyback.com/sell/cell-phone/apple/iphone-15-pro-max
iPhone 15 Pro Max_1TB_AT&T_Flawless,380.0,https://www.ocbuyback.com/sell/cell-phone/apple/iphone-15-pro-max
iPhone 15 Pro Max_1TB_AT&T_Good ,350.0,https://www.ocbuyback.com/sell/cell-phone/apple/iphone-15-pro-max
iPhone 15 Pro Max_1TB_AT&T_Fair,280.0,https://www.ocbuyback.com/sell/cell-phone/apple/iphone-15-pro-max
iPhone 15 Pro Max_1TB_AT&T_Minor Damage,200.0,https://www.ocbuyback.com/sell/cell-phone/apple/iphone-15-pro-max
iPhone 15 Pro Max_1TB_AT&T_Broken,40.0,https://www.ocbuyback.com/sell/cell-phone/apple/iphone-15-pro-max
iPhone 15 Pro Max_1TB_T-Mobile_Brand New,445.0,https://www.ocbuyback.com/sell/cell-phone/apple/iphone-15-pro-max
iPhone 15 Pro Max_1TB_T-Mobile_Flawless,395.0,https://www.ocbuyback.com/sell/cell-phone/apple/iphone-15-pro-max
iPhone 15 Pro Max_1TB_T-Mobile_Good ,355.0,https://www.ocbuyback.com/sell/cell-phone/apple/iphone-15-pro-max
iPhone 15 Pro Max_1TB_T-Mobile_Fair,295.0,https://www.ocbuyback.com/sell/cell-phone/apple/iphone-15-pro-max
iPhone 15 Pro Max_1TB_T-Mobile_Minor Damage,175.0,https://www.ocbuyback.com/sell/cell-phone/apple/iphone-15-pro-max
iPhone 15 Pro Max_1TB_T-Mobile_Broken,40.0,https://www.ocbuyback.com/sell/cell-phone/apple/iphone-15-pro-max
iPhone 15 Pro Max_1TB_Verizon_Brand New,350.0,https://www.ocbuyback.com/sell/cell-phone/apple/iphone-15-pro-max
iPhone 15 Pro Max_1TB_Verizon_Flawless,300.0,https://www.ocbuyback.com/sell/cell-phone/apple/iphone-15-pro-max
iPhone 15 Pro Max_1TB_Verizon_Good ,270.0,https://www.ocbuyback.com/sell/cell-phone/apple/iphone-15-pro-max
iPhone 15 Pro Max_1TB_Verizon_Fair,200.0,https://www.ocbuyback.com/sell/cell-phone/apple/iphone-15-pro-max
iPhone 15 Pro Max_1TB_Verizon_Minor Damage,170.0,https://www.ocbuyback.com/sell/cell-phone/apple/iphone-15-pro-max
iPhone 15 Pro Max_1TB_Verizon_Broken,40.0,https://www.ocbuyback.com/sell/cell-phone/apple/iphone-15-pro-max
iPhone 15 Pro Max_1TB_Other_Brand New,255.0,https://www.ocbuyback.com/sell/cell-phone/apple/iphone-15-pro-max
iPhone 15 Pro Max_1TB_Other_Flawless,205.0,https://www.ocbuyback.com/sell/cell-phone/apple/iphone-15-pro-max
iPhone 15 Pro Max_1TB_Other_Good ,165.0,https://www.ocbuyback.com/sell/cell-phone/apple/iphone-15-pro-max
iPhone 15 Pro Max_1TB_Other_Fair,110.0,https://www.ocbuyback.com/sell/cell-phone/apple/iphone-15-pro-max
iPhone 15 Pro Max_1TB_Other_Minor Damage,80.0,https://www.ocbuyback.com/sell/cell-phone/apple/iphone-15-pro-max
iPhone 15 Pro Max_1TB_Other_Broken,40.0,https://www.ocbuyback.com/sell/cell-phone/apple/iphone-15-pro-max
iPhone 15 Pro Max_1TB_Unlocked_Brand New,550.0,https://www.ocbuyback.com/sell/cell-phone/apple/iphone-15-pro-max
iPhone 15 Pro Max_1TB_Unlocked_Flawless,500.0,https://www.ocbuyback.com/sell/cell-phone/apple/iphone-15-pro-max
iPhone 15 Pro Max_1TB_Unlocked_Good ,470.0,https://www.ocbuyback.com/sell/cell-phone/apple/iphone-15-pro-max
iPhone 15 Pro Max_1TB_Unlocked_Fair,400.0,https://www.ocbuyback.com/sell/cell-phone/apple/iphone-15-pro-max
iPhone 15 Pro Max_1TB_Unlocked_Minor Damage,250.0,https://www.ocbuyback.com/sell/cell-phone/apple/iphone-15-pro-max
iPhone 15 Pro Max_1TB_Unlocked_Broken,40.0,https://www.ocbuyback.com/sell/cell-phone/apple/iphone-15-pro-max
iPhone 16_128GB_AT&T_Brand New,350.0,https://www.ocbuyback.com/sell/cell-phone/apple/iphone-16
iPhone 16_128GB_AT&T_Flawless,300.0,https://www.ocbuyback.com/sell/cell-phone/apple/iphone-16
iPhone 16_128GB_AT&T_Good ,265.0,https://www.ocbuyback.com/sell/cell-phone/apple/iphone-16
iPhone 16_128GB_AT&T_Fair,205.0,https://www.ocbuyback.com/sell/cell-phone/apple/iphone-16
iPhone 16_128GB_AT&T_Minor Damage,130.0,https://www.ocbuyback.com/sell/cell-phone/apple/iphone-16
iPhone 16_128GB_AT&T_Broken,30.0,https://www.ocbuyback.com/sell/cell-phone/apple/iphone-16
iPhone 16_128GB_T-Mobile_Brand New,325.0,https://www.ocbuyback.com/sell/cell-phone/apple/iphone-16
iPhone 16_128GB_T-Mobile_Flawless,275.0,https://www.ocbuyback.com/sell/cell-phone/apple/iphone-16
iPhone 16_128GB_T-Mobile_Good ,240.0,https://www.ocbuyback.com/sell/cell-phone/apple/iphone-16
iPhone 16_128GB_T-Mobile_Fair,180.0,https://www.ocbuyback.com/sell/cell-phone/apple/iphone-16
iPhone 16_128GB_T-Mobile_Minor Damage,105.0,https://www.ocbuyback.com/sell/cell-phone/apple/iphone-16
iPhone 16_128GB_T-Mobile_Broken,30.0,https://www.ocbuyback.com/sell/cell-phone/apple/iphone-16
iPhone 16_128GB_Verizon_Brand New,350.0,https://www.ocbuyback.com/sell/cell-phone/apple/iphone-16
iPhone 16_128GB_Verizon_Flawless,300.0,https://www.ocbuyback.com/sell/cell-phone/apple/iphone-16
iPhone 16_128GB_Verizon_Good ,265.0,https://www.ocbuyback.com/sell/cell-phone/apple/iphone-16
iPhone 16_128GB_Verizon_Fair,205.0,https://www.ocbuyback.com/sell/cell-phone/apple/iphone-16
iPhone 16_128GB_Verizon_Minor Damage,130.0,https://www.ocbuyback.com/sell/cell-phone/apple/iphone-16
iPhone 16_128GB_Verizon_Broken,30.0,https://www.ocbuyback.com/sell/cell-phone/apple/iphone-16
iPhone 16_128GB_Other_Brand New,245.0,https://www.ocbuyback.com/sell/cell-phone/apple/iphone-16
iPhone 16_128GB_Other_Flawless,195.0,https://www.ocbuyback.com/sell/cell-phone/apple/iphone-16
iPhone 16_128GB_Other_Good ,155.0,https://www.ocbuyback.com/sell/cell-phone/apple/iphone-16
iPhone 16_128GB_Other_Fair,100.0,https://www.ocbuyback.com/sell/cell-phone/apple/iphone-16
iPhone 16_128GB_Other_Minor Damage,65.0,https://www.ocbuyback.com/sell/cell-phone/apple/iphone-16
iPhone 16_128GB_Other_Broken,30.0,https://www.ocbuyback.com/sell/cell-phone/apple/iphone-16
iPhone 16_128GB_Unlocked_Brand New,450.0,https://www.ocbuyback.com/sell/cell-phone/apple/iphone-16
iPhone 16_128GB_Unlocked_Flawless,400.0,https://www.ocbuyback.com/sell/cell-phone/apple/iphone-16
iPhone 16_128GB_Unlocked_Good ,365.0,https://www.ocbuyback.com/sell/cell-phone/apple/iphone-16
iPhone 16_128GB_Unlocked_Fair,305.0,https://www.ocbuyback.com/sell/cell-phone/apple/iphone-16
iPhone 16_128GB_Unlocked_Minor Damage,185.0,https://www.ocbuyback.com/sell/cell-phone/apple/iphone-16
iPhone 16_128GB_Unlocked_Broken,30.0,https://www.ocbuyback.com/sell/cell-phone/apple/iphone-16
iPhone 16_256GB_AT&T_Brand New,380.0,https://www.ocbuyback.com/sell/cell-phone/apple/iphone-16
iPhone 16_256GB_AT&T_Flawless,330.0,https://www.ocbuyback.com/sell/cell-phone/apple/iphone-16
iPhone 16_256GB_AT&T_Good ,290.0,https://www.ocbuyback.com/sell/cell-phone/apple/iphone-16
iPhone 16_256GB_AT&T_Fair,245.0,https://www.ocbuyback.com/sell/cell-phone/apple/iphone-16
iPhone 16_256GB_AT&T_Minor Damage,175.0,https://www.ocbuyback.com/sell/cell-phone/apple/iphone-16
iPhone 16_256GB_AT&T_Broken,30.0,https://www.ocbuyback.com/sell/cell-phone/apple/iphone-16
iPhone 16_256GB_T-Mobile_Brand New,355.0,https://www.ocbuyback.com/sell/cell-phone/apple/iphone-16
iPhone 16_256GB_T-Mobile_Flawless,305.0,https://www.ocbuyback.com/sell/cell-phone/apple/iphone-16
iPhone 16_256GB_T-Mobile_Good ,265.0,https://www.ocbuyback.com/sell/cell-phone/apple/iphone-16
iPhone 16_256GB_T-Mobile_Fair,220.0,https://www.ocbuyback.com/sell/cell-phone/apple/iphone-16
iPhone 16_256GB_T-Mobile_Minor Damage,150.0,https://www.ocbuyback.com/sell/cell-phone/apple/iphone-16
iPhone 16_256GB_T-Mobile_Broken,30.0,https://www.ocbuyback.com/sell/cell-phone/apple/iphone-16
iPhone 16_256GB_Verizon_Brand New,380.0,https://www.ocbuyback.com/sell/cell-phone/apple/iphone-16
iPhone 16_256GB_Verizon_Flawless,330.0,https://www.ocbuyback.com/sell/cell-phone/apple/iphone-16
iPhone 16_256GB_Verizon_Good ,290.0,https://www.ocbuyback.com/sell/cell-phone/apple/iphone-16
iPhone 16_256GB_Verizon_Fair,245.0,https://www.ocbuyback.com/sell/cell-phone/apple/iphone-16
iPhone 16_256GB_Verizon_Minor Damage,175.0,https://www.ocbuyback.com/sell/cell-phone/apple/iphone-16
iPhone 16_256GB_Verizon_Broken,30.0,https://www.ocbuyback.com/sell/cell-phone/apple/iphone-16
iPhone 16_256GB_Other_Brand New,295.0,https://www.ocbuyback.com/sell/cell-phone/apple/iphone-16
iPhone 16_256GB_Other_Flawless,245.0,https://www.ocbuyback.com/sell/cell-phone/apple/iphone-16
iPhone 16_256GB_Other_Good ,200.0,https://www.ocbuyback.com/sell/cell-phone/apple/iphone-16
iPhone 16_256GB_Other_Fair,110.0,https://www.ocbuyback.com/sell/cell-phone/apple/iphone-16
iPhone 16_256GB_Other_Minor Damage,80.0,https://www.ocbuyback.com/sell/cell-phone/apple/iphone-16
iPhone 16_256GB_Other_Broken,30.0,https://www.ocbuyback.com/sell/cell-phone/apple/iphone-16
iPhone 16_256GB_Unlocked_Brand New,490.0,https://www.ocbuyback.com/sell/cell-phone/apple/iphone-16
iPhone 16_256GB_Unlocked_Flawless,440.0,https://www.ocbuyback.com/sell/cell-phone/apple/iphone-16
iPhone 16_256GB_Unlocked_Good ,390.0,https://www.ocbuyback.com/sell/cell-phone/apple/iphone-16
iPhone 16_256GB_Unlocked_Fair,345.0,https://www.ocbuyback.com/sell/cell-phone/apple/iphone-16
iPhone 16_256GB_Unlocked_Minor Damage,220.0,https://www.ocbuyback.com/sell/cell-phone/apple/iphone-16
iPhone 16_256GB_Unlocked_Broken,30.0,https://www.ocbuyback.com/sell/cell-phone/apple/iphone-16
iPhone 16_512GB_AT&T_Brand New,410.0,https://www.ocbuyback.com/sell/cell-phone/apple/iphone-16
iPhone 16_512GB_AT&T_Flawless,360.0,https://www.ocbuyback.com/sell/cell-phone/apple/iphone-16
iPhone 16_512GB_AT&T_Good ,325.0,https://www.ocbuyback.com/sell/cell-phone/apple/iphone-16
iPhone 16_512GB_AT&T_Fair,265.0,https://www.ocbuyback.com/sell/cell-phone/apple/iphone-16
iPhone 16_512GB_AT&T_Minor Damage,210.0,https://www.ocbuyback.com/sell/cell-phone/apple/iphone-16
iPhone 16_512GB_AT&T_Broken,30.0,https://www.ocbuyback.com/sell/cell-phone/apple/iphone-16
iPhone 16_512GB_T-Mobile_Brand New,385.0,https://www.ocbuyback.com/sell/cell-phone/apple/iphone-16
iPhone 16_512GB_T-Mobile_Flawless,335.0,https://www.ocbuyback.com/sell/cell-phone/apple/iphone-16
iPhone 16_512GB_T-Mobile_Good ,300.0,https://www.ocbuyback.com/sell/cell-phone/apple/iphone-16
iPhone 16_512GB_T-Mobile_Fair,240.0,https://www.ocbuyback.com/sell/cell-phone/apple/iphone-16
iPhone 16_512GB_T-Mobile_Minor Damage,185.0,https://www.ocbuyback.com/sell/cell-phone/apple/iphone-16
iPhone 16_512GB_T-Mobile_Broken,30.0,https://www.ocbuyback.com/sell/cell-phone/apple/iphone-16
iPhone 16_512GB_Verizon_Brand New,410.0,https://www.ocbuyback.com/sell/cell-phone/apple/iphone-16
iPhone 16_512GB_Verizon_Flawless,360.0,https://www.ocbuyback.com/sell/cell-phone/apple/iphone-16
iPhone 16_512GB_Verizon_Good ,325.0,https://www.ocbuyback.com/sell/cell-phone/apple/iphone-16
iPhone 16_512GB_Verizon_Fair,265.0,https://www.ocbuyback.com/sell/cell-phone/apple/iphone-16
iPhone 16_512GB_Verizon_Minor Damage,210.0,https://www.ocbuyback.com/sell/cell-phone/apple/iphone-16
iPhone 16_512GB_Verizon_Broken,30.0,https://www.ocbuyback.com/sell/cell-phone/apple/iphone-16
iPhone 16_512GB_Other_Brand New,335.0,https://www.ocbuyback.com/sell/cell-phone/apple/iphone-16
iPhone 16_512GB_Other_Flawless,285.0,https://www.ocbuyback.com/sell/cell-phone/apple/iphone-16
iPhone 16_512GB_Other_Good ,230.0,https://www.ocbuyback.com/sell/cell-phone/apple/iphone-16
iPhone 16_512GB_Other_Fair,160.0,https://www.ocbuyback.com/sell/cell-phone/apple/iphone-16
iPhone 16_512GB_Other_Minor Damage,135.0,https://www.ocbuyback.com/sell/cell-phone/apple/iphone-16
iPhone 16_512GB_Other_Broken,30.0,https://www.ocbuyback.com/sell/cell-phone/apple/iphone-16
iPhone 16_512GB_Unlocked_Brand New,510.0,https://www.ocbuyback.com/sell/cell-phone/apple/iphone-16
iPhone 16_512GB_Unlocked_Flawless,460.0,https://www.ocbuyback.com/sell/cell-phone/apple/iphone-16
iPhone 16_512GB_Unlocked_Good ,425.0,https://www.ocbuyback.com/sell/cell-phone/apple/iphone-16
iPhone 16_512GB_Unlocked_Fair,365.0,https://www.ocbuyback.com/sell/cell-phone/apple/iphone-16
iPhone 16_512GB_Unlocked_Minor Damage,260.0,https://www.ocbuyback.com/sell/cell-phone/apple/iphone-16
iPhone 16_512GB_Unlocked_Broken,30.0,https://www.ocbuyback.com/sell/cell-phone/apple/iphone-16
iPhone 16 Plus_128GB_T-Mobile_Brand New,360.0,https://www.ocbuyback.com/sell/cell-phone/apple/iphone-16-plus
iPhone 16 Plus_128GB_T-Mobile_Flawless,310.0,https://www.ocbuyback.com/sell/cell-phone/apple/iphone-16-plus
iPhone 16 Plus_128GB_T-Mobile_Good ,280.0,https://www.ocbuyback.com/sell/cell-phone/apple/iphone-16-plus
iPhone 16 Plus_128GB_T-Mobile_Fair,210.0,https://www.ocbuyback.com/sell/cell-phone/apple/iphone-16-plus
iPhone 16 Plus_128GB_T-Mobile_Minor Damage,165.0,https://www.ocbuyback.com/sell/cell-phone/apple/iphone-16-plus
iPhone 16 Plus_128GB_T-Mobile_Broken,40.0,https://www.ocbuyback.com/sell/cell-phone/apple/iphone-16-plus
iPhone 16 Plus_128GB_Verizon_Brand New,410.0,https://www.ocbuyback.com/sell/cell-phone/apple/iphone-16-plus
iPhone 16 Plus_128GB_Verizon_Flawless,360.0,https://www.ocbuyback.com/sell/cell-phone/apple/iphone-16-plus
iPhone 16 Plus_128GB_Verizon_Good ,330.0,https://www.ocbuyback.com/sell/cell-phone/apple/iphone-16-plus
iPhone 16 Plus_128GB_Verizon_Fair,260.0,https://www.ocbuyback.com/sell/cell-phone/apple/iphone-16-plus
iPhone 16 Plus_128GB_Verizon_Minor Damage,190.0,https://www.ocbuyback.com/sell/cell-phone/apple/iphone-16-plus
iPhone 16 Plus_128GB_Verizon_Broken,30.0,https://www.ocbuyback.com/sell/cell-phone/apple/iphone-16-plus
iPhone 16 Plus_128GB_Other_Brand New,235.0,https://www.ocbuyback.com/sell/cell-phone/apple/iphone-16-plus
iPhone 16 Plus_128GB_Other_Flawless,185.0,https://www.ocbuyback.com/sell/cell-phone/apple/iphone-16-plus
iPhone 16 Plus_128GB_Other_Good ,155.0,https://www.ocbuyback.com/sell/cell-phone/apple/iphone-16-plus
iPhone 16 Plus_128GB_Other_Fair,90.0,https://www.ocbuyback.com/sell/cell-phone/apple/iphone-16-plus
iPhone 16 Plus_128GB_Other_Minor Damage,45.0,https://www.ocbuyback.com/sell/cell-phone/apple/iphone-16-plus
iPhone 16 Plus_128GB_Other_Broken,30.0,https://www.ocbuyback.com/sell/cell-phone/apple/iphone-16-plus
iPhone 16 Plus_128GB_Unlocked_Brand New,510.0,https://www.ocbuyback.com/sell/cell-phone/apple/iphone-16-plus
iPhone 16 Plus_128GB_Unlocked_Flawless,460.0,https://www.ocbuyback.com/sell/cell-phone/apple/iphone-16-plus
iPhone 16 Plus_128GB_Unlocked_Good ,430.0,https://www.ocbuyback.com/sell/cell-phone/apple/iphone-16-plus
iPhone 16 Plus_128GB_Unlocked_Fair,360.0,https://www.ocbuyback.com/sell/cell-phone/apple/iphone-16-plus
iPhone 16 Plus_128GB_Unlocked_Minor Damage,240.0,https://www.ocbuyback.com/sell/cell-phone/apple/iphone-16-plus
iPhone 16 Plus_128GB_Unlocked_Broken,30.0,https://www.ocbuyback.com/sell/cell-phone/apple/iphone-16-plus
iPhone 16 Plus_256GB_AT&T_Brand New,400.0,https://www.ocbuyback.com/sell/cell-phone/apple/iphone-16-plus
iPhone 16 Plus_256GB_AT&T_Flawless,350.0,https://www.ocbuyback.com/sell/cell-phone/apple/iphone-16-plus
iPhone 16 Plus_256GB_AT&T_Good ,320.0,https://www.ocbuyback.com/sell/cell-phone/apple/iphone-16-plus
iPhone 16 Plus_256GB_AT&T_Fair,250.0,https://www.ocbuyback.com/sell/cell-phone/apple/iphone-16-plus
iPhone 16 Plus_256GB_AT&T_Minor Damage,230.0,https://www.ocbuyback.com/sell/cell-phone/apple/iphone-16-plus
iPhone 16 Plus_256GB_AT&T_Broken,30.0,https://www.ocbuyback.com/sell/cell-phone/apple/iphone-16-plus
iPhone 16 Plus_256GB_T-Mobile_Brand New,400.0,https://www.ocbuyback.com/sell/cell-phone/apple/iphone-16-plus
iPhone 16 Plus_256GB_T-Mobile_Flawless,350.0,https://www.ocbuyback.com/sell/cell-phone/apple/iphone-16-plus
iPhone 16 Plus_256GB_T-Mobile_Good ,320.0,https://www.ocbuyback.com/sell/cell-phone/apple/iphone-16-plus
iPhone 16 Plus_256GB_T-Mobile_Fair,250.0,https://www.ocbuyback.com/sell/cell-phone/apple/iphone-16-plus
iPhone 16 Plus_256GB_T-Mobile_Minor Damage,205.0,https://www.ocbuyback.com/sell/cell-phone/apple/iphone-16-plus
iPhone 16 Plus_256GB_T-Mobile_Broken,30.0,https://www.ocbuyback.com/sell/cell-phone/apple/iphone-16-plus
iPhone 16 Plus_256GB_Verizon_Brand New,450.0,https://www.ocbuyback.com/sell/cell-phone/apple/iphone-16-plus
iPhone 16 Plus_256GB_Verizon_Flawless,400.0,https://www.ocbuyback.com/sell/cell-phone/apple/iphone-16-plus
iPhone 16 Plus_256GB_Verizon_Good ,370.0,https://www.ocbuyback.com/sell/cell-phone/apple/iphone-16-plus
iPhone 16 Plus_256GB_Verizon_Fair,300.0,https://www.ocbuyback.com/sell/cell-phone/apple/iphone-16-plus
iPhone 16 Plus_256GB_Verizon_Minor Damage,230.0,https://www.ocbuyback.com/sell/cell-phone/apple/iphone-16-plus
iPhone 16 Plus_256GB_Verizon_Broken,30.0,https://www.ocbuyback.com/sell/cell-phone/apple/iphone-16-plus
iPhone 16 Plus_256GB_Other_Brand New,275.0,https://www.ocbuyback.com/sell/cell-phone/apple/iphone-16-plus
iPhone 16 Plus_256GB_Other_Flawless,225.0,https://www.ocbuyback.com/sell/cell-phone/apple/iphone-16-plus
iPhone 16 Plus_256GB_Other_Good ,195.0,https://www.ocbuyback.com/sell/cell-phone/apple/iphone-16-plus
iPhone 16 Plus_256GB_Other_Fair,125.0,https://www.ocbuyback.com/sell/cell-phone/apple/iphone-16-plus
iPhone 16 Plus_256GB_Other_Minor Damage,80.0,https://www.ocbuyback.com/sell/cell-phone/apple/iphone-16-plus
iPhone 16 Plus_256GB_Other_Broken,30.0,https://www.ocbuyback.com/sell/cell-phone/apple/iphone-16-plus
iPhone 16 Plus_256GB_Unlocked_Brand New,550.0,https://www.ocbuyback.com/sell/cell-phone/apple/iphone-16-plus
iPhone 16 Plus_256GB_Unlocked_Flawless,500.0,https://www.ocbuyback.com/sell/cell-phone/apple/iphone-16-plus
iPhone 16 Plus_256GB_Unlocked_Good ,470.0,https://www.ocbuyback.com/sell/cell-phone/apple/iphone-16-plus
iPhone 16 Plus_256GB_Unlocked_Fair,400.0,https://www.ocbuyback.com/sell/cell-phone/apple/iphone-16-plus
iPhone 16 Plus_256GB_Unlocked_Minor Damage,280.0,https://www.ocbuyback.com/sell/cell-phone/apple/iphone-16-plus
iPhone 16 Plus_256GB_Unlocked_Broken,30.0,https://www.ocbuyback.com/sell/cell-phone/apple/iphone-16-plus
iPhone 16 Plus_512GB_AT&T_Brand New,435.0,https://www.ocbuyback.com/sell/cell-phone/apple/iphone-16-plus
iPhone 16 Plus_512GB_AT&T_Flawless,385.0,https://www.ocbuyback.com/sell/cell-phone/apple/iphone-16-plus
iPhone 16 Plus_512GB_AT&T_Good ,355.0,https://www.ocbuyback.com/sell/cell-phone/apple/iphone-16-plus
iPhone 16 Plus_512GB_AT&T_Fair,285.0,https://www.ocbuyback.com/sell/cell-phone/apple/iphone-16-plus
iPhone 16 Plus_512GB_AT&T_Minor Damage,270.0,https://www.ocbuyback.com/sell/cell-phone/apple/iphone-16-plus
iPhone 16 Plus_512GB_AT&T_Broken,30.0,https://www.ocbuyback.com/sell/cell-phone/apple/iphone-16-plus
iPhone 16 Plus_512GB_T-Mobile_Brand New,435.0,https://www.ocbuyback.com/sell/cell-phone/apple/iphone-16-plus
iPhone 16 Plus_512GB_T-Mobile_Flawless,385.0,https://www.ocbuyback.com/sell/cell-phone/apple/iphone-16-plus
iPhone 16 Plus_512GB_T-Mobile_Good ,355.0,https://www.ocbuyback.com/sell/cell-phone/apple/iphone-16-plus
iPhone 16 Plus_512GB_T-Mobile_Fair,285.0,https://www.ocbuyback.com/sell/cell-phone/apple/iphone-16-plus
iPhone 16 Plus_512GB_T-Mobile_Minor Damage,245.0,https://www.ocbuyback.com/sell/cell-phone/apple/iphone-16-plus
iPhone 16 Plus_512GB_T-Mobile_Broken,30.0,https://www.ocbuyback.com/sell/cell-phone/apple/iphone-16-plus
iPhone 16 Plus_512GB_Verizon_Brand New,485.0,https://www.ocbuyback.com/sell/cell-phone/apple/iphone-16-plus
iPhone 16 Plus_512GB_Verizon_Flawless,435.0,https://www.ocbuyback.com/sell/cell-phone/apple/iphone-16-plus
iPhone 16 Plus_512GB_Verizon_Good ,405.0,https://www.ocbuyback.com/sell/cell-phone/apple/iphone-16-plus
iPhone 16 Plus_512GB_Verizon_Fair,335.0,https://www.ocbuyback.com/sell/cell-phone/apple/iphone-16-plus
iPhone 16 Plus_512GB_Verizon_Minor Damage,270.0,https://www.ocbuyback.com/sell/cell-phone/apple/iphone-16-plus
iPhone 16 Plus_512GB_Verizon_Broken,30.0,https://www.ocbuyback.com/sell/cell-phone/apple/iphone-16-plus
iPhone 16 Plus_512GB_Other_Brand New,310.0,https://www.ocbuyback.com/sell/cell-phone/apple/iphone-16-plus
iPhone 16 Plus_512GB_Other_Flawless,260.0,https://www.ocbuyback.com/sell/cell-phone/apple/iphone-16-plus
iPhone 16 Plus_512GB_Other_Good ,230.0,https://www.ocbuyback.com/sell/cell-phone/apple/iphone-16-plus
iPhone 16 Plus_512GB_Other_Fair,160.0,https://www.ocbuyback.com/sell/cell-phone/apple/iphone-16-plus
iPhone 16 Plus_512GB_Other_Minor Damage,120.0,https://www.ocbuyback.com/sell/cell-phone/apple/iphone-16-plus
iPhone 16 Plus_512GB_Other_Broken,30.0,https://www.ocbuyback.com/sell/cell-phone/apple/iphone-16-plus
iPhone 16 Plus_512GB_Unlocked_Brand New,585.0,https://www.ocbuyback.com/sell/cell-phone/apple/iphone-16-plus
iPhone 16 Plus_512GB_Unlocked_Flawless,535.0,https://www.ocbuyback.com/sell/cell-phone/apple/iphone-16-plus
iPhone 16 Plus_512GB_Unlocked_Good ,505.0,https://www.ocbuyback.com/sell/cell-phone/apple/iphone-16-plus
iPhone 16 Plus_512GB_Unlocked_Fair,435.0,https://www.ocbuyback.com/sell/cell-phone/apple/iphone-16-plus
iPhone 16 Plus_512GB_Unlocked_Minor Damage,320.0,https://www.ocbuyback.com/sell/cell-phone/apple/iphone-16-plus
iPhone 16 Plus_512GB_Unlocked_Broken,30.0,https://www.ocbuyback.com/sell/cell-phone/apple/iphone-16-plus
iPhone 16 Plus_128GB_AT&T_Brand New,340.0,https://www.ocbuyback.com/sell/cell-phone/apple/iphone-16-plus
iPhone 16 Plus_128GB_AT&T_Flawless,290.0,https://www.ocbuyback.com/sell/cell-phone/apple/iphone-16-plus
iPhone 16 Plus_128GB_AT&T_Good ,260.0,https://www.ocbuyback.com/sell/cell-phone/apple/iphone-16-plus
iPhone 16 Plus_128GB_AT&T_Fair,190.0,https://www.ocbuyback.com/sell/cell-phone/apple/iphone-16-plus
iPhone 16 Plus_128GB_AT&T_Minor Damage,170.0,https://www.ocbuyback.com/sell/cell-phone/apple/iphone-16-plus
iPhone 16 Plus_128GB_AT&T_Broken,40.0,https://www.ocbuyback.com/sell/cell-phone/apple/iphone-16-plus
iPhone 16 Pro_128GB_T-Mobile_Brand New,435.0,https://www.ocbuyback.com/sell/cell-phone/apple/iphone-16-pro
iPhone 16 Pro_128GB_T-Mobile_Flawless,385.0,https://www.ocbuyback.com/sell/cell-phone/apple/iphone-16-pro
iPhone 16 Pro_128GB_T-Mobile_Good ,345.0,https://www.ocbuyback.com/sell/cell-phone/apple/iphone-16-pro
iPhone 16 Pro_128GB_T-Mobile_Fair,290.0,https://www.ocbuyback.com/sell/cell-phone/apple/iphone-16-pro
iPhone 16 Pro_128GB_T-Mobile_Minor Damage,180.0,https://www.ocbuyback.com/sell/cell-phone/apple/iphone-16-pro
iPhone 16 Pro_128GB_T-Mobile_Broken,40.0,https://www.ocbuyback.com/sell/cell-phone/apple/iphone-16-pro
iPhone 16 Pro_128GB_Verizon_Brand New,260.0,https://www.ocbuyback.com/sell/cell-phone/apple/iphone-16-pro
iPhone 16 Pro_128GB_Verizon_Flawless,210.0,https://www.ocbuyback.com/sell/cell-phone/apple/iphone-16-pro
iPhone 16 Pro_128GB_Verizon_Good ,170.0,https://www.ocbuyback.com/sell/cell-phone/apple/iphone-16-pro
iPhone 16 Pro_128GB_Verizon_Fair,115.0,https://www.ocbuyback.com/sell/cell-phone/apple/iphone-16-pro
iPhone 16 Pro_128GB_Verizon_Minor Damage,105.0,https://www.ocbuyback.com/sell/cell-phone/apple/iphone-16-pro
iPhone 16 Pro_128GB_Verizon_Broken,40.0,https://www.ocbuyback.com/sell/cell-phone/apple/iphone-16-pro
iPhone 16 Pro_128GB_Other_Brand New,265.0,https://www.ocbuyback.com/sell/cell-phone/apple/iphone-16-pro
iPhone 16 Pro_128GB_Other_Flawless,215.0,https://www.ocbuyback.com/sell/cell-phone/apple/iphone-16-pro
iPhone 16 Pro_128GB_Other_Good ,160.0,https://www.ocbuyback.com/sell/cell-phone/apple/iphone-16-pro
iPhone 16 Pro_128GB_Other_Fair,125.0,https://www.ocbuyback.com/sell/cell-phone/apple/iphone-16-pro
iPhone 16 Pro_128GB_Other_Minor Damage,100.0,https://www.ocbuyback.com/sell/cell-phone/apple/iphone-16-pro
iPhone 16 Pro_128GB_Other_Broken,40.0,https://www.ocbuyback.com/sell/cell-phone/apple/iphone-16-pro
iPhone 16 Pro_128GB_Unlocked_Brand New,510.0,https://www.ocbuyback.com/sell/cell-phone/apple/iphone-16-pro
iPhone 16 Pro_128GB_Unlocked_Flawless,460.0,https://www.ocbuyback.com/sell/cell-phone/apple/iphone-16-pro
iPhone 16 Pro_128GB_Unlocked_Good ,420.0,https://www.ocbuyback.com/sell/cell-phone/apple/iphone-16-pro
iPhone 16 Pro_128GB_Unlocked_Fair,365.0,https://www.ocbuyback.com/sell/cell-phone/apple/iphone-16-pro
iPhone 16 Pro_128GB_Unlocked_Minor Damage,275.0,https://www.ocbuyback.com/sell/cell-phone/apple/iphone-16-pro
iPhone 16 Pro_128GB_Unlocked_Broken,40.0,https://www.ocbuyback.com/sell/cell-phone/apple/iphone-16-pro
iPhone 16 Pro_256GB_AT&T_Brand New,460.0,https://www.ocbuyback.com/sell/cell-phone/apple/iphone-16-pro
iPhone 16 Pro_256GB_AT&T_Flawless,410.0,https://www.ocbuyback.com/sell/cell-phone/apple/iphone-16-pro
iPhone 16 Pro_256GB_AT&T_Good ,385.0,https://www.ocbuyback.com/sell/cell-phone/apple/iphone-16-pro
iPhone 16 Pro_256GB_AT&T_Fair,330.0,https://www.ocbuyback.com/sell/cell-phone/apple/iphone-16-pro
iPhone 16 Pro_256GB_AT&T_Minor Damage,235.0,https://www.ocbuyback.com/sell/cell-phone/apple/iphone-16-pro
iPhone 16 Pro_256GB_AT&T_Broken,40.0,https://www.ocbuyback.com/sell/cell-phone/apple/iphone-16-pro
iPhone 16 Pro_256GB_T-Mobile_Brand New,495.0,https://www.ocbuyback.com/sell/cell-phone/apple/iphone-16-pro
iPhone 16 Pro_256GB_T-Mobile_Flawless,445.0,https://www.ocbuyback.com/sell/cell-phone/apple/iphone-16-pro
iPhone 16 Pro_256GB_T-Mobile_Good ,415.0,https://www.ocbuyback.com/sell/cell-phone/apple/iphone-16-pro
iPhone 16 Pro_256GB_T-Mobile_Fair,340.0,https://www.ocbuyback.com/sell/cell-phone/apple/iphone-16-pro
iPhone 16 Pro_256GB_T-Mobile_Minor Damage,210.0,https://www.ocbuyback.com/sell/cell-phone/apple/iphone-16-pro
iPhone 16 Pro_256GB_T-Mobile_Broken,40.0,https://www.ocbuyback.com/sell/cell-phone/apple/iphone-16-pro
iPhone 16 Pro_256GB_Verizon_Brand New,310.0,https://www.ocbuyback.com/sell/cell-phone/apple/iphone-16-pro
iPhone 16 Pro_256GB_Verizon_Flawless,260.0,https://www.ocbuyback.com/sell/cell-phone/apple/iphone-16-pro
iPhone 16 Pro_256GB_Verizon_Good ,230.0,https://www.ocbuyback.com/sell/cell-phone/apple/iphone-16-pro
iPhone 16 Pro_256GB_Verizon_Fair,175.0,https://www.ocbuyback.com/sell/cell-phone/apple/iphone-16-pro
iPhone 16 Pro_256GB_Verizon_Minor Damage,165.0,https://www.ocbuyback.com/sell/cell-phone/apple/iphone-16-pro
iPhone 16 Pro_256GB_Verizon_Broken,40.0,https://www.ocbuyback.com/sell/cell-phone/apple/iphone-16-pro
iPhone 16 Pro_256GB_Other_Brand New,315.0,https://www.ocbuyback.com/sell/cell-phone/apple/iphone-16-pro
iPhone 16 Pro_256GB_Other_Flawless,265.0,https://www.ocbuyback.com/sell/cell-phone/apple/iphone-16-pro
iPhone 16 Pro_256GB_Other_Good ,220.0,https://www.ocbuyback.com/sell/cell-phone/apple/iphone-16-pro
iPhone 16 Pro_256GB_Other_Fair,135.0,https://www.ocbuyback.com/sell/cell-phone/apple/iphone-16-pro
iPhone 16 Pro_256GB_Other_Minor Damage,85.0,https://www.ocbuyback.com/sell/cell-phone/apple/iphone-16-pro
iPhone 16 Pro_256GB_Other_Broken,40.0,https://www.ocbuyback.com/sell/cell-phone/apple/iphone-16-pro
iPhone 16 Pro_256GB_Unlocked_Brand New,560.0,https://www.ocbuyback.com/sell/cell-phone/apple/iphone-16-pro
iPhone 16 Pro_256GB_Unlocked_Flawless,510.0,https://www.ocbuyback.com/sell/cell-phone/apple/iphone-16-pro
iPhone 16 Pro_256GB_Unlocked_Good ,480.0,https://www.ocbuyback.com/sell/cell-phone/apple/iphone-16-pro
iPhone 16 Pro_256GB_Unlocked_Fair,415.0,https://www.ocbuyback.com/sell/cell-phone/apple/iphone-16-pro
iPhone 16 Pro_256GB_Unlocked_Minor Damage,285.0,https://www.ocbuyback.com/sell/cell-phone/apple/iphone-16-pro
iPhone 16 Pro_256GB_Unlocked_Broken,40.0,https://www.ocbuyback.com/sell/cell-phone/apple/iphone-16-pro
iPhone 16 Pro_512GB_AT&T_Brand New,500.0,https://www.ocbuyback.com/sell/cell-phone/apple/iphone-16-pro
iPhone 16 Pro_512GB_AT&T_Flawless,450.0,https://www.ocbuyback.com/sell/cell-phone/apple/iphone-16-pro
iPhone 16 Pro_512GB_AT&T_Good ,425.0,https://www.ocbuyback.com/sell/cell-phone/apple/iphone-16-pro
iPhone 16 Pro_512GB_AT&T_Fair,370.0,https://www.ocbuyback.com/sell/cell-phone/apple/iphone-16-pro
iPhone 16 Pro_512GB_AT&T_Minor Damage,275.0,https://www.ocbuyback.com/sell/cell-phone/apple/iphone-16-pro
iPhone 16 Pro_512GB_AT&T_Broken,40.0,https://www.ocbuyback.com/sell/cell-phone/apple/iphone-16-pro
iPhone 16 Pro_512GB_T-Mobile_Brand New,525.0,https://www.ocbuyback.com/sell/cell-phone/apple/iphone-16-pro
iPhone 16 Pro_512GB_T-Mobile_Flawless,475.0,https://www.ocbuyback.com/sell/cell-phone/apple/iphone-16-pro
iPhone 16 Pro_512GB_T-Mobile_Good ,445.0,https://www.ocbuyback.com/sell/cell-phone/apple/iphone-16-pro
iPhone 16 Pro_512GB_T-Mobile_Fair,395.0,https://www.ocbuyback.com/sell/cell-phone/apple/iphone-16-pro
iPhone 16 Pro_512GB_T-Mobile_Minor Damage,250.0,https://www.ocbuyback.com/sell/cell-phone/apple/iphone-16-pro
iPhone 16 Pro_512GB_T-Mobile_Broken,40.0,https://www.ocbuyback.com/sell/cell-phone/apple/iphone-16-pro
iPhone 16 Pro_512GB_Verizon_Brand New,350.0,https://www.ocbuyback.com/sell/cell-phone/apple/iphone-16-pro
iPhone 16 Pro_512GB_Verizon_Flawless,300.0,https://www.ocbuyback.com/sell/cell-phone/apple/iphone-16-pro
iPhone 16 Pro_512GB_Verizon_Good ,270.0,https://www.ocbuyback.com/sell/cell-phone/apple/iphone-16-pro
iPhone 16 Pro_512GB_Verizon_Fair,220.0,https://www.ocbuyback.com/sell/cell-phone/apple/iphone-16-pro
iPhone 16 Pro_512GB_Verizon_Minor Damage,205.0,https://www.ocbuyback.com/sell/cell-phone/apple/iphone-16-pro
iPhone 16 Pro_512GB_Verizon_Broken,40.0,https://www.ocbuyback.com/sell/cell-phone/apple/iphone-16-pro
iPhone 16 Pro_512GB_Other_Brand New,300.0,https://www.ocbuyback.com/sell/cell-phone/apple/iphone-16-pro
iPhone 16 Pro_512GB_Other_Flawless,250.0,https://www.ocbuyback.com/sell/cell-phone/apple/iphone-16-pro
iPhone 16 Pro_512GB_Other_Good ,165.0,https://www.ocbuyback.com/sell/cell-phone/apple/iphone-16-pro
iPhone 16 Pro_512GB_Other_Fair,155.0,https://www.ocbuyback.com/sell/cell-phone/apple/iphone-16-pro
iPhone 16 Pro_512GB_Other_Minor Damage,125.0,https://www.ocbuyback.com/sell/cell-phone/apple/iphone-16-pro
iPhone 16 Pro_512GB_Other_Broken,40.0,https://www.ocbuyback.com/sell/cell-phone/apple/iphone-16-pro
iPhone 16 Pro_512GB_Unlocked_Brand New,600.0,https://www.ocbuyback.com/sell/cell-phone/apple/iphone-16-pro
iPhone 16 Pro_512GB_Unlocked_Flawless,550.0,https://www.ocbuyback.com/sell/cell-phone/apple/iphone-16-pro
iPhone 16 Pro_512GB_Unlocked_Good ,520.0,https://www.ocbuyback.com/sell/cell-phone/apple/iphone-16-pro
iPhone 16 Pro_512GB_Unlocked_Fair,470.0,https://www.ocbuyback.com/sell/cell-phone/apple/iphone-16-pro
iPhone 16 Pro_512GB_Unlocked_Minor Damage,325.0,https://www.ocbuyback.com/sell/cell-phone/apple/iphone-16-pro
iPhone 16 Pro_512GB_Unlocked_Broken,40.0,https://www.ocbuyback.com/sell/cell-phone/apple/iphone-16-pro
iPhone 16 Pro_1TB_AT&T_Brand New,560.0,https://www.ocbuyback.com/sell/cell-phone/apple/iphone-16-pro
iPhone 16 Pro_1TB_AT&T_Flawless,510.0,https://www.ocbuyback.com/sell/cell-phone/apple/iphone-16-pro
iPhone 16 Pro_1TB_AT&T_Good ,485.0,https://www.ocbuyback.com/sell/cell-phone/apple/iphone-16-pro
iPhone 16 Pro_1TB_AT&T_Fair,430.0,https://www.ocbuyback.com/sell/cell-phone/apple/iphone-16-pro
iPhone 16 Pro_1TB_AT&T_Minor Damage,300.0,https://www.ocbuyback.com/sell/cell-phone/apple/iphone-16-pro
iPhone 16 Pro_1TB_AT&T_Broken,40.0,https://www.ocbuyback.com/sell/cell-phone/apple/iphone-16-pro
iPhone 16 Pro_1TB_T-Mobile_Brand New,585.0,https://www.ocbuyback.com/sell/cell-phone/apple/iphone-16-pro
iPhone 16 Pro_1TB_T-Mobile_Flawless,535.0,https://www.ocbuyback.com/sell/cell-phone/apple/iphone-16-pro
iPhone 16 Pro_1TB_T-Mobile_Good ,505.0,https://www.ocbuyback.com/sell/cell-phone/apple/iphone-16-pro
iPhone 16 Pro_1TB_T-Mobile_Fair,455.0,https://www.ocbuyback.com/sell/cell-phone/apple/iphone-16-pro
iPhone 16 Pro_1TB_T-Mobile_Minor Damage,275.0,https://www.ocbuyback.com/sell/cell-phone/apple/iphone-16-pro
iPhone 16 Pro_1TB_T-Mobile_Broken,40.0,https://www.ocbuyback.com/sell/cell-phone/apple/iphone-16-pro
iPhone 16 Pro_1TB_Verizon_Brand New,410.0,https://www.ocbuyback.com/sell/cell-phone/apple/iphone-16-pro
iPhone 16 Pro_1TB_Verizon_Flawless,360.0,https://www.ocbuyback.com/sell/cell-phone/apple/iphone-16-pro
iPhone 16 Pro_1TB_Verizon_Good ,330.0,https://www.ocbuyback.com/sell/cell-phone/apple/iphone-16-pro
iPhone 16 Pro_1TB_Verizon_Fair,280.0,https://www.ocbuyback.com/sell/cell-phone/apple/iphone-16-pro
iPhone 16 Pro_1TB_Verizon_Minor Damage,230.0,https://www.ocbuyback.com/sell/cell-phone/apple/iphone-16-pro
iPhone 16 Pro_1TB_Verizon_Broken,40.0,https://www.ocbuyback.com/sell/cell-phone/apple/iphone-16-pro
iPhone 16 Pro_1TB_Other_Brand New,330.0,https://www.ocbuyback.com/sell/cell-phone/apple/iphone-16-pro
iPhone 16 Pro_1TB_Other_Flawless,280.0,https://www.ocbuyback.com/sell/cell-phone/apple/iphone-16-pro
iPhone 16 Pro_1TB_Other_Good ,250.0,https://www.ocbuyback.com/sell/cell-phone/apple/iphone-16-pro
iPhone 16 Pro_1TB_Other_Fair,130.0,https://www.ocbuyback.com/sell/cell-phone/apple/iphone-16-pro
iPhone 16 Pro_1TB_Other_Minor Damage,110.0,https://www.ocbuyback.com/sell/cell-phone/apple/iphone-16-pro
iPhone 16 Pro_1TB_Other_Broken,40.0,https://www.ocbuyback.com/sell/cell-phone/apple/iphone-16-pro
iPhone 16 Pro_1TB_Unlocked_Brand New,660.0,https://www.ocbuyback.com/sell/cell-phone/apple/iphone-16-pro
iPhone 16 Pro_1TB_Unlocked_Flawless,610.0,https://www.ocbuyback.com/sell/cell-phone/apple/iphone-16-pro
iPhone 16 Pro_1TB_Unlocked_Good ,580.0,https://www.ocbuyback.com/sell/cell-phone/apple/iphone-16-pro
iPhone 16 Pro_1TB_Unlocked_Fair,530.0,https://www.ocbuyback.com/sell/cell-phone/apple/iphone-16-pro
iPhone 16 Pro_1TB_Unlocked_Minor Damage,350.0,https://www.ocbuyback.com/sell/cell-phone/apple/iphone-16-pro
iPhone 16 Pro_1TB_Unlocked_Broken,40.0,https://www.ocbuyback.com/sell/cell-phone/apple/iphone-16-pro
iPhone 16 Pro Max_256GB_AT&T_Brand New,530.0,https://www.ocbuyback.com/sell/cell-phone/apple/iphone-16-pro-max
iPhone 16 Pro Max_256GB_AT&T_Flawless,480.0,https://www.ocbuyback.com/sell/cell-phone/apple/iphone-16-pro-max
iPhone 16 Pro Max_256GB_AT&T_Good ,440.0,https://www.ocbuyback.com/sell/cell-phone/apple/iphone-16-pro-max
iPhone 16 Pro Max_256GB_AT&T_Fair,350.0,https://www.ocbuyback.com/sell/cell-phone/apple/iphone-16-pro-max
iPhone 16 Pro Max_256GB_AT&T_Minor Damage,230.0,https://www.ocbuyback.com/sell/cell-phone/apple/iphone-16-pro-max
iPhone 16 Pro Max_256GB_AT&T_Broken,40.0,https://www.ocbuyback.com/sell/cell-phone/apple/iphone-16-pro-max
iPhone 16 Pro Max_256GB_T-Mobile_Brand New,545.0,https://www.ocbuyback.com/sell/cell-phone/apple/iphone-16-pro-max
iPhone 16 Pro Max_256GB_T-Mobile_Flawless,495.0,https://www.ocbuyback.com/sell/cell-phone/apple/iphone-16-pro-max
iPhone 16 Pro Max_256GB_T-Mobile_Good ,455.0,https://www.ocbuyback.com/sell/cell-phone/apple/iphone-16-pro-max
iPhone 16 Pro Max_256GB_T-Mobile_Fair,365.0,https://www.ocbuyback.com/sell/cell-phone/apple/iphone-16-pro-max
iPhone 16 Pro Max_256GB_T-Mobile_Minor Damage,205.0,https://www.ocbuyback.com/sell/cell-phone/apple/iphone-16-pro-max
iPhone 16 Pro Max_256GB_T-Mobile_Broken,40.0,https://www.ocbuyback.com/sell/cell-phone/apple/iphone-16-pro-max
iPhone 16 Pro Max_256GB_Verizon_Brand New,450.0,https://www.ocbuyback.com/sell/cell-phone/apple/iphone-16-pro-max
iPhone 16 Pro Max_256GB_Verizon_Flawless,400.0,https://www.ocbuyback.com/sell/cell-phone/apple/iphone-16-pro-max
iPhone 16 Pro Max_256GB_Verizon_Good ,360.0,https://www.ocbuyback.com/sell/cell-phone/apple/iphone-16-pro-max
iPhone 16 Pro Max_256GB_Verizon_Fair,270.0,https://www.ocbuyback.com/sell/cell-phone/apple/iphone-16-pro-max
iPhone 16 Pro Max_256GB_Verizon_Minor Damage,230.0,https://www.ocbuyback.com/sell/cell-phone/apple/iphone-16-pro-max
iPhone 16 Pro Max_256GB_Verizon_Broken,40.0,https://www.ocbuyback.com/sell/cell-phone/apple/iphone-16-pro-max
iPhone 16 Pro Max_256GB_Other_Brand New,360.0,https://www.ocbuyback.com/sell/cell-phone/apple/iphone-16-pro-max
iPhone 16 Pro Max_256GB_Other_Flawless,310.0,https://www.ocbuyback.com/sell/cell-phone/apple/iphone-16-pro-max
iPhone 16 Pro Max_256GB_Other_Good ,245.0,https://www.ocbuyback.com/sell/cell-phone/apple/iphone-16-pro-max
iPhone 16 Pro Max_256GB_Other_Fair,190.0,https://www.ocbuyback.com/sell/cell-phone/apple/iphone-16-pro-max
iPhone 16 Pro Max_256GB_Other_Minor Damage,105.0,https://www.ocbuyback.com/sell/cell-phone/apple/iphone-16-pro-max
iPhone 16 Pro Max_256GB_Other_Broken,40.0,https://www.ocbuyback.com/sell/cell-phone/apple/iphone-16-pro-max
iPhone 16 Pro Max_256GB_Unlocked_Brand New,650.0,https://www.ocbuyback.com/sell/cell-phone/apple/iphone-16-pro-max
iPhone 16 Pro Max_256GB_Unlocked_Flawless,600.0,https://www.ocbuyback.com/sell/cell-phone/apple/iphone-16-pro-max
iPhone 16 Pro Max_256GB_Unlocked_Good ,560.0,https://www.ocbuyback.com/sell/cell-phone/apple/iphone-16-pro-max
iPhone 16 Pro Max_256GB_Unlocked_Fair,470.0,https://www.ocbuyback.com/sell/cell-phone/apple/iphone-16-pro-max
iPhone 16 Pro Max_256GB_Unlocked_Minor Damage,280.0,https://www.ocbuyback.com/sell/cell-phone/apple/iphone-16-pro-max
iPhone 16 Pro Max_256GB_Unlocked_Broken,40.0,https://www.ocbuyback.com/sell/cell-phone/apple/iphone-16-pro-max
iPhone 16 Pro Max_512GB_AT&T_Brand New,590.0,https://www.ocbuyback.com/sell/cell-phone/apple/iphone-16-pro-max
iPhone 16 Pro Max_512GB_AT&T_Flawless,540.0,https://www.ocbuyback.com/sell/cell-phone/apple/iphone-16-pro-max
iPhone 16 Pro Max_512GB_AT&T_Good ,500.0,https://www.ocbuyback.com/sell/cell-phone/apple/iphone-16-pro-max
iPhone 16 Pro Max_512GB_AT&T_Fair,440.0,https://www.ocbuyback.com/sell/cell-phone/apple/iphone-16-pro-max
iPhone 16 Pro Max_512GB_AT&T_Minor Damage,255.0,https://www.ocbuyback.com/sell/cell-phone/apple/iphone-16-pro-max
iPhone 16 Pro Max_512GB_AT&T_Broken,40.0,https://www.ocbuyback.com/sell/cell-phone/apple/iphone-16-pro-max
iPhone 16 Pro Max_512GB_T-Mobile_Brand New,605.0,https://www.ocbuyback.com/sell/cell-phone/apple/iphone-16-pro-max
iPhone 16 Pro Max_512GB_T-Mobile_Flawless,555.0,https://www.ocbuyback.com/sell/cell-phone/apple/iphone-16-pro-max
iPhone 16 Pro Max_512GB_T-Mobile_Good ,515.0,https://www.ocbuyback.com/sell/cell-phone/apple/iphone-16-pro-max
iPhone 16 Pro Max_512GB_T-Mobile_Fair,455.0,https://www.ocbuyback.com/sell/cell-phone/apple/iphone-16-pro-max
iPhone 16 Pro Max_512GB_T-Mobile_Minor Damage,230.0,https://www.ocbuyback.com/sell/cell-phone/apple/iphone-16-pro-max
iPhone 16 Pro Max_512GB_T-Mobile_Broken,40.0,https://www.ocbuyback.com/sell/cell-phone/apple/iphone-16-pro-max
iPhone 16 Pro Max_512GB_Verizon_Brand New,510.0,https://www.ocbuyback.com/sell/cell-phone/apple/iphone-16-pro-max
iPhone 16 Pro Max_512GB_Verizon_Flawless,460.0,https://www.ocbuyback.com/sell/cell-phone/apple/iphone-16-pro-max
iPhone 16 Pro Max_512GB_Verizon_Good ,420.0,https://www.ocbuyback.com/sell/cell-phone/apple/iphone-16-pro-max
iPhone 16 Pro Max_512GB_Verizon_Fair,360.0,https://www.ocbuyback.com/sell/cell-phone/apple/iphone-16-pro-max
iPhone 16 Pro Max_512GB_Verizon_Minor Damage,255.0,https://www.ocbuyback.com/sell/cell-phone/apple/iphone-16-pro-max
iPhone 16 Pro Max_512GB_Verizon_Broken,40.0,https://www.ocbuyback.com/sell/cell-phone/apple/iphone-16-pro-max
iPhone 16 Pro Max_512GB_Other_Brand New,370.0,https://www.ocbuyback.com/sell/cell-phone/apple/iphone-16-pro-max
iPhone 16 Pro Max_512GB_Other_Flawless,320.0,https://www.ocbuyback.com/sell/cell-phone/apple/iphone-16-pro-max
iPhone 16 Pro Max_512GB_Other_Good ,255.0,https://www.ocbuyback.com/sell/cell-phone/apple/iphone-16-pro-max
iPhone 16 Pro Max_512GB_Other_Fair,170.0,https://www.ocbuyback.com/sell/cell-phone/apple/iphone-16-pro-max
iPhone 16 Pro Max_512GB_Other_Minor Damage,60.0,https://www.ocbuyback.com/sell/cell-phone/apple/iphone-16-pro-max
iPhone 16 Pro Max_512GB_Other_Broken,40.0,https://www.ocbuyback.com/sell/cell-phone/apple/iphone-16-pro-max
iPhone 16 Pro Max_512GB_Unlocked_Brand New,710.0,https://www.ocbuyback.com/sell/cell-phone/apple/iphone-16-pro-max
iPhone 16 Pro Max_512GB_Unlocked_Flawless,660.0,https://www.ocbuyback.com/sell/cell-phone/apple/iphone-16-pro-max
iPhone 16 Pro Max_512GB_Unlocked_Good ,610.0,https://www.ocbuyback.com/sell/cell-phone/apple/iphone-16-pro-max
iPhone 16 Pro Max_512GB_Unlocked_Fair,560.0,https://www.ocbuyback.com/sell/cell-phone/apple/iphone-16-pro-max
iPhone 16 Pro Max_512GB_Unlocked_Minor Damage,305.0,https://www.ocbuyback.com/sell/cell-phone/apple/iphone-16-pro-max
iPhone 16 Pro Max_512GB_Unlocked_Broken,40.0,https://www.ocbuyback.com/sell/cell-phone/apple/iphone-16-pro-max
iPhone 16 Pro Max_1TB_AT&T_Brand New,680.0,https://www.ocbuyback.com/sell/cell-phone/apple/iphone-16-pro-max
iPhone 16 Pro Max_1TB_AT&T_Flawless,630.0,https://www.ocbuyback.com/sell/cell-phone/apple/iphone-16-pro-max
iPhone 16 Pro Max_1TB_AT&T_Good ,590.0,https://www.ocbuyback.com/sell/cell-phone/apple/iphone-16-pro-max
iPhone 16 Pro Max_1TB_AT&T_Fair,520.0,https://www.ocbuyback.com/sell/cell-phone/apple/iphone-16-pro-max
iPhone 16 Pro Max_1TB_AT&T_Minor Damage,305.0,https://www.ocbuyback.com/sell/cell-phone/apple/iphone-16-pro-max
iPhone 16 Pro Max_1TB_AT&T_Broken,40.0,https://www.ocbuyback.com/sell/cell-phone/apple/iphone-16-pro-max
iPhone 16 Pro Max_1TB_T-Mobile_Brand New,695.0,https://www.ocbuyback.com/sell/cell-phone/apple/iphone-16-pro-max
iPhone 16 Pro Max_1TB_T-Mobile_Flawless,645.0,https://www.ocbuyback.com/sell/cell-phone/apple/iphone-16-pro-max
iPhone 16 Pro Max_1TB_T-Mobile_Good ,605.0,https://www.ocbuyback.com/sell/cell-phone/apple/iphone-16-pro-max
iPhone 16 Pro Max_1TB_T-Mobile_Fair,535.0,https://www.ocbuyback.com/sell/cell-phone/apple/iphone-16-pro-max
iPhone 16 Pro Max_1TB_T-Mobile_Minor Damage,280.0,https://www.ocbuyback.com/sell/cell-phone/apple/iphone-16-pro-max
iPhone 16 Pro Max_1TB_T-Mobile_Broken,40.0,https://www.ocbuyback.com/sell/cell-phone/apple/iphone-16-pro-max
iPhone 16 Pro Max_1TB_Verizon_Brand New,600.0,https://www.ocbuyback.com/sell/cell-phone/apple/iphone-16-pro-max
iPhone 16 Pro Max_1TB_Verizon_Flawless,550.0,https://www.ocbuyback.com/sell/cell-phone/apple/iphone-16-pro-max
iPhone 16 Pro Max_1TB_Verizon_Good ,510.0,https://www.ocbuyback.com/sell/cell-phone/apple/iphone-16-pro-max
iPhone 16 Pro Max_1TB_Verizon_Fair,440.0,https://www.ocbuyback.com/sell/cell-phone/apple/iphone-16-pro-max
iPhone 16 Pro Max_1TB_Verizon_Minor Damage,305.0,https://www.ocbuyback.com/sell/cell-phone/apple/iphone-16-pro-max
iPhone 16 Pro Max_1TB_Verizon_Broken,40.0,https://www.ocbuyback.com/sell/cell-phone/apple/iphone-16-pro-max
iPhone 16 Pro Max_1TB_Other_Brand New,425.0,https://www.ocbuyback.com/sell/cell-phone/apple/iphone-16-pro-max
iPhone 16 Pro Max_1TB_Other_Flawless,365.0,https://www.ocbuyback.com/sell/cell-phone/apple/iphone-16-pro-max
iPhone 16 Pro Max_1TB_Other_Good ,280.0,https://www.ocbuyback.com/sell/cell-phone/apple/iphone-16-pro-max
iPhone 16 Pro Max_1TB_Other_Fair,175.0,https://www.ocbuyback.com/sell/cell-phone/apple/iphone-16-pro-max
iPhone 16 Pro Max_1TB_Other_Minor Damage,105.0,https://www.ocbuyback.com/sell/cell-phone/apple/iphone-16-pro-max
iPhone 16 Pro Max_1TB_Other_Broken,40.0,https://www.ocbuyback.com/sell/cell-phone/apple/iphone-16-pro-max
iPhone 16 Pro Max_1TB_Unlocked_Brand New,800.0,https://www.ocbuyback.com/sell/cell-phone/apple/iphone-16-pro-max
iPhone 16 Pro Max_1TB_Unlocked_Flawless,750.0,https://www.ocbuyback.com/sell/cell-phone/apple/iphone-16-pro-max
iPhone 16 Pro Max_1TB_Unlocked_Good ,710.0,https://www.ocbuyback.com/sell/cell-phone/apple/iphone-16-pro-max
iPhone 16 Pro Max_1TB_Unlocked_Fair,660.0,https://www.ocbuyback.com/sell/cell-phone/apple/iphone-16-pro-max
iPhone 16 Pro Max_1TB_Unlocked_Minor Damage,355.0,https://www.ocbuyback.com/sell/cell-phone/apple/iphone-16-pro-max
iPhone 16 Pro Max_1TB_Unlocked_Broken,40.0,https://www.ocbuyback.com/sell/cell-phone/apple/iphone-16-pro-max
iPhone 16e_128GB_AT&T_Brand New,220.0,https://www.ocbuyback.com/sell/cell-phone/apple/iphone-16e
iPhone 16e_128GB_AT&T_Flawless,170.0,https://www.ocbuyback.com/sell/cell-phone/apple/iphone-16e
iPhone 16e_128GB_AT&T_Good ,130.0,https://www.ocbuyback.com/sell/cell-phone/apple/iphone-16e
iPhone 16e_128GB_AT&T_Fair,85.0,https://www.ocbuyback.com/sell/cell-phone/apple/iphone-16e
iPhone 16e_128GB_AT&T_Minor Damage,25.0,https://www.ocbuyback.com/sell/cell-phone/apple/iphone-16e
iPhone 16e_128GB_AT&T_Broken,20.0,https://www.ocbuyback.com/sell/cell-phone/apple/iphone-16e
iPhone 16e_128GB_T-Mobile_Brand New,195.0,https://www.ocbuyback.com/sell/cell-phone/apple/iphone-16e
iPhone 16e_128GB_T-Mobile_Flawless,145.0,https://www.ocbuyback.com/sell/cell-phone/apple/iphone-16e
iPhone 16e_128GB_T-Mobile_Good ,105.0,https://www.ocbuyback.com/sell/cell-phone/apple/iphone-16e
iPhone 16e_128GB_T-Mobile_Fair,80.0,https://www.ocbuyback.com/sell/cell-phone/apple/iphone-16e
iPhone 16e_128GB_T-Mobile_Minor Damage,25.0,https://www.ocbuyback.com/sell/cell-phone/apple/iphone-16e
iPhone 16e_128GB_T-Mobile_Broken,20.0,https://www.ocbuyback.com/sell/cell-phone/apple/iphone-16e
iPhone 16e_128GB_Verizon_Brand New,220.0,https://www.ocbuyback.com/sell/cell-phone/apple/iphone-16e
iPhone 16e_128GB_Verizon_Flawless,170.0,https://www.ocbuyback.com/sell/cell-phone/apple/iphone-16e
iPhone 16e_128GB_Verizon_Good ,130.0,https://www.ocbuyback.com/sell/cell-phone/apple/iphone-16e
iPhone 16e_128GB_Verizon_Fair,85.0,https://www.ocbuyback.com/sell/cell-phone/apple/iphone-16e
iPhone 16e_128GB_Verizon_Minor Damage,25.0,https://www.ocbuyback.com/sell/cell-phone/apple/iphone-16e
iPhone 16e_128GB_Verizon_Broken,20.0,https://www.ocbuyback.com/sell/cell-phone/apple/iphone-16e
iPhone 16e_128GB_Unlocked_Brand New,320.0,https://www.ocbuyback.com/sell/cell-phone/apple/iphone-16e
iPhone 16e_128GB_Unlocked_Flawless,270.0,https://www.ocbuyback.com/sell/cell-phone/apple/iphone-16e
iPhone 16e_128GB_Unlocked_Good ,230.0,https://www.ocbuyback.com/sell/cell-phone/apple/iphone-16e
iPhone 16e_128GB_Unlocked_Fair,185.0,https://www.ocbuyback.com/sell/cell-phone/apple/iphone-16e
iPhone 16e_128GB_Unlocked_Minor Damage,35.0,https://www.ocbuyback.com/sell/cell-phone/apple/iphone-16e
iPhone 16e_128GB_Unlocked_Broken,20.0,https://www.ocbuyback.com/sell/cell-phone/apple/iphone-16e
iPhone 16e_256GB_AT&T_Brand New,290.0,https://www.ocbuyback.com/sell/cell-phone/apple/iphone-16e
iPhone 16e_256GB_AT&T_Flawless,240.0,https://www.ocbuyback.com/sell/cell-phone/apple/iphone-16e
iPhone 16e_256GB_AT&T_Good ,200.0,https://www.ocbuyback.com/sell/cell-phone/apple/iphone-16e
iPhone 16e_256GB_AT&T_Fair,155.0,https://www.ocbuyback.com/sell/cell-phone/apple/iphone-16e
iPhone 16e_256GB_AT&T_Minor Damage,25.0,https://www.ocbuyback.com/sell/cell-phone/apple/iphone-16e
iPhone 16e_256GB_AT&T_Broken,20.0,https://www.ocbuyback.com/sell/cell-phone/apple/iphone-16e
iPhone 16e_256GB_T-Mobile_Brand New,265.0,https://www.ocbuyback.com/sell/cell-phone/apple/iphone-16e
iPhone 16e_256GB_T-Mobile_Flawless,215.0,https://www.ocbuyback.com/sell/cell-phone/apple/iphone-16e
iPhone 16e_256GB_T-Mobile_Good ,175.0,https://www.ocbuyback.com/sell/cell-phone/apple/iphone-16e
iPhone 16e_256GB_T-Mobile_Fair,130.0,https://www.ocbuyback.com/sell/cell-phone/apple/iphone-16e
iPhone 16e_256GB_T-Mobile_Minor Damage,25.0,https://www.ocbuyback.com/sell/cell-phone/apple/iphone-16e
iPhone 16e_256GB_T-Mobile_Broken,20.0,https://www.ocbuyback.com/sell/cell-phone/apple/iphone-16e
iPhone 16e_256GB_Verizon_Brand New,290.0,https://www.ocbuyback.com/sell/cell-phone/apple/iphone-16e
iPhone 16e_256GB_Verizon_Flawless,240.0,https://www.ocbuyback.com/sell/cell-phone/apple/iphone-16e
iPhone 16e_256GB_Verizon_Good ,200.0,https://www.ocbuyback.com/sell/cell-phone/apple/iphone-16e
iPhone 16e_256GB_Verizon_Fair,155.0,https://www.ocbuyback.com/sell/cell-phone/apple/iphone-16e
iPhone 16e_256GB_Verizon_Minor Damage,25.0,https://www.ocbuyback.com/sell/cell-phone/apple/iphone-16e
iPhone 16e_256GB_Verizon_Broken,20.0,https://www.ocbuyback.com/sell/cell-phone/apple/iphone-16e
iPhone 16e_256GB_Unlocked_Brand New,390.0,https://www.ocbuyback.com/sell/cell-phone/apple/iphone-16e
iPhone 16e_256GB_Unlocked_Flawless,340.0,https://www.ocbuyback.com/sell/cell-phone/apple/iphone-16e
iPhone 16e_256GB_Unlocked_Good ,300.0,https://www.ocbuyback.com/sell/cell-phone/apple/iphone-16e
iPhone 16e_256GB_Unlocked_Fair,255.0,https://www.ocbuyback.com/sell/cell-phone/apple/iphone-16e
iPhone 16e_256GB_Unlocked_Minor Damage,75.0,https://www.ocbuyback.com/sell/cell-phone/apple/iphone-16e
iPhone 16e_256GB_Unlocked_Broken,20.0,https://www.ocbuyback.com/sell/cell-phone/apple/iphone-16e
iPhone 16e_512GB_AT&T_Brand New,340.0,https://www.ocbuyback.com/sell/cell-phone/apple/iphone-16e
iPhone 16e_512GB_AT&T_Flawless,290.0,https://www.ocbuyback.com/sell/cell-phone/apple/iphone-16e
iPhone 16e_512GB_AT&T_Good ,250.0,https://www.ocbuyback.com/sell/cell-phone/apple/iphone-16e
iPhone 16e_512GB_AT&T_Fair,205.0,https://www.ocbuyback.com/sell/cell-phone/apple/iphone-16e
iPhone 16e_512GB_AT&T_Minor Damage,65.0,https://www.ocbuyback.com/sell/cell-phone/apple/iphone-16e
iPhone 16e_512GB_AT&T_Broken,20.0,https://www.ocbuyback.com/sell/cell-phone/apple/iphone-16e
iPhone 16e_512GB_T-Mobile_Brand New,315.0,https://www.ocbuyback.com/sell/cell-phone/apple/iphone-16e
iPhone 16e_512GB_T-Mobile_Flawless,265.0,https://www.ocbuyback.com/sell/cell-phone/apple/iphone-16e
iPhone 16e_512GB_T-Mobile_Good ,225.0,https://www.ocbuyback.com/sell/cell-phone/apple/iphone-16e
iPhone 16e_512GB_T-Mobile_Fair,180.0,https://www.ocbuyback.com/sell/cell-phone/apple/iphone-16e
iPhone 16e_512GB_T-Mobile_Minor Damage,40.0,https://www.ocbuyback.com/sell/cell-phone/apple/iphone-16e
iPhone 16e_512GB_T-Mobile_Broken,20.0,https://www.ocbuyback.com/sell/cell-phone/apple/iphone-16e
iPhone 16e_512GB_Verizon_Brand New,340.0,https://www.ocbuyback.com/sell/cell-phone/apple/iphone-16e
iPhone 16e_512GB_Verizon_Flawless,290.0,https://www.ocbuyback.com/sell/cell-phone/apple/iphone-16e
iPhone 16e_512GB_Verizon_Good ,250.0,https://www.ocbuyback.com/sell/cell-phone/apple/iphone-16e
iPhone 16e_512GB_Verizon_Fair,205.0,https://www.ocbuyback.com/sell/cell-phone/apple/iphone-16e
iPhone 16e_512GB_Verizon_Minor Damage,65.0,https://www.ocbuyback.com/sell/cell-phone/apple/iphone-16e
iPhone 16e_512GB_Verizon_Broken,20.0,https://www.ocbuyback.com/sell/cell-phone/apple/iphone-16e
iPhone 16e_512GB_Unlocked_Brand New,440.0,https://www.ocbuyback.com/sell/cell-phone/apple/iphone-16e
iPhone 16e_512GB_Unlocked_Flawless,390.0,https://www.ocbuyback.com/sell/cell-phone/apple/iphone-16e
iPhone 16e_512GB_Unlocked_Good ,350.0,https://www.ocbuyback.com/sell/cell-phone/apple/iphone-16e
iPhone 16e_512GB_Unlocked_Fair,305.0,https://www.ocbuyback.com/sell/cell-phone/apple/iphone-16e
iPhone 16e_512GB_Unlocked_Minor Damage,115.0,https://www.ocbuyback.com/sell/cell-phone/apple/iphone-16e
iPhone 16e_512GB_Unlocked_Broken,20.0,https://www.ocbuyback.com/sell/cell-phone/apple/iphone-16e
iPhone 17e_256GB_T-Mobile_Brand New,295.0,https://www.ocbuyback.com/sell/cell-phone/apple/iphone-17e
iPhone 17e_256GB_T-Mobile_Flawless,245.0,https://www.ocbuyback.com/sell/cell-phone/apple/iphone-17e
iPhone 17e_256GB_T-Mobile_Good ,190.0,https://www.ocbuyback.com/sell/cell-phone/apple/iphone-17e
iPhone 17e_256GB_T-Mobile_Fair,125.0,https://www.ocbuyback.com/sell/cell-phone/apple/iphone-17e
iPhone 17e_256GB_T-Mobile_Minor Damage,70.0,https://www.ocbuyback.com/sell/cell-phone/apple/iphone-17e
iPhone 17e_256GB_T-Mobile_Broken,10.0,https://www.ocbuyback.com/sell/cell-phone/apple/iphone-17e
iPhone 17e_256GB_Verizon_Brand New,310.0,https://www.ocbuyback.com/sell/cell-phone/apple/iphone-17e
iPhone 17e_256GB_Verizon_Flawless,260.0,https://www.ocbuyback.com/sell/cell-phone/apple/iphone-17e
iPhone 17e_256GB_Verizon_Good ,215.0,https://www.ocbuyback.com/sell/cell-phone/apple/iphone-17e
iPhone 17e_256GB_Verizon_Fair,150.0,https://www.ocbuyback.com/sell/cell-phone/apple/iphone-17e
iPhone 17e_256GB_Verizon_Minor Damage,55.0,https://www.ocbuyback.com/sell/cell-phone/apple/iphone-17e
iPhone 17e_256GB_Verizon_Broken,10.0,https://www.ocbuyback.com/sell/cell-phone/apple/iphone-17e
iPhone 17e_256GB_Other_Brand New,260.0,https://www.ocbuyback.com/sell/cell-phone/apple/iphone-17e
iPhone 17e_256GB_Other_Flawless,210.0,https://www.ocbuyback.com/sell/cell-phone/apple/iphone-17e
iPhone 17e_256GB_Other_Good ,165.0,https://www.ocbuyback.com/sell/cell-phone/apple/iphone-17e
iPhone 17e_256GB_Other_Fair,100.0,https://www.ocbuyback.com/sell/cell-phone/apple/iphone-17e
iPhone 17e_256GB_Other_Minor Damage,55.0,https://www.ocbuyback.com/sell/cell-phone/apple/iphone-17e
iPhone 17e_256GB_Other_Broken,10.0,https://www.ocbuyback.com/sell/cell-phone/apple/iphone-17e
iPhone 17e_256GB_Unlocked_Brand New,410.0,https://www.ocbuyback.com/sell/cell-phone/apple/iphone-17e
iPhone 17e_256GB_Unlocked_Flawless,360.0,https://www.ocbuyback.com/sell/cell-phone/apple/iphone-17e
iPhone 17e_256GB_Unlocked_Good ,325.0,https://www.ocbuyback.com/sell/cell-phone/apple/iphone-17e
iPhone 17e_256GB_Unlocked_Fair,250.0,https://www.ocbuyback.com/sell/cell-phone/apple/iphone-17e
iPhone 17e_256GB_Unlocked_Minor Damage,100.0,https://www.ocbuyback.com/sell/cell-phone/apple/iphone-17e
iPhone 17e_256GB_Unlocked_Broken,10.0,https://www.ocbuyback.com/sell/cell-phone/apple/iphone-17e
iPhone 17e_512GB_AT&T_Brand New,360.0,https://www.ocbuyback.com/sell/cell-phone/apple/iphone-17e
iPhone 17e_512GB_AT&T_Flawless,310.0,https://www.ocbuyback.com/sell/cell-phone/apple/iphone-17e
iPhone 17e_512GB_AT&T_Good ,265.0,https://www.ocbuyback.com/sell/cell-phone/apple/iphone-17e
iPhone 17e_512GB_AT&T_Fair,200.0,https://www.ocbuyback.com/sell/cell-phone/apple/iphone-17e
iPhone 17e_512GB_AT&T_Minor Damage,90.0,https://www.ocbuyback.com/sell/cell-phone/apple/iphone-17e
iPhone 17e_512GB_AT&T_Broken,10.0,https://www.ocbuyback.com/sell/cell-phone/apple/iphone-17e
iPhone 17e_512GB_T-Mobile_Brand New,335.0,https://www.ocbuyback.com/sell/cell-phone/apple/iphone-17e
iPhone 17e_512GB_T-Mobile_Flawless,285.0,https://www.ocbuyback.com/sell/cell-phone/apple/iphone-17e
iPhone 17e_512GB_T-Mobile_Good ,240.0,https://www.ocbuyback.com/sell/cell-phone/apple/iphone-17e
iPhone 17e_512GB_T-Mobile_Fair,175.0,https://www.ocbuyback.com/sell/cell-phone/apple/iphone-17e
iPhone 17e_512GB_T-Mobile_Minor Damage,95.0,https://www.ocbuyback.com/sell/cell-phone/apple/iphone-17e
iPhone 17e_512GB_T-Mobile_Broken,10.0,https://www.ocbuyback.com/sell/cell-phone/apple/iphone-17e
iPhone 17e_512GB_Verizon_Brand New,360.0,https://www.ocbuyback.com/sell/cell-phone/apple/iphone-17e
iPhone 17e_512GB_Verizon_Flawless,310.0,https://www.ocbuyback.com/sell/cell-phone/apple/iphone-17e
iPhone 17e_512GB_Verizon_Good ,265.0,https://www.ocbuyback.com/sell/cell-phone/apple/iphone-17e
iPhone 17e_512GB_Verizon_Fair,200.0,https://www.ocbuyback.com/sell/cell-phone/apple/iphone-17e
iPhone 17e_512GB_Verizon_Minor Damage,70.0,https://www.ocbuyback.com/sell/cell-phone/apple/iphone-17e
iPhone 17e_512GB_Verizon_Broken,10.0,https://www.ocbuyback.com/sell/cell-phone/apple/iphone-17e
iPhone 17e_512GB_Other_Brand New,310.0,https://www.ocbuyback.com/sell/cell-phone/apple/iphone-17e
iPhone 17e_512GB_Other_Flawless,260.0,https://www.ocbuyback.com/sell/cell-phone/apple/iphone-17e
iPhone 17e_512GB_Other_Good ,225.0,https://www.ocbuyback.com/sell/cell-phone/apple/iphone-17e
iPhone 17e_512GB_Other_Fair,150.0,https://www.ocbuyback.com/sell/cell-phone/apple/iphone-17e
iPhone 17e_512GB_Other_Minor Damage,70.0,https://www.ocbuyback.com/sell/cell-phone/apple/iphone-17e
iPhone 17e_512GB_Other_Broken,10.0,https://www.ocbuyback.com/sell/cell-phone/apple/iphone-17e
iPhone 17e_512GB_Unlocked_Brand New,460.0,https://www.ocbuyback.com/sell/cell-phone/apple/iphone-17e
iPhone 17e_512GB_Unlocked_Flawless,410.0,https://www.ocbuyback.com/sell/cell-phone/apple/iphone-17e
iPhone 17e_512GB_Unlocked_Good ,365.0,https://www.ocbuyback.com/sell/cell-phone/apple/iphone-17e
iPhone 17e_512GB_Unlocked_Fair,300.0,https://www.ocbuyback.com/sell/cell-phone/apple/iphone-17e
iPhone 17e_512GB_Unlocked_Minor Damage,120.0,https://www.ocbuyback.com/sell/cell-phone/apple/iphone-17e
iPhone 17e_512GB_Unlocked_Broken,10.0,https://www.ocbuyback.com/sell/cell-phone/apple/iphone-17e
iPhone 17_256GB_AT&T_Brand New,525.0,https://www.ocbuyback.com/sell/cell-phone/apple/iphone-17
iPhone 17_256GB_AT&T_Flawless,475.0,https://www.ocbuyback.com/sell/cell-phone/apple/iphone-17
iPhone 17_256GB_AT&T_Good ,420.0,https://www.ocbuyback.com/sell/cell-phone/apple/iphone-17
iPhone 17_256GB_AT&T_Fair,340.0,https://www.ocbuyback.com/sell/cell-phone/apple/iphone-17
iPhone 17_256GB_AT&T_Minor Damage,210.0,https://www.ocbuyback.com/sell/cell-phone/apple/iphone-17
iPhone 17_256GB_AT&T_Broken,30.0,https://www.ocbuyback.com/sell/cell-phone/apple/iphone-17
iPhone 17_256GB_T-Mobile_Brand New,500.0,https://www.ocbuyback.com/sell/cell-phone/apple/iphone-17
iPhone 17_256GB_T-Mobile_Flawless,450.0,https://www.ocbuyback.com/sell/cell-phone/apple/iphone-17
iPhone 17_256GB_T-Mobile_Good ,395.0,https://www.ocbuyback.com/sell/cell-phone/apple/iphone-17
iPhone 17_256GB_T-Mobile_Fair,315.0,https://www.ocbuyback.com/sell/cell-phone/apple/iphone-17
iPhone 17_256GB_T-Mobile_Minor Damage,185.0,https://www.ocbuyback.com/sell/cell-phone/apple/iphone-17
iPhone 17_256GB_T-Mobile_Broken,30.0,https://www.ocbuyback.com/sell/cell-phone/apple/iphone-17
iPhone 17_256GB_Verizon_Brand New,525.0,https://www.ocbuyback.com/sell/cell-phone/apple/iphone-17
iPhone 17_256GB_Verizon_Flawless,475.0,https://www.ocbuyback.com/sell/cell-phone/apple/iphone-17
iPhone 17_256GB_Verizon_Good ,420.0,https://www.ocbuyback.com/sell/cell-phone/apple/iphone-17
iPhone 17_256GB_Verizon_Fair,340.0,https://www.ocbuyback.com/sell/cell-phone/apple/iphone-17
iPhone 17_256GB_Verizon_Minor Damage,210.0,https://www.ocbuyback.com/sell/cell-phone/apple/iphone-17
iPhone 17_256GB_Verizon_Broken,30.0,https://www.ocbuyback.com/sell/cell-phone/apple/iphone-17
iPhone 17_256GB_Other_Brand New,275.0,https://www.ocbuyback.com/sell/cell-phone/apple/iphone-17
iPhone 17_256GB_Other_Flawless,225.0,https://www.ocbuyback.com/sell/cell-phone/apple/iphone-17
iPhone 17_256GB_Other_Good ,170.0,https://www.ocbuyback.com/sell/cell-phone/apple/iphone-17
iPhone 17_256GB_Other_Fair,160.0,https://www.ocbuyback.com/sell/cell-phone/apple/iphone-17
iPhone 17_256GB_Other_Minor Damage,90.0,https://www.ocbuyback.com/sell/cell-phone/apple/iphone-17
iPhone 17_256GB_Other_Broken,30.0,https://www.ocbuyback.com/sell/cell-phone/apple/iphone-17
iPhone 17_256GB_Unlocked_Brand New,625.0,https://www.ocbuyback.com/sell/cell-phone/apple/iphone-17
iPhone 17_256GB_Unlocked_Flawless,575.0,https://www.ocbuyback.com/sell/cell-phone/apple/iphone-17
iPhone 17_256GB_Unlocked_Good ,520.0,https://www.ocbuyback.com/sell/cell-phone/apple/iphone-17
iPhone 17_256GB_Unlocked_Fair,440.0,https://www.ocbuyback.com/sell/cell-phone/apple/iphone-17
iPhone 17_256GB_Unlocked_Minor Damage,260.0,https://www.ocbuyback.com/sell/cell-phone/apple/iphone-17
iPhone 17_256GB_Unlocked_Broken,30.0,https://www.ocbuyback.com/sell/cell-phone/apple/iphone-17
iPhone 17_512GB_AT&T_Brand New,625.0,https://www.ocbuyback.com/sell/cell-phone/apple/iphone-17
iPhone 17_512GB_AT&T_Flawless,575.0,https://www.ocbuyback.com/sell/cell-phone/apple/iphone-17
iPhone 17_512GB_AT&T_Good ,520.0,https://www.ocbuyback.com/sell/cell-phone/apple/iphone-17
iPhone 17_512GB_AT&T_Fair,440.0,https://www.ocbuyback.com/sell/cell-phone/apple/iphone-17
iPhone 17_512GB_AT&T_Minor Damage,290.0,https://www.ocbuyback.com/sell/cell-phone/apple/iphone-17
iPhone 17_512GB_AT&T_Broken,30.0,https://www.ocbuyback.com/sell/cell-phone/apple/iphone-17
iPhone 17_512GB_T-Mobile_Brand New,600.0,https://www.ocbuyback.com/sell/cell-phone/apple/iphone-17
iPhone 17_512GB_T-Mobile_Flawless,550.0,https://www.ocbuyback.com/sell/cell-phone/apple/iphone-17
iPhone 17_512GB_T-Mobile_Good ,495.0,https://www.ocbuyback.com/sell/cell-phone/apple/iphone-17
iPhone 17_512GB_T-Mobile_Fair,415.0,https://www.ocbuyback.com/sell/cell-phone/apple/iphone-17
iPhone 17_512GB_T-Mobile_Minor Damage,265.0,https://www.ocbuyback.com/sell/cell-phone/apple/iphone-17
iPhone 17_512GB_T-Mobile_Broken,30.0,https://www.ocbuyback.com/sell/cell-phone/apple/iphone-17
iPhone 17_512GB_Verizon_Brand New,625.0,https://www.ocbuyback.com/sell/cell-phone/apple/iphone-17
iPhone 17_512GB_Verizon_Flawless,575.0,https://www.ocbuyback.com/sell/cell-phone/apple/iphone-17
iPhone 17_512GB_Verizon_Good ,520.0,https://www.ocbuyback.com/sell/cell-phone/apple/iphone-17
iPhone 17_512GB_Verizon_Fair,440.0,https://www.ocbuyback.com/sell/cell-phone/apple/iphone-17
iPhone 17_512GB_Verizon_Minor Damage,290.0,https://www.ocbuyback.com/sell/cell-phone/apple/iphone-17
iPhone 17_512GB_Verizon_Broken,30.0,https://www.ocbuyback.com/sell/cell-phone/apple/iphone-17
iPhone 17_512GB_Other_Brand New,375.0,https://www.ocbuyback.com/sell/cell-phone/apple/iphone-17
iPhone 17_512GB_Other_Flawless,325.0,https://www.ocbuyback.com/sell/cell-phone/apple/iphone-17
iPhone 17_512GB_Other_Good ,270.0,https://www.ocbuyback.com/sell/cell-phone/apple/iphone-17
iPhone 17_512GB_Other_Fair,240.0,https://www.ocbuyback.com/sell/cell-phone/apple/iphone-17
iPhone 17_512GB_Other_Minor Damage,190.0,https://www.ocbuyback.com/sell/cell-phone/apple/iphone-17
iPhone 17_512GB_Other_Broken,30.0,https://www.ocbuyback.com/sell/cell-phone/apple/iphone-17
iPhone 17_512GB_Unlocked_Brand New,725.0,https://www.ocbuyback.com/sell/cell-phone/apple/iphone-17
iPhone 17_512GB_Unlocked_Flawless,675.0,https://www.ocbuyback.com/sell/cell-phone/apple/iphone-17
iPhone 17_512GB_Unlocked_Good ,620.0,https://www.ocbuyback.com/sell/cell-phone/apple/iphone-17
iPhone 17_512GB_Unlocked_Fair,540.0,https://www.ocbuyback.com/sell/cell-phone/apple/iphone-17
iPhone 17_512GB_Unlocked_Minor Damage,340.0,https://www.ocbuyback.com/sell/cell-phone/apple/iphone-17
iPhone 17_512GB_Unlocked_Broken,30.0,https://www.ocbuyback.com/sell/cell-phone/apple/iphone-17
iPhone 17 Pro_256GB_AT&T_Brand New,695.0,https://www.ocbuyback.com/sell/cell-phone/apple/iphone-17-pro
iPhone 17 Pro_256GB_AT&T_Flawless,645.0,https://www.ocbuyback.com/sell/cell-phone/apple/iphone-17-pro
iPhone 17 Pro_256GB_AT&T_Good ,565.0,https://www.ocbuyback.com/sell/cell-phone/apple/iphone-17-pro
iPhone 17 Pro_256GB_AT&T_Fair,425.0,https://www.ocbuyback.com/sell/cell-phone/apple/iphone-17-pro
iPhone 17 Pro_256GB_AT&T_Minor Damage,250.0,https://www.ocbuyback.com/sell/cell-phone/apple/iphone-17-pro
iPhone 17 Pro_256GB_AT&T_Broken,40.0,https://www.ocbuyback.com/sell/cell-phone/apple/iphone-17-pro
iPhone 17 Pro_256GB_T-Mobile_Brand New,770.0,https://www.ocbuyback.com/sell/cell-phone/apple/iphone-17-pro
iPhone 17 Pro_256GB_T-Mobile_Flawless,720.0,https://www.ocbuyback.com/sell/cell-phone/apple/iphone-17-pro
iPhone 17 Pro_256GB_T-Mobile_Good ,640.0,https://www.ocbuyback.com/sell/cell-phone/apple/iphone-17-pro
iPhone 17 Pro_256GB_T-Mobile_Fair,500.0,https://www.ocbuyback.com/sell/cell-phone/apple/iphone-17-pro
iPhone 17 Pro_256GB_T-Mobile_Minor Damage,225.0,https://www.ocbuyback.com/sell/cell-phone/apple/iphone-17-pro
iPhone 17 Pro_256GB_T-Mobile_Broken,40.0,https://www.ocbuyback.com/sell/cell-phone/apple/iphone-17-pro
iPhone 17 Pro_256GB_Verizon_Brand New,595.0,https://www.ocbuyback.com/sell/cell-phone/apple/iphone-17-pro
iPhone 17 Pro_256GB_Verizon_Flawless,545.0,https://www.ocbuyback.com/sell/cell-phone/apple/iphone-17-pro
iPhone 17 Pro_256GB_Verizon_Good ,465.0,https://www.ocbuyback.com/sell/cell-phone/apple/iphone-17-pro
iPhone 17 Pro_256GB_Verizon_Fair,325.0,https://www.ocbuyback.com/sell/cell-phone/apple/iphone-17-pro
iPhone 17 Pro_256GB_Verizon_Minor Damage,200.0,https://www.ocbuyback.com/sell/cell-phone/apple/iphone-17-pro
iPhone 17 Pro_256GB_Verizon_Broken,40.0,https://www.ocbuyback.com/sell/cell-phone/apple/iphone-17-pro
iPhone 17 Pro_256GB_Other_Brand New,395.0,https://www.ocbuyback.com/sell/cell-phone/apple/iphone-17-pro
iPhone 17 Pro_256GB_Other_Flawless,345.0,https://www.ocbuyback.com/sell/cell-phone/apple/iphone-17-pro
iPhone 17 Pro_256GB_Other_Good ,265.0,https://www.ocbuyback.com/sell/cell-phone/apple/iphone-17-pro
iPhone 17 Pro_256GB_Other_Fair,125.0,https://www.ocbuyback.com/sell/cell-phone/apple/iphone-17-pro
iPhone 17 Pro_256GB_Other_Minor Damage,100.0,https://www.ocbuyback.com/sell/cell-phone/apple/iphone-17-pro
iPhone 17 Pro_256GB_Other_Broken,40.0,https://www.ocbuyback.com/sell/cell-phone/apple/iphone-17-pro
iPhone 17 Pro_256GB_Unlocked_Brand New,845.0,https://www.ocbuyback.com/sell/cell-phone/apple/iphone-17-pro
iPhone 17 Pro_256GB_Unlocked_Flawless,795.0,https://www.ocbuyback.com/sell/cell-phone/apple/iphone-17-pro
iPhone 17 Pro_256GB_Unlocked_Good ,715.0,https://www.ocbuyback.com/sell/cell-phone/apple/iphone-17-pro
iPhone 17 Pro_256GB_Unlocked_Fair,575.0,https://www.ocbuyback.com/sell/cell-phone/apple/iphone-17-pro
iPhone 17 Pro_256GB_Unlocked_Minor Damage,300.0,https://www.ocbuyback.com/sell/cell-phone/apple/iphone-17-pro
iPhone 17 Pro_256GB_Unlocked_Broken,40.0,https://www.ocbuyback.com/sell/cell-phone/apple/iphone-17-pro
iPhone 17 Pro_512GB_AT&T_Brand New,795.0,https://www.ocbuyback.com/sell/cell-phone/apple/iphone-17-pro
iPhone 17 Pro_512GB_AT&T_Flawless,745.0,https://www.ocbuyback.com/sell/cell-phone/apple/iphone-17-pro
iPhone 17 Pro_512GB_AT&T_Good ,665.0,https://www.ocbuyback.com/sell/cell-phone/apple/iphone-17-pro
iPhone 17 Pro_512GB_AT&T_Fair,525.0,https://www.ocbuyback.com/sell/cell-phone/apple/iphone-17-pro
iPhone 17 Pro_512GB_AT&T_Minor Damage,370.0,https://www.ocbuyback.com/sell/cell-phone/apple/iphone-17-pro
iPhone 17 Pro_512GB_AT&T_Broken,40.0,https://www.ocbuyback.com/sell/cell-phone/apple/iphone-17-pro
iPhone 17 Pro_512GB_T-Mobile_Brand New,870.0,https://www.ocbuyback.com/sell/cell-phone/apple/iphone-17-pro
iPhone 17 Pro_512GB_T-Mobile_Flawless,820.0,https://www.ocbuyback.com/sell/cell-phone/apple/iphone-17-pro
iPhone 17 Pro_512GB_T-Mobile_Good ,740.0,https://www.ocbuyback.com/sell/cell-phone/apple/iphone-17-pro
iPhone 17 Pro_512GB_T-Mobile_Fair,600.0,https://www.ocbuyback.com/sell/cell-phone/apple/iphone-17-pro
iPhone 17 Pro_512GB_T-Mobile_Minor Damage,345.0,https://www.ocbuyback.com/sell/cell-phone/apple/iphone-17-pro
iPhone 17 Pro_512GB_T-Mobile_Broken,40.0,https://www.ocbuyback.com/sell/cell-phone/apple/iphone-17-pro
iPhone 17 Pro_512GB_Verizon_Brand New,695.0,https://www.ocbuyback.com/sell/cell-phone/apple/iphone-17-pro
iPhone 17 Pro_512GB_Verizon_Flawless,645.0,https://www.ocbuyback.com/sell/cell-phone/apple/iphone-17-pro
iPhone 17 Pro_512GB_Verizon_Good ,565.0,https://www.ocbuyback.com/sell/cell-phone/apple/iphone-17-pro
iPhone 17 Pro_512GB_Verizon_Fair,425.0,https://www.ocbuyback.com/sell/cell-phone/apple/iphone-17-pro
iPhone 17 Pro_512GB_Verizon_Minor Damage,320.0,https://www.ocbuyback.com/sell/cell-phone/apple/iphone-17-pro
iPhone 17 Pro_512GB_Verizon_Broken,40.0,https://www.ocbuyback.com/sell/cell-phone/apple/iphone-17-pro
iPhone 17 Pro_512GB_Other_Brand New,495.0,https://www.ocbuyback.com/sell/cell-phone/apple/iphone-17-pro
iPhone 17 Pro_512GB_Other_Flawless,445.0,https://www.ocbuyback.com/sell/cell-phone/apple/iphone-17-pro
iPhone 17 Pro_512GB_Other_Good ,365.0,https://www.ocbuyback.com/sell/cell-phone/apple/iphone-17-pro
iPhone 17 Pro_512GB_Other_Fair,225.0,https://www.ocbuyback.com/sell/cell-phone/apple/iphone-17-pro
iPhone 17 Pro_512GB_Other_Minor Damage,200.0,https://www.ocbuyback.com/sell/cell-phone/apple/iphone-17-pro
iPhone 17 Pro_512GB_Other_Broken,40.0,https://www.ocbuyback.com/sell/cell-phone/apple/iphone-17-pro
iPhone 17 Pro_512GB_Unlocked_Brand New,945.0,https://www.ocbuyback.com/sell/cell-phone/apple/iphone-17-pro
iPhone 17 Pro_512GB_Unlocked_Flawless,895.0,https://www.ocbuyback.com/sell/cell-phone/apple/iphone-17-pro
iPhone 17 Pro_512GB_Unlocked_Good ,815.0,https://www.ocbuyback.com/sell/cell-phone/apple/iphone-17-pro
iPhone 17 Pro_512GB_Unlocked_Fair,675.0,https://www.ocbuyback.com/sell/cell-phone/apple/iphone-17-pro
iPhone 17 Pro_512GB_Unlocked_Minor Damage,420.0,https://www.ocbuyback.com/sell/cell-phone/apple/iphone-17-pro
iPhone 17 Pro_512GB_Unlocked_Broken,40.0,https://www.ocbuyback.com/sell/cell-phone/apple/iphone-17-pro
iPhone 17 Pro_1TB_AT&T_Brand New,845.0,https://www.ocbuyback.com/sell/cell-phone/apple/iphone-17-pro
iPhone 17 Pro_1TB_AT&T_Flawless,795.0,https://www.ocbuyback.com/sell/cell-phone/apple/iphone-17-pro
iPhone 17 Pro_1TB_AT&T_Good ,715.0,https://www.ocbuyback.com/sell/cell-phone/apple/iphone-17-pro
iPhone 17 Pro_1TB_AT&T_Fair,575.0,https://www.ocbuyback.com/sell/cell-phone/apple/iphone-17-pro
iPhone 17 Pro_1TB_AT&T_Minor Damage,410.0,https://www.ocbuyback.com/sell/cell-phone/apple/iphone-17-pro
iPhone 17 Pro_1TB_AT&T_Broken,40.0,https://www.ocbuyback.com/sell/cell-phone/apple/iphone-17-pro
iPhone 17 Pro_1TB_T-Mobile_Brand New,920.0,https://www.ocbuyback.com/sell/cell-phone/apple/iphone-17-pro
iPhone 17 Pro_1TB_T-Mobile_Flawless,870.0,https://www.ocbuyback.com/sell/cell-phone/apple/iphone-17-pro
iPhone 17 Pro_1TB_T-Mobile_Good ,790.0,https://www.ocbuyback.com/sell/cell-phone/apple/iphone-17-pro
iPhone 17 Pro_1TB_T-Mobile_Fair,650.0,https://www.ocbuyback.com/sell/cell-phone/apple/iphone-17-pro
iPhone 17 Pro_1TB_T-Mobile_Minor Damage,385.0,https://www.ocbuyback.com/sell/cell-phone/apple/iphone-17-pro
iPhone 17 Pro_1TB_T-Mobile_Broken,40.0,https://www.ocbuyback.com/sell/cell-phone/apple/iphone-17-pro
iPhone 17 Pro_1TB_Verizon_Brand New,745.0,https://www.ocbuyback.com/sell/cell-phone/apple/iphone-17-pro
iPhone 17 Pro_1TB_Verizon_Flawless,695.0,https://www.ocbuyback.com/sell/cell-phone/apple/iphone-17-pro
iPhone 17 Pro_1TB_Verizon_Good ,615.0,https://www.ocbuyback.com/sell/cell-phone/apple/iphone-17-pro
iPhone 17 Pro_1TB_Verizon_Fair,475.0,https://www.ocbuyback.com/sell/cell-phone/apple/iphone-17-pro
iPhone 17 Pro_1TB_Verizon_Minor Damage,360.0,https://www.ocbuyback.com/sell/cell-phone/apple/iphone-17-pro
iPhone 17 Pro_1TB_Verizon_Broken,40.0,https://www.ocbuyback.com/sell/cell-phone/apple/iphone-17-pro
iPhone 17 Pro_1TB_Other_Brand New,545.0,https://www.ocbuyback.com/sell/cell-phone/apple/iphone-17-pro
iPhone 17 Pro_1TB_Other_Flawless,495.0,https://www.ocbuyback.com/sell/cell-phone/apple/iphone-17-pro
iPhone 17 Pro_1TB_Other_Good ,415.0,https://www.ocbuyback.com/sell/cell-phone/apple/iphone-17-pro
iPhone 17 Pro_1TB_Other_Fair,275.0,https://www.ocbuyback.com/sell/cell-phone/apple/iphone-17-pro
iPhone 17 Pro_1TB_Other_Minor Damage,260.0,https://www.ocbuyback.com/sell/cell-phone/apple/iphone-17-pro
iPhone 17 Pro_1TB_Other_Broken,40.0,https://www.ocbuyback.com/sell/cell-phone/apple/iphone-17-pro
iPhone 17 Pro_1TB_Unlocked_Brand New,995.0,https://www.ocbuyback.com/sell/cell-phone/apple/iphone-17-pro
iPhone 17 Pro_1TB_Unlocked_Flawless,945.0,https://www.ocbuyback.com/sell/cell-phone/apple/iphone-17-pro
iPhone 17 Pro_1TB_Unlocked_Good ,865.0,https://www.ocbuyback.com/sell/cell-phone/apple/iphone-17-pro
iPhone 17 Pro_1TB_Unlocked_Fair,725.0,https://www.ocbuyback.com/sell/cell-phone/apple/iphone-17-pro
iPhone 17 Pro_1TB_Unlocked_Minor Damage,460.0,https://www.ocbuyback.com/sell/cell-phone/apple/iphone-17-pro
iPhone 17 Pro_1TB_Unlocked_Broken,40.0,https://www.ocbuyback.com/sell/cell-phone/apple/iphone-17-pro
iPhone 17 Pro Max_256GB_AT&T_Brand New,835.0,https://www.ocbuyback.com/sell/cell-phone/apple/iphone-17-pro-max
iPhone 17 Pro Max_256GB_AT&T_Flawless,785.0,https://www.ocbuyback.com/sell/cell-phone/apple/iphone-17-pro-max
iPhone 17 Pro Max_256GB_AT&T_Good ,735.0,https://www.ocbuyback.com/sell/cell-phone/apple/iphone-17-pro-max
iPhone 17 Pro Max_256GB_AT&T_Fair,635.0,https://www.ocbuyback.com/sell/cell-phone/apple/iphone-17-pro-max
iPhone 17 Pro Max_256GB_AT&T_Minor Damage,250.0,https://www.ocbuyback.com/sell/cell-phone/apple/iphone-17-pro-max
iPhone 17 Pro Max_256GB_AT&T_Broken,50.0,https://www.ocbuyback.com/sell/cell-phone/apple/iphone-17-pro-max
iPhone 17 Pro Max_256GB_T-Mobile_Brand New,850.0,https://www.ocbuyback.com/sell/cell-phone/apple/iphone-17-pro-max
iPhone 17 Pro Max_256GB_T-Mobile_Flawless,800.0,https://www.ocbuyback.com/sell/cell-phone/apple/iphone-17-pro-max
iPhone 17 Pro Max_256GB_T-Mobile_Good ,750.0,https://www.ocbuyback.com/sell/cell-phone/apple/iphone-17-pro-max
iPhone 17 Pro Max_256GB_T-Mobile_Fair,650.0,https://www.ocbuyback.com/sell/cell-phone/apple/iphone-17-pro-max
iPhone 17 Pro Max_256GB_T-Mobile_Minor Damage,275.0,https://www.ocbuyback.com/sell/cell-phone/apple/iphone-17-pro-max
iPhone 17 Pro Max_256GB_T-Mobile_Broken,50.0,https://www.ocbuyback.com/sell/cell-phone/apple/iphone-17-pro-max
iPhone 17 Pro Max_256GB_Verizon_Brand New,755.0,https://www.ocbuyback.com/sell/cell-phone/apple/iphone-17-pro-max
iPhone 17 Pro Max_256GB_Verizon_Flawless,705.0,https://www.ocbuyback.com/sell/cell-phone/apple/iphone-17-pro-max
iPhone 17 Pro Max_256GB_Verizon_Good ,655.0,https://www.ocbuyback.com/sell/cell-phone/apple/iphone-17-pro-max
iPhone 17 Pro Max_256GB_Verizon_Fair,555.0,https://www.ocbuyback.com/sell/cell-phone/apple/iphone-17-pro-max
iPhone 17 Pro Max_256GB_Verizon_Minor Damage,300.0,https://www.ocbuyback.com/sell/cell-phone/apple/iphone-17-pro-max
iPhone 17 Pro Max_256GB_Verizon_Broken,50.0,https://www.ocbuyback.com/sell/cell-phone/apple/iphone-17-pro-max
iPhone 17 Pro Max_256GB_Other_Brand New,455.0,https://www.ocbuyback.com/sell/cell-phone/apple/iphone-17-pro-max
iPhone 17 Pro Max_256GB_Other_Flawless,405.0,https://www.ocbuyback.com/sell/cell-phone/apple/iphone-17-pro-max
iPhone 17 Pro Max_256GB_Other_Good ,355.0,https://www.ocbuyback.com/sell/cell-phone/apple/iphone-17-pro-max
iPhone 17 Pro Max_256GB_Other_Fair,255.0,https://www.ocbuyback.com/sell/cell-phone/apple/iphone-17-pro-max
iPhone 17 Pro Max_256GB_Other_Minor Damage,100.0,https://www.ocbuyback.com/sell/cell-phone/apple/iphone-17-pro-max
iPhone 17 Pro Max_256GB_Other_Broken,50.0,https://www.ocbuyback.com/sell/cell-phone/apple/iphone-17-pro-max
iPhone 17 Pro Max_256GB_Unlocked_Brand New,955.0,https://www.ocbuyback.com/sell/cell-phone/apple/iphone-17-pro-max
iPhone 17 Pro Max_256GB_Unlocked_Flawless,905.0,https://www.ocbuyback.com/sell/cell-phone/apple/iphone-17-pro-max
iPhone 17 Pro Max_256GB_Unlocked_Good ,855.0,https://www.ocbuyback.com/sell/cell-phone/apple/iphone-17-pro-max
iPhone 17 Pro Max_256GB_Unlocked_Fair,755.0,https://www.ocbuyback.com/sell/cell-phone/apple/iphone-17-pro-max
iPhone 17 Pro Max_256GB_Unlocked_Minor Damage,350.0,https://www.ocbuyback.com/sell/cell-phone/apple/iphone-17-pro-max
iPhone 17 Pro Max_256GB_Unlocked_Broken,50.0,https://www.ocbuyback.com/sell/cell-phone/apple/iphone-17-pro-max
iPhone 17 Pro Max_512GB_AT&T_Brand New,935.0,https://www.ocbuyback.com/sell/cell-phone/apple/iphone-17-pro-max
iPhone 17 Pro Max_512GB_AT&T_Flawless,885.0,https://www.ocbuyback.com/sell/cell-phone/apple/iphone-17-pro-max
iPhone 17 Pro Max_512GB_AT&T_Good ,835.0,https://www.ocbuyback.com/sell/cell-phone/apple/iphone-17-pro-max
iPhone 17 Pro Max_512GB_AT&T_Fair,735.0,https://www.ocbuyback.com/sell/cell-phone/apple/iphone-17-pro-max
iPhone 17 Pro Max_512GB_AT&T_Minor Damage,280.0,https://www.ocbuyback.com/sell/cell-phone/apple/iphone-17-pro-max
iPhone 17 Pro Max_512GB_AT&T_Broken,50.0,https://www.ocbuyback.com/sell/cell-phone/apple/iphone-17-pro-max
iPhone 17 Pro Max_512GB_T-Mobile_Brand New,950.0,https://www.ocbuyback.com/sell/cell-phone/apple/iphone-17-pro-max
iPhone 17 Pro Max_512GB_T-Mobile_Flawless,900.0,https://www.ocbuyback.com/sell/cell-phone/apple/iphone-17-pro-max
iPhone 17 Pro Max_512GB_T-Mobile_Good ,850.0,https://www.ocbuyback.com/sell/cell-phone/apple/iphone-17-pro-max
iPhone 17 Pro Max_512GB_T-Mobile_Fair,750.0,https://www.ocbuyback.com/sell/cell-phone/apple/iphone-17-pro-max
iPhone 17 Pro Max_512GB_T-Mobile_Minor Damage,305.0,https://www.ocbuyback.com/sell/cell-phone/apple/iphone-17-pro-max
iPhone 17 Pro Max_512GB_T-Mobile_Broken,50.0,https://www.ocbuyback.com/sell/cell-phone/apple/iphone-17-pro-max
iPhone 17 Pro Max_512GB_Verizon_Brand New,855.0,https://www.ocbuyback.com/sell/cell-phone/apple/iphone-17-pro-max
iPhone 17 Pro Max_512GB_Verizon_Flawless,805.0,https://www.ocbuyback.com/sell/cell-phone/apple/iphone-17-pro-max
iPhone 17 Pro Max_512GB_Verizon_Good ,755.0,https://www.ocbuyback.com/sell/cell-phone/apple/iphone-17-pro-max
iPhone 17 Pro Max_512GB_Verizon_Fair,655.0,https://www.ocbuyback.com/sell/cell-phone/apple/iphone-17-pro-max
iPhone 17 Pro Max_512GB_Verizon_Minor Damage,330.0,https://www.ocbuyback.com/sell/cell-phone/apple/iphone-17-pro-max
iPhone 17 Pro Max_512GB_Verizon_Broken,50.0,https://www.ocbuyback.com/sell/cell-phone/apple/iphone-17-pro-max
iPhone 17 Pro Max_512GB_Other_Brand New,555.0,https://www.ocbuyback.com/sell/cell-phone/apple/iphone-17-pro-max
iPhone 17 Pro Max_512GB_Other_Flawless,505.0,https://www.ocbuyback.com/sell/cell-phone/apple/iphone-17-pro-max
iPhone 17 Pro Max_512GB_Other_Good ,455.0,https://www.ocbuyback.com/sell/cell-phone/apple/iphone-17-pro-max
iPhone 17 Pro Max_512GB_Other_Fair,355.0,https://www.ocbuyback.com/sell/cell-phone/apple/iphone-17-pro-max
iPhone 17 Pro Max_512GB_Other_Minor Damage,130.0,https://www.ocbuyback.com/sell/cell-phone/apple/iphone-17-pro-max
iPhone 17 Pro Max_512GB_Other_Broken,50.0,https://www.ocbuyback.com/sell/cell-phone/apple/iphone-17-pro-max
iPhone 17 Pro Max_512GB_Unlocked_Brand New,1055.0,https://www.ocbuyback.com/sell/cell-phone/apple/iphone-17-pro-max
iPhone 17 Pro Max_512GB_Unlocked_Flawless,1005.0,https://www.ocbuyback.com/sell/cell-phone/apple/iphone-17-pro-max
iPhone 17 Pro Max_512GB_Unlocked_Good ,955.0,https://www.ocbuyback.com/sell/cell-phone/apple/iphone-17-pro-max
iPhone 17 Pro Max_512GB_Unlocked_Fair,855.0,https://www.ocbuyback.com/sell/cell-phone/apple/iphone-17-pro-max
iPhone 17 Pro Max_512GB_Unlocked_Minor Damage,380.0,https://www.ocbuyback.com/sell/cell-phone/apple/iphone-17-pro-max
iPhone 17 Pro Max_512GB_Unlocked_Broken,50.0,https://www.ocbuyback.com/sell/cell-phone/apple/iphone-17-pro-max
iPhone 17 Pro Max_1TB_AT&T_Brand New,1000.0,https://www.ocbuyback.com/sell/cell-phone/apple/iphone-17-pro-max
iPhone 17 Pro Max_1TB_AT&T_Flawless,950.0,https://www.ocbuyback.com/sell/cell-phone/apple/iphone-17-pro-max
iPhone 17 Pro Max_1TB_AT&T_Good ,900.0,https://www.ocbuyback.com/sell/cell-phone/apple/iphone-17-pro-max
iPhone 17 Pro Max_1TB_AT&T_Fair,800.0,https://www.ocbuyback.com/sell/cell-phone/apple/iphone-17-pro-max
iPhone 17 Pro Max_1TB_AT&T_Minor Damage,320.0,https://www.ocbuyback.com/sell/cell-phone/apple/iphone-17-pro-max
iPhone 17 Pro Max_1TB_AT&T_Broken,50.0,https://www.ocbuyback.com/sell/cell-phone/apple/iphone-17-pro-max
iPhone 17 Pro Max_1TB_T-Mobile_Brand New,1015.0,https://www.ocbuyback.com/sell/cell-phone/apple/iphone-17-pro-max
iPhone 17 Pro Max_1TB_T-Mobile_Flawless,965.0,https://www.ocbuyback.com/sell/cell-phone/apple/iphone-17-pro-max
iPhone 17 Pro Max_1TB_T-Mobile_Good ,915.0,https://www.ocbuyback.com/sell/cell-phone/apple/iphone-17-pro-max
iPhone 17 Pro Max_1TB_T-Mobile_Fair,815.0,https://www.ocbuyback.com/sell/cell-phone/apple/iphone-17-pro-max
iPhone 17 Pro Max_1TB_T-Mobile_Minor Damage,345.0,https://www.ocbuyback.com/sell/cell-phone/apple/iphone-17-pro-max
iPhone 17 Pro Max_1TB_T-Mobile_Broken,50.0,https://www.ocbuyback.com/sell/cell-phone/apple/iphone-17-pro-max
iPhone 17 Pro Max_1TB_Verizon_Brand New,920.0,https://www.ocbuyback.com/sell/cell-phone/apple/iphone-17-pro-max
iPhone 17 Pro Max_1TB_Verizon_Flawless,870.0,https://www.ocbuyback.com/sell/cell-phone/apple/iphone-17-pro-max
iPhone 17 Pro Max_1TB_Verizon_Good ,820.0,https://www.ocbuyback.com/sell/cell-phone/apple/iphone-17-pro-max
iPhone 17 Pro Max_1TB_Verizon_Fair,720.0,https://www.ocbuyback.com/sell/cell-phone/apple/iphone-17-pro-max
iPhone 17 Pro Max_1TB_Verizon_Minor Damage,370.0,https://www.ocbuyback.com/sell/cell-phone/apple/iphone-17-pro-max
iPhone 17 Pro Max_1TB_Verizon_Broken,50.0,https://www.ocbuyback.com/sell/cell-phone/apple/iphone-17-pro-max
iPhone 17 Pro Max_1TB_Other_Brand New,620.0,https://www.ocbuyback.com/sell/cell-phone/apple/iphone-17-pro-max
iPhone 17 Pro Max_1TB_Other_Flawless,570.0,https://www.ocbuyback.com/sell/cell-phone/apple/iphone-17-pro-max
iPhone 17 Pro Max_1TB_Other_Good ,520.0,https://www.ocbuyback.com/sell/cell-phone/apple/iphone-17-pro-max
iPhone 17 Pro Max_1TB_Other_Fair,420.0,https://www.ocbuyback.com/sell/cell-phone/apple/iphone-17-pro-max
iPhone 17 Pro Max_1TB_Other_Minor Damage,170.0,https://www.ocbuyback.com/sell/cell-phone/apple/iphone-17-pro-max
iPhone 17 Pro Max_1TB_Other_Broken,50.0,https://www.ocbuyback.com/sell/cell-phone/apple/iphone-17-pro-max
iPhone 17 Pro Max_1TB_Unlocked_Brand New,1120.0,https://www.ocbuyback.com/sell/cell-phone/apple/iphone-17-pro-max
iPhone 17 Pro Max_1TB_Unlocked_Flawless,1070.0,https://www.ocbuyback.com/sell/cell-phone/apple/iphone-17-pro-max
iPhone 17 Pro Max_1TB_Unlocked_Good ,1020.0,https://www.ocbuyback.com/sell/cell-phone/apple/iphone-17-pro-max
iPhone 17 Pro Max_1TB_Unlocked_Fair,920.0,https://www.ocbuyback.com/sell/cell-phone/apple/iphone-17-pro-max
iPhone 17 Pro Max_1TB_Unlocked_Minor Damage,420.0,https://www.ocbuyback.com/sell/cell-phone/apple/iphone-17-pro-max
iPhone 17 Pro Max_1TB_Unlocked_Broken,50.0,https://www.ocbuyback.com/sell/cell-phone/apple/iphone-17-pro-max
iPhone 17 Pro Max_2TB_AT&T_Brand New,1035.0,https://www.ocbuyback.com/sell/cell-phone/apple/iphone-17-pro-max
iPhone 17 Pro Max_2TB_AT&T_Flawless,985.0,https://www.ocbuyback.com/sell/cell-phone/apple/iphone-17-pro-max
iPhone 17 Pro Max_2TB_AT&T_Good ,935.0,https://www.ocbuyback.com/sell/cell-phone/apple/iphone-17-pro-max
iPhone 17 Pro Max_2TB_AT&T_Fair,835.0,https://www.ocbuyback.com/sell/cell-phone/apple/iphone-17-pro-max
iPhone 17 Pro Max_2TB_AT&T_Minor Damage,400.0,https://www.ocbuyback.com/sell/cell-phone/apple/iphone-17-pro-max
iPhone 17 Pro Max_2TB_AT&T_Broken,50.0,https://www.ocbuyback.com/sell/cell-phone/apple/iphone-17-pro-max
iPhone 17 Pro Max_2TB_T-Mobile_Brand New,1050.0,https://www.ocbuyback.com/sell/cell-phone/apple/iphone-17-pro-max
iPhone 17 Pro Max_2TB_T-Mobile_Flawless,1000.0,https://www.ocbuyback.com/sell/cell-phone/apple/iphone-17-pro-max
iPhone 17 Pro Max_2TB_T-Mobile_Good ,950.0,https://www.ocbuyback.com/sell/cell-phone/apple/iphone-17-pro-max
iPhone 17 Pro Max_2TB_T-Mobile_Fair,850.0,https://www.ocbuyback.com/sell/cell-phone/apple/iphone-17-pro-max
iPhone 17 Pro Max_2TB_T-Mobile_Minor Damage,425.0,https://www.ocbuyback.com/sell/cell-phone/apple/iphone-17-pro-max
iPhone 17 Pro Max_2TB_T-Mobile_Broken,50.0,https://www.ocbuyback.com/sell/cell-phone/apple/iphone-17-pro-max
iPhone 17 Pro Max_2TB_Verizon_Brand New,955.0,https://www.ocbuyback.com/sell/cell-phone/apple/iphone-17-pro-max
iPhone 17 Pro Max_2TB_Verizon_Flawless,905.0,https://www.ocbuyback.com/sell/cell-phone/apple/iphone-17-pro-max
iPhone 17 Pro Max_2TB_Verizon_Good ,855.0,https://www.ocbuyback.com/sell/cell-phone/apple/iphone-17-pro-max
iPhone 17 Pro Max_2TB_Verizon_Fair,755.0,https://www.ocbuyback.com/sell/cell-phone/apple/iphone-17-pro-max
iPhone 17 Pro Max_2TB_Verizon_Minor Damage,450.0,https://www.ocbuyback.com/sell/cell-phone/apple/iphone-17-pro-max
iPhone 17 Pro Max_2TB_Verizon_Broken,50.0,https://www.ocbuyback.com/sell/cell-phone/apple/iphone-17-pro-max
iPhone 17 Pro Max_2TB_Other_Brand New,655.0,https://www.ocbuyback.com/sell/cell-phone/apple/iphone-17-pro-max
iPhone 17 Pro Max_2TB_Other_Flawless,605.0,https://www.ocbuyback.com/sell/cell-phone/apple/iphone-17-pro-max
iPhone 17 Pro Max_2TB_Other_Good ,555.0,https://www.ocbuyback.com/sell/cell-phone/apple/iphone-17-pro-max
iPhone 17 Pro Max_2TB_Other_Fair,455.0,https://www.ocbuyback.com/sell/cell-phone/apple/iphone-17-pro-max
iPhone 17 Pro Max_2TB_Other_Minor Damage,250.0,https://www.ocbuyback.com/sell/cell-phone/apple/iphone-17-pro-max
iPhone 17 Pro Max_2TB_Other_Broken,50.0,https://www.ocbuyback.com/sell/cell-phone/apple/iphone-17-pro-max
iPhone 17 Pro Max_2TB_Unlocked_Brand New,1155.0,https://www.ocbuyback.com/sell/cell-phone/apple/iphone-17-pro-max
iPhone 17 Pro Max_2TB_Unlocked_Flawless,1105.0,https://www.ocbuyback.com/sell/cell-phone/apple/iphone-17-pro-max
iPhone 17 Pro Max_2TB_Unlocked_Good ,1055.0,https://www.ocbuyback.com/sell/cell-phone/apple/iphone-17-pro-max
iPhone 17 Pro Max_2TB_Unlocked_Fair,955.0,https://www.ocbuyback.com/sell/cell-phone/apple/iphone-17-pro-max
iPhone 17 Pro Max_2TB_Unlocked_Minor Damage,500.0,https://www.ocbuyback.com/sell/cell-phone/apple/iphone-17-pro-max
iPhone 17 Pro Max_2TB_Unlocked_Broken,50.0,https://www.ocbuyback.com/sell/cell-phone/apple/iphone-17-pro-max
iPhone Air_256GB_AT&T_Brand New,550.0,https://www.ocbuyback.com/sell/cell-phone/apple/iphone-air
iPhone Air_256GB_AT&T_Flawless,500.0,https://www.ocbuyback.com/sell/cell-phone/apple/iphone-air
iPhone Air_256GB_AT&T_Good ,430.0,https://www.ocbuyback.com/sell/cell-phone/apple/iphone-air
iPhone Air_256GB_AT&T_Fair,350.0,https://www.ocbuyback.com/sell/cell-phone/apple/iphone-air
iPhone Air_256GB_AT&T_Minor Damage,180.0,https://www.ocbuyback.com/sell/cell-phone/apple/iphone-air
iPhone Air_256GB_AT&T_Broken,30.0,https://www.ocbuyback.com/sell/cell-phone/apple/iphone-air
iPhone Air_256GB_T-Mobile_Brand New,525.0,https://www.ocbuyback.com/sell/cell-phone/apple/iphone-air
iPhone Air_256GB_T-Mobile_Flawless,475.0,https://www.ocbuyback.com/sell/cell-phone/apple/iphone-air
iPhone Air_256GB_T-Mobile_Good ,405.0,https://www.ocbuyback.com/sell/cell-phone/apple/iphone-air
iPhone Air_256GB_T-Mobile_Fair,325.0,https://www.ocbuyback.com/sell/cell-phone/apple/iphone-air
iPhone Air_256GB_T-Mobile_Minor Damage,155.0,https://www.ocbuyback.com/sell/cell-phone/apple/iphone-air
iPhone Air_256GB_T-Mobile_Broken,30.0,https://www.ocbuyback.com/sell/cell-phone/apple/iphone-air
iPhone Air_256GB_Verizon_Brand New,550.0,https://www.ocbuyback.com/sell/cell-phone/apple/iphone-air
iPhone Air_256GB_Verizon_Flawless,500.0,https://www.ocbuyback.com/sell/cell-phone/apple/iphone-air
iPhone Air_256GB_Verizon_Good ,430.0,https://www.ocbuyback.com/sell/cell-phone/apple/iphone-air
iPhone Air_256GB_Verizon_Fair,350.0,https://www.ocbuyback.com/sell/cell-phone/apple/iphone-air
iPhone Air_256GB_Verizon_Minor Damage,180.0,https://www.ocbuyback.com/sell/cell-phone/apple/iphone-air
iPhone Air_256GB_Verizon_Broken,30.0,https://www.ocbuyback.com/sell/cell-phone/apple/iphone-air
iPhone Air_256GB_Other_Brand New,300.0,https://www.ocbuyback.com/sell/cell-phone/apple/iphone-air
iPhone Air_256GB_Other_Flawless,250.0,https://www.ocbuyback.com/sell/cell-phone/apple/iphone-air
iPhone Air_256GB_Other_Good ,180.0,https://www.ocbuyback.com/sell/cell-phone/apple/iphone-air
iPhone Air_256GB_Other_Fair,100.0,https://www.ocbuyback.com/sell/cell-phone/apple/iphone-air
iPhone Air_256GB_Other_Minor Damage,90.0,https://www.ocbuyback.com/sell/cell-phone/apple/iphone-air
iPhone Air_256GB_Other_Broken,30.0,https://www.ocbuyback.com/sell/cell-phone/apple/iphone-air
iPhone Air_256GB_Unlocked_Brand New,650.0,https://www.ocbuyback.com/sell/cell-phone/apple/iphone-air
iPhone Air_256GB_Unlocked_Flawless,600.0,https://www.ocbuyback.com/sell/cell-phone/apple/iphone-air
iPhone Air_256GB_Unlocked_Good ,530.0,https://www.ocbuyback.com/sell/cell-phone/apple/iphone-air
iPhone Air_256GB_Unlocked_Fair,450.0,https://www.ocbuyback.com/sell/cell-phone/apple/iphone-air
iPhone Air_256GB_Unlocked_Minor Damage,230.0,https://www.ocbuyback.com/sell/cell-phone/apple/iphone-air
iPhone Air_256GB_Unlocked_Broken,30.0,https://www.ocbuyback.com/sell/cell-phone/apple/iphone-air
iPhone Air_512GB_AT&T_Brand New,610.0,https://www.ocbuyback.com/sell/cell-phone/apple/iphone-air
iPhone Air_512GB_AT&T_Flawless,560.0,https://www.ocbuyback.com/sell/cell-phone/apple/iphone-air
iPhone Air_512GB_AT&T_Good ,490.0,https://www.ocbuyback.com/sell/cell-phone/apple/iphone-air
iPhone Air_512GB_AT&T_Fair,410.0,https://www.ocbuyback.com/sell/cell-phone/apple/iphone-air
iPhone Air_512GB_AT&T_Minor Damage,260.0,https://www.ocbuyback.com/sell/cell-phone/apple/iphone-air
iPhone Air_512GB_AT&T_Broken,30.0,https://www.ocbuyback.com/sell/cell-phone/apple/iphone-air
iPhone Air_512GB_T-Mobile_Brand New,585.0,https://www.ocbuyback.com/sell/cell-phone/apple/iphone-air
iPhone Air_512GB_T-Mobile_Flawless,535.0,https://www.ocbuyback.com/sell/cell-phone/apple/iphone-air
iPhone Air_512GB_T-Mobile_Good ,465.0,https://www.ocbuyback.com/sell/cell-phone/apple/iphone-air
iPhone Air_512GB_T-Mobile_Fair,385.0,https://www.ocbuyback.com/sell/cell-phone/apple/iphone-air
iPhone Air_512GB_T-Mobile_Minor Damage,235.0,https://www.ocbuyback.com/sell/cell-phone/apple/iphone-air
iPhone Air_512GB_T-Mobile_Broken,30.0,https://www.ocbuyback.com/sell/cell-phone/apple/iphone-air
iPhone Air_512GB_Verizon_Brand New,610.0,https://www.ocbuyback.com/sell/cell-phone/apple/iphone-air
iPhone Air_512GB_Verizon_Flawless,560.0,https://www.ocbuyback.com/sell/cell-phone/apple/iphone-air
iPhone Air_512GB_Verizon_Good ,490.0,https://www.ocbuyback.com/sell/cell-phone/apple/iphone-air
iPhone Air_512GB_Verizon_Fair,410.0,https://www.ocbuyback.com/sell/cell-phone/apple/iphone-air
iPhone Air_512GB_Verizon_Minor Damage,260.0,https://www.ocbuyback.com/sell/cell-phone/apple/iphone-air
iPhone Air_512GB_Verizon_Broken,30.0,https://www.ocbuyback.com/sell/cell-phone/apple/iphone-air
iPhone Air_512GB_Other_Brand New,360.0,https://www.ocbuyback.com/sell/cell-phone/apple/iphone-air
iPhone Air_512GB_Other_Flawless,310.0,https://www.ocbuyback.com/sell/cell-phone/apple/iphone-air
iPhone Air_512GB_Other_Good ,240.0,https://www.ocbuyback.com/sell/cell-phone/apple/iphone-air
iPhone Air_512GB_Other_Fair,160.0,https://www.ocbuyback.com/sell/cell-phone/apple/iphone-air
iPhone Air_512GB_Other_Minor Damage,155.0,https://www.ocbuyback.com/sell/cell-phone/apple/iphone-air
iPhone Air_512GB_Other_Broken,30.0,https://www.ocbuyback.com/sell/cell-phone/apple/iphone-air
iPhone Air_512GB_Unlocked_Brand New,710.0,https://www.ocbuyback.com/sell/cell-phone/apple/iphone-air
iPhone Air_512GB_Unlocked_Flawless,660.0,https://www.ocbuyback.com/sell/cell-phone/apple/iphone-air
iPhone Air_512GB_Unlocked_Good ,590.0,https://www.ocbuyback.com/sell/cell-phone/apple/iphone-air
iPhone Air_512GB_Unlocked_Fair,510.0,https://www.ocbuyback.com/sell/cell-phone/apple/iphone-air
iPhone Air_512GB_Unlocked_Minor Damage,310.0,https://www.ocbuyback.com/sell/cell-phone/apple/iphone-air
iPhone Air_512GB_Unlocked_Broken,30.0,https://www.ocbuyback.com/sell/cell-phone/apple/iphone-air
iPhone Air_1TB_AT&T_Brand New,685.0,https://www.ocbuyback.com/sell/cell-phone/apple/iphone-air
iPhone Air_1TB_AT&T_Flawless,635.0,https://www.ocbuyback.com/sell/cell-phone/apple/iphone-air
iPhone Air_1TB_AT&T_Good ,565.0,https://www.ocbuyback.com/sell/cell-phone/apple/iphone-air
iPhone Air_1TB_AT&T_Fair,485.0,https://www.ocbuyback.com/sell/cell-phone/apple/iphone-air
iPhone Air_1TB_AT&T_Minor Damage,300.0,https://www.ocbuyback.com/sell/cell-phone/apple/iphone-air
iPhone Air_1TB_AT&T_Broken,30.0,https://www.ocbuyback.com/sell/cell-phone/apple/iphone-air
iPhone Air_1TB_T-Mobile_Brand New,660.0,https://www.ocbuyback.com/sell/cell-phone/apple/iphone-air
iPhone Air_1TB_T-Mobile_Flawless,610.0,https://www.ocbuyback.com/sell/cell-phone/apple/iphone-air
iPhone Air_1TB_T-Mobile_Good ,540.0,https://www.ocbuyback.com/sell/cell-phone/apple/iphone-air
iPhone Air_1TB_T-Mobile_Fair,460.0,https://www.ocbuyback.com/sell/cell-phone/apple/iphone-air
iPhone Air_1TB_T-Mobile_Minor Damage,275.0,https://www.ocbuyback.com/sell/cell-phone/apple/iphone-air
iPhone Air_1TB_T-Mobile_Broken,30.0,https://www.ocbuyback.com/sell/cell-phone/apple/iphone-air
iPhone Air_1TB_Verizon_Brand New,685.0,https://www.ocbuyback.com/sell/cell-phone/apple/iphone-air
iPhone Air_1TB_Verizon_Flawless,635.0,https://www.ocbuyback.com/sell/cell-phone/apple/iphone-air
iPhone Air_1TB_Verizon_Good ,565.0,https://www.ocbuyback.com/sell/cell-phone/apple/iphone-air
iPhone Air_1TB_Verizon_Fair,485.0,https://www.ocbuyback.com/sell/cell-phone/apple/iphone-air
iPhone Air_1TB_Verizon_Minor Damage,300.0,https://www.ocbuyback.com/sell/cell-phone/apple/iphone-air
iPhone Air_1TB_Verizon_Broken,30.0,https://www.ocbuyback.com/sell/cell-phone/apple/iphone-air
iPhone Air_1TB_Other_Brand New,435.0,https://www.ocbuyback.com/sell/cell-phone/apple/iphone-air
iPhone Air_1TB_Other_Flawless,385.0,https://www.ocbuyback.com/sell/cell-phone/apple/iphone-air
iPhone Air_1TB_Other_Good ,315.0,https://www.ocbuyback.com/sell/cell-phone/apple/iphone-air
iPhone Air_1TB_Other_Fair,235.0,https://www.ocbuyback.com/sell/cell-phone/apple/iphone-air
iPhone Air_1TB_Other_Minor Damage,235.0,https://www.ocbuyback.com/sell/cell-phone/apple/iphone-air
iPhone Air_1TB_Other_Broken,30.0,https://www.ocbuyback.com/sell/cell-phone/apple/iphone-air
iPhone Air_1TB_Unlocked_Brand New,785.0,https://www.ocbuyback.com/sell/cell-phone/apple/iphone-air
iPhone Air_1TB_Unlocked_Flawless,735.0,https://www.ocbuyback.com/sell/cell-phone/apple/iphone-air
iPhone Air_1TB_Unlocked_Good ,665.0,https://www.ocbuyback.com/sell/cell-phone/apple/iphone-air
iPhone Air_1TB_Unlocked_Fair,585.0,https://www.ocbuyback.com/sell/cell-phone/apple/iphone-air
iPhone Air_1TB_Unlocked_Minor Damage,350.0,https://www.ocbuyback.com/sell/cell-phone/apple/iphone-air
iPhone Air_1TB_Unlocked_Broken,30.0,https://www.ocbuyback.com/sell/cell-phone/apple/iphone-air
Galaxy Note 20_128GB_AT&T_Flawless,95.0,https://www.ocbuyback.com/sell/cell-phone/samsung/galaxy-note-20
Galaxy Note 20_128GB_AT&T_Good ,75.0,https://www.ocbuyback.com/sell/cell-phone/samsung/galaxy-note-20
Galaxy Note 20_128GB_AT&T_Fair,60.0,https://www.ocbuyback.com/sell/cell-phone/samsung/galaxy-note-20
Galaxy Note 20_128GB_AT&T_Minor Damage,15.0,https://www.ocbuyback.com/sell/cell-phone/samsung/galaxy-note-20
Galaxy Note 20_128GB_T-Mobile_Flawless,95.0,https://www.ocbuyback.com/sell/cell-phone/samsung/galaxy-note-20
Galaxy Note 20_128GB_T-Mobile_Good ,75.0,https://www.ocbuyback.com/sell/cell-phone/samsung/galaxy-note-20
Galaxy Note 20_128GB_T-Mobile_Fair,60.0,https://www.ocbuyback.com/sell/cell-phone/samsung/galaxy-note-20
Galaxy Note 20_128GB_T-Mobile_Minor Damage,15.0,https://www.ocbuyback.com/sell/cell-phone/samsung/galaxy-note-20
Galaxy Note 20_128GB_Verizon_Flawless,60.0,https://www.ocbuyback.com/sell/cell-phone/samsung/galaxy-note-20
Galaxy Note 20_128GB_Verizon_Good ,40.0,https://www.ocbuyback.com/sell/cell-phone/samsung/galaxy-note-20
Galaxy Note 20_128GB_Verizon_Fair,25.0,https://www.ocbuyback.com/sell/cell-phone/samsung/galaxy-note-20
Galaxy Note 20_128GB_Verizon_Minor Damage,15.0,https://www.ocbuyback.com/sell/cell-phone/samsung/galaxy-note-20
Galaxy Note 20_128GB_Unlocked_Flawless,110.0,https://www.ocbuyback.com/sell/cell-phone/samsung/galaxy-note-20
Galaxy Note 20_128GB_Unlocked_Good ,90.0,https://www.ocbuyback.com/sell/cell-phone/samsung/galaxy-note-20
Galaxy Note 20_128GB_Unlocked_Fair,75.0,https://www.ocbuyback.com/sell/cell-phone/samsung/galaxy-note-20
Galaxy Note 20_128GB_Unlocked_Minor Damage,25.0,https://www.ocbuyback.com/sell/cell-phone/samsung/galaxy-note-20
Galaxy Note 20 Ultra_128GB_AT&T_Flawless,155.0,https://www.ocbuyback.com/sell/cell-phone/samsung/galaxy-note-20-ultra
Galaxy Note 20 Ultra_128GB_AT&T_Good ,135.0,https://www.ocbuyback.com/sell/cell-phone/samsung/galaxy-note-20-ultra
Galaxy Note 20 Ultra_128GB_AT&T_Fair,85.0,https://www.ocbuyback.com/sell/cell-phone/samsung/galaxy-note-20-ultra
Galaxy Note 20 Ultra_128GB_AT&T_Minor Damage,25.0,https://www.ocbuyback.com/sell/cell-phone/samsung/galaxy-note-20-ultra
Galaxy Note 20 Ultra_128GB_T-Mobile_Flawless,105.0,https://www.ocbuyback.com/sell/cell-phone/samsung/galaxy-note-20-ultra
Galaxy Note 20 Ultra_128GB_T-Mobile_Good ,85.0,https://www.ocbuyback.com/sell/cell-phone/samsung/galaxy-note-20-ultra
Galaxy Note 20 Ultra_128GB_T-Mobile_Fair,35.0,https://www.ocbuyback.com/sell/cell-phone/samsung/galaxy-note-20-ultra
Galaxy Note 20 Ultra_128GB_T-Mobile_Minor Damage,25.0,https://www.ocbuyback.com/sell/cell-phone/samsung/galaxy-note-20-ultra
Galaxy Note 20 Ultra_128GB_Verizon_Flawless,80.0,https://www.ocbuyback.com/sell/cell-phone/samsung/galaxy-note-20-ultra
Galaxy Note 20 Ultra_128GB_Verizon_Good ,60.0,https://www.ocbuyback.com/sell/cell-phone/samsung/galaxy-note-20-ultra
Galaxy Note 20 Ultra_128GB_Verizon_Fair,30.0,https://www.ocbuyback.com/sell/cell-phone/samsung/galaxy-note-20-ultra
Galaxy Note 20 Ultra_128GB_Verizon_Minor Damage,10.0,https://www.ocbuyback.com/sell/cell-phone/samsung/galaxy-note-20-ultra
Galaxy Note 20 Ultra_128GB_Unlocked_Flawless,170.0,https://www.ocbuyback.com/sell/cell-phone/samsung/galaxy-note-20-ultra
Galaxy Note 20 Ultra_128GB_Unlocked_Good ,150.0,https://www.ocbuyback.com/sell/cell-phone/samsung/galaxy-note-20-ultra
Galaxy Note 20 Ultra_128GB_Unlocked_Fair,100.0,https://www.ocbuyback.com/sell/cell-phone/samsung/galaxy-note-20-ultra
Galaxy Note 20 Ultra_128GB_Unlocked_Minor Damage,30.0,https://www.ocbuyback.com/sell/cell-phone/samsung/galaxy-note-20-ultra
Galaxy Note 20 Ultra_512GB_AT&T_Flawless,165.0,https://www.ocbuyback.com/sell/cell-phone/samsung/galaxy-note-20-ultra
Galaxy Note 20 Ultra_512GB_AT&T_Good ,145.0,https://www.ocbuyback.com/sell/cell-phone/samsung/galaxy-note-20-ultra
Galaxy Note 20 Ultra_512GB_AT&T_Fair,95.0,https://www.ocbuyback.com/sell/cell-phone/samsung/galaxy-note-20-ultra
Galaxy Note 20 Ultra_512GB_AT&T_Minor Damage,27.0,https://www.ocbuyback.com/sell/cell-phone/samsung/galaxy-note-20-ultra
Galaxy Note 20 Ultra_512GB_T-Mobile_Flawless,115.0,https://www.ocbuyback.com/sell/cell-phone/samsung/galaxy-note-20-ultra
Galaxy Note 20 Ultra_512GB_T-Mobile_Good ,95.0,https://www.ocbuyback.com/sell/cell-phone/samsung/galaxy-note-20-ultra
Galaxy Note 20 Ultra_512GB_T-Mobile_Fair,45.0,https://www.ocbuyback.com/sell/cell-phone/samsung/galaxy-note-20-ultra
Galaxy Note 20 Ultra_512GB_T-Mobile_Minor Damage,25.0,https://www.ocbuyback.com/sell/cell-phone/samsung/galaxy-note-20-ultra
Galaxy Note 20 Ultra_512GB_Verizon_Flawless,90.0,https://www.ocbuyback.com/sell/cell-phone/samsung/galaxy-note-20-ultra
Galaxy Note 20 Ultra_512GB_Verizon_Good ,70.0,https://www.ocbuyback.com/sell/cell-phone/samsung/galaxy-note-20-ultra
Galaxy Note 20 Ultra_512GB_Verizon_Fair,30.0,https://www.ocbuyback.com/sell/cell-phone/samsung/galaxy-note-20-ultra
Galaxy Note 20 Ultra_512GB_Verizon_Minor Damage,10.0,https://www.ocbuyback.com/sell/cell-phone/samsung/galaxy-note-20-ultra
Galaxy Note 20 Ultra_512GB_Unlocked_Flawless,190.0,https://www.ocbuyback.com/sell/cell-phone/samsung/galaxy-note-20-ultra
Galaxy Note 20 Ultra_512GB_Unlocked_Good ,170.0,https://www.ocbuyback.com/sell/cell-phone/samsung/galaxy-note-20-ultra
Galaxy Note 20 Ultra_512GB_Unlocked_Fair,120.0,https://www.ocbuyback.com/sell/cell-phone/samsung/galaxy-note-20-ultra
Galaxy Note 20 Ultra_512GB_Unlocked_Minor Damage,30.0,https://www.ocbuyback.com/sell/cell-phone/samsung/galaxy-note-20-ultra
Galaxy S21_128GB_AT&T_Flawless,50.0,https://www.ocbuyback.com/sell/cell-phone/samsung/galaxy-s21
Galaxy S21_128GB_AT&T_Good ,35.0,https://www.ocbuyback.com/sell/cell-phone/samsung/galaxy-s21
Galaxy S21_128GB_AT&T_Fair,25.0,https://www.ocbuyback.com/sell/cell-phone/samsung/galaxy-s21
Galaxy S21_128GB_AT&T_Minor Damage,10.0,https://www.ocbuyback.com/sell/cell-phone/samsung/galaxy-s21
Galaxy S21_128GB_AT&T_Broken,5.0,https://www.ocbuyback.com/sell/cell-phone/samsung/galaxy-s21
Galaxy S21_128GB_T-Mobile_Flawless,30.0,https://www.ocbuyback.com/sell/cell-phone/samsung/galaxy-s21
Galaxy S21_128GB_T-Mobile_Good ,15.0,https://www.ocbuyback.com/sell/cell-phone/samsung/galaxy-s21
Galaxy S21_128GB_T-Mobile_Fair,5.0,https://www.ocbuyback.com/sell/cell-phone/samsung/galaxy-s21
Galaxy S21_128GB_T-Mobile_Minor Damage,5.0,https://www.ocbuyback.com/sell/cell-phone/samsung/galaxy-s21
Galaxy S21_128GB_T-Mobile_Broken,5.0,https://www.ocbuyback.com/sell/cell-phone/samsung/galaxy-s21
Galaxy S21_128GB_Verizon_Flawless,30.0,https://www.ocbuyback.com/sell/cell-phone/samsung/galaxy-s21
Galaxy S21_128GB_Verizon_Good ,15.0,https://www.ocbuyback.com/sell/cell-phone/samsung/galaxy-s21
Galaxy S21_128GB_Verizon_Fair,5.0,https://www.ocbuyback.com/sell/cell-phone/samsung/galaxy-s21
Galaxy S21_128GB_Verizon_Minor Damage,5.0,https://www.ocbuyback.com/sell/cell-phone/samsung/galaxy-s21
Galaxy S21_128GB_Verizon_Broken,5.0,https://www.ocbuyback.com/sell/cell-phone/samsung/galaxy-s21
Galaxy S21_128GB_Unlocked_Flawless,60.0,https://www.ocbuyback.com/sell/cell-phone/samsung/galaxy-s21
Galaxy S21_128GB_Unlocked_Good ,45.0,https://www.ocbuyback.com/sell/cell-phone/samsung/galaxy-s21
Galaxy S21_128GB_Unlocked_Fair,35.0,https://www.ocbuyback.com/sell/cell-phone/samsung/galaxy-s21
Galaxy S21_128GB_Unlocked_Minor Damage,10.0,https://www.ocbuyback.com/sell/cell-phone/samsung/galaxy-s21
Galaxy S21_128GB_Unlocked_Broken,5.0,https://www.ocbuyback.com/sell/cell-phone/samsung/galaxy-s21
Galaxy S21 FE_128GB_AT&T_Flawless,45.0,https://www.ocbuyback.com/sell/cell-phone/samsung/galaxy-s21-fe
Galaxy S21 FE_128GB_AT&T_Good ,35.0,https://www.ocbuyback.com/sell/cell-phone/samsung/galaxy-s21-fe
Galaxy S21 FE_128GB_AT&T_Fair,10.0,https://www.ocbuyback.com/sell/cell-phone/samsung/galaxy-s21-fe
Galaxy S21 FE_128GB_AT&T_Minor Damage,5.0,https://www.ocbuyback.com/sell/cell-phone/samsung/galaxy-s21-fe
Galaxy S21 FE_128GB_T-Mobile_Flawless,25.0,https://www.ocbuyback.com/sell/cell-phone/samsung/galaxy-s21-fe
Galaxy S21 FE_128GB_T-Mobile_Good ,15.0,https://www.ocbuyback.com/sell/cell-phone/samsung/galaxy-s21-fe
Galaxy S21 FE_128GB_T-Mobile_Fair,10.0,https://www.ocbuyback.com/sell/cell-phone/samsung/galaxy-s21-fe
Galaxy S21 FE_128GB_T-Mobile_Minor Damage,5.0,https://www.ocbuyback.com/sell/cell-phone/samsung/galaxy-s21-fe
Galaxy S21 FE_128GB_Verizon_Flawless,20.0,https://www.ocbuyback.com/sell/cell-phone/samsung/galaxy-s21-fe
Galaxy S21 FE_128GB_Verizon_Good ,10.0,https://www.ocbuyback.com/sell/cell-phone/samsung/galaxy-s21-fe
Galaxy S21 FE_128GB_Verizon_Fair,5.0,https://www.ocbuyback.com/sell/cell-phone/samsung/galaxy-s21-fe
Galaxy S21 FE_128GB_Verizon_Minor Damage,5.0,https://www.ocbuyback.com/sell/cell-phone/samsung/galaxy-s21-fe
Galaxy S21 FE_128GB_Unlocked_Flawless,65.0,https://www.ocbuyback.com/sell/cell-phone/samsung/galaxy-s21-fe
Galaxy S21 FE_128GB_Unlocked_Good ,55.0,https://www.ocbuyback.com/sell/cell-phone/samsung/galaxy-s21-fe
Galaxy S21 FE_128GB_Unlocked_Fair,20.0,https://www.ocbuyback.com/sell/cell-phone/samsung/galaxy-s21-fe
Galaxy S21 FE_128GB_Unlocked_Minor Damage,10.0,https://www.ocbuyback.com/sell/cell-phone/samsung/galaxy-s21-fe
Galaxy S21 FE_256GB_AT&T_Flawless,65.0,https://www.ocbuyback.com/sell/cell-phone/samsung/galaxy-s21-fe
Galaxy S21 FE_256GB_AT&T_Good ,55.0,https://www.ocbuyback.com/sell/cell-phone/samsung/galaxy-s21-fe
Galaxy S21 FE_256GB_AT&T_Fair,20.0,https://www.ocbuyback.com/sell/cell-phone/samsung/galaxy-s21-fe
Galaxy S21 FE_256GB_AT&T_Minor Damage,15.0,https://www.ocbuyback.com/sell/cell-phone/samsung/galaxy-s21-fe
Galaxy S21 FE_256GB_T-Mobile_Flawless,45.0,https://www.ocbuyback.com/sell/cell-phone/samsung/galaxy-s21-fe
Galaxy S21 FE_256GB_T-Mobile_Good ,35.0,https://www.ocbuyback.com/sell/cell-phone/samsung/galaxy-s21-fe
Galaxy S21 FE_256GB_T-Mobile_Fair,10.0,https://www.ocbuyback.com/sell/cell-phone/samsung/galaxy-s21-fe
Galaxy S21 FE_256GB_T-Mobile_Minor Damage,5.0,https://www.ocbuyback.com/sell/cell-phone/samsung/galaxy-s21-fe
Galaxy S21 FE_256GB_Verizon_Flawless,30.0,https://www.ocbuyback.com/sell/cell-phone/samsung/galaxy-s21-fe
Galaxy S21 FE_256GB_Verizon_Good ,20.0,https://www.ocbuyback.com/sell/cell-phone/samsung/galaxy-s21-fe
Galaxy S21 FE_256GB_Verizon_Fair,10.0,https://www.ocbuyback.com/sell/cell-phone/samsung/galaxy-s21-fe
Galaxy S21 FE_256GB_Verizon_Minor Damage,5.0,https://www.ocbuyback.com/sell/cell-phone/samsung/galaxy-s21-fe
Galaxy S21 FE_256GB_Unlocked_Flawless,85.0,https://www.ocbuyback.com/sell/cell-phone/samsung/galaxy-s21-fe
Galaxy S21 FE_256GB_Unlocked_Good ,75.0,https://www.ocbuyback.com/sell/cell-phone/samsung/galaxy-s21-fe
Galaxy S21 FE_256GB_Unlocked_Fair,40.0,https://www.ocbuyback.com/sell/cell-phone/samsung/galaxy-s21-fe
Galaxy S21 FE_256GB_Unlocked_Minor Damage,15.0,https://www.ocbuyback.com/sell/cell-phone/samsung/galaxy-s21-fe
Galaxy S21 Plus_128GB_AT&T_Flawless,55.0,https://www.ocbuyback.com/sell/cell-phone/samsung/galaxy-s21-plus
Galaxy S21 Plus_128GB_AT&T_Good ,45.0,https://www.ocbuyback.com/sell/cell-phone/samsung/galaxy-s21-plus
Galaxy S21 Plus_128GB_AT&T_Fair,25.0,https://www.ocbuyback.com/sell/cell-phone/samsung/galaxy-s21-plus
Galaxy S21 Plus_128GB_AT&T_Minor Damage,15.0,https://www.ocbuyback.com/sell/cell-phone/samsung/galaxy-s21-plus
Galaxy S21 Plus_128GB_T-Mobile_Flawless,55.0,https://www.ocbuyback.com/sell/cell-phone/samsung/galaxy-s21-plus
Galaxy S21 Plus_128GB_T-Mobile_Good ,45.0,https://www.ocbuyback.com/sell/cell-phone/samsung/galaxy-s21-plus
Galaxy S21 Plus_128GB_T-Mobile_Fair,25.0,https://www.ocbuyback.com/sell/cell-phone/samsung/galaxy-s21-plus
Galaxy S21 Plus_128GB_T-Mobile_Minor Damage,10.0,https://www.ocbuyback.com/sell/cell-phone/samsung/galaxy-s21-plus
Galaxy S21 Plus_128GB_Verizon_Flawless,30.0,https://www.ocbuyback.com/sell/cell-phone/samsung/galaxy-s21-plus
Galaxy S21 Plus_128GB_Verizon_Good ,20.0,https://www.ocbuyback.com/sell/cell-phone/samsung/galaxy-s21-plus
Galaxy S21 Plus_128GB_Verizon_Fair,10.0,https://www.ocbuyback.com/sell/cell-phone/samsung/galaxy-s21-plus
Galaxy S21 Plus_128GB_Verizon_Minor Damage,5.0,https://www.ocbuyback.com/sell/cell-phone/samsung/galaxy-s21-plus
Galaxy S21 Plus_128GB_Unlocked_Flawless,70.0,https://www.ocbuyback.com/sell/cell-phone/samsung/galaxy-s21-plus
Galaxy S21 Plus_128GB_Unlocked_Good ,60.0,https://www.ocbuyback.com/sell/cell-phone/samsung/galaxy-s21-plus
Galaxy S21 Plus_128GB_Unlocked_Fair,40.0,https://www.ocbuyback.com/sell/cell-phone/samsung/galaxy-s21-plus
Galaxy S21 Plus_128GB_Unlocked_Minor Damage,20.0,https://www.ocbuyback.com/sell/cell-phone/samsung/galaxy-s21-plus
Galaxy S21 Plus_256GB_AT&T_Flawless,65.0,https://www.ocbuyback.com/sell/cell-phone/samsung/galaxy-s21-plus
Galaxy S21 Plus_256GB_AT&T_Good ,55.0,https://www.ocbuyback.com/sell/cell-phone/samsung/galaxy-s21-plus
Galaxy S21 Plus_256GB_AT&T_Fair,35.0,https://www.ocbuyback.com/sell/cell-phone/samsung/galaxy-s21-plus
Galaxy S21 Plus_256GB_AT&T_Minor Damage,16.0,https://www.ocbuyback.com/sell/cell-phone/samsung/galaxy-s21-plus
Galaxy S21 Plus_256GB_T-Mobile_Flawless,65.0,https://www.ocbuyback.com/sell/cell-phone/samsung/galaxy-s21-plus
Galaxy S21 Plus_256GB_T-Mobile_Good ,55.0,https://www.ocbuyback.com/sell/cell-phone/samsung/galaxy-s21-plus
Galaxy S21 Plus_256GB_T-Mobile_Fair,35.0,https://www.ocbuyback.com/sell/cell-phone/samsung/galaxy-s21-plus
Galaxy S21 Plus_256GB_T-Mobile_Minor Damage,11.0,https://www.ocbuyback.com/sell/cell-phone/samsung/galaxy-s21-plus
Galaxy S21 Plus_256GB_Verizon_Flawless,40.0,https://www.ocbuyback.com/sell/cell-phone/samsung/galaxy-s21-plus
Galaxy S21 Plus_256GB_Verizon_Good ,30.0,https://www.ocbuyback.com/sell/cell-phone/samsung/galaxy-s21-plus
Galaxy S21 Plus_256GB_Verizon_Fair,20.0,https://www.ocbuyback.com/sell/cell-phone/samsung/galaxy-s21-plus
Galaxy S21 Plus_256GB_Verizon_Minor Damage,10.0,https://www.ocbuyback.com/sell/cell-phone/samsung/galaxy-s21-plus
Galaxy S21 Plus_256GB_Unlocked_Flawless,80.0,https://www.ocbuyback.com/sell/cell-phone/samsung/galaxy-s21-plus
Galaxy S21 Plus_256GB_Unlocked_Good ,70.0,https://www.ocbuyback.com/sell/cell-phone/samsung/galaxy-s21-plus
Galaxy S21 Plus_256GB_Unlocked_Fair,50.0,https://www.ocbuyback.com/sell/cell-phone/samsung/galaxy-s21-plus
Galaxy S21 Plus_256GB_Unlocked_Minor Damage,21.0,https://www.ocbuyback.com/sell/cell-phone/samsung/galaxy-s21-plus
Galaxy S21 Ultra_128GB_AT&T_Flawless,90.0,https://www.ocbuyback.com/sell/cell-phone/samsung/galaxy-s21-ultra
Galaxy S21 Ultra_128GB_AT&T_Good ,70.0,https://www.ocbuyback.com/sell/cell-phone/samsung/galaxy-s21-ultra
Galaxy S21 Ultra_128GB_AT&T_Fair,55.0,https://www.ocbuyback.com/sell/cell-phone/samsung/galaxy-s21-ultra
Galaxy S21 Ultra_128GB_AT&T_Minor Damage,20.0,https://www.ocbuyback.com/sell/cell-phone/samsung/galaxy-s21-ultra
Galaxy S21 Ultra_128GB_AT&T_Broken,5.0,https://www.ocbuyback.com/sell/cell-phone/samsung/galaxy-s21-ultra
Galaxy S21 Ultra_128GB_T-Mobile_Flawless,60.0,https://www.ocbuyback.com/sell/cell-phone/samsung/galaxy-s21-ultra
Galaxy S21 Ultra_128GB_T-Mobile_Good ,40.0,https://www.ocbuyback.com/sell/cell-phone/samsung/galaxy-s21-ultra
Galaxy S21 Ultra_128GB_T-Mobile_Fair,25.0,https://www.ocbuyback.com/sell/cell-phone/samsung/galaxy-s21-ultra
Galaxy S21 Ultra_128GB_T-Mobile_Minor Damage,10.0,https://www.ocbuyback.com/sell/cell-phone/samsung/galaxy-s21-ultra
Galaxy S21 Ultra_128GB_T-Mobile_Broken,5.0,https://www.ocbuyback.com/sell/cell-phone/samsung/galaxy-s21-ultra
Galaxy S21 Ultra_128GB_Verizon_Flawless,60.0,https://www.ocbuyback.com/sell/cell-phone/samsung/galaxy-s21-ultra
Galaxy S21 Ultra_128GB_Verizon_Good ,40.0,https://www.ocbuyback.com/sell/cell-phone/samsung/galaxy-s21-ultra
Galaxy S21 Ultra_128GB_Verizon_Fair,25.0,https://www.ocbuyback.com/sell/cell-phone/samsung/galaxy-s21-ultra
Galaxy S21 Ultra_128GB_Verizon_Minor Damage,10.0,https://www.ocbuyback.com/sell/cell-phone/samsung/galaxy-s21-ultra
Galaxy S21 Ultra_128GB_Verizon_Broken,5.0,https://www.ocbuyback.com/sell/cell-phone/samsung/galaxy-s21-ultra
Galaxy S21 Ultra_128GB_Unlocked_Flawless,100.0,https://www.ocbuyback.com/sell/cell-phone/samsung/galaxy-s21-ultra
Galaxy S21 Ultra_128GB_Unlocked_Good ,80.0,https://www.ocbuyback.com/sell/cell-phone/samsung/galaxy-s21-ultra
Galaxy S21 Ultra_128GB_Unlocked_Fair,65.0,https://www.ocbuyback.com/sell/cell-phone/samsung/galaxy-s21-ultra
Galaxy S21 Ultra_128GB_Unlocked_Minor Damage,30.0,https://www.ocbuyback.com/sell/cell-phone/samsung/galaxy-s21-ultra
Galaxy S21 Ultra_128GB_Unlocked_Broken,5.0,https://www.ocbuyback.com/sell/cell-phone/samsung/galaxy-s21-ultra
Galaxy S21 Ultra_256GB_AT&T_Flawless,100.0,https://www.ocbuyback.com/sell/cell-phone/samsung/galaxy-s21-ultra
Galaxy S21 Ultra_256GB_AT&T_Good ,80.0,https://www.ocbuyback.com/sell/cell-phone/samsung/galaxy-s21-ultra
Galaxy S21 Ultra_256GB_AT&T_Fair,65.0,https://www.ocbuyback.com/sell/cell-phone/samsung/galaxy-s21-ultra
Galaxy S21 Ultra_256GB_AT&T_Minor Damage,20.0,https://www.ocbuyback.com/sell/cell-phone/samsung/galaxy-s21-ultra
Galaxy S21 Ultra_256GB_AT&T_Broken,5.0,https://www.ocbuyback.com/sell/cell-phone/samsung/galaxy-s21-ultra
Galaxy S21 Ultra_256GB_T-Mobile_Flawless,70.0,https://www.ocbuyback.com/sell/cell-phone/samsung/galaxy-s21-ultra
Galaxy S21 Ultra_256GB_T-Mobile_Good ,50.0,https://www.ocbuyback.com/sell/cell-phone/samsung/galaxy-s21-ultra
Galaxy S21 Ultra_256GB_T-Mobile_Fair,35.0,https://www.ocbuyback.com/sell/cell-phone/samsung/galaxy-s21-ultra
Galaxy S21 Ultra_256GB_T-Mobile_Minor Damage,10.0,https://www.ocbuyback.com/sell/cell-phone/samsung/galaxy-s21-ultra
Galaxy S21 Ultra_256GB_T-Mobile_Broken,5.0,https://www.ocbuyback.com/sell/cell-phone/samsung/galaxy-s21-ultra
Galaxy S21 Ultra_256GB_Verizon_Flawless,70.0,https://www.ocbuyback.com/sell/cell-phone/samsung/galaxy-s21-ultra
Galaxy S21 Ultra_256GB_Verizon_Good ,50.0,https://www.ocbuyback.com/sell/cell-phone/samsung/galaxy-s21-ultra
Galaxy S21 Ultra_256GB_Verizon_Fair,35.0,https://www.ocbuyback.com/sell/cell-phone/samsung/galaxy-s21-ultra
Galaxy S21 Ultra_256GB_Verizon_Minor Damage,10.0,https://www.ocbuyback.com/sell/cell-phone/samsung/galaxy-s21-ultra
Galaxy S21 Ultra_256GB_Verizon_Broken,5.0,https://www.ocbuyback.com/sell/cell-phone/samsung/galaxy-s21-ultra
Galaxy S21 Ultra_256GB_Unlocked_Flawless,110.0,https://www.ocbuyback.com/sell/cell-phone/samsung/galaxy-s21-ultra
Galaxy S21 Ultra_256GB_Unlocked_Good ,90.0,https://www.ocbuyback.com/sell/cell-phone/samsung/galaxy-s21-ultra
Galaxy S21 Ultra_256GB_Unlocked_Fair,75.0,https://www.ocbuyback.com/sell/cell-phone/samsung/galaxy-s21-ultra
Galaxy S21 Ultra_256GB_Unlocked_Minor Damage,30.0,https://www.ocbuyback.com/sell/cell-phone/samsung/galaxy-s21-ultra
Galaxy S21 Ultra_256GB_Unlocked_Broken,5.0,https://www.ocbuyback.com/sell/cell-phone/samsung/galaxy-s21-ultra
Galaxy S21 Ultra_512GB_AT&T_Flawless,105.0,https://www.ocbuyback.com/sell/cell-phone/samsung/galaxy-s21-ultra
Galaxy S21 Ultra_512GB_AT&T_Good ,85.0,https://www.ocbuyback.com/sell/cell-phone/samsung/galaxy-s21-ultra
Galaxy S21 Ultra_512GB_AT&T_Fair,70.0,https://www.ocbuyback.com/sell/cell-phone/samsung/galaxy-s21-ultra
Galaxy S21 Ultra_512GB_AT&T_Minor Damage,25.0,https://www.ocbuyback.com/sell/cell-phone/samsung/galaxy-s21-ultra
Galaxy S21 Ultra_512GB_AT&T_Broken,5.0,https://www.ocbuyback.com/sell/cell-phone/samsung/galaxy-s21-ultra
Galaxy S21 Ultra_512GB_T-Mobile_Flawless,75.0,https://www.ocbuyback.com/sell/cell-phone/samsung/galaxy-s21-ultra
Galaxy S21 Ultra_512GB_T-Mobile_Good ,55.0,https://www.ocbuyback.com/sell/cell-phone/samsung/galaxy-s21-ultra
Galaxy S21 Ultra_512GB_T-Mobile_Fair,40.0,https://www.ocbuyback.com/sell/cell-phone/samsung/galaxy-s21-ultra
Galaxy S21 Ultra_512GB_T-Mobile_Minor Damage,10.0,https://www.ocbuyback.com/sell/cell-phone/samsung/galaxy-s21-ultra
Galaxy S21 Ultra_512GB_T-Mobile_Broken,5.0,https://www.ocbuyback.com/sell/cell-phone/samsung/galaxy-s21-ultra
Galaxy S21 Ultra_512GB_Verizon_Flawless,75.0,https://www.ocbuyback.com/sell/cell-phone/samsung/galaxy-s21-ultra
Galaxy S21 Ultra_512GB_Verizon_Good ,55.0,https://www.ocbuyback.com/sell/cell-phone/samsung/galaxy-s21-ultra
Galaxy S21 Ultra_512GB_Verizon_Fair,40.0,https://www.ocbuyback.com/sell/cell-phone/samsung/galaxy-s21-ultra
Galaxy S21 Ultra_512GB_Verizon_Minor Damage,10.0,https://www.ocbuyback.com/sell/cell-phone/samsung/galaxy-s21-ultra
Galaxy S21 Ultra_512GB_Verizon_Broken,5.0,https://www.ocbuyback.com/sell/cell-phone/samsung/galaxy-s21-ultra
Galaxy S21 Ultra_512GB_Unlocked_Flawless,115.0,https://www.ocbuyback.com/sell/cell-phone/samsung/galaxy-s21-ultra
Galaxy S21 Ultra_512GB_Unlocked_Good ,95.0,https://www.ocbuyback.com/sell/cell-phone/samsung/galaxy-s21-ultra
Galaxy S21 Ultra_512GB_Unlocked_Fair,80.0,https://www.ocbuyback.com/sell/cell-phone/samsung/galaxy-s21-ultra
Galaxy S21 Ultra_512GB_Unlocked_Minor Damage,30.0,https://www.ocbuyback.com/sell/cell-phone/samsung/galaxy-s21-ultra
Galaxy S21 Ultra_512GB_Unlocked_Broken,5.0,https://www.ocbuyback.com/sell/cell-phone/samsung/galaxy-s21-ultra
Galaxy S22_128GB_AT&T_Flawless,70.0,https://www.ocbuyback.com/sell/cell-phone/samsung/galaxy-s22
Galaxy S22_128GB_AT&T_Good ,55.0,https://www.ocbuyback.com/sell/cell-phone/samsung/galaxy-s22
Galaxy S22_128GB_AT&T_Fair,35.0,https://www.ocbuyback.com/sell/cell-phone/samsung/galaxy-s22
Galaxy S22_128GB_AT&T_Minor Damage,20.0,https://www.ocbuyback.com/sell/cell-phone/samsung/galaxy-s22
Galaxy S22_128GB_AT&T_Broken,5.0,https://www.ocbuyback.com/sell/cell-phone/samsung/galaxy-s22
Galaxy S22_128GB_T-Mobile_Flawless,50.0,https://www.ocbuyback.com/sell/cell-phone/samsung/galaxy-s22
Galaxy S22_128GB_T-Mobile_Good ,45.0,https://www.ocbuyback.com/sell/cell-phone/samsung/galaxy-s22
Galaxy S22_128GB_T-Mobile_Fair,20.0,https://www.ocbuyback.com/sell/cell-phone/samsung/galaxy-s22
Galaxy S22_128GB_T-Mobile_Minor Damage,10.0,https://www.ocbuyback.com/sell/cell-phone/samsung/galaxy-s22
Galaxy S22_128GB_Verizon_Flawless,30.0,https://www.ocbuyback.com/sell/cell-phone/samsung/galaxy-s22
Galaxy S22_128GB_Verizon_Good ,15.0,https://www.ocbuyback.com/sell/cell-phone/samsung/galaxy-s22
Galaxy S22_128GB_Verizon_Fair,5.0,https://www.ocbuyback.com/sell/cell-phone/samsung/galaxy-s22
Galaxy S22_128GB_Verizon_Minor Damage,5.0,https://www.ocbuyback.com/sell/cell-phone/samsung/galaxy-s22
Galaxy S22_128GB_Unlocked_Flawless,90.0,https://www.ocbuyback.com/sell/cell-phone/samsung/galaxy-s22
Galaxy S22_128GB_Unlocked_Good ,75.0,https://www.ocbuyback.com/sell/cell-phone/samsung/galaxy-s22
Galaxy S22_128GB_Unlocked_Fair,45.0,https://www.ocbuyback.com/sell/cell-phone/samsung/galaxy-s22
Galaxy S22_128GB_Unlocked_Minor Damage,25.0,https://www.ocbuyback.com/sell/cell-phone/samsung/galaxy-s22
Galaxy S22_256GB_AT&T_Flawless,80.0,https://www.ocbuyback.com/sell/cell-phone/samsung/galaxy-s22
Galaxy S22_256GB_AT&T_Good ,65.0,https://www.ocbuyback.com/sell/cell-phone/samsung/galaxy-s22
Galaxy S22_256GB_AT&T_Fair,35.0,https://www.ocbuyback.com/sell/cell-phone/samsung/galaxy-s22
Galaxy S22_256GB_AT&T_Minor Damage,25.0,https://www.ocbuyback.com/sell/cell-phone/samsung/galaxy-s22
Galaxy S22_256GB_T-Mobile_Flawless,60.0,https://www.ocbuyback.com/sell/cell-phone/samsung/galaxy-s22
Galaxy S22_256GB_T-Mobile_Good ,45.0,https://www.ocbuyback.com/sell/cell-phone/samsung/galaxy-s22
Galaxy S22_256GB_T-Mobile_Fair,20.0,https://www.ocbuyback.com/sell/cell-phone/samsung/galaxy-s22
Galaxy S22_256GB_T-Mobile_Minor Damage,15.0,https://www.ocbuyback.com/sell/cell-phone/samsung/galaxy-s22
Galaxy S22_256GB_Verizon_Flawless,40.0,https://www.ocbuyback.com/sell/cell-phone/samsung/galaxy-s22
Galaxy S22_256GB_Verizon_Good ,25.0,https://www.ocbuyback.com/sell/cell-phone/samsung/galaxy-s22
Galaxy S22_256GB_Verizon_Fair,10.0,https://www.ocbuyback.com/sell/cell-phone/samsung/galaxy-s22
Galaxy S22_256GB_Verizon_Minor Damage,5.0,https://www.ocbuyback.com/sell/cell-phone/samsung/galaxy-s22
Galaxy S22_256GB_Unlocked_Flawless,100.0,https://www.ocbuyback.com/sell/cell-phone/samsung/galaxy-s22
Galaxy S22_256GB_Unlocked_Good ,85.0,https://www.ocbuyback.com/sell/cell-phone/samsung/galaxy-s22
Galaxy S22_256GB_Unlocked_Fair,55.0,https://www.ocbuyback.com/sell/cell-phone/samsung/galaxy-s22
Galaxy S22_256GB_Unlocked_Minor Damage,30.0,https://www.ocbuyback.com/sell/cell-phone/samsung/galaxy-s22
Galaxy S22 Plus_128GB_AT&T_Flawless,80.0,https://www.ocbuyback.com/sell/cell-phone/samsung/galaxy-s22-plus
Galaxy S22 Plus_128GB_AT&T_Good ,65.0,https://www.ocbuyback.com/sell/cell-phone/samsung/galaxy-s22-plus
Galaxy S22 Plus_128GB_AT&T_Fair,40.0,https://www.ocbuyback.com/sell/cell-phone/samsung/galaxy-s22-plus
Galaxy S22 Plus_128GB_AT&T_Minor Damage,25.0,https://www.ocbuyback.com/sell/cell-phone/samsung/galaxy-s22-plus
Galaxy S22 Plus_128GB_T-Mobile_Flawless,50.0,https://www.ocbuyback.com/sell/cell-phone/samsung/galaxy-s22-plus
Galaxy S22 Plus_128GB_T-Mobile_Good ,35.0,https://www.ocbuyback.com/sell/cell-phone/samsung/galaxy-s22-plus
Galaxy S22 Plus_128GB_T-Mobile_Fair,10.0,https://www.ocbuyback.com/sell/cell-phone/samsung/galaxy-s22-plus
Galaxy S22 Plus_128GB_T-Mobile_Minor Damage,5.0,https://www.ocbuyback.com/sell/cell-phone/samsung/galaxy-s22-plus
Galaxy S22 Plus_128GB_Verizon_Flawless,35.0,https://www.ocbuyback.com/sell/cell-phone/samsung/galaxy-s22-plus
Galaxy S22 Plus_128GB_Verizon_Good ,20.0,https://www.ocbuyback.com/sell/cell-phone/samsung/galaxy-s22-plus
Galaxy S22 Plus_128GB_Verizon_Fair,10.0,https://www.ocbuyback.com/sell/cell-phone/samsung/galaxy-s22-plus
Galaxy S22 Plus_128GB_Verizon_Minor Damage,5.0,https://www.ocbuyback.com/sell/cell-phone/samsung/galaxy-s22-plus
Galaxy S22 Plus_128GB_Unlocked_Flawless,110.0,https://www.ocbuyback.com/sell/cell-phone/samsung/galaxy-s22-plus
Galaxy S22 Plus_128GB_Unlocked_Good ,95.0,https://www.ocbuyback.com/sell/cell-phone/samsung/galaxy-s22-plus
Galaxy S22 Plus_128GB_Unlocked_Fair,70.0,https://www.ocbuyback.com/sell/cell-phone/samsung/galaxy-s22-plus
Galaxy S22 Plus_128GB_Unlocked_Minor Damage,30.0,https://www.ocbuyback.com/sell/cell-phone/samsung/galaxy-s22-plus
Galaxy S22 Plus_256GB_AT&T_Flawless,90.0,https://www.ocbuyback.com/sell/cell-phone/samsung/galaxy-s22-plus
Galaxy S22 Plus_256GB_AT&T_Good ,75.0,https://www.ocbuyback.com/sell/cell-phone/samsung/galaxy-s22-plus
Galaxy S22 Plus_256GB_AT&T_Fair,50.0,https://www.ocbuyback.com/sell/cell-phone/samsung/galaxy-s22-plus
Galaxy S22 Plus_256GB_AT&T_Minor Damage,30.0,https://www.ocbuyback.com/sell/cell-phone/samsung/galaxy-s22-plus
Galaxy S22 Plus_256GB_T-Mobile_Flawless,60.0,https://www.ocbuyback.com/sell/cell-phone/samsung/galaxy-s22-plus
Galaxy S22 Plus_256GB_T-Mobile_Good ,45.0,https://www.ocbuyback.com/sell/cell-phone/samsung/galaxy-s22-plus
Galaxy S22 Plus_256GB_T-Mobile_Fair,20.0,https://www.ocbuyback.com/sell/cell-phone/samsung/galaxy-s22-plus
Galaxy S22 Plus_256GB_T-Mobile_Minor Damage,10.0,https://www.ocbuyback.com/sell/cell-phone/samsung/galaxy-s22-plus
Galaxy S22 Plus_256GB_Verizon_Flawless,45.0,https://www.ocbuyback.com/sell/cell-phone/samsung/galaxy-s22-plus
Galaxy S22 Plus_256GB_Verizon_Good ,30.0,https://www.ocbuyback.com/sell/cell-phone/samsung/galaxy-s22-plus
Galaxy S22 Plus_256GB_Verizon_Fair,10.0,https://www.ocbuyback.com/sell/cell-phone/samsung/galaxy-s22-plus
Galaxy S22 Plus_256GB_Verizon_Minor Damage,5.0,https://www.ocbuyback.com/sell/cell-phone/samsung/galaxy-s22-plus
Galaxy S22 Plus_256GB_Unlocked_Flawless,120.0,https://www.ocbuyback.com/sell/cell-phone/samsung/galaxy-s22-plus
Galaxy S22 Plus_256GB_Unlocked_Good ,105.0,https://www.ocbuyback.com/sell/cell-phone/samsung/galaxy-s22-plus
Galaxy S22 Plus_256GB_Unlocked_Fair,80.0,https://www.ocbuyback.com/sell/cell-phone/samsung/galaxy-s22-plus
Galaxy S22 Plus_256GB_Unlocked_Minor Damage,35.0,https://www.ocbuyback.com/sell/cell-phone/samsung/galaxy-s22-plus
Galaxy S22 Ultra_128GB_AT&T_Brand New,165.0,https://www.ocbuyback.com/sell/cell-phone/samsung/galaxy-s22-ultra
Galaxy S22 Ultra_128GB_AT&T_Flawless,115.0,https://www.ocbuyback.com/sell/cell-phone/samsung/galaxy-s22-ultra
Galaxy S22 Ultra_128GB_AT&T_Good ,95.0,https://www.ocbuyback.com/sell/cell-phone/samsung/galaxy-s22-ultra
Galaxy S22 Ultra_128GB_AT&T_Fair,55.0,https://www.ocbuyback.com/sell/cell-phone/samsung/galaxy-s22-ultra
Galaxy S22 Ultra_128GB_AT&T_Minor Damage,20.0,https://www.ocbuyback.com/sell/cell-phone/samsung/galaxy-s22-ultra
Galaxy S22 Ultra_128GB_AT&T_Broken,5.0,https://www.ocbuyback.com/sell/cell-phone/samsung/galaxy-s22-ultra
Galaxy S22 Ultra_128GB_T-Mobile_Brand New,160.0,https://www.ocbuyback.com/sell/cell-phone/samsung/galaxy-s22-ultra
Galaxy S22 Ultra_128GB_T-Mobile_Flawless,110.0,https://www.ocbuyback.com/sell/cell-phone/samsung/galaxy-s22-ultra
Galaxy S22 Ultra_128GB_T-Mobile_Good ,90.0,https://www.ocbuyback.com/sell/cell-phone/samsung/galaxy-s22-ultra
Galaxy S22 Ultra_128GB_T-Mobile_Fair,50.0,https://www.ocbuyback.com/sell/cell-phone/samsung/galaxy-s22-ultra
Galaxy S22 Ultra_128GB_T-Mobile_Minor Damage,20.0,https://www.ocbuyback.com/sell/cell-phone/samsung/galaxy-s22-ultra
Galaxy S22 Ultra_128GB_T-Mobile_Broken,5.0,https://www.ocbuyback.com/sell/cell-phone/samsung/galaxy-s22-ultra
Galaxy S22 Ultra_128GB_Verizon_Brand New,110.0,https://www.ocbuyback.com/sell/cell-phone/samsung/galaxy-s22-ultra
Galaxy S22 Ultra_128GB_Verizon_Flawless,60.0,https://www.ocbuyback.com/sell/cell-phone/samsung/galaxy-s22-ultra
Galaxy S22 Ultra_128GB_Verizon_Good ,40.0,https://www.ocbuyback.com/sell/cell-phone/samsung/galaxy-s22-ultra
Galaxy S22 Ultra_128GB_Verizon_Fair,20.0,https://www.ocbuyback.com/sell/cell-phone/samsung/galaxy-s22-ultra
Galaxy S22 Ultra_128GB_Verizon_Minor Damage,10.0,https://www.ocbuyback.com/sell/cell-phone/samsung/galaxy-s22-ultra
Galaxy S22 Ultra_128GB_Verizon_Broken,5.0,https://www.ocbuyback.com/sell/cell-phone/samsung/galaxy-s22-ultra
Galaxy S22 Ultra_128GB_Unlocked_Brand New,195.0,https://www.ocbuyback.com/sell/cell-phone/samsung/galaxy-s22-ultra
Galaxy S22 Ultra_128GB_Unlocked_Flawless,145.0,https://www.ocbuyback.com/sell/cell-phone/samsung/galaxy-s22-ultra
Galaxy S22 Ultra_128GB_Unlocked_Good ,125.0,https://www.ocbuyback.com/sell/cell-phone/samsung/galaxy-s22-ultra
Galaxy S22 Ultra_128GB_Unlocked_Fair,85.0,https://www.ocbuyback.com/sell/cell-phone/samsung/galaxy-s22-ultra
Galaxy S22 Ultra_128GB_Unlocked_Minor Damage,30.0,https://www.ocbuyback.com/sell/cell-phone/samsung/galaxy-s22-ultra
Galaxy S22 Ultra_128GB_Unlocked_Broken,5.0,https://www.ocbuyback.com/sell/cell-phone/samsung/galaxy-s22-ultra
Galaxy S22 Ultra_256GB_AT&T_Brand New,180.0,https://www.ocbuyback.com/sell/cell-phone/samsung/galaxy-s22-ultra
Galaxy S22 Ultra_256GB_AT&T_Flawless,130.0,https://www.ocbuyback.com/sell/cell-phone/samsung/galaxy-s22-ultra
Galaxy S22 Ultra_256GB_AT&T_Good ,110.0,https://www.ocbuyback.com/sell/cell-phone/samsung/galaxy-s22-ultra
Galaxy S22 Ultra_256GB_AT&T_Fair,70.0,https://www.ocbuyback.com/sell/cell-phone/samsung/galaxy-s22-ultra
Galaxy S22 Ultra_256GB_AT&T_Minor Damage,20.0,https://www.ocbuyback.com/sell/cell-phone/samsung/galaxy-s22-ultra
Galaxy S22 Ultra_256GB_AT&T_Broken,5.0,https://www.ocbuyback.com/sell/cell-phone/samsung/galaxy-s22-ultra
Galaxy S22 Ultra_256GB_T-Mobile_Brand New,175.0,https://www.ocbuyback.com/sell/cell-phone/samsung/galaxy-s22-ultra
Galaxy S22 Ultra_256GB_T-Mobile_Flawless,125.0,https://www.ocbuyback.com/sell/cell-phone/samsung/galaxy-s22-ultra
Galaxy S22 Ultra_256GB_T-Mobile_Good ,105.0,https://www.ocbuyback.com/sell/cell-phone/samsung/galaxy-s22-ultra
Galaxy S22 Ultra_256GB_T-Mobile_Fair,65.0,https://www.ocbuyback.com/sell/cell-phone/samsung/galaxy-s22-ultra
Galaxy S22 Ultra_256GB_T-Mobile_Minor Damage,20.0,https://www.ocbuyback.com/sell/cell-phone/samsung/galaxy-s22-ultra
Galaxy S22 Ultra_256GB_T-Mobile_Broken,5.0,https://www.ocbuyback.com/sell/cell-phone/samsung/galaxy-s22-ultra
Galaxy S22 Ultra_256GB_Verizon_Brand New,125.0,https://www.ocbuyback.com/sell/cell-phone/samsung/galaxy-s22-ultra
Galaxy S22 Ultra_256GB_Verizon_Flawless,75.0,https://www.ocbuyback.com/sell/cell-phone/samsung/galaxy-s22-ultra
Galaxy S22 Ultra_256GB_Verizon_Good ,55.0,https://www.ocbuyback.com/sell/cell-phone/samsung/galaxy-s22-ultra
Galaxy S22 Ultra_256GB_Verizon_Fair,30.0,https://www.ocbuyback.com/sell/cell-phone/samsung/galaxy-s22-ultra
Galaxy S22 Ultra_256GB_Verizon_Minor Damage,20.0,https://www.ocbuyback.com/sell/cell-phone/samsung/galaxy-s22-ultra
Galaxy S22 Ultra_256GB_Verizon_Broken,5.0,https://www.ocbuyback.com/sell/cell-phone/samsung/galaxy-s22-ultra
Galaxy S22 Ultra_256GB_Unlocked_Brand New,210.0,https://www.ocbuyback.com/sell/cell-phone/samsung/galaxy-s22-ultra
Galaxy S22 Ultra_256GB_Unlocked_Flawless,160.0,https://www.ocbuyback.com/sell/cell-phone/samsung/galaxy-s22-ultra
Galaxy S22 Ultra_256GB_Unlocked_Good ,140.0,https://www.ocbuyback.com/sell/cell-phone/samsung/galaxy-s22-ultra
Galaxy S22 Ultra_256GB_Unlocked_Fair,100.0,https://www.ocbuyback.com/sell/cell-phone/samsung/galaxy-s22-ultra
Galaxy S22 Ultra_256GB_Unlocked_Minor Damage,30.0,https://www.ocbuyback.com/sell/cell-phone/samsung/galaxy-s22-ultra
Galaxy S22 Ultra_256GB_Unlocked_Broken,5.0,https://www.ocbuyback.com/sell/cell-phone/samsung/galaxy-s22-ultra
Galaxy S22 Ultra_512GB_AT&T_Brand New,185.0,https://www.ocbuyback.com/sell/cell-phone/samsung/galaxy-s22-ultra
Galaxy S22 Ultra_512GB_AT&T_Flawless,135.0,https://www.ocbuyback.com/sell/cell-phone/samsung/galaxy-s22-ultra
Galaxy S22 Ultra_512GB_AT&T_Good ,115.0,https://www.ocbuyback.com/sell/cell-phone/samsung/galaxy-s22-ultra
Galaxy S22 Ultra_512GB_AT&T_Fair,75.0,https://www.ocbuyback.com/sell/cell-phone/samsung/galaxy-s22-ultra
Galaxy S22 Ultra_512GB_AT&T_Minor Damage,25.0,https://www.ocbuyback.com/sell/cell-phone/samsung/galaxy-s22-ultra
Galaxy S22 Ultra_512GB_AT&T_Broken,5.0,https://www.ocbuyback.com/sell/cell-phone/samsung/galaxy-s22-ultra
Galaxy S22 Ultra_512GB_T-Mobile_Brand New,180.0,https://www.ocbuyback.com/sell/cell-phone/samsung/galaxy-s22-ultra
Galaxy S22 Ultra_512GB_T-Mobile_Flawless,130.0,https://www.ocbuyback.com/sell/cell-phone/samsung/galaxy-s22-ultra
Galaxy S22 Ultra_512GB_T-Mobile_Good ,110.0,https://www.ocbuyback.com/sell/cell-phone/samsung/galaxy-s22-ultra
Galaxy S22 Ultra_512GB_T-Mobile_Fair,70.0,https://www.ocbuyback.com/sell/cell-phone/samsung/galaxy-s22-ultra
Galaxy S22 Ultra_512GB_T-Mobile_Minor Damage,15.0,https://www.ocbuyback.com/sell/cell-phone/samsung/galaxy-s22-ultra
Galaxy S22 Ultra_512GB_T-Mobile_Broken,5.0,https://www.ocbuyback.com/sell/cell-phone/samsung/galaxy-s22-ultra
Galaxy S22 Ultra_512GB_Verizon_Brand New,130.0,https://www.ocbuyback.com/sell/cell-phone/samsung/galaxy-s22-ultra
Galaxy S22 Ultra_512GB_Verizon_Flawless,80.0,https://www.ocbuyback.com/sell/cell-phone/samsung/galaxy-s22-ultra
Galaxy S22 Ultra_512GB_Verizon_Good ,60.0,https://www.ocbuyback.com/sell/cell-phone/samsung/galaxy-s22-ultra
Galaxy S22 Ultra_512GB_Verizon_Fair,30.0,https://www.ocbuyback.com/sell/cell-phone/samsung/galaxy-s22-ultra
Galaxy S22 Ultra_512GB_Verizon_Minor Damage,20.0,https://www.ocbuyback.com/sell/cell-phone/samsung/galaxy-s22-ultra
Galaxy S22 Ultra_512GB_Verizon_Broken,5.0,https://www.ocbuyback.com/sell/cell-phone/samsung/galaxy-s22-ultra
Galaxy S22 Ultra_512GB_Unlocked_Brand New,215.0,https://www.ocbuyback.com/sell/cell-phone/samsung/galaxy-s22-ultra
Galaxy S22 Ultra_512GB_Unlocked_Flawless,165.0,https://www.ocbuyback.com/sell/cell-phone/samsung/galaxy-s22-ultra
Galaxy S22 Ultra_512GB_Unlocked_Good ,145.0,https://www.ocbuyback.com/sell/cell-phone/samsung/galaxy-s22-ultra
Galaxy S22 Ultra_512GB_Unlocked_Fair,105.0,https://www.ocbuyback.com/sell/cell-phone/samsung/galaxy-s22-ultra
Galaxy S22 Ultra_512GB_Unlocked_Minor Damage,30.0,https://www.ocbuyback.com/sell/cell-phone/samsung/galaxy-s22-ultra
Galaxy S22 Ultra_512GB_Unlocked_Broken,5.0,https://www.ocbuyback.com/sell/cell-phone/samsung/galaxy-s22-ultra
Galaxy S22 Ultra_1TB_AT&T_Brand New,190.0,https://www.ocbuyback.com/sell/cell-phone/samsung/galaxy-s22-ultra
Galaxy S22 Ultra_1TB_AT&T_Flawless,140.0,https://www.ocbuyback.com/sell/cell-phone/samsung/galaxy-s22-ultra
Galaxy S22 Ultra_1TB_AT&T_Good ,120.0,https://www.ocbuyback.com/sell/cell-phone/samsung/galaxy-s22-ultra
Galaxy S22 Ultra_1TB_AT&T_Fair,80.0,https://www.ocbuyback.com/sell/cell-phone/samsung/galaxy-s22-ultra
Galaxy S22 Ultra_1TB_AT&T_Minor Damage,25.0,https://www.ocbuyback.com/sell/cell-phone/samsung/galaxy-s22-ultra
Galaxy S22 Ultra_1TB_AT&T_Broken,5.0,https://www.ocbuyback.com/sell/cell-phone/samsung/galaxy-s22-ultra
Galaxy S22 Ultra_1TB_T-Mobile_Brand New,185.0,https://www.ocbuyback.com/sell/cell-phone/samsung/galaxy-s22-ultra
Galaxy S22 Ultra_1TB_T-Mobile_Flawless,135.0,https://www.ocbuyback.com/sell/cell-phone/samsung/galaxy-s22-ultra
Galaxy S22 Ultra_1TB_T-Mobile_Good ,115.0,https://www.ocbuyback.com/sell/cell-phone/samsung/galaxy-s22-ultra
Galaxy S22 Ultra_1TB_T-Mobile_Fair,75.0,https://www.ocbuyback.com/sell/cell-phone/samsung/galaxy-s22-ultra
Galaxy S22 Ultra_1TB_T-Mobile_Minor Damage,20.0,https://www.ocbuyback.com/sell/cell-phone/samsung/galaxy-s22-ultra
Galaxy S22 Ultra_1TB_T-Mobile_Broken,5.0,https://www.ocbuyback.com/sell/cell-phone/samsung/galaxy-s22-ultra
Galaxy S22 Ultra_1TB_Verizon_Brand New,135.0,https://www.ocbuyback.com/sell/cell-phone/samsung/galaxy-s22-ultra
Galaxy S22 Ultra_1TB_Verizon_Flawless,85.0,https://www.ocbuyback.com/sell/cell-phone/samsung/galaxy-s22-ultra
Galaxy S22 Ultra_1TB_Verizon_Good ,65.0,https://www.ocbuyback.com/sell/cell-phone/samsung/galaxy-s22-ultra
Galaxy S22 Ultra_1TB_Verizon_Fair,35.0,https://www.ocbuyback.com/sell/cell-phone/samsung/galaxy-s22-ultra
Galaxy S22 Ultra_1TB_Verizon_Minor Damage,20.0,https://www.ocbuyback.com/sell/cell-phone/samsung/galaxy-s22-ultra
Galaxy S22 Ultra_1TB_Verizon_Broken,5.0,https://www.ocbuyback.com/sell/cell-phone/samsung/galaxy-s22-ultra
Galaxy S22 Ultra_1TB_Unlocked_Brand New,220.0,https://www.ocbuyback.com/sell/cell-phone/samsung/galaxy-s22-ultra
Galaxy S22 Ultra_1TB_Unlocked_Flawless,170.0,https://www.ocbuyback.com/sell/cell-phone/samsung/galaxy-s22-ultra
Galaxy S22 Ultra_1TB_Unlocked_Good ,150.0,https://www.ocbuyback.com/sell/cell-phone/samsung/galaxy-s22-ultra
Galaxy S22 Ultra_1TB_Unlocked_Fair,110.0,https://www.ocbuyback.com/sell/cell-phone/samsung/galaxy-s22-ultra
Galaxy S22 Ultra_1TB_Unlocked_Minor Damage,30.0,https://www.ocbuyback.com/sell/cell-phone/samsung/galaxy-s22-ultra
Galaxy S22 Ultra_1TB_Unlocked_Broken,5.0,https://www.ocbuyback.com/sell/cell-phone/samsung/galaxy-s22-ultra
Galaxy S23_128GB_AT&T_Brand New,140.0,https://www.ocbuyback.com/sell/cell-phone/samsung/galaxy-s23
Galaxy S23_128GB_AT&T_Flawless,100.0,https://www.ocbuyback.com/sell/cell-phone/samsung/galaxy-s23
Galaxy S23_128GB_AT&T_Good ,80.0,https://www.ocbuyback.com/sell/cell-phone/samsung/galaxy-s23
Galaxy S23_128GB_AT&T_Fair,40.0,https://www.ocbuyback.com/sell/cell-phone/samsung/galaxy-s23
Galaxy S23_128GB_AT&T_Minor Damage,35.0,https://www.ocbuyback.com/sell/cell-phone/samsung/galaxy-s23
Galaxy S23_128GB_AT&T_Broken,5.0,https://www.ocbuyback.com/sell/cell-phone/samsung/galaxy-s23
Galaxy S23_128GB_T-Mobile_Brand New,140.0,https://www.ocbuyback.com/sell/cell-phone/samsung/galaxy-s23
Galaxy S23_128GB_T-Mobile_Flawless,100.0,https://www.ocbuyback.com/sell/cell-phone/samsung/galaxy-s23
Galaxy S23_128GB_T-Mobile_Good ,80.0,https://www.ocbuyback.com/sell/cell-phone/samsung/galaxy-s23
Galaxy S23_128GB_T-Mobile_Fair,30.0,https://www.ocbuyback.com/sell/cell-phone/samsung/galaxy-s23
Galaxy S23_128GB_T-Mobile_Minor Damage,25.0,https://www.ocbuyback.com/sell/cell-phone/samsung/galaxy-s23
Galaxy S23_128GB_T-Mobile_Broken,5.0,https://www.ocbuyback.com/sell/cell-phone/samsung/galaxy-s23
Galaxy S23_128GB_Verizon_Brand New,90.0,https://www.ocbuyback.com/sell/cell-phone/samsung/galaxy-s23
Galaxy S23_128GB_Verizon_Flawless,50.0,https://www.ocbuyback.com/sell/cell-phone/samsung/galaxy-s23
Galaxy S23_128GB_Verizon_Good ,30.0,https://www.ocbuyback.com/sell/cell-phone/samsung/galaxy-s23
Galaxy S23_128GB_Verizon_Fair,15.0,https://www.ocbuyback.com/sell/cell-phone/samsung/galaxy-s23
Galaxy S23_128GB_Verizon_Minor Damage,5.0,https://www.ocbuyback.com/sell/cell-phone/samsung/galaxy-s23
Galaxy S23_128GB_Verizon_Broken,5.0,https://www.ocbuyback.com/sell/cell-phone/samsung/galaxy-s23
Galaxy S23_128GB_Unlocked_Brand New,190.0,https://www.ocbuyback.com/sell/cell-phone/samsung/galaxy-s23
Galaxy S23_128GB_Unlocked_Flawless,150.0,https://www.ocbuyback.com/sell/cell-phone/samsung/galaxy-s23
Galaxy S23_128GB_Unlocked_Good ,130.0,https://www.ocbuyback.com/sell/cell-phone/samsung/galaxy-s23
Galaxy S23_128GB_Unlocked_Fair,80.0,https://www.ocbuyback.com/sell/cell-phone/samsung/galaxy-s23
Galaxy S23_128GB_Unlocked_Minor Damage,25.0,https://www.ocbuyback.com/sell/cell-phone/samsung/galaxy-s23
Galaxy S23_128GB_Unlocked_Broken,5.0,https://www.ocbuyback.com/sell/cell-phone/samsung/galaxy-s23
Galaxy S23_256GB_AT&T_Brand New,155.0,https://www.ocbuyback.com/sell/cell-phone/samsung/galaxy-s23
Galaxy S23_256GB_AT&T_Flawless,115.0,https://www.ocbuyback.com/sell/cell-phone/samsung/galaxy-s23
Galaxy S23_256GB_AT&T_Good ,95.0,https://www.ocbuyback.com/sell/cell-phone/samsung/galaxy-s23
Galaxy S23_256GB_AT&T_Fair,45.0,https://www.ocbuyback.com/sell/cell-phone/samsung/galaxy-s23
Galaxy S23_256GB_AT&T_Minor Damage,25.0,https://www.ocbuyback.com/sell/cell-phone/samsung/galaxy-s23
Galaxy S23_256GB_AT&T_Broken,5.0,https://www.ocbuyback.com/sell/cell-phone/samsung/galaxy-s23
Galaxy S23_256GB_T-Mobile_Brand New,155.0,https://www.ocbuyback.com/sell/cell-phone/samsung/galaxy-s23
Galaxy S23_256GB_T-Mobile_Flawless,115.0,https://www.ocbuyback.com/sell/cell-phone/samsung/galaxy-s23
Galaxy S23_256GB_T-Mobile_Good ,95.0,https://www.ocbuyback.com/sell/cell-phone/samsung/galaxy-s23
Galaxy S23_256GB_T-Mobile_Fair,45.0,https://www.ocbuyback.com/sell/cell-phone/samsung/galaxy-s23
Galaxy S23_256GB_T-Mobile_Minor Damage,25.0,https://www.ocbuyback.com/sell/cell-phone/samsung/galaxy-s23
Galaxy S23_256GB_T-Mobile_Broken,5.0,https://www.ocbuyback.com/sell/cell-phone/samsung/galaxy-s23
Galaxy S23_256GB_Verizon_Brand New,105.0,https://www.ocbuyback.com/sell/cell-phone/samsung/galaxy-s23
Galaxy S23_256GB_Verizon_Flawless,65.0,https://www.ocbuyback.com/sell/cell-phone/samsung/galaxy-s23
Galaxy S23_256GB_Verizon_Good ,45.0,https://www.ocbuyback.com/sell/cell-phone/samsung/galaxy-s23
Galaxy S23_256GB_Verizon_Fair,30.0,https://www.ocbuyback.com/sell/cell-phone/samsung/galaxy-s23
Galaxy S23_256GB_Verizon_Minor Damage,16.0,https://www.ocbuyback.com/sell/cell-phone/samsung/galaxy-s23
Galaxy S23_256GB_Verizon_Broken,5.0,https://www.ocbuyback.com/sell/cell-phone/samsung/galaxy-s23
Galaxy S23_256GB_Unlocked_Brand New,205.0,https://www.ocbuyback.com/sell/cell-phone/samsung/galaxy-s23
Galaxy S23_256GB_Unlocked_Flawless,165.0,https://www.ocbuyback.com/sell/cell-phone/samsung/galaxy-s23
Galaxy S23_256GB_Unlocked_Good ,145.0,https://www.ocbuyback.com/sell/cell-phone/samsung/galaxy-s23
Galaxy S23_256GB_Unlocked_Fair,95.0,https://www.ocbuyback.com/sell/cell-phone/samsung/galaxy-s23
Galaxy S23_256GB_Unlocked_Minor Damage,50.0,https://www.ocbuyback.com/sell/cell-phone/samsung/galaxy-s23
Galaxy S23_256GB_Unlocked_Broken,5.0,https://www.ocbuyback.com/sell/cell-phone/samsung/galaxy-s23
Galaxy S23 FE_128GB_AT&T_Brand New,65.0,https://www.ocbuyback.com/sell/cell-phone/samsung/galaxy-s23-fe
Galaxy S23 FE_128GB_AT&T_Flawless,35.0,https://www.ocbuyback.com/sell/cell-phone/samsung/galaxy-s23-fe
Galaxy S23 FE_128GB_AT&T_Good ,25.0,https://www.ocbuyback.com/sell/cell-phone/samsung/galaxy-s23-fe
Galaxy S23 FE_128GB_AT&T_Fair,15.0,https://www.ocbuyback.com/sell/cell-phone/samsung/galaxy-s23-fe
Galaxy S23 FE_128GB_AT&T_Minor Damage,5.0,https://www.ocbuyback.com/sell/cell-phone/samsung/galaxy-s23-fe
Galaxy S23 FE_128GB_T-Mobile_Brand New,65.0,https://www.ocbuyback.com/sell/cell-phone/samsung/galaxy-s23-fe
Galaxy S23 FE_128GB_T-Mobile_Flawless,35.0,https://www.ocbuyback.com/sell/cell-phone/samsung/galaxy-s23-fe
Galaxy S23 FE_128GB_T-Mobile_Good ,25.0,https://www.ocbuyback.com/sell/cell-phone/samsung/galaxy-s23-fe
Galaxy S23 FE_128GB_T-Mobile_Fair,15.0,https://www.ocbuyback.com/sell/cell-phone/samsung/galaxy-s23-fe
Galaxy S23 FE_128GB_T-Mobile_Minor Damage,5.0,https://www.ocbuyback.com/sell/cell-phone/samsung/galaxy-s23-fe
Galaxy S23 FE_128GB_Verizon_Brand New,65.0,https://www.ocbuyback.com/sell/cell-phone/samsung/galaxy-s23-fe
Galaxy S23 FE_128GB_Verizon_Flawless,35.0,https://www.ocbuyback.com/sell/cell-phone/samsung/galaxy-s23-fe
Galaxy S23 FE_128GB_Verizon_Good ,25.0,https://www.ocbuyback.com/sell/cell-phone/samsung/galaxy-s23-fe
Galaxy S23 FE_128GB_Verizon_Fair,15.0,https://www.ocbuyback.com/sell/cell-phone/samsung/galaxy-s23-fe
Galaxy S23 FE_128GB_Verizon_Minor Damage,5.0,https://www.ocbuyback.com/sell/cell-phone/samsung/galaxy-s23-fe
Galaxy S23 FE_128GB_Unlocked_Brand New,125.0,https://www.ocbuyback.com/sell/cell-phone/samsung/galaxy-s23-fe
Galaxy S23 FE_128GB_Unlocked_Flawless,95.0,https://www.ocbuyback.com/sell/cell-phone/samsung/galaxy-s23-fe
Galaxy S23 FE_128GB_Unlocked_Good ,85.0,https://www.ocbuyback.com/sell/cell-phone/samsung/galaxy-s23-fe
Galaxy S23 FE_128GB_Unlocked_Fair,55.0,https://www.ocbuyback.com/sell/cell-phone/samsung/galaxy-s23-fe
Galaxy S23 FE_128GB_Unlocked_Minor Damage,15.0,https://www.ocbuyback.com/sell/cell-phone/samsung/galaxy-s23-fe
Galaxy S23 FE_256GB_AT&T_Brand New,75.0,https://www.ocbuyback.com/sell/cell-phone/samsung/galaxy-s23-fe
Galaxy S23 FE_256GB_AT&T_Flawless,45.0,https://www.ocbuyback.com/sell/cell-phone/samsung/galaxy-s23-fe
Galaxy S23 FE_256GB_AT&T_Good ,35.0,https://www.ocbuyback.com/sell/cell-phone/samsung/galaxy-s23-fe
Galaxy S23 FE_256GB_AT&T_Fair,15.0,https://www.ocbuyback.com/sell/cell-phone/samsung/galaxy-s23-fe
Galaxy S23 FE_256GB_AT&T_Minor Damage,10.0,https://www.ocbuyback.com/sell/cell-phone/samsung/galaxy-s23-fe
Galaxy S23 FE_256GB_T-Mobile_Brand New,75.0,https://www.ocbuyback.com/sell/cell-phone/samsung/galaxy-s23-fe
Galaxy S23 FE_256GB_T-Mobile_Flawless,45.0,https://www.ocbuyback.com/sell/cell-phone/samsung/galaxy-s23-fe
Galaxy S23 FE_256GB_T-Mobile_Good ,35.0,https://www.ocbuyback.com/sell/cell-phone/samsung/galaxy-s23-fe
Galaxy S23 FE_256GB_T-Mobile_Fair,15.0,https://www.ocbuyback.com/sell/cell-phone/samsung/galaxy-s23-fe
Galaxy S23 FE_256GB_T-Mobile_Minor Damage,10.0,https://www.ocbuyback.com/sell/cell-phone/samsung/galaxy-s23-fe
Galaxy S23 FE_256GB_Verizon_Brand New,75.0,https://www.ocbuyback.com/sell/cell-phone/samsung/galaxy-s23-fe
Galaxy S23 FE_256GB_Verizon_Flawless,45.0,https://www.ocbuyback.com/sell/cell-phone/samsung/galaxy-s23-fe
Galaxy S23 FE_256GB_Verizon_Good ,35.0,https://www.ocbuyback.com/sell/cell-phone/samsung/galaxy-s23-fe
Galaxy S23 FE_256GB_Verizon_Fair,15.0,https://www.ocbuyback.com/sell/cell-phone/samsung/galaxy-s23-fe
Galaxy S23 FE_256GB_Verizon_Minor Damage,10.0,https://www.ocbuyback.com/sell/cell-phone/samsung/galaxy-s23-fe
Galaxy S23 FE_256GB_Unlocked_Brand New,135.0,https://www.ocbuyback.com/sell/cell-phone/samsung/galaxy-s23-fe
Galaxy S23 FE_256GB_Unlocked_Flawless,105.0,https://www.ocbuyback.com/sell/cell-phone/samsung/galaxy-s23-fe
Galaxy S23 FE_256GB_Unlocked_Good ,95.0,https://www.ocbuyback.com/sell/cell-phone/samsung/galaxy-s23-fe
Galaxy S23 FE_256GB_Unlocked_Fair,65.0,https://www.ocbuyback.com/sell/cell-phone/samsung/galaxy-s23-fe
Galaxy S23 FE_256GB_Unlocked_Minor Damage,15.0,https://www.ocbuyback.com/sell/cell-phone/samsung/galaxy-s23-fe
Galaxy S23 Plus_256GB_AT&T_Flawless,185.0,https://www.ocbuyback.com/sell/cell-phone/samsung/galaxy-s23-plus
Galaxy S23 Plus_256GB_AT&T_Good ,155.0,https://www.ocbuyback.com/sell/cell-phone/samsung/galaxy-s23-plus
Galaxy S23 Plus_256GB_AT&T_Fair,90.0,https://www.ocbuyback.com/sell/cell-phone/samsung/galaxy-s23-plus
Galaxy S23 Plus_256GB_AT&T_Minor Damage,60.0,https://www.ocbuyback.com/sell/cell-phone/samsung/galaxy-s23-plus
Galaxy S23 Plus_256GB_AT&T_Broken,5.0,https://www.ocbuyback.com/sell/cell-phone/samsung/galaxy-s23-plus
Galaxy S23 Plus_256GB_T-Mobile_Flawless,110.0,https://www.ocbuyback.com/sell/cell-phone/samsung/galaxy-s23-plus
Galaxy S23 Plus_256GB_T-Mobile_Good ,80.0,https://www.ocbuyback.com/sell/cell-phone/samsung/galaxy-s23-plus
Galaxy S23 Plus_256GB_T-Mobile_Fair,45.0,https://www.ocbuyback.com/sell/cell-phone/samsung/galaxy-s23-plus
Galaxy S23 Plus_256GB_T-Mobile_Minor Damage,30.0,https://www.ocbuyback.com/sell/cell-phone/samsung/galaxy-s23-plus
Galaxy S23 Plus_256GB_T-Mobile_Broken,5.0,https://www.ocbuyback.com/sell/cell-phone/samsung/galaxy-s23-plus
Galaxy S23 Plus_256GB_Verizon_Flawless,110.0,https://www.ocbuyback.com/sell/cell-phone/samsung/galaxy-s23-plus
Galaxy S23 Plus_256GB_Verizon_Good ,80.0,https://www.ocbuyback.com/sell/cell-phone/samsung/galaxy-s23-plus
Galaxy S23 Plus_256GB_Verizon_Fair,45.0,https://www.ocbuyback.com/sell/cell-phone/samsung/galaxy-s23-plus
Galaxy S23 Plus_256GB_Verizon_Minor Damage,30.0,https://www.ocbuyback.com/sell/cell-phone/samsung/galaxy-s23-plus
Galaxy S23 Plus_256GB_Verizon_Broken,5.0,https://www.ocbuyback.com/sell/cell-phone/samsung/galaxy-s23-plus
Galaxy S23 Plus_256GB_Unlocked_Flawless,215.0,https://www.ocbuyback.com/sell/cell-phone/samsung/galaxy-s23-plus
Galaxy S23 Plus_256GB_Unlocked_Good ,185.0,https://www.ocbuyback.com/sell/cell-phone/samsung/galaxy-s23-plus
Galaxy S23 Plus_256GB_Unlocked_Fair,130.0,https://www.ocbuyback.com/sell/cell-phone/samsung/galaxy-s23-plus
Galaxy S23 Plus_256GB_Unlocked_Minor Damage,80.0,https://www.ocbuyback.com/sell/cell-phone/samsung/galaxy-s23-plus
Galaxy S23 Plus_256GB_Unlocked_Broken,5.0,https://www.ocbuyback.com/sell/cell-phone/samsung/galaxy-s23-plus
Galaxy S23 Plus_512GB_AT&T_Flawless,210.0,https://www.ocbuyback.com/sell/cell-phone/samsung/galaxy-s23-plus
Galaxy S23 Plus_512GB_AT&T_Good ,180.0,https://www.ocbuyback.com/sell/cell-phone/samsung/galaxy-s23-plus
Galaxy S23 Plus_512GB_AT&T_Fair,115.0,https://www.ocbuyback.com/sell/cell-phone/samsung/galaxy-s23-plus
Galaxy S23 Plus_512GB_AT&T_Minor Damage,65.0,https://www.ocbuyback.com/sell/cell-phone/samsung/galaxy-s23-plus
Galaxy S23 Plus_512GB_AT&T_Broken,5.0,https://www.ocbuyback.com/sell/cell-phone/samsung/galaxy-s23-plus
Galaxy S23 Plus_512GB_T-Mobile_Flawless,135.0,https://www.ocbuyback.com/sell/cell-phone/samsung/galaxy-s23-plus
Galaxy S23 Plus_512GB_T-Mobile_Good ,105.0,https://www.ocbuyback.com/sell/cell-phone/samsung/galaxy-s23-plus
Galaxy S23 Plus_512GB_T-Mobile_Fair,65.0,https://www.ocbuyback.com/sell/cell-phone/samsung/galaxy-s23-plus
Galaxy S23 Plus_512GB_T-Mobile_Minor Damage,35.0,https://www.ocbuyback.com/sell/cell-phone/samsung/galaxy-s23-plus
Galaxy S23 Plus_512GB_T-Mobile_Broken,5.0,https://www.ocbuyback.com/sell/cell-phone/samsung/galaxy-s23-plus
Galaxy S23 Plus_512GB_Verizon_Flawless,135.0,https://www.ocbuyback.com/sell/cell-phone/samsung/galaxy-s23-plus
Galaxy S23 Plus_512GB_Verizon_Good ,105.0,https://www.ocbuyback.com/sell/cell-phone/samsung/galaxy-s23-plus
Galaxy S23 Plus_512GB_Verizon_Fair,65.0,https://www.ocbuyback.com/sell/cell-phone/samsung/galaxy-s23-plus
Galaxy S23 Plus_512GB_Verizon_Minor Damage,35.0,https://www.ocbuyback.com/sell/cell-phone/samsung/galaxy-s23-plus
Galaxy S23 Plus_512GB_Verizon_Broken,5.0,https://www.ocbuyback.com/sell/cell-phone/samsung/galaxy-s23-plus
Galaxy S23 Plus_512GB_Unlocked_Flawless,240.0,https://www.ocbuyback.com/sell/cell-phone/samsung/galaxy-s23-plus
Galaxy S23 Plus_512GB_Unlocked_Good ,210.0,https://www.ocbuyback.com/sell/cell-phone/samsung/galaxy-s23-plus
Galaxy S23 Plus_512GB_Unlocked_Fair,155.0,https://www.ocbuyback.com/sell/cell-phone/samsung/galaxy-s23-plus
Galaxy S23 Plus_512GB_Unlocked_Minor Damage,85.0,https://www.ocbuyback.com/sell/cell-phone/samsung/galaxy-s23-plus
Galaxy S23 Plus_512GB_Unlocked_Broken,5.0,https://www.ocbuyback.com/sell/cell-phone/samsung/galaxy-s23-plus
Galaxy S23 Ultra_256GB_AT&T_Brand New,230.0,https://www.ocbuyback.com/sell/cell-phone/samsung/galaxy-s23-ultra
Galaxy S23 Ultra_256GB_AT&T_Flawless,180.0,https://www.ocbuyback.com/sell/cell-phone/samsung/galaxy-s23-ultra
Galaxy S23 Ultra_256GB_AT&T_Good ,140.0,https://www.ocbuyback.com/sell/cell-phone/samsung/galaxy-s23-ultra
Galaxy S23 Ultra_256GB_AT&T_Fair,80.0,https://www.ocbuyback.com/sell/cell-phone/samsung/galaxy-s23-ultra
Galaxy S23 Ultra_256GB_AT&T_Minor Damage,20.0,https://www.ocbuyback.com/sell/cell-phone/samsung/galaxy-s23-ultra
Galaxy S23 Ultra_256GB_AT&T_Broken,10.0,https://www.ocbuyback.com/sell/cell-phone/samsung/galaxy-s23-ultra
Galaxy S23 Ultra_256GB_T-Mobile_Brand New,205.0,https://www.ocbuyback.com/sell/cell-phone/samsung/galaxy-s23-ultra
Galaxy S23 Ultra_256GB_T-Mobile_Flawless,155.0,https://www.ocbuyback.com/sell/cell-phone/samsung/galaxy-s23-ultra
Galaxy S23 Ultra_256GB_T-Mobile_Good ,115.0,https://www.ocbuyback.com/sell/cell-phone/samsung/galaxy-s23-ultra
Galaxy S23 Ultra_256GB_T-Mobile_Fair,55.0,https://www.ocbuyback.com/sell/cell-phone/samsung/galaxy-s23-ultra
Galaxy S23 Ultra_256GB_T-Mobile_Minor Damage,20.0,https://www.ocbuyback.com/sell/cell-phone/samsung/galaxy-s23-ultra
Galaxy S23 Ultra_256GB_T-Mobile_Broken,10.0,https://www.ocbuyback.com/sell/cell-phone/samsung/galaxy-s23-ultra
Galaxy S23 Ultra_256GB_Verizon_Brand New,205.0,https://www.ocbuyback.com/sell/cell-phone/samsung/galaxy-s23-ultra
Galaxy S23 Ultra_256GB_Verizon_Flawless,155.0,https://www.ocbuyback.com/sell/cell-phone/samsung/galaxy-s23-ultra
Galaxy S23 Ultra_256GB_Verizon_Good ,115.0,https://www.ocbuyback.com/sell/cell-phone/samsung/galaxy-s23-ultra
Galaxy S23 Ultra_256GB_Verizon_Fair,55.0,https://www.ocbuyback.com/sell/cell-phone/samsung/galaxy-s23-ultra
Galaxy S23 Ultra_256GB_Verizon_Minor Damage,20.0,https://www.ocbuyback.com/sell/cell-phone/samsung/galaxy-s23-ultra
Galaxy S23 Ultra_256GB_Verizon_Broken,10.0,https://www.ocbuyback.com/sell/cell-phone/samsung/galaxy-s23-ultra
Galaxy S23 Ultra_256GB_Unlocked_Brand New,280.0,https://www.ocbuyback.com/sell/cell-phone/samsung/galaxy-s23-ultra
Galaxy S23 Ultra_256GB_Unlocked_Flawless,230.0,https://www.ocbuyback.com/sell/cell-phone/samsung/galaxy-s23-ultra
Galaxy S23 Ultra_256GB_Unlocked_Good ,190.0,https://www.ocbuyback.com/sell/cell-phone/samsung/galaxy-s23-ultra
Galaxy S23 Ultra_256GB_Unlocked_Fair,130.0,https://www.ocbuyback.com/sell/cell-phone/samsung/galaxy-s23-ultra
Galaxy S23 Ultra_256GB_Unlocked_Minor Damage,30.0,https://www.ocbuyback.com/sell/cell-phone/samsung/galaxy-s23-ultra
Galaxy S23 Ultra_256GB_Unlocked_Broken,10.0,https://www.ocbuyback.com/sell/cell-phone/samsung/galaxy-s23-ultra
Galaxy S23 Ultra_512GB_AT&T_Brand New,250.0,https://www.ocbuyback.com/sell/cell-phone/samsung/galaxy-s23-ultra
Galaxy S23 Ultra_512GB_AT&T_Flawless,200.0,https://www.ocbuyback.com/sell/cell-phone/samsung/galaxy-s23-ultra
Galaxy S23 Ultra_512GB_AT&T_Good ,160.0,https://www.ocbuyback.com/sell/cell-phone/samsung/galaxy-s23-ultra
Galaxy S23 Ultra_512GB_AT&T_Fair,100.0,https://www.ocbuyback.com/sell/cell-phone/samsung/galaxy-s23-ultra
Galaxy S23 Ultra_512GB_AT&T_Minor Damage,20.0,https://www.ocbuyback.com/sell/cell-phone/samsung/galaxy-s23-ultra
Galaxy S23 Ultra_512GB_AT&T_Broken,10.0,https://www.ocbuyback.com/sell/cell-phone/samsung/galaxy-s23-ultra
Galaxy S23 Ultra_512GB_T-Mobile_Brand New,225.0,https://www.ocbuyback.com/sell/cell-phone/samsung/galaxy-s23-ultra
Galaxy S23 Ultra_512GB_T-Mobile_Flawless,175.0,https://www.ocbuyback.com/sell/cell-phone/samsung/galaxy-s23-ultra
Galaxy S23 Ultra_512GB_T-Mobile_Good ,135.0,https://www.ocbuyback.com/sell/cell-phone/samsung/galaxy-s23-ultra
Galaxy S23 Ultra_512GB_T-Mobile_Fair,75.0,https://www.ocbuyback.com/sell/cell-phone/samsung/galaxy-s23-ultra
Galaxy S23 Ultra_512GB_T-Mobile_Minor Damage,20.0,https://www.ocbuyback.com/sell/cell-phone/samsung/galaxy-s23-ultra
Galaxy S23 Ultra_512GB_T-Mobile_Broken,10.0,https://www.ocbuyback.com/sell/cell-phone/samsung/galaxy-s23-ultra
Galaxy S23 Ultra_512GB_Verizon_Brand New,225.0,https://www.ocbuyback.com/sell/cell-phone/samsung/galaxy-s23-ultra
Galaxy S23 Ultra_512GB_Verizon_Flawless,175.0,https://www.ocbuyback.com/sell/cell-phone/samsung/galaxy-s23-ultra
Galaxy S23 Ultra_512GB_Verizon_Good ,135.0,https://www.ocbuyback.com/sell/cell-phone/samsung/galaxy-s23-ultra
Galaxy S23 Ultra_512GB_Verizon_Fair,75.0,https://www.ocbuyback.com/sell/cell-phone/samsung/galaxy-s23-ultra
Galaxy S23 Ultra_512GB_Verizon_Minor Damage,20.0,https://www.ocbuyback.com/sell/cell-phone/samsung/galaxy-s23-ultra
Galaxy S23 Ultra_512GB_Verizon_Broken,10.0,https://www.ocbuyback.com/sell/cell-phone/samsung/galaxy-s23-ultra
Galaxy S23 Ultra_512GB_Unlocked_Brand New,300.0,https://www.ocbuyback.com/sell/cell-phone/samsung/galaxy-s23-ultra
Galaxy S23 Ultra_512GB_Unlocked_Flawless,250.0,https://www.ocbuyback.com/sell/cell-phone/samsung/galaxy-s23-ultra
Galaxy S23 Ultra_512GB_Unlocked_Good ,210.0,https://www.ocbuyback.com/sell/cell-phone/samsung/galaxy-s23-ultra
Galaxy S23 Ultra_512GB_Unlocked_Fair,150.0,https://www.ocbuyback.com/sell/cell-phone/samsung/galaxy-s23-ultra
Galaxy S23 Ultra_512GB_Unlocked_Minor Damage,30.0,https://www.ocbuyback.com/sell/cell-phone/samsung/galaxy-s23-ultra
Galaxy S23 Ultra_512GB_Unlocked_Broken,10.0,https://www.ocbuyback.com/sell/cell-phone/samsung/galaxy-s23-ultra
Galaxy S23 Ultra_1TB_AT&T_Brand New,290.0,https://www.ocbuyback.com/sell/cell-phone/samsung/galaxy-s23-ultra
Galaxy S23 Ultra_1TB_AT&T_Flawless,240.0,https://www.ocbuyback.com/sell/cell-phone/samsung/galaxy-s23-ultra
Galaxy S23 Ultra_1TB_AT&T_Good ,200.0,https://www.ocbuyback.com/sell/cell-phone/samsung/galaxy-s23-ultra
Galaxy S23 Ultra_1TB_AT&T_Fair,140.0,https://www.ocbuyback.com/sell/cell-phone/samsung/galaxy-s23-ultra
Galaxy S23 Ultra_1TB_AT&T_Minor Damage,20.0,https://www.ocbuyback.com/sell/cell-phone/samsung/galaxy-s23-ultra
Galaxy S23 Ultra_1TB_AT&T_Broken,10.0,https://www.ocbuyback.com/sell/cell-phone/samsung/galaxy-s23-ultra
Galaxy S23 Ultra_1TB_T-Mobile_Brand New,265.0,https://www.ocbuyback.com/sell/cell-phone/samsung/galaxy-s23-ultra
Galaxy S23 Ultra_1TB_T-Mobile_Flawless,215.0,https://www.ocbuyback.com/sell/cell-phone/samsung/galaxy-s23-ultra
Galaxy S23 Ultra_1TB_T-Mobile_Good ,175.0,https://www.ocbuyback.com/sell/cell-phone/samsung/galaxy-s23-ultra
Galaxy S23 Ultra_1TB_T-Mobile_Fair,115.0,https://www.ocbuyback.com/sell/cell-phone/samsung/galaxy-s23-ultra
Galaxy S23 Ultra_1TB_T-Mobile_Minor Damage,20.0,https://www.ocbuyback.com/sell/cell-phone/samsung/galaxy-s23-ultra
Galaxy S23 Ultra_1TB_T-Mobile_Broken,10.0,https://www.ocbuyback.com/sell/cell-phone/samsung/galaxy-s23-ultra
Galaxy S23 Ultra_1TB_Verizon_Brand New,265.0,https://www.ocbuyback.com/sell/cell-phone/samsung/galaxy-s23-ultra
Galaxy S23 Ultra_1TB_Verizon_Flawless,215.0,https://www.ocbuyback.com/sell/cell-phone/samsung/galaxy-s23-ultra
Galaxy S23 Ultra_1TB_Verizon_Good ,175.0,https://www.ocbuyback.com/sell/cell-phone/samsung/galaxy-s23-ultra
Galaxy S23 Ultra_1TB_Verizon_Fair,115.0,https://www.ocbuyback.com/sell/cell-phone/samsung/galaxy-s23-ultra
Galaxy S23 Ultra_1TB_Verizon_Minor Damage,20.0,https://www.ocbuyback.com/sell/cell-phone/samsung/galaxy-s23-ultra
Galaxy S23 Ultra_1TB_Verizon_Broken,10.0,https://www.ocbuyback.com/sell/cell-phone/samsung/galaxy-s23-ultra
Galaxy S23 Ultra_1TB_Unlocked_Brand New,340.0,https://www.ocbuyback.com/sell/cell-phone/samsung/galaxy-s23-ultra
Galaxy S23 Ultra_1TB_Unlocked_Flawless,290.0,https://www.ocbuyback.com/sell/cell-phone/samsung/galaxy-s23-ultra
Galaxy S23 Ultra_1TB_Unlocked_Good ,250.0,https://www.ocbuyback.com/sell/cell-phone/samsung/galaxy-s23-ultra
Galaxy S23 Ultra_1TB_Unlocked_Fair,190.0,https://www.ocbuyback.com/sell/cell-phone/samsung/galaxy-s23-ultra
Galaxy S23 Ultra_1TB_Unlocked_Minor Damage,30.0,https://www.ocbuyback.com/sell/cell-phone/samsung/galaxy-s23-ultra
Galaxy S23 Ultra_1TB_Unlocked_Broken,10.0,https://www.ocbuyback.com/sell/cell-phone/samsung/galaxy-s23-ultra
Galaxy S24_128GB_AT&T_Brand New,205.0,https://www.ocbuyback.com/sell/cell-phone/samsung/galaxy-s24
Galaxy S24_128GB_AT&T_Flawless,155.0,https://www.ocbuyback.com/sell/cell-phone/samsung/galaxy-s24
Galaxy S24_128GB_AT&T_Good ,125.0,https://www.ocbuyback.com/sell/cell-phone/samsung/galaxy-s24
Galaxy S24_128GB_AT&T_Fair,70.0,https://www.ocbuyback.com/sell/cell-phone/samsung/galaxy-s24
Galaxy S24_128GB_AT&T_Minor Damage,30.0,https://www.ocbuyback.com/sell/cell-phone/samsung/galaxy-s24
Galaxy S24_128GB_AT&T_Broken,10.0,https://www.ocbuyback.com/sell/cell-phone/samsung/galaxy-s24
Galaxy S24_128GB_T-Mobile_Brand New,200.0,https://www.ocbuyback.com/sell/cell-phone/samsung/galaxy-s24
Galaxy S24_128GB_T-Mobile_Flawless,150.0,https://www.ocbuyback.com/sell/cell-phone/samsung/galaxy-s24
Galaxy S24_128GB_T-Mobile_Good ,120.0,https://www.ocbuyback.com/sell/cell-phone/samsung/galaxy-s24
Galaxy S24_128GB_T-Mobile_Fair,65.0,https://www.ocbuyback.com/sell/cell-phone/samsung/galaxy-s24
Galaxy S24_128GB_T-Mobile_Minor Damage,30.0,https://www.ocbuyback.com/sell/cell-phone/samsung/galaxy-s24
Galaxy S24_128GB_T-Mobile_Broken,10.0,https://www.ocbuyback.com/sell/cell-phone/samsung/galaxy-s24
Galaxy S24_128GB_Verizon_Brand New,200.0,https://www.ocbuyback.com/sell/cell-phone/samsung/galaxy-s24
Galaxy S24_128GB_Verizon_Flawless,150.0,https://www.ocbuyback.com/sell/cell-phone/samsung/galaxy-s24
Galaxy S24_128GB_Verizon_Good ,120.0,https://www.ocbuyback.com/sell/cell-phone/samsung/galaxy-s24
Galaxy S24_128GB_Verizon_Fair,65.0,https://www.ocbuyback.com/sell/cell-phone/samsung/galaxy-s24
Galaxy S24_128GB_Verizon_Minor Damage,30.0,https://www.ocbuyback.com/sell/cell-phone/samsung/galaxy-s24
Galaxy S24_128GB_Verizon_Broken,10.0,https://www.ocbuyback.com/sell/cell-phone/samsung/galaxy-s24
Galaxy S24_128GB_Unlocked_Brand New,280.0,https://www.ocbuyback.com/sell/cell-phone/samsung/galaxy-s24
Galaxy S24_128GB_Unlocked_Flawless,230.0,https://www.ocbuyback.com/sell/cell-phone/samsung/galaxy-s24
Galaxy S24_128GB_Unlocked_Good ,200.0,https://www.ocbuyback.com/sell/cell-phone/samsung/galaxy-s24
Galaxy S24_128GB_Unlocked_Fair,145.0,https://www.ocbuyback.com/sell/cell-phone/samsung/galaxy-s24
Galaxy S24_128GB_Unlocked_Minor Damage,80.0,https://www.ocbuyback.com/sell/cell-phone/samsung/galaxy-s24
Galaxy S24_128GB_Unlocked_Broken,10.0,https://www.ocbuyback.com/sell/cell-phone/samsung/galaxy-s24
Galaxy S24_256GB_AT&T_Brand New,235.0,https://www.ocbuyback.com/sell/cell-phone/samsung/galaxy-s24
Galaxy S24_256GB_AT&T_Flawless,185.0,https://www.ocbuyback.com/sell/cell-phone/samsung/galaxy-s24
Galaxy S24_256GB_AT&T_Good ,155.0,https://www.ocbuyback.com/sell/cell-phone/samsung/galaxy-s24
Galaxy S24_256GB_AT&T_Fair,100.0,https://www.ocbuyback.com/sell/cell-phone/samsung/galaxy-s24
Galaxy S24_256GB_AT&T_Minor Damage,40.0,https://www.ocbuyback.com/sell/cell-phone/samsung/galaxy-s24
Galaxy S24_256GB_AT&T_Broken,10.0,https://www.ocbuyback.com/sell/cell-phone/samsung/galaxy-s24
Galaxy S24_256GB_T-Mobile_Brand New,230.0,https://www.ocbuyback.com/sell/cell-phone/samsung/galaxy-s24
Galaxy S24_256GB_T-Mobile_Flawless,180.0,https://www.ocbuyback.com/sell/cell-phone/samsung/galaxy-s24
Galaxy S24_256GB_T-Mobile_Good ,150.0,https://www.ocbuyback.com/sell/cell-phone/samsung/galaxy-s24
Galaxy S24_256GB_T-Mobile_Fair,95.0,https://www.ocbuyback.com/sell/cell-phone/samsung/galaxy-s24
Galaxy S24_256GB_T-Mobile_Minor Damage,40.0,https://www.ocbuyback.com/sell/cell-phone/samsung/galaxy-s24
Galaxy S24_256GB_T-Mobile_Broken,10.0,https://www.ocbuyback.com/sell/cell-phone/samsung/galaxy-s24
Galaxy S24_256GB_Verizon_Brand New,230.0,https://www.ocbuyback.com/sell/cell-phone/samsung/galaxy-s24
Galaxy S24_256GB_Verizon_Flawless,180.0,https://www.ocbuyback.com/sell/cell-phone/samsung/galaxy-s24
Galaxy S24_256GB_Verizon_Good ,150.0,https://www.ocbuyback.com/sell/cell-phone/samsung/galaxy-s24
Galaxy S24_256GB_Verizon_Fair,95.0,https://www.ocbuyback.com/sell/cell-phone/samsung/galaxy-s24
Galaxy S24_256GB_Verizon_Minor Damage,40.0,https://www.ocbuyback.com/sell/cell-phone/samsung/galaxy-s24
Galaxy S24_256GB_Verizon_Broken,10.0,https://www.ocbuyback.com/sell/cell-phone/samsung/galaxy-s24
Galaxy S24_256GB_Unlocked_Brand New,310.0,https://www.ocbuyback.com/sell/cell-phone/samsung/galaxy-s24
Galaxy S24_256GB_Unlocked_Flawless,260.0,https://www.ocbuyback.com/sell/cell-phone/samsung/galaxy-s24
Galaxy S24_256GB_Unlocked_Good ,230.0,https://www.ocbuyback.com/sell/cell-phone/samsung/galaxy-s24
Galaxy S24_256GB_Unlocked_Fair,175.0,https://www.ocbuyback.com/sell/cell-phone/samsung/galaxy-s24
Galaxy S24_256GB_Unlocked_Minor Damage,90.0,https://www.ocbuyback.com/sell/cell-phone/samsung/galaxy-s24
Galaxy S24_256GB_Unlocked_Broken,10.0,https://www.ocbuyback.com/sell/cell-phone/samsung/galaxy-s24
Galaxy S24 Fe_128GB_AT&T_Brand New,125.0,https://www.ocbuyback.com/sell/cell-phone/samsung/galaxy-s24-fe
Galaxy S24 Fe_128GB_AT&T_Flawless,95.0,https://www.ocbuyback.com/sell/cell-phone/samsung/galaxy-s24-fe
Galaxy S24 Fe_128GB_AT&T_Good ,65.0,https://www.ocbuyback.com/sell/cell-phone/samsung/galaxy-s24-fe
Galaxy S24 Fe_128GB_AT&T_Fair,20.0,https://www.ocbuyback.com/sell/cell-phone/samsung/galaxy-s24-fe
Galaxy S24 Fe_128GB_AT&T_Minor Damage,15.0,https://www.ocbuyback.com/sell/cell-phone/samsung/galaxy-s24-fe
Galaxy S24 Fe_128GB_AT&T_Broken,10.0,https://www.ocbuyback.com/sell/cell-phone/samsung/galaxy-s24-fe
Galaxy S24 Fe_128GB_T-Mobile_Brand New,105.0,https://www.ocbuyback.com/sell/cell-phone/samsung/galaxy-s24-fe
Galaxy S24 Fe_128GB_T-Mobile_Flawless,75.0,https://www.ocbuyback.com/sell/cell-phone/samsung/galaxy-s24-fe
Galaxy S24 Fe_128GB_T-Mobile_Good ,45.0,https://www.ocbuyback.com/sell/cell-phone/samsung/galaxy-s24-fe
Galaxy S24 Fe_128GB_T-Mobile_Fair,30.0,https://www.ocbuyback.com/sell/cell-phone/samsung/galaxy-s24-fe
Galaxy S24 Fe_128GB_T-Mobile_Minor Damage,20.0,https://www.ocbuyback.com/sell/cell-phone/samsung/galaxy-s24-fe
Galaxy S24 Fe_128GB_T-Mobile_Broken,10.0,https://www.ocbuyback.com/sell/cell-phone/samsung/galaxy-s24-fe
Galaxy S24 Fe_128GB_Verizon_Brand New,105.0,https://www.ocbuyback.com/sell/cell-phone/samsung/galaxy-s24-fe
Galaxy S24 Fe_128GB_Verizon_Flawless,75.0,https://www.ocbuyback.com/sell/cell-phone/samsung/galaxy-s24-fe
Galaxy S24 Fe_128GB_Verizon_Good ,45.0,https://www.ocbuyback.com/sell/cell-phone/samsung/galaxy-s24-fe
Galaxy S24 Fe_128GB_Verizon_Fair,30.0,https://www.ocbuyback.com/sell/cell-phone/samsung/galaxy-s24-fe
Galaxy S24 Fe_128GB_Verizon_Minor Damage,20.0,https://www.ocbuyback.com/sell/cell-phone/samsung/galaxy-s24-fe
Galaxy S24 Fe_128GB_Verizon_Broken,10.0,https://www.ocbuyback.com/sell/cell-phone/samsung/galaxy-s24-fe
Galaxy S24 Fe_128GB_Unlocked_Brand New,220.0,https://www.ocbuyback.com/sell/cell-phone/samsung/galaxy-s24-fe
Galaxy S24 Fe_128GB_Unlocked_Flawless,190.0,https://www.ocbuyback.com/sell/cell-phone/samsung/galaxy-s24-fe
Galaxy S24 Fe_128GB_Unlocked_Good ,160.0,https://www.ocbuyback.com/sell/cell-phone/samsung/galaxy-s24-fe
Galaxy S24 Fe_128GB_Unlocked_Fair,100.0,https://www.ocbuyback.com/sell/cell-phone/samsung/galaxy-s24-fe
Galaxy S24 Fe_128GB_Unlocked_Minor Damage,30.0,https://www.ocbuyback.com/sell/cell-phone/samsung/galaxy-s24-fe
Galaxy S24 Fe_128GB_Unlocked_Broken,10.0,https://www.ocbuyback.com/sell/cell-phone/samsung/galaxy-s24-fe
Galaxy S24 Fe_256GB_AT&T_Brand New,145.0,https://www.ocbuyback.com/sell/cell-phone/samsung/galaxy-s24-fe
Galaxy S24 Fe_256GB_AT&T_Flawless,115.0,https://www.ocbuyback.com/sell/cell-phone/samsung/galaxy-s24-fe
Galaxy S24 Fe_256GB_AT&T_Good ,85.0,https://www.ocbuyback.com/sell/cell-phone/samsung/galaxy-s24-fe
Galaxy S24 Fe_256GB_AT&T_Fair,40.0,https://www.ocbuyback.com/sell/cell-phone/samsung/galaxy-s24-fe
Galaxy S24 Fe_256GB_AT&T_Minor Damage,25.0,https://www.ocbuyback.com/sell/cell-phone/samsung/galaxy-s24-fe
Galaxy S24 Fe_256GB_AT&T_Broken,10.0,https://www.ocbuyback.com/sell/cell-phone/samsung/galaxy-s24-fe
Galaxy S24 Fe_256GB_T-Mobile_Brand New,125.0,https://www.ocbuyback.com/sell/cell-phone/samsung/galaxy-s24-fe
Galaxy S24 Fe_256GB_T-Mobile_Flawless,95.0,https://www.ocbuyback.com/sell/cell-phone/samsung/galaxy-s24-fe
Galaxy S24 Fe_256GB_T-Mobile_Good ,65.0,https://www.ocbuyback.com/sell/cell-phone/samsung/galaxy-s24-fe
Galaxy S24 Fe_256GB_T-Mobile_Fair,30.0,https://www.ocbuyback.com/sell/cell-phone/samsung/galaxy-s24-fe
Galaxy S24 Fe_256GB_T-Mobile_Minor Damage,20.0,https://www.ocbuyback.com/sell/cell-phone/samsung/galaxy-s24-fe
Galaxy S24 Fe_256GB_T-Mobile_Broken,10.0,https://www.ocbuyback.com/sell/cell-phone/samsung/galaxy-s24-fe
Galaxy S24 Fe_256GB_Verizon_Brand New,125.0,https://www.ocbuyback.com/sell/cell-phone/samsung/galaxy-s24-fe
Galaxy S24 Fe_256GB_Verizon_Flawless,95.0,https://www.ocbuyback.com/sell/cell-phone/samsung/galaxy-s24-fe
Galaxy S24 Fe_256GB_Verizon_Good ,65.0,https://www.ocbuyback.com/sell/cell-phone/samsung/galaxy-s24-fe
Galaxy S24 Fe_256GB_Verizon_Fair,30.0,https://www.ocbuyback.com/sell/cell-phone/samsung/galaxy-s24-fe
Galaxy S24 Fe_256GB_Verizon_Minor Damage,20.0,https://www.ocbuyback.com/sell/cell-phone/samsung/galaxy-s24-fe
Galaxy S24 Fe_256GB_Verizon_Broken,10.0,https://www.ocbuyback.com/sell/cell-phone/samsung/galaxy-s24-fe
Galaxy S24 Fe_256GB_Unlocked_Brand New,240.0,https://www.ocbuyback.com/sell/cell-phone/samsung/galaxy-s24-fe
Galaxy S24 Fe_256GB_Unlocked_Flawless,210.0,https://www.ocbuyback.com/sell/cell-phone/samsung/galaxy-s24-fe
Galaxy S24 Fe_256GB_Unlocked_Good ,180.0,https://www.ocbuyback.com/sell/cell-phone/samsung/galaxy-s24-fe
Galaxy S24 Fe_256GB_Unlocked_Fair,120.0,https://www.ocbuyback.com/sell/cell-phone/samsung/galaxy-s24-fe
Galaxy S24 Fe_256GB_Unlocked_Minor Damage,40.0,https://www.ocbuyback.com/sell/cell-phone/samsung/galaxy-s24-fe
Galaxy S24 Fe_256GB_Unlocked_Broken,10.0,https://www.ocbuyback.com/sell/cell-phone/samsung/galaxy-s24-fe
Galaxy S24 Plus_256GB_AT&T_Brand New,230.0,https://www.ocbuyback.com/sell/cell-phone/samsung/galaxy-s24-plus
Galaxy S24 Plus_256GB_AT&T_Flawless,200.0,https://www.ocbuyback.com/sell/cell-phone/samsung/galaxy-s24-plus
Galaxy S24 Plus_256GB_AT&T_Good ,160.0,https://www.ocbuyback.com/sell/cell-phone/samsung/galaxy-s24-plus
Galaxy S24 Plus_256GB_AT&T_Fair,85.0,https://www.ocbuyback.com/sell/cell-phone/samsung/galaxy-s24-plus
Galaxy S24 Plus_256GB_AT&T_Minor Damage,50.0,https://www.ocbuyback.com/sell/cell-phone/samsung/galaxy-s24-plus
Galaxy S24 Plus_256GB_AT&T_Broken,10.0,https://www.ocbuyback.com/sell/cell-phone/samsung/galaxy-s24-plus
Galaxy S24 Plus_256GB_T-Mobile_Brand New,205.0,https://www.ocbuyback.com/sell/cell-phone/samsung/galaxy-s24-plus
Galaxy S24 Plus_256GB_T-Mobile_Flawless,175.0,https://www.ocbuyback.com/sell/cell-phone/samsung/galaxy-s24-plus
Galaxy S24 Plus_256GB_T-Mobile_Good ,135.0,https://www.ocbuyback.com/sell/cell-phone/samsung/galaxy-s24-plus
Galaxy S24 Plus_256GB_T-Mobile_Fair,60.0,https://www.ocbuyback.com/sell/cell-phone/samsung/galaxy-s24-plus
Galaxy S24 Plus_256GB_T-Mobile_Minor Damage,50.0,https://www.ocbuyback.com/sell/cell-phone/samsung/galaxy-s24-plus
Galaxy S24 Plus_256GB_T-Mobile_Broken,10.0,https://www.ocbuyback.com/sell/cell-phone/samsung/galaxy-s24-plus
Galaxy S24 Plus_256GB_Verizon_Brand New,155.0,https://www.ocbuyback.com/sell/cell-phone/samsung/galaxy-s24-plus
Galaxy S24 Plus_256GB_Verizon_Flawless,125.0,https://www.ocbuyback.com/sell/cell-phone/samsung/galaxy-s24-plus
Galaxy S24 Plus_256GB_Verizon_Good ,85.0,https://www.ocbuyback.com/sell/cell-phone/samsung/galaxy-s24-plus
Galaxy S24 Plus_256GB_Verizon_Fair,40.0,https://www.ocbuyback.com/sell/cell-phone/samsung/galaxy-s24-plus
Galaxy S24 Plus_256GB_Verizon_Minor Damage,20.0,https://www.ocbuyback.com/sell/cell-phone/samsung/galaxy-s24-plus
Galaxy S24 Plus_256GB_Verizon_Broken,10.0,https://www.ocbuyback.com/sell/cell-phone/samsung/galaxy-s24-plus
Galaxy S24 Plus_256GB_Unlocked_Brand New,305.0,https://www.ocbuyback.com/sell/cell-phone/samsung/galaxy-s24-plus
Galaxy S24 Plus_256GB_Unlocked_Flawless,275.0,https://www.ocbuyback.com/sell/cell-phone/samsung/galaxy-s24-plus
Galaxy S24 Plus_256GB_Unlocked_Good ,235.0,https://www.ocbuyback.com/sell/cell-phone/samsung/galaxy-s24-plus
Galaxy S24 Plus_256GB_Unlocked_Fair,160.0,https://www.ocbuyback.com/sell/cell-phone/samsung/galaxy-s24-plus
Galaxy S24 Plus_256GB_Unlocked_Minor Damage,80.0,https://www.ocbuyback.com/sell/cell-phone/samsung/galaxy-s24-plus
Galaxy S24 Plus_256GB_Unlocked_Broken,10.0,https://www.ocbuyback.com/sell/cell-phone/samsung/galaxy-s24-plus
Galaxy S24 Plus_512GB_AT&T_Brand New,270.0,https://www.ocbuyback.com/sell/cell-phone/samsung/galaxy-s24-plus
Galaxy S24 Plus_512GB_AT&T_Flawless,240.0,https://www.ocbuyback.com/sell/cell-phone/samsung/galaxy-s24-plus
Galaxy S24 Plus_512GB_AT&T_Good ,200.0,https://www.ocbuyback.com/sell/cell-phone/samsung/galaxy-s24-plus
Galaxy S24 Plus_512GB_AT&T_Fair,125.0,https://www.ocbuyback.com/sell/cell-phone/samsung/galaxy-s24-plus
Galaxy S24 Plus_512GB_AT&T_Minor Damage,60.0,https://www.ocbuyback.com/sell/cell-phone/samsung/galaxy-s24-plus
Galaxy S24 Plus_512GB_AT&T_Broken,10.0,https://www.ocbuyback.com/sell/cell-phone/samsung/galaxy-s24-plus
Galaxy S24 Plus_512GB_T-Mobile_Brand New,245.0,https://www.ocbuyback.com/sell/cell-phone/samsung/galaxy-s24-plus
Galaxy S24 Plus_512GB_T-Mobile_Flawless,215.0,https://www.ocbuyback.com/sell/cell-phone/samsung/galaxy-s24-plus
Galaxy S24 Plus_512GB_T-Mobile_Good ,175.0,https://www.ocbuyback.com/sell/cell-phone/samsung/galaxy-s24-plus
Galaxy S24 Plus_512GB_T-Mobile_Fair,100.0,https://www.ocbuyback.com/sell/cell-phone/samsung/galaxy-s24-plus
Galaxy S24 Plus_512GB_T-Mobile_Minor Damage,60.0,https://www.ocbuyback.com/sell/cell-phone/samsung/galaxy-s24-plus
Galaxy S24 Plus_512GB_T-Mobile_Broken,10.0,https://www.ocbuyback.com/sell/cell-phone/samsung/galaxy-s24-plus
Galaxy S24 Plus_512GB_Verizon_Brand New,195.0,https://www.ocbuyback.com/sell/cell-phone/samsung/galaxy-s24-plus
Galaxy S24 Plus_512GB_Verizon_Flawless,165.0,https://www.ocbuyback.com/sell/cell-phone/samsung/galaxy-s24-plus
Galaxy S24 Plus_512GB_Verizon_Good ,125.0,https://www.ocbuyback.com/sell/cell-phone/samsung/galaxy-s24-plus
Galaxy S24 Plus_512GB_Verizon_Fair,50.0,https://www.ocbuyback.com/sell/cell-phone/samsung/galaxy-s24-plus
Galaxy S24 Plus_512GB_Verizon_Minor Damage,30.0,https://www.ocbuyback.com/sell/cell-phone/samsung/galaxy-s24-plus
Galaxy S24 Plus_512GB_Verizon_Broken,10.0,https://www.ocbuyback.com/sell/cell-phone/samsung/galaxy-s24-plus
Galaxy S24 Plus_512GB_Unlocked_Brand New,345.0,https://www.ocbuyback.com/sell/cell-phone/samsung/galaxy-s24-plus
Galaxy S24 Plus_512GB_Unlocked_Flawless,315.0,https://www.ocbuyback.com/sell/cell-phone/samsung/galaxy-s24-plus
Galaxy S24 Plus_512GB_Unlocked_Good ,275.0,https://www.ocbuyback.com/sell/cell-phone/samsung/galaxy-s24-plus
Galaxy S24 Plus_512GB_Unlocked_Fair,200.0,https://www.ocbuyback.com/sell/cell-phone/samsung/galaxy-s24-plus
Galaxy S24 Plus_512GB_Unlocked_Minor Damage,90.0,https://www.ocbuyback.com/sell/cell-phone/samsung/galaxy-s24-plus
Galaxy S24 Plus_512GB_Unlocked_Broken,10.0,https://www.ocbuyback.com/sell/cell-phone/samsung/galaxy-s24-plus
Galaxy S24 Ultra_256GB_AT&T_Brand New,370.0,https://www.ocbuyback.com/sell/cell-phone/samsung/galaxy-s24-ultra
Galaxy S24 Ultra_256GB_AT&T_Flawless,320.0,https://www.ocbuyback.com/sell/cell-phone/samsung/galaxy-s24-ultra
Galaxy S24 Ultra_256GB_AT&T_Good ,270.0,https://www.ocbuyback.com/sell/cell-phone/samsung/galaxy-s24-ultra
Galaxy S24 Ultra_256GB_AT&T_Fair,210.0,https://www.ocbuyback.com/sell/cell-phone/samsung/galaxy-s24-ultra
Galaxy S24 Ultra_256GB_AT&T_Minor Damage,100.0,https://www.ocbuyback.com/sell/cell-phone/samsung/galaxy-s24-ultra
Galaxy S24 Ultra_256GB_AT&T_Broken,20.0,https://www.ocbuyback.com/sell/cell-phone/samsung/galaxy-s24-ultra
Galaxy S24 Ultra_256GB_T-Mobile_Brand New,330.0,https://www.ocbuyback.com/sell/cell-phone/samsung/galaxy-s24-ultra
Galaxy S24 Ultra_256GB_T-Mobile_Flawless,280.0,https://www.ocbuyback.com/sell/cell-phone/samsung/galaxy-s24-ultra
Galaxy S24 Ultra_256GB_T-Mobile_Good ,230.0,https://www.ocbuyback.com/sell/cell-phone/samsung/galaxy-s24-ultra
Galaxy S24 Ultra_256GB_T-Mobile_Fair,170.0,https://www.ocbuyback.com/sell/cell-phone/samsung/galaxy-s24-ultra
Galaxy S24 Ultra_256GB_T-Mobile_Minor Damage,100.0,https://www.ocbuyback.com/sell/cell-phone/samsung/galaxy-s24-ultra
Galaxy S24 Ultra_256GB_T-Mobile_Broken,20.0,https://www.ocbuyback.com/sell/cell-phone/samsung/galaxy-s24-ultra
Galaxy S24 Ultra_256GB_Verizon_Brand New,330.0,https://www.ocbuyback.com/sell/cell-phone/samsung/galaxy-s24-ultra
Galaxy S24 Ultra_256GB_Verizon_Flawless,280.0,https://www.ocbuyback.com/sell/cell-phone/samsung/galaxy-s24-ultra
Galaxy S24 Ultra_256GB_Verizon_Good ,230.0,https://www.ocbuyback.com/sell/cell-phone/samsung/galaxy-s24-ultra
Galaxy S24 Ultra_256GB_Verizon_Fair,170.0,https://www.ocbuyback.com/sell/cell-phone/samsung/galaxy-s24-ultra
Galaxy S24 Ultra_256GB_Verizon_Minor Damage,100.0,https://www.ocbuyback.com/sell/cell-phone/samsung/galaxy-s24-ultra
Galaxy S24 Ultra_256GB_Verizon_Broken,20.0,https://www.ocbuyback.com/sell/cell-phone/samsung/galaxy-s24-ultra
Galaxy S24 Ultra_256GB_Unlocked_Brand New,460.0,https://www.ocbuyback.com/sell/cell-phone/samsung/galaxy-s24-ultra
Galaxy S24 Ultra_256GB_Unlocked_Flawless,410.0,https://www.ocbuyback.com/sell/cell-phone/samsung/galaxy-s24-ultra
Galaxy S24 Ultra_256GB_Unlocked_Good ,360.0,https://www.ocbuyback.com/sell/cell-phone/samsung/galaxy-s24-ultra
Galaxy S24 Ultra_256GB_Unlocked_Fair,300.0,https://www.ocbuyback.com/sell/cell-phone/samsung/galaxy-s24-ultra
Galaxy S24 Ultra_256GB_Unlocked_Minor Damage,150.0,https://www.ocbuyback.com/sell/cell-phone/samsung/galaxy-s24-ultra
Galaxy S24 Ultra_256GB_Unlocked_Broken,20.0,https://www.ocbuyback.com/sell/cell-phone/samsung/galaxy-s24-ultra
Galaxy S24 Ultra_512GB_AT&T_Brand New,390.0,https://www.ocbuyback.com/sell/cell-phone/samsung/galaxy-s24-ultra
Galaxy S24 Ultra_512GB_AT&T_Flawless,340.0,https://www.ocbuyback.com/sell/cell-phone/samsung/galaxy-s24-ultra
Galaxy S24 Ultra_512GB_AT&T_Good ,290.0,https://www.ocbuyback.com/sell/cell-phone/samsung/galaxy-s24-ultra
Galaxy S24 Ultra_512GB_AT&T_Fair,225.0,https://www.ocbuyback.com/sell/cell-phone/samsung/galaxy-s24-ultra
Galaxy S24 Ultra_512GB_AT&T_Minor Damage,110.0,https://www.ocbuyback.com/sell/cell-phone/samsung/galaxy-s24-ultra
Galaxy S24 Ultra_512GB_AT&T_Broken,20.0,https://www.ocbuyback.com/sell/cell-phone/samsung/galaxy-s24-ultra
Galaxy S24 Ultra_512GB_T-Mobile_Brand New,350.0,https://www.ocbuyback.com/sell/cell-phone/samsung/galaxy-s24-ultra
Galaxy S24 Ultra_512GB_T-Mobile_Flawless,300.0,https://www.ocbuyback.com/sell/cell-phone/samsung/galaxy-s24-ultra
Galaxy S24 Ultra_512GB_T-Mobile_Good ,230.0,https://www.ocbuyback.com/sell/cell-phone/samsung/galaxy-s24-ultra
Galaxy S24 Ultra_512GB_T-Mobile_Fair,175.0,https://www.ocbuyback.com/sell/cell-phone/samsung/galaxy-s24-ultra
Galaxy S24 Ultra_512GB_T-Mobile_Minor Damage,110.0,https://www.ocbuyback.com/sell/cell-phone/samsung/galaxy-s24-ultra
Galaxy S24 Ultra_512GB_T-Mobile_Broken,20.0,https://www.ocbuyback.com/sell/cell-phone/samsung/galaxy-s24-ultra
Galaxy S24 Ultra_512GB_Verizon_Brand New,350.0,https://www.ocbuyback.com/sell/cell-phone/samsung/galaxy-s24-ultra
Galaxy S24 Ultra_512GB_Verizon_Flawless,300.0,https://www.ocbuyback.com/sell/cell-phone/samsung/galaxy-s24-ultra
Galaxy S24 Ultra_512GB_Verizon_Good ,230.0,https://www.ocbuyback.com/sell/cell-phone/samsung/galaxy-s24-ultra
Galaxy S24 Ultra_512GB_Verizon_Fair,175.0,https://www.ocbuyback.com/sell/cell-phone/samsung/galaxy-s24-ultra
Galaxy S24 Ultra_512GB_Verizon_Minor Damage,110.0,https://www.ocbuyback.com/sell/cell-phone/samsung/galaxy-s24-ultra
Galaxy S24 Ultra_512GB_Verizon_Broken,20.0,https://www.ocbuyback.com/sell/cell-phone/samsung/galaxy-s24-ultra
Galaxy S24 Ultra_512GB_Unlocked_Brand New,480.0,https://www.ocbuyback.com/sell/cell-phone/samsung/galaxy-s24-ultra
Galaxy S24 Ultra_512GB_Unlocked_Flawless,430.0,https://www.ocbuyback.com/sell/cell-phone/samsung/galaxy-s24-ultra
Galaxy S24 Ultra_512GB_Unlocked_Good ,380.0,https://www.ocbuyback.com/sell/cell-phone/samsung/galaxy-s24-ultra
Galaxy S24 Ultra_512GB_Unlocked_Fair,320.0,https://www.ocbuyback.com/sell/cell-phone/samsung/galaxy-s24-ultra
Galaxy S24 Ultra_512GB_Unlocked_Minor Damage,160.0,https://www.ocbuyback.com/sell/cell-phone/samsung/galaxy-s24-ultra
Galaxy S24 Ultra_512GB_Unlocked_Broken,20.0,https://www.ocbuyback.com/sell/cell-phone/samsung/galaxy-s24-ultra
Galaxy S24 Ultra_1TB_AT&T_Brand New,450.0,https://www.ocbuyback.com/sell/cell-phone/samsung/galaxy-s24-ultra
Galaxy S24 Ultra_1TB_AT&T_Flawless,400.0,https://www.ocbuyback.com/sell/cell-phone/samsung/galaxy-s24-ultra
Galaxy S24 Ultra_1TB_AT&T_Good ,350.0,https://www.ocbuyback.com/sell/cell-phone/samsung/galaxy-s24-ultra
Galaxy S24 Ultra_1TB_AT&T_Fair,290.0,https://www.ocbuyback.com/sell/cell-phone/samsung/galaxy-s24-ultra
Galaxy S24 Ultra_1TB_AT&T_Minor Damage,120.0,https://www.ocbuyback.com/sell/cell-phone/samsung/galaxy-s24-ultra
Galaxy S24 Ultra_1TB_AT&T_Broken,20.0,https://www.ocbuyback.com/sell/cell-phone/samsung/galaxy-s24-ultra
Galaxy S24 Ultra_1TB_T-Mobile_Brand New,410.0,https://www.ocbuyback.com/sell/cell-phone/samsung/galaxy-s24-ultra
Galaxy S24 Ultra_1TB_T-Mobile_Flawless,350.0,https://www.ocbuyback.com/sell/cell-phone/samsung/galaxy-s24-ultra
Galaxy S24 Ultra_1TB_T-Mobile_Good ,310.0,https://www.ocbuyback.com/sell/cell-phone/samsung/galaxy-s24-ultra
Galaxy S24 Ultra_1TB_T-Mobile_Fair,250.0,https://www.ocbuyback.com/sell/cell-phone/samsung/galaxy-s24-ultra
Galaxy S24 Ultra_1TB_T-Mobile_Minor Damage,120.0,https://www.ocbuyback.com/sell/cell-phone/samsung/galaxy-s24-ultra
Galaxy S24 Ultra_1TB_T-Mobile_Broken,20.0,https://www.ocbuyback.com/sell/cell-phone/samsung/galaxy-s24-ultra
Galaxy S24 Ultra_1TB_Verizon_Brand New,410.0,https://www.ocbuyback.com/sell/cell-phone/samsung/galaxy-s24-ultra
Galaxy S24 Ultra_1TB_Verizon_Flawless,360.0,https://www.ocbuyback.com/sell/cell-phone/samsung/galaxy-s24-ultra
Galaxy S24 Ultra_1TB_Verizon_Good ,310.0,https://www.ocbuyback.com/sell/cell-phone/samsung/galaxy-s24-ultra
Galaxy S24 Ultra_1TB_Verizon_Fair,250.0,https://www.ocbuyback.com/sell/cell-phone/samsung/galaxy-s24-ultra
Galaxy S24 Ultra_1TB_Verizon_Minor Damage,120.0,https://www.ocbuyback.com/sell/cell-phone/samsung/galaxy-s24-ultra
Galaxy S24 Ultra_1TB_Verizon_Broken,20.0,https://www.ocbuyback.com/sell/cell-phone/samsung/galaxy-s24-ultra
Galaxy S24 Ultra_1TB_Unlocked_Brand New,540.0,https://www.ocbuyback.com/sell/cell-phone/samsung/galaxy-s24-ultra
Galaxy S24 Ultra_1TB_Unlocked_Flawless,490.0,https://www.ocbuyback.com/sell/cell-phone/samsung/galaxy-s24-ultra
Galaxy S24 Ultra_1TB_Unlocked_Good ,440.0,https://www.ocbuyback.com/sell/cell-phone/samsung/galaxy-s24-ultra
Galaxy S24 Ultra_1TB_Unlocked_Fair,380.0,https://www.ocbuyback.com/sell/cell-phone/samsung/galaxy-s24-ultra
Galaxy S24 Ultra_1TB_Unlocked_Minor Damage,170.0,https://www.ocbuyback.com/sell/cell-phone/samsung/galaxy-s24-ultra
Galaxy S24 Ultra_1TB_Unlocked_Broken,20.0,https://www.ocbuyback.com/sell/cell-phone/samsung/galaxy-s24-ultra
Galaxy S25_128GB_AT&T_Brand New,275.0,https://www.ocbuyback.com/sell/cell-phone/samsung/galaxy-s25
Galaxy S25_128GB_AT&T_Flawless,225.0,https://www.ocbuyback.com/sell/cell-phone/samsung/galaxy-s25
Galaxy S25_128GB_AT&T_Good ,195.0,https://www.ocbuyback.com/sell/cell-phone/samsung/galaxy-s25
Galaxy S25_128GB_AT&T_Fair,135.0,https://www.ocbuyback.com/sell/cell-phone/samsung/galaxy-s25
Galaxy S25_128GB_AT&T_Minor Damage,30.0,https://www.ocbuyback.com/sell/cell-phone/samsung/galaxy-s25
Galaxy S25_128GB_AT&T_Broken,10.0,https://www.ocbuyback.com/sell/cell-phone/samsung/galaxy-s25
Galaxy S25_128GB_T-Mobile_Brand New,250.0,https://www.ocbuyback.com/sell/cell-phone/samsung/galaxy-s25
Galaxy S25_128GB_T-Mobile_Flawless,200.0,https://www.ocbuyback.com/sell/cell-phone/samsung/galaxy-s25
Galaxy S25_128GB_T-Mobile_Good ,170.0,https://www.ocbuyback.com/sell/cell-phone/samsung/galaxy-s25
Galaxy S25_128GB_T-Mobile_Fair,110.0,https://www.ocbuyback.com/sell/cell-phone/samsung/galaxy-s25
Galaxy S25_128GB_T-Mobile_Minor Damage,30.0,https://www.ocbuyback.com/sell/cell-phone/samsung/galaxy-s25
Galaxy S25_128GB_T-Mobile_Broken,10.0,https://www.ocbuyback.com/sell/cell-phone/samsung/galaxy-s25
Galaxy S25_128GB_Verizon_Brand New,130.0,https://www.ocbuyback.com/sell/cell-phone/samsung/galaxy-s25
Galaxy S25_128GB_Verizon_Flawless,80.0,https://www.ocbuyback.com/sell/cell-phone/samsung/galaxy-s25
Galaxy S25_128GB_Verizon_Good ,60.0,https://www.ocbuyback.com/sell/cell-phone/samsung/galaxy-s25
Galaxy S25_128GB_Verizon_Fair,50.0,https://www.ocbuyback.com/sell/cell-phone/samsung/galaxy-s25
Galaxy S25_128GB_Verizon_Minor Damage,40.0,https://www.ocbuyback.com/sell/cell-phone/samsung/galaxy-s25
Galaxy S25_128GB_Verizon_Broken,10.0,https://www.ocbuyback.com/sell/cell-phone/samsung/galaxy-s25
Galaxy S25_128GB_Unlocked_Brand New,350.0,https://www.ocbuyback.com/sell/cell-phone/samsung/galaxy-s25
Galaxy S25_128GB_Unlocked_Flawless,300.0,https://www.ocbuyback.com/sell/cell-phone/samsung/galaxy-s25
Galaxy S25_128GB_Unlocked_Good ,270.0,https://www.ocbuyback.com/sell/cell-phone/samsung/galaxy-s25
Galaxy S25_128GB_Unlocked_Fair,210.0,https://www.ocbuyback.com/sell/cell-phone/samsung/galaxy-s25
Galaxy S25_128GB_Unlocked_Minor Damage,80.0,https://www.ocbuyback.com/sell/cell-phone/samsung/galaxy-s25
Galaxy S25_128GB_Unlocked_Broken,10.0,https://www.ocbuyback.com/sell/cell-phone/samsung/galaxy-s25
Galaxy S25_256GB_AT&T_Brand New,315.0,https://www.ocbuyback.com/sell/cell-phone/samsung/galaxy-s25
Galaxy S25_256GB_AT&T_Flawless,265.0,https://www.ocbuyback.com/sell/cell-phone/samsung/galaxy-s25
Galaxy S25_256GB_AT&T_Good ,235.0,https://www.ocbuyback.com/sell/cell-phone/samsung/galaxy-s25
Galaxy S25_256GB_AT&T_Fair,175.0,https://www.ocbuyback.com/sell/cell-phone/samsung/galaxy-s25
Galaxy S25_256GB_AT&T_Minor Damage,40.0,https://www.ocbuyback.com/sell/cell-phone/samsung/galaxy-s25
Galaxy S25_256GB_AT&T_Broken,10.0,https://www.ocbuyback.com/sell/cell-phone/samsung/galaxy-s25
Galaxy S25_256GB_T-Mobile_Brand New,290.0,https://www.ocbuyback.com/sell/cell-phone/samsung/galaxy-s25
Galaxy S25_256GB_T-Mobile_Flawless,240.0,https://www.ocbuyback.com/sell/cell-phone/samsung/galaxy-s25
Galaxy S25_256GB_T-Mobile_Good ,210.0,https://www.ocbuyback.com/sell/cell-phone/samsung/galaxy-s25
Galaxy S25_256GB_T-Mobile_Fair,150.0,https://www.ocbuyback.com/sell/cell-phone/samsung/galaxy-s25
Galaxy S25_256GB_T-Mobile_Minor Damage,40.0,https://www.ocbuyback.com/sell/cell-phone/samsung/galaxy-s25
Galaxy S25_256GB_T-Mobile_Broken,10.0,https://www.ocbuyback.com/sell/cell-phone/samsung/galaxy-s25
Galaxy S25_256GB_Verizon_Brand New,130.0,https://www.ocbuyback.com/sell/cell-phone/samsung/galaxy-s25
Galaxy S25_256GB_Verizon_Flawless,80.0,https://www.ocbuyback.com/sell/cell-phone/samsung/galaxy-s25
Galaxy S25_256GB_Verizon_Good ,70.0,https://www.ocbuyback.com/sell/cell-phone/samsung/galaxy-s25
Galaxy S25_256GB_Verizon_Fair,50.0,https://www.ocbuyback.com/sell/cell-phone/samsung/galaxy-s25
Galaxy S25_256GB_Verizon_Minor Damage,40.0,https://www.ocbuyback.com/sell/cell-phone/samsung/galaxy-s25
Galaxy S25_256GB_Verizon_Broken,10.0,https://www.ocbuyback.com/sell/cell-phone/samsung/galaxy-s25
Galaxy S25_256GB_Unlocked_Brand New,390.0,https://www.ocbuyback.com/sell/cell-phone/samsung/galaxy-s25
Galaxy S25_256GB_Unlocked_Flawless,340.0,https://www.ocbuyback.com/sell/cell-phone/samsung/galaxy-s25
Galaxy S25_256GB_Unlocked_Good ,310.0,https://www.ocbuyback.com/sell/cell-phone/samsung/galaxy-s25
Galaxy S25_256GB_Unlocked_Fair,250.0,https://www.ocbuyback.com/sell/cell-phone/samsung/galaxy-s25
Galaxy S25_256GB_Unlocked_Minor Damage,90.0,https://www.ocbuyback.com/sell/cell-phone/samsung/galaxy-s25
Galaxy S25_256GB_Unlocked_Broken,10.0,https://www.ocbuyback.com/sell/cell-phone/samsung/galaxy-s25
Galaxy S25 FE_128GB_AT&T_Brand New,220.0,https://www.ocbuyback.com/sell/cell-phone/samsung/galaxy-s25-fe
Galaxy S25 FE_128GB_AT&T_Flawless,170.0,https://www.ocbuyback.com/sell/cell-phone/samsung/galaxy-s25-fe
Galaxy S25 FE_128GB_AT&T_Good ,140.0,https://www.ocbuyback.com/sell/cell-phone/samsung/galaxy-s25-fe
Galaxy S25 FE_128GB_AT&T_Fair,65.0,https://www.ocbuyback.com/sell/cell-phone/samsung/galaxy-s25-fe
Galaxy S25 FE_128GB_AT&T_Minor Damage,20.0,https://www.ocbuyback.com/sell/cell-phone/samsung/galaxy-s25-fe
Galaxy S25 FE_128GB_AT&T_Broken,10.0,https://www.ocbuyback.com/sell/cell-phone/samsung/galaxy-s25-fe
Galaxy S25 FE_128GB_T-Mobile_Brand New,200.0,https://www.ocbuyback.com/sell/cell-phone/samsung/galaxy-s25-fe
Galaxy S25 FE_128GB_T-Mobile_Flawless,150.0,https://www.ocbuyback.com/sell/cell-phone/samsung/galaxy-s25-fe
Galaxy S25 FE_128GB_T-Mobile_Good ,120.0,https://www.ocbuyback.com/sell/cell-phone/samsung/galaxy-s25-fe
Galaxy S25 FE_128GB_T-Mobile_Fair,60.0,https://www.ocbuyback.com/sell/cell-phone/samsung/galaxy-s25-fe
Galaxy S25 FE_128GB_T-Mobile_Minor Damage,20.0,https://www.ocbuyback.com/sell/cell-phone/samsung/galaxy-s25-fe
Galaxy S25 FE_128GB_T-Mobile_Broken,10.0,https://www.ocbuyback.com/sell/cell-phone/samsung/galaxy-s25-fe
Galaxy S25 FE_128GB_Verizon_Brand New,220.0,https://www.ocbuyback.com/sell/cell-phone/samsung/galaxy-s25-fe
Galaxy S25 FE_128GB_Verizon_Flawless,180.0,https://www.ocbuyback.com/sell/cell-phone/samsung/galaxy-s25-fe
Galaxy S25 FE_128GB_Verizon_Good ,140.0,https://www.ocbuyback.com/sell/cell-phone/samsung/galaxy-s25-fe
Galaxy S25 FE_128GB_Verizon_Fair,65.0,https://www.ocbuyback.com/sell/cell-phone/samsung/galaxy-s25-fe
Galaxy S25 FE_128GB_Verizon_Minor Damage,20.0,https://www.ocbuyback.com/sell/cell-phone/samsung/galaxy-s25-fe
Galaxy S25 FE_128GB_Verizon_Broken,10.0,https://www.ocbuyback.com/sell/cell-phone/samsung/galaxy-s25-fe
Galaxy S25 FE_128GB_Unlocked_Brand New,295.0,https://www.ocbuyback.com/sell/cell-phone/samsung/galaxy-s25-fe
Galaxy S25 FE_128GB_Unlocked_Flawless,245.0,https://www.ocbuyback.com/sell/cell-phone/samsung/galaxy-s25-fe
Galaxy S25 FE_128GB_Unlocked_Good ,215.0,https://www.ocbuyback.com/sell/cell-phone/samsung/galaxy-s25-fe
Galaxy S25 FE_128GB_Unlocked_Fair,80.0,https://www.ocbuyback.com/sell/cell-phone/samsung/galaxy-s25-fe
Galaxy S25 FE_128GB_Unlocked_Minor Damage,40.0,https://www.ocbuyback.com/sell/cell-phone/samsung/galaxy-s25-fe
Galaxy S25 FE_128GB_Unlocked_Broken,10.0,https://www.ocbuyback.com/sell/cell-phone/samsung/galaxy-s25-fe
Galaxy S25 FE_256GB_AT&T_Brand New,240.0,https://www.ocbuyback.com/sell/cell-phone/samsung/galaxy-s25-fe
Galaxy S25 FE_256GB_AT&T_Flawless,190.0,https://www.ocbuyback.com/sell/cell-phone/samsung/galaxy-s25-fe
Galaxy S25 FE_256GB_AT&T_Good ,160.0,https://www.ocbuyback.com/sell/cell-phone/samsung/galaxy-s25-fe
Galaxy S25 FE_256GB_AT&T_Fair,70.0,https://www.ocbuyback.com/sell/cell-phone/samsung/galaxy-s25-fe
Galaxy S25 FE_256GB_AT&T_Minor Damage,35.0,https://www.ocbuyback.com/sell/cell-phone/samsung/galaxy-s25-fe
Galaxy S25 FE_256GB_AT&T_Broken,10.0,https://www.ocbuyback.com/sell/cell-phone/samsung/galaxy-s25-fe
Galaxy S25 FE_256GB_T-Mobile_Brand New,220.0,https://www.ocbuyback.com/sell/cell-phone/samsung/galaxy-s25-fe
Galaxy S25 FE_256GB_T-Mobile_Flawless,170.0,https://www.ocbuyback.com/sell/cell-phone/samsung/galaxy-s25-fe
Galaxy S25 FE_256GB_T-Mobile_Good ,140.0,https://www.ocbuyback.com/sell/cell-phone/samsung/galaxy-s25-fe
Galaxy S25 FE_256GB_T-Mobile_Fair,60.0,https://www.ocbuyback.com/sell/cell-phone/samsung/galaxy-s25-fe
Galaxy S25 FE_256GB_T-Mobile_Minor Damage,20.0,https://www.ocbuyback.com/sell/cell-phone/samsung/galaxy-s25-fe
Galaxy S25 FE_256GB_T-Mobile_Broken,5.0,https://www.ocbuyback.com/sell/cell-phone/samsung/galaxy-s25-fe
Galaxy S25 FE_256GB_Verizon_Brand New,240.0,https://www.ocbuyback.com/sell/cell-phone/samsung/galaxy-s25-fe
Galaxy S25 FE_256GB_Verizon_Flawless,200.0,https://www.ocbuyback.com/sell/cell-phone/samsung/galaxy-s25-fe
Galaxy S25 FE_256GB_Verizon_Good ,160.0,https://www.ocbuyback.com/sell/cell-phone/samsung/galaxy-s25-fe
Galaxy S25 FE_256GB_Verizon_Fair,70.0,https://www.ocbuyback.com/sell/cell-phone/samsung/galaxy-s25-fe
Galaxy S25 FE_256GB_Verizon_Minor Damage,25.0,https://www.ocbuyback.com/sell/cell-phone/samsung/galaxy-s25-fe
Galaxy S25 FE_256GB_Verizon_Broken,10.0,https://www.ocbuyback.com/sell/cell-phone/samsung/galaxy-s25-fe
Galaxy S25 FE_256GB_Unlocked_Brand New,315.0,https://www.ocbuyback.com/sell/cell-phone/samsung/galaxy-s25-fe
Galaxy S25 FE_256GB_Unlocked_Flawless,265.0,https://www.ocbuyback.com/sell/cell-phone/samsung/galaxy-s25-fe
Galaxy S25 FE_256GB_Unlocked_Good ,235.0,https://www.ocbuyback.com/sell/cell-phone/samsung/galaxy-s25-fe
Galaxy S25 FE_256GB_Unlocked_Fair,105.0,https://www.ocbuyback.com/sell/cell-phone/samsung/galaxy-s25-fe
Galaxy S25 FE_256GB_Unlocked_Minor Damage,50.0,https://www.ocbuyback.com/sell/cell-phone/samsung/galaxy-s25-fe
Galaxy S25 FE_256GB_Unlocked_Broken,10.0,https://www.ocbuyback.com/sell/cell-phone/samsung/galaxy-s25-fe
Galaxy S25 Plus_256GB_AT&T_Brand New,415.0,https://www.ocbuyback.com/sell/cell-phone/samsung/galaxy-s25-plus
Galaxy S25 Plus_256GB_AT&T_Brand New,425.0,https://www.ocbuyback.com/sell/cell-phone/samsung/galaxy-s25-plus
Galaxy S25 Plus_256GB_AT&T_Brand New,375.0,https://www.ocbuyback.com/sell/cell-phone/samsung/galaxy-s25-plus
Galaxy S25 Plus_256GB_AT&T_Flawless,415.0,https://www.ocbuyback.com/sell/cell-phone/samsung/galaxy-s25-plus
Galaxy S25 Plus_256GB_AT&T_Flawless,375.0,https://www.ocbuyback.com/sell/cell-phone/samsung/galaxy-s25-plus
Galaxy S25 Plus_256GB_AT&T_Flawless,325.0,https://www.ocbuyback.com/sell/cell-phone/samsung/galaxy-s25-plus
Galaxy S25 Plus_256GB_AT&T_Good ,265.0,https://www.ocbuyback.com/sell/cell-phone/samsung/galaxy-s25-plus
Galaxy S25 Plus_256GB_AT&T_Good ,355.0,https://www.ocbuyback.com/sell/cell-phone/samsung/galaxy-s25-plus
Galaxy S25 Plus_256GB_AT&T_Good ,305.0,https://www.ocbuyback.com/sell/cell-phone/samsung/galaxy-s25-plus
Galaxy S25 Plus_256GB_AT&T_Fair,250.0,https://www.ocbuyback.com/sell/cell-phone/samsung/galaxy-s25-plus
Galaxy S25 Plus_256GB_AT&T_Fair,275.0,https://www.ocbuyback.com/sell/cell-phone/samsung/galaxy-s25-plus
Galaxy S25 Plus_256GB_AT&T_Fair,215.0,https://www.ocbuyback.com/sell/cell-phone/samsung/galaxy-s25-plus
Galaxy S25 Plus_256GB_AT&T_Minor Damage,50.0,https://www.ocbuyback.com/sell/cell-phone/samsung/galaxy-s25-plus
Galaxy S25 Plus_256GB_AT&T_Minor Damage,50.0,https://www.ocbuyback.com/sell/cell-phone/samsung/galaxy-s25-plus
Galaxy S25 Plus_256GB_AT&T_Minor Damage,50.0,https://www.ocbuyback.com/sell/cell-phone/samsung/galaxy-s25-plus
Galaxy S25 Plus_256GB_AT&T_Broken,10.0,https://www.ocbuyback.com/sell/cell-phone/samsung/galaxy-s25-plus
Galaxy S25 Plus_256GB_AT&T_Broken,10.0,https://www.ocbuyback.com/sell/cell-phone/samsung/galaxy-s25-plus
Galaxy S25 Plus_256GB_AT&T_Broken,20.0,https://www.ocbuyback.com/sell/cell-phone/samsung/galaxy-s25-plus
Galaxy S25 Plus_256GB_T-Mobile_Brand New,350.0,https://www.ocbuyback.com/sell/cell-phone/samsung/galaxy-s25-plus
Galaxy S25 Plus_256GB_T-Mobile_Brand New,390.0,https://www.ocbuyback.com/sell/cell-phone/samsung/galaxy-s25-plus
Galaxy S25 Plus_256GB_T-Mobile_Brand New,420.0,https://www.ocbuyback.com/sell/cell-phone/samsung/galaxy-s25-plus
Galaxy S25 Plus_256GB_T-Mobile_Flawless,350.0,https://www.ocbuyback.com/sell/cell-phone/samsung/galaxy-s25-plus
Galaxy S25 Plus_256GB_T-Mobile_Flawless,350.0,https://www.ocbuyback.com/sell/cell-phone/samsung/galaxy-s25-plus
Galaxy S25 Plus_256GB_T-Mobile_Flawless,300.0,https://www.ocbuyback.com/sell/cell-phone/samsung/galaxy-s25-plus
Galaxy S25 Plus_256GB_T-Mobile_Good ,310.0,https://www.ocbuyback.com/sell/cell-phone/samsung/galaxy-s25-plus
Galaxy S25 Plus_256GB_T-Mobile_Good ,280.0,https://www.ocbuyback.com/sell/cell-phone/samsung/galaxy-s25-plus
Galaxy S25 Plus_256GB_T-Mobile_Good ,240.0,https://www.ocbuyback.com/sell/cell-phone/samsung/galaxy-s25-plus
Galaxy S25 Plus_256GB_T-Mobile_Fair,225.0,https://www.ocbuyback.com/sell/cell-phone/samsung/galaxy-s25-plus
Galaxy S25 Plus_256GB_T-Mobile_Fair,190.0,https://www.ocbuyback.com/sell/cell-phone/samsung/galaxy-s25-plus
Galaxy S25 Plus_256GB_T-Mobile_Fair,250.0,https://www.ocbuyback.com/sell/cell-phone/samsung/galaxy-s25-plus
Galaxy S25 Plus_256GB_T-Mobile_Minor Damage,50.0,https://www.ocbuyback.com/sell/cell-phone/samsung/galaxy-s25-plus
Galaxy S25 Plus_256GB_T-Mobile_Minor Damage,50.0,https://www.ocbuyback.com/sell/cell-phone/samsung/galaxy-s25-plus
Galaxy S25 Plus_256GB_T-Mobile_Minor Damage,50.0,https://www.ocbuyback.com/sell/cell-phone/samsung/galaxy-s25-plus
Galaxy S25 Plus_256GB_T-Mobile_Broken,10.0,https://www.ocbuyback.com/sell/cell-phone/samsung/galaxy-s25-plus
Galaxy S25 Plus_256GB_T-Mobile_Broken,10.0,https://www.ocbuyback.com/sell/cell-phone/samsung/galaxy-s25-plus
Galaxy S25 Plus_256GB_T-Mobile_Broken,20.0,https://www.ocbuyback.com/sell/cell-phone/samsung/galaxy-s25-plus
Galaxy S25 Plus_256GB_Verizon_Brand New,240.0,https://www.ocbuyback.com/sell/cell-phone/samsung/galaxy-s25-plus
Galaxy S25 Plus_256GB_Verizon_Brand New,220.0,https://www.ocbuyback.com/sell/cell-phone/samsung/galaxy-s25-plus
Galaxy S25 Plus_256GB_Verizon_Brand New,210.0,https://www.ocbuyback.com/sell/cell-phone/samsung/galaxy-s25-plus
Galaxy S25 Plus_256GB_Verizon_Flawless,160.0,https://www.ocbuyback.com/sell/cell-phone/samsung/galaxy-s25-plus
Galaxy S25 Plus_256GB_Verizon_Flawless,170.0,https://www.ocbuyback.com/sell/cell-phone/samsung/galaxy-s25-plus
Galaxy S25 Plus_256GB_Verizon_Flawless,190.0,https://www.ocbuyback.com/sell/cell-phone/samsung/galaxy-s25-plus
Galaxy S25 Plus_256GB_Verizon_Good ,130.0,https://www.ocbuyback.com/sell/cell-phone/samsung/galaxy-s25-plus
Galaxy S25 Plus_256GB_Verizon_Good ,120.0,https://www.ocbuyback.com/sell/cell-phone/samsung/galaxy-s25-plus
Galaxy S25 Plus_256GB_Verizon_Good ,130.0,https://www.ocbuyback.com/sell/cell-phone/samsung/galaxy-s25-plus
Galaxy S25 Plus_256GB_Verizon_Fair,50.0,https://www.ocbuyback.com/sell/cell-phone/samsung/galaxy-s25-plus
Galaxy S25 Plus_256GB_Verizon_Fair,60.0,https://www.ocbuyback.com/sell/cell-phone/samsung/galaxy-s25-plus
Galaxy S25 Plus_256GB_Verizon_Fair,50.0,https://www.ocbuyback.com/sell/cell-phone/samsung/galaxy-s25-plus
Galaxy S25 Plus_256GB_Verizon_Minor Damage,30.0,https://www.ocbuyback.com/sell/cell-phone/samsung/galaxy-s25-plus
Galaxy S25 Plus_256GB_Verizon_Minor Damage,50.0,https://www.ocbuyback.com/sell/cell-phone/samsung/galaxy-s25-plus
Galaxy S25 Plus_256GB_Verizon_Minor Damage,30.0,https://www.ocbuyback.com/sell/cell-phone/samsung/galaxy-s25-plus
Galaxy S25 Plus_256GB_Verizon_Broken,10.0,https://www.ocbuyback.com/sell/cell-phone/samsung/galaxy-s25-plus
Galaxy S25 Plus_256GB_Verizon_Broken,10.0,https://www.ocbuyback.com/sell/cell-phone/samsung/galaxy-s25-plus
Galaxy S25 Plus_256GB_Verizon_Broken,10.0,https://www.ocbuyback.com/sell/cell-phone/samsung/galaxy-s25-plus
Galaxy S25 Plus_256GB_Unlocked_Brand New,500.0,https://www.ocbuyback.com/sell/cell-phone/samsung/galaxy-s25-plus
Galaxy S25 Plus_256GB_Unlocked_Brand New,490.0,https://www.ocbuyback.com/sell/cell-phone/samsung/galaxy-s25-plus
Galaxy S25 Plus_256GB_Unlocked_Brand New,450.0,https://www.ocbuyback.com/sell/cell-phone/samsung/galaxy-s25-plus
Galaxy S25 Plus_256GB_Unlocked_Flawless,440.0,https://www.ocbuyback.com/sell/cell-phone/samsung/galaxy-s25-plus
Galaxy S25 Plus_256GB_Unlocked_Flawless,400.0,https://www.ocbuyback.com/sell/cell-phone/samsung/galaxy-s25-plus
Galaxy S25 Plus_256GB_Unlocked_Flawless,450.0,https://www.ocbuyback.com/sell/cell-phone/samsung/galaxy-s25-plus
Galaxy S25 Plus_256GB_Unlocked_Good ,410.0,https://www.ocbuyback.com/sell/cell-phone/samsung/galaxy-s25-plus
Galaxy S25 Plus_256GB_Unlocked_Good ,380.0,https://www.ocbuyback.com/sell/cell-phone/samsung/galaxy-s25-plus
Galaxy S25 Plus_256GB_Unlocked_Good ,340.0,https://www.ocbuyback.com/sell/cell-phone/samsung/galaxy-s25-plus
Galaxy S25 Plus_256GB_Unlocked_Fair,290.0,https://www.ocbuyback.com/sell/cell-phone/samsung/galaxy-s25-plus
Galaxy S25 Plus_256GB_Unlocked_Fair,350.0,https://www.ocbuyback.com/sell/cell-phone/samsung/galaxy-s25-plus
Galaxy S25 Plus_256GB_Unlocked_Fair,350.0,https://www.ocbuyback.com/sell/cell-phone/samsung/galaxy-s25-plus
Galaxy S25 Plus_256GB_Unlocked_Minor Damage,80.0,https://www.ocbuyback.com/sell/cell-phone/samsung/galaxy-s25-plus
Galaxy S25 Plus_256GB_Unlocked_Minor Damage,80.0,https://www.ocbuyback.com/sell/cell-phone/samsung/galaxy-s25-plus
Galaxy S25 Plus_256GB_Unlocked_Minor Damage,50.0,https://www.ocbuyback.com/sell/cell-phone/samsung/galaxy-s25-plus
Galaxy S25 Plus_256GB_Unlocked_Broken,10.0,https://www.ocbuyback.com/sell/cell-phone/samsung/galaxy-s25-plus
Galaxy S25 Plus_256GB_Unlocked_Broken,10.0,https://www.ocbuyback.com/sell/cell-phone/samsung/galaxy-s25-plus
Galaxy S25 Plus_256GB_Unlocked_Broken,10.0,https://www.ocbuyback.com/sell/cell-phone/samsung/galaxy-s25-plus
Galaxy S25 Plus_512GB_AT&T_Brand New,435.0,https://www.ocbuyback.com/sell/cell-phone/samsung/galaxy-s25-plus
Galaxy S25 Plus_512GB_AT&T_Flawless,385.0,https://www.ocbuyback.com/sell/cell-phone/samsung/galaxy-s25-plus
Galaxy S25 Plus_512GB_AT&T_Good ,325.0,https://www.ocbuyback.com/sell/cell-phone/samsung/galaxy-s25-plus
Galaxy S25 Plus_512GB_AT&T_Fair,275.0,https://www.ocbuyback.com/sell/cell-phone/samsung/galaxy-s25-plus
Galaxy S25 Plus_512GB_AT&T_Minor Damage,60.0,https://www.ocbuyback.com/sell/cell-phone/samsung/galaxy-s25-plus
Galaxy S25 Plus_512GB_AT&T_Broken,10.0,https://www.ocbuyback.com/sell/cell-phone/samsung/galaxy-s25-plus
Galaxy S25 Plus_512GB_T-Mobile_Brand New,410.0,https://www.ocbuyback.com/sell/cell-phone/samsung/galaxy-s25-plus
Galaxy S25 Plus_512GB_T-Mobile_Flawless,360.0,https://www.ocbuyback.com/sell/cell-phone/samsung/galaxy-s25-plus
Galaxy S25 Plus_512GB_T-Mobile_Good ,300.0,https://www.ocbuyback.com/sell/cell-phone/samsung/galaxy-s25-plus
Galaxy S25 Plus_512GB_T-Mobile_Fair,250.0,https://www.ocbuyback.com/sell/cell-phone/samsung/galaxy-s25-plus
Galaxy S25 Plus_512GB_T-Mobile_Minor Damage,60.0,https://www.ocbuyback.com/sell/cell-phone/samsung/galaxy-s25-plus
Galaxy S25 Plus_512GB_T-Mobile_Broken,10.0,https://www.ocbuyback.com/sell/cell-phone/samsung/galaxy-s25-plus
Galaxy S25 Plus_512GB_Verizon_Brand New,260.0,https://www.ocbuyback.com/sell/cell-phone/samsung/galaxy-s25-plus
Galaxy S25 Plus_512GB_Verizon_Flawless,210.0,https://www.ocbuyback.com/sell/cell-phone/samsung/galaxy-s25-plus
Galaxy S25 Plus_512GB_Verizon_Good ,170.0,https://www.ocbuyback.com/sell/cell-phone/samsung/galaxy-s25-plus
Galaxy S25 Plus_512GB_Verizon_Fair,110.0,https://www.ocbuyback.com/sell/cell-phone/samsung/galaxy-s25-plus
Galaxy S25 Plus_512GB_Verizon_Minor Damage,40.0,https://www.ocbuyback.com/sell/cell-phone/samsung/galaxy-s25-plus
Galaxy S25 Plus_512GB_Verizon_Broken,10.0,https://www.ocbuyback.com/sell/cell-phone/samsung/galaxy-s25-plus
Galaxy S25 Plus_512GB_Unlocked_Brand New,510.0,https://www.ocbuyback.com/sell/cell-phone/samsung/galaxy-s25-plus
Galaxy S25 Plus_512GB_Unlocked_Flawless,460.0,https://www.ocbuyback.com/sell/cell-phone/samsung/galaxy-s25-plus
Galaxy S25 Plus_512GB_Unlocked_Good ,400.0,https://www.ocbuyback.com/sell/cell-phone/samsung/galaxy-s25-plus
Galaxy S25 Plus_512GB_Unlocked_Fair,350.0,https://www.ocbuyback.com/sell/cell-phone/samsung/galaxy-s25-plus
Galaxy S25 Plus_512GB_Unlocked_Minor Damage,90.0,https://www.ocbuyback.com/sell/cell-phone/samsung/galaxy-s25-plus
Galaxy S25 Plus_512GB_Unlocked_Broken,10.0,https://www.ocbuyback.com/sell/cell-phone/samsung/galaxy-s25-plus
Galaxy S25 Ultra_256GB_AT&T_Brand New,520.0,https://www.ocbuyback.com/sell/cell-phone/samsung/galaxy-s25-ultra
Galaxy S25 Ultra_256GB_AT&T_Flawless,470.0,https://www.ocbuyback.com/sell/cell-phone/samsung/galaxy-s25-ultra
Galaxy S25 Ultra_256GB_AT&T_Good ,410.0,https://www.ocbuyback.com/sell/cell-phone/samsung/galaxy-s25-ultra
Galaxy S25 Ultra_256GB_AT&T_Fair,340.0,https://www.ocbuyback.com/sell/cell-phone/samsung/galaxy-s25-ultra
Galaxy S25 Ultra_256GB_AT&T_Minor Damage,100.0,https://www.ocbuyback.com/sell/cell-phone/samsung/galaxy-s25-ultra
Galaxy S25 Ultra_256GB_AT&T_Broken,30.0,https://www.ocbuyback.com/sell/cell-phone/samsung/galaxy-s25-ultra
Galaxy S25 Ultra_256GB_T-Mobile_Brand New,470.0,https://www.ocbuyback.com/sell/cell-phone/samsung/galaxy-s25-ultra
Galaxy S25 Ultra_256GB_T-Mobile_Flawless,420.0,https://www.ocbuyback.com/sell/cell-phone/samsung/galaxy-s25-ultra
Galaxy S25 Ultra_256GB_T-Mobile_Good ,360.0,https://www.ocbuyback.com/sell/cell-phone/samsung/galaxy-s25-ultra
Galaxy S25 Ultra_256GB_T-Mobile_Fair,290.0,https://www.ocbuyback.com/sell/cell-phone/samsung/galaxy-s25-ultra
Galaxy S25 Ultra_256GB_T-Mobile_Minor Damage,100.0,https://www.ocbuyback.com/sell/cell-phone/samsung/galaxy-s25-ultra
Galaxy S25 Ultra_256GB_T-Mobile_Broken,30.0,https://www.ocbuyback.com/sell/cell-phone/samsung/galaxy-s25-ultra
Galaxy S25 Ultra_256GB_Verizon_Brand New,200.0,https://www.ocbuyback.com/sell/cell-phone/samsung/galaxy-s25-ultra
Galaxy S25 Ultra_256GB_Verizon_Flawless,150.0,https://www.ocbuyback.com/sell/cell-phone/samsung/galaxy-s25-ultra
Galaxy S25 Ultra_256GB_Verizon_Good ,110.0,https://www.ocbuyback.com/sell/cell-phone/samsung/galaxy-s25-ultra
Galaxy S25 Ultra_256GB_Verizon_Fair,70.0,https://www.ocbuyback.com/sell/cell-phone/samsung/galaxy-s25-ultra
Galaxy S25 Ultra_256GB_Verizon_Minor Damage,50.0,https://www.ocbuyback.com/sell/cell-phone/samsung/galaxy-s25-ultra
Galaxy S25 Ultra_256GB_Verizon_Broken,30.0,https://www.ocbuyback.com/sell/cell-phone/samsung/galaxy-s25-ultra
Galaxy S25 Ultra_256GB_Unlocked_Brand New,620.0,https://www.ocbuyback.com/sell/cell-phone/samsung/galaxy-s25-ultra
Galaxy S25 Ultra_256GB_Unlocked_Flawless,570.0,https://www.ocbuyback.com/sell/cell-phone/samsung/galaxy-s25-ultra
Galaxy S25 Ultra_256GB_Unlocked_Good ,510.0,https://www.ocbuyback.com/sell/cell-phone/samsung/galaxy-s25-ultra
Galaxy S25 Ultra_256GB_Unlocked_Fair,440.0,https://www.ocbuyback.com/sell/cell-phone/samsung/galaxy-s25-ultra
Galaxy S25 Ultra_256GB_Unlocked_Minor Damage,150.0,https://www.ocbuyback.com/sell/cell-phone/samsung/galaxy-s25-ultra
Galaxy S25 Ultra_256GB_Unlocked_Broken,30.0,https://www.ocbuyback.com/sell/cell-phone/samsung/galaxy-s25-ultra
Galaxy S25 Ultra_512GB_AT&T_Brand New,545.0,https://www.ocbuyback.com/sell/cell-phone/samsung/galaxy-s25-ultra
Galaxy S25 Ultra_512GB_AT&T_Flawless,495.0,https://www.ocbuyback.com/sell/cell-phone/samsung/galaxy-s25-ultra
Galaxy S25 Ultra_512GB_AT&T_Good ,435.0,https://www.ocbuyback.com/sell/cell-phone/samsung/galaxy-s25-ultra
Galaxy S25 Ultra_512GB_AT&T_Fair,365.0,https://www.ocbuyback.com/sell/cell-phone/samsung/galaxy-s25-ultra
Galaxy S25 Ultra_512GB_AT&T_Minor Damage,110.0,https://www.ocbuyback.com/sell/cell-phone/samsung/galaxy-s25-ultra
Galaxy S25 Ultra_512GB_AT&T_Broken,30.0,https://www.ocbuyback.com/sell/cell-phone/samsung/galaxy-s25-ultra
Galaxy S25 Ultra_512GB_T-Mobile_Brand New,495.0,https://www.ocbuyback.com/sell/cell-phone/samsung/galaxy-s25-ultra
Galaxy S25 Ultra_512GB_T-Mobile_Flawless,445.0,https://www.ocbuyback.com/sell/cell-phone/samsung/galaxy-s25-ultra
Galaxy S25 Ultra_512GB_T-Mobile_Good ,385.0,https://www.ocbuyback.com/sell/cell-phone/samsung/galaxy-s25-ultra
Galaxy S25 Ultra_512GB_T-Mobile_Fair,315.0,https://www.ocbuyback.com/sell/cell-phone/samsung/galaxy-s25-ultra
Galaxy S25 Ultra_512GB_T-Mobile_Minor Damage,110.0,https://www.ocbuyback.com/sell/cell-phone/samsung/galaxy-s25-ultra
Galaxy S25 Ultra_512GB_T-Mobile_Broken,30.0,https://www.ocbuyback.com/sell/cell-phone/samsung/galaxy-s25-ultra
Galaxy S25 Ultra_512GB_Verizon_Brand New,255.0,https://www.ocbuyback.com/sell/cell-phone/samsung/galaxy-s25-ultra
Galaxy S25 Ultra_512GB_Verizon_Flawless,205.0,https://www.ocbuyback.com/sell/cell-phone/samsung/galaxy-s25-ultra
Galaxy S25 Ultra_512GB_Verizon_Good ,165.0,https://www.ocbuyback.com/sell/cell-phone/samsung/galaxy-s25-ultra
Galaxy S25 Ultra_512GB_Verizon_Fair,125.0,https://www.ocbuyback.com/sell/cell-phone/samsung/galaxy-s25-ultra
Galaxy S25 Ultra_512GB_Verizon_Minor Damage,60.0,https://www.ocbuyback.com/sell/cell-phone/samsung/galaxy-s25-ultra
Galaxy S25 Ultra_512GB_Verizon_Broken,30.0,https://www.ocbuyback.com/sell/cell-phone/samsung/galaxy-s25-ultra
Galaxy S25 Ultra_512GB_Unlocked_Brand New,645.0,https://www.ocbuyback.com/sell/cell-phone/samsung/galaxy-s25-ultra
Galaxy S25 Ultra_512GB_Unlocked_Flawless,595.0,https://www.ocbuyback.com/sell/cell-phone/samsung/galaxy-s25-ultra
Galaxy S25 Ultra_512GB_Unlocked_Good ,535.0,https://www.ocbuyback.com/sell/cell-phone/samsung/galaxy-s25-ultra
Galaxy S25 Ultra_512GB_Unlocked_Fair,465.0,https://www.ocbuyback.com/sell/cell-phone/samsung/galaxy-s25-ultra
Galaxy S25 Ultra_512GB_Unlocked_Minor Damage,160.0,https://www.ocbuyback.com/sell/cell-phone/samsung/galaxy-s25-ultra
Galaxy S25 Ultra_512GB_Unlocked_Broken,30.0,https://www.ocbuyback.com/sell/cell-phone/samsung/galaxy-s25-ultra
Galaxy S25 Ultra_1TB_AT&T_Brand New,595.0,https://www.ocbuyback.com/sell/cell-phone/samsung/galaxy-s25-ultra
Galaxy S25 Ultra_1TB_AT&T_Flawless,545.0,https://www.ocbuyback.com/sell/cell-phone/samsung/galaxy-s25-ultra
Galaxy S25 Ultra_1TB_AT&T_Good ,485.0,https://www.ocbuyback.com/sell/cell-phone/samsung/galaxy-s25-ultra
Galaxy S25 Ultra_1TB_AT&T_Fair,415.0,https://www.ocbuyback.com/sell/cell-phone/samsung/galaxy-s25-ultra
Galaxy S25 Ultra_1TB_AT&T_Minor Damage,120.0,https://www.ocbuyback.com/sell/cell-phone/samsung/galaxy-s25-ultra
Galaxy S25 Ultra_1TB_AT&T_Broken,30.0,https://www.ocbuyback.com/sell/cell-phone/samsung/galaxy-s25-ultra
Galaxy S25 Ultra_1TB_T-Mobile_Brand New,545.0,https://www.ocbuyback.com/sell/cell-phone/samsung/galaxy-s25-ultra
Galaxy S25 Ultra_1TB_T-Mobile_Flawless,495.0,https://www.ocbuyback.com/sell/cell-phone/samsung/galaxy-s25-ultra
Galaxy S25 Ultra_1TB_T-Mobile_Good ,435.0,https://www.ocbuyback.com/sell/cell-phone/samsung/galaxy-s25-ultra
Galaxy S25 Ultra_1TB_T-Mobile_Fair,365.0,https://www.ocbuyback.com/sell/cell-phone/samsung/galaxy-s25-ultra
Galaxy S25 Ultra_1TB_T-Mobile_Minor Damage,120.0,https://www.ocbuyback.com/sell/cell-phone/samsung/galaxy-s25-ultra
Galaxy S25 Ultra_1TB_T-Mobile_Broken,30.0,https://www.ocbuyback.com/sell/cell-phone/samsung/galaxy-s25-ultra
Galaxy S25 Ultra_1TB_Verizon_Brand New,305.0,https://www.ocbuyback.com/sell/cell-phone/samsung/galaxy-s25-ultra
Galaxy S25 Ultra_1TB_Verizon_Flawless,255.0,https://www.ocbuyback.com/sell/cell-phone/samsung/galaxy-s25-ultra
Galaxy S25 Ultra_1TB_Verizon_Good ,215.0,https://www.ocbuyback.com/sell/cell-phone/samsung/galaxy-s25-ultra
Galaxy S25 Ultra_1TB_Verizon_Fair,150.0,https://www.ocbuyback.com/sell/cell-phone/samsung/galaxy-s25-ultra
Galaxy S25 Ultra_1TB_Verizon_Minor Damage,70.0,https://www.ocbuyback.com/sell/cell-phone/samsung/galaxy-s25-ultra
Galaxy S25 Ultra_1TB_Verizon_Broken,30.0,https://www.ocbuyback.com/sell/cell-phone/samsung/galaxy-s25-ultra
Galaxy S25 Ultra_1TB_Unlocked_Brand New,695.0,https://www.ocbuyback.com/sell/cell-phone/samsung/galaxy-s25-ultra
Galaxy S25 Ultra_1TB_Unlocked_Flawless,645.0,https://www.ocbuyback.com/sell/cell-phone/samsung/galaxy-s25-ultra
Galaxy S25 Ultra_1TB_Unlocked_Good ,585.0,https://www.ocbuyback.com/sell/cell-phone/samsung/galaxy-s25-ultra
Galaxy S25 Ultra_1TB_Unlocked_Fair,515.0,https://www.ocbuyback.com/sell/cell-phone/samsung/galaxy-s25-ultra
Galaxy S25 Ultra_1TB_Unlocked_Minor Damage,170.0,https://www.ocbuyback.com/sell/cell-phone/samsung/galaxy-s25-ultra
Galaxy S25 Ultra_1TB_Unlocked_Broken,30.0,https://www.ocbuyback.com/sell/cell-phone/samsung/galaxy-s25-ultra
Galaxy S25 Edge_256GB_AT&T_Brand New,275.0,https://www.ocbuyback.com/sell/cell-phone/samsung/galaxy-s25-edge
Galaxy S25 Edge_256GB_AT&T_Flawless,225.0,https://www.ocbuyback.com/sell/cell-phone/samsung/galaxy-s25-edge
Galaxy S25 Edge_256GB_AT&T_Good ,185.0,https://www.ocbuyback.com/sell/cell-phone/samsung/galaxy-s25-edge
Galaxy S25 Edge_256GB_AT&T_Fair,135.0,https://www.ocbuyback.com/sell/cell-phone/samsung/galaxy-s25-edge
Galaxy S25 Edge_256GB_AT&T_Minor Damage,50.0,https://www.ocbuyback.com/sell/cell-phone/samsung/galaxy-s25-edge
Galaxy S25 Edge_256GB_AT&T_Broken,10.0,https://www.ocbuyback.com/sell/cell-phone/samsung/galaxy-s25-edge
Galaxy S25 Edge_256GB_T-Mobile_Brand New,300.0,https://www.ocbuyback.com/sell/cell-phone/samsung/galaxy-s25-edge
Galaxy S25 Edge_256GB_T-Mobile_Flawless,250.0,https://www.ocbuyback.com/sell/cell-phone/samsung/galaxy-s25-edge
Galaxy S25 Edge_256GB_T-Mobile_Good ,210.0,https://www.ocbuyback.com/sell/cell-phone/samsung/galaxy-s25-edge
Galaxy S25 Edge_256GB_T-Mobile_Fair,160.0,https://www.ocbuyback.com/sell/cell-phone/samsung/galaxy-s25-edge
Galaxy S25 Edge_256GB_T-Mobile_Minor Damage,50.0,https://www.ocbuyback.com/sell/cell-phone/samsung/galaxy-s25-edge
Galaxy S25 Edge_256GB_T-Mobile_Broken,10.0,https://www.ocbuyback.com/sell/cell-phone/samsung/galaxy-s25-edge
Galaxy S25 Edge_256GB_Verizon_Brand New,250.0,https://www.ocbuyback.com/sell/cell-phone/samsung/galaxy-s25-edge
Galaxy S25 Edge_256GB_Verizon_Flawless,200.0,https://www.ocbuyback.com/sell/cell-phone/samsung/galaxy-s25-edge
Galaxy S25 Edge_256GB_Verizon_Good ,160.0,https://www.ocbuyback.com/sell/cell-phone/samsung/galaxy-s25-edge
Galaxy S25 Edge_256GB_Verizon_Fair,110.0,https://www.ocbuyback.com/sell/cell-phone/samsung/galaxy-s25-edge
Galaxy S25 Edge_256GB_Verizon_Minor Damage,40.0,https://www.ocbuyback.com/sell/cell-phone/samsung/galaxy-s25-edge
Galaxy S25 Edge_256GB_Verizon_Broken,10.0,https://www.ocbuyback.com/sell/cell-phone/samsung/galaxy-s25-edge
Galaxy S25 Edge_256GB_Unlocked_Brand New,400.0,https://www.ocbuyback.com/sell/cell-phone/samsung/galaxy-s25-edge
Galaxy S25 Edge_256GB_Unlocked_Flawless,350.0,https://www.ocbuyback.com/sell/cell-phone/samsung/galaxy-s25-edge
Galaxy S25 Edge_256GB_Unlocked_Good ,310.0,https://www.ocbuyback.com/sell/cell-phone/samsung/galaxy-s25-edge
Galaxy S25 Edge_256GB_Unlocked_Fair,260.0,https://www.ocbuyback.com/sell/cell-phone/samsung/galaxy-s25-edge
Galaxy S25 Edge_256GB_Unlocked_Minor Damage,100.0,https://www.ocbuyback.com/sell/cell-phone/samsung/galaxy-s25-edge
Galaxy S25 Edge_256GB_Unlocked_Broken,10.0,https://www.ocbuyback.com/sell/cell-phone/samsung/galaxy-s25-edge
Galaxy S25 Edge_512GB_AT&T_Brand New,300.0,https://www.ocbuyback.com/sell/cell-phone/samsung/galaxy-s25-edge
Galaxy S25 Edge_512GB_AT&T_Flawless,250.0,https://www.ocbuyback.com/sell/cell-phone/samsung/galaxy-s25-edge
Galaxy S25 Edge_512GB_AT&T_Good ,210.0,https://www.ocbuyback.com/sell/cell-phone/samsung/galaxy-s25-edge
Galaxy S25 Edge_512GB_AT&T_Fair,160.0,https://www.ocbuyback.com/sell/cell-phone/samsung/galaxy-s25-edge
Galaxy S25 Edge_512GB_AT&T_Minor Damage,60.0,https://www.ocbuyback.com/sell/cell-phone/samsung/galaxy-s25-edge
Galaxy S25 Edge_512GB_AT&T_Broken,10.0,https://www.ocbuyback.com/sell/cell-phone/samsung/galaxy-s25-edge
Galaxy S25 Edge_512GB_T-Mobile_Brand New,325.0,https://www.ocbuyback.com/sell/cell-phone/samsung/galaxy-s25-edge
Galaxy S25 Edge_512GB_T-Mobile_Flawless,275.0,https://www.ocbuyback.com/sell/cell-phone/samsung/galaxy-s25-edge
Galaxy S25 Edge_512GB_T-Mobile_Good ,235.0,https://www.ocbuyback.com/sell/cell-phone/samsung/galaxy-s25-edge
Galaxy S25 Edge_512GB_T-Mobile_Fair,185.0,https://www.ocbuyback.com/sell/cell-phone/samsung/galaxy-s25-edge
Galaxy S25 Edge_512GB_T-Mobile_Minor Damage,60.0,https://www.ocbuyback.com/sell/cell-phone/samsung/galaxy-s25-edge
Galaxy S25 Edge_512GB_T-Mobile_Broken,10.0,https://www.ocbuyback.com/sell/cell-phone/samsung/galaxy-s25-edge
Galaxy S25 Edge_512GB_Verizon_Brand New,275.0,https://www.ocbuyback.com/sell/cell-phone/samsung/galaxy-s25-edge
Galaxy S25 Edge_512GB_Verizon_Flawless,225.0,https://www.ocbuyback.com/sell/cell-phone/samsung/galaxy-s25-edge
Galaxy S25 Edge_512GB_Verizon_Good ,185.0,https://www.ocbuyback.com/sell/cell-phone/samsung/galaxy-s25-edge
Galaxy S25 Edge_512GB_Verizon_Fair,135.0,https://www.ocbuyback.com/sell/cell-phone/samsung/galaxy-s25-edge
Galaxy S25 Edge_512GB_Verizon_Minor Damage,60.0,https://www.ocbuyback.com/sell/cell-phone/samsung/galaxy-s25-edge
Galaxy S25 Edge_512GB_Verizon_Broken,10.0,https://www.ocbuyback.com/sell/cell-phone/samsung/galaxy-s25-edge
Galaxy S25 Edge_512GB_Unlocked_Brand New,425.0,https://www.ocbuyback.com/sell/cell-phone/samsung/galaxy-s25-edge
Galaxy S25 Edge_512GB_Unlocked_Flawless,375.0,https://www.ocbuyback.com/sell/cell-phone/samsung/galaxy-s25-edge
Galaxy S25 Edge_512GB_Unlocked_Good ,335.0,https://www.ocbuyback.com/sell/cell-phone/samsung/galaxy-s25-edge
Galaxy S25 Edge_512GB_Unlocked_Fair,285.0,https://www.ocbuyback.com/sell/cell-phone/samsung/galaxy-s25-edge
Galaxy S25 Edge_512GB_Unlocked_Minor Damage,110.0,https://www.ocbuyback.com/sell/cell-phone/samsung/galaxy-s25-edge
Galaxy S25 Edge_512GB_Unlocked_Broken,10.0,https://www.ocbuyback.com/sell/cell-phone/samsung/galaxy-s25-edge
Galaxy S26_256GB_AT&T_Brand New,425.0,https://www.ocbuyback.com/sell/cell-phone/samsung/galaxy-s26
Galaxy S26_256GB_AT&T_Flawless,375.0,https://www.ocbuyback.com/sell/cell-phone/samsung/galaxy-s26
Galaxy S26_256GB_AT&T_Good ,320.0,https://www.ocbuyback.com/sell/cell-phone/samsung/galaxy-s26
Galaxy S26_256GB_AT&T_Fair,240.0,https://www.ocbuyback.com/sell/cell-phone/samsung/galaxy-s26
Galaxy S26_256GB_AT&T_Minor Damage,50.0,https://www.ocbuyback.com/sell/cell-phone/samsung/galaxy-s26
Galaxy S26_256GB_AT&T_Broken,10.0,https://www.ocbuyback.com/sell/cell-phone/samsung/galaxy-s26
Galaxy S26_256GB_T-Mobile_Brand New,400.0,https://www.ocbuyback.com/sell/cell-phone/samsung/galaxy-s26
Galaxy S26_256GB_T-Mobile_Flawless,350.0,https://www.ocbuyback.com/sell/cell-phone/samsung/galaxy-s26
Galaxy S26_256GB_T-Mobile_Good ,295.0,https://www.ocbuyback.com/sell/cell-phone/samsung/galaxy-s26
Galaxy S26_256GB_T-Mobile_Fair,215.0,https://www.ocbuyback.com/sell/cell-phone/samsung/galaxy-s26
Galaxy S26_256GB_T-Mobile_Minor Damage,50.0,https://www.ocbuyback.com/sell/cell-phone/samsung/galaxy-s26
Galaxy S26_256GB_T-Mobile_Broken,10.0,https://www.ocbuyback.com/sell/cell-phone/samsung/galaxy-s26
Galaxy S26_256GB_Unlocked_Brand New,500.0,https://www.ocbuyback.com/sell/cell-phone/samsung/galaxy-s26
Galaxy S26_256GB_Unlocked_Flawless,450.0,https://www.ocbuyback.com/sell/cell-phone/samsung/galaxy-s26
Galaxy S26_256GB_Unlocked_Good ,395.0,https://www.ocbuyback.com/sell/cell-phone/samsung/galaxy-s26
Galaxy S26_256GB_Unlocked_Fair,315.0,https://www.ocbuyback.com/sell/cell-phone/samsung/galaxy-s26
Galaxy S26_256GB_Unlocked_Minor Damage,100.0,https://www.ocbuyback.com/sell/cell-phone/samsung/galaxy-s26
Galaxy S26_256GB_Unlocked_Broken,10.0,https://www.ocbuyback.com/sell/cell-phone/samsung/galaxy-s26
Galaxy S26 Plus_256GB_AT&T_Brand New,475.0,https://www.ocbuyback.com/sell/cell-phone/samsung/galaxy-s26-plus
Galaxy S26 Plus_256GB_AT&T_Brand New,475.0,https://www.ocbuyback.com/sell/cell-phone/samsung/galaxy-s26-plus
Galaxy S26 Plus_256GB_AT&T_Flawless,425.0,https://www.ocbuyback.com/sell/cell-phone/samsung/galaxy-s26-plus
Galaxy S26 Plus_256GB_AT&T_Flawless,425.0,https://www.ocbuyback.com/sell/cell-phone/samsung/galaxy-s26-plus
Galaxy S26 Plus_256GB_AT&T_Good ,355.0,https://www.ocbuyback.com/sell/cell-phone/samsung/galaxy-s26-plus
Galaxy S26 Plus_256GB_AT&T_Good ,355.0,https://www.ocbuyback.com/sell/cell-phone/samsung/galaxy-s26-plus
Galaxy S26 Plus_256GB_AT&T_Fair,265.0,https://www.ocbuyback.com/sell/cell-phone/samsung/galaxy-s26-plus
Galaxy S26 Plus_256GB_AT&T_Fair,265.0,https://www.ocbuyback.com/sell/cell-phone/samsung/galaxy-s26-plus
Galaxy S26 Plus_256GB_AT&T_Minor Damage,90.0,https://www.ocbuyback.com/sell/cell-phone/samsung/galaxy-s26-plus
Galaxy S26 Plus_256GB_AT&T_Minor Damage,90.0,https://www.ocbuyback.com/sell/cell-phone/samsung/galaxy-s26-plus
Galaxy S26 Plus_256GB_AT&T_Broken,10.0,https://www.ocbuyback.com/sell/cell-phone/samsung/galaxy-s26-plus
Galaxy S26 Plus_256GB_AT&T_Broken,10.0,https://www.ocbuyback.com/sell/cell-phone/samsung/galaxy-s26-plus
Galaxy S26 Plus_256GB_T-Mobile_Brand New,450.0,https://www.ocbuyback.com/sell/cell-phone/samsung/galaxy-s26-plus
Galaxy S26 Plus_256GB_T-Mobile_Brand New,450.0,https://www.ocbuyback.com/sell/cell-phone/samsung/galaxy-s26-plus
Galaxy S26 Plus_256GB_T-Mobile_Flawless,400.0,https://www.ocbuyback.com/sell/cell-phone/samsung/galaxy-s26-plus
Galaxy S26 Plus_256GB_T-Mobile_Good ,330.0,https://www.ocbuyback.com/sell/cell-phone/samsung/galaxy-s26-plus
Galaxy S26 Plus_256GB_T-Mobile_Good ,330.0,https://www.ocbuyback.com/sell/cell-phone/samsung/galaxy-s26-plus
Galaxy S26 Plus_256GB_T-Mobile_Fair,240.0,https://www.ocbuyback.com/sell/cell-phone/samsung/galaxy-s26-plus
Galaxy S26 Plus_256GB_T-Mobile_Minor Damage,90.0,https://www.ocbuyback.com/sell/cell-phone/samsung/galaxy-s26-plus
Galaxy S26 Plus_256GB_T-Mobile_Minor Damage,90.0,https://www.ocbuyback.com/sell/cell-phone/samsung/galaxy-s26-plus
Galaxy S26 Plus_256GB_T-Mobile_Broken,10.0,https://www.ocbuyback.com/sell/cell-phone/samsung/galaxy-s26-plus
Galaxy S26 Plus_256GB_T-Mobile_Broken,10.0,https://www.ocbuyback.com/sell/cell-phone/samsung/galaxy-s26-plus
Galaxy S26 Plus_256GB_Unlocked_Brand New,550.0,https://www.ocbuyback.com/sell/cell-phone/samsung/galaxy-s26-plus
Galaxy S26 Plus_256GB_Unlocked_Brand New,550.0,https://www.ocbuyback.com/sell/cell-phone/samsung/galaxy-s26-plus
Galaxy S26 Plus_256GB_Unlocked_Flawless,500.0,https://www.ocbuyback.com/sell/cell-phone/samsung/galaxy-s26-plus
Galaxy S26 Plus_256GB_Unlocked_Good ,430.0,https://www.ocbuyback.com/sell/cell-phone/samsung/galaxy-s26-plus
Galaxy S26 Plus_256GB_Unlocked_Fair,340.0,https://www.ocbuyback.com/sell/cell-phone/samsung/galaxy-s26-plus
Galaxy S26 Plus_256GB_Unlocked_Fair,340.0,https://www.ocbuyback.com/sell/cell-phone/samsung/galaxy-s26-plus
Galaxy S26 Plus_256GB_Unlocked_Minor Damage,120.0,https://www.ocbuyback.com/sell/cell-phone/samsung/galaxy-s26-plus
Galaxy S26 Plus_256GB_Unlocked_Broken,10.0,https://www.ocbuyback.com/sell/cell-phone/samsung/galaxy-s26-plus
Galaxy S26 Plus_512GB_AT&T_Brand New,515.0,https://www.ocbuyback.com/sell/cell-phone/samsung/galaxy-s26-plus
Galaxy S26 Plus_512GB_AT&T_Flawless,465.0,https://www.ocbuyback.com/sell/cell-phone/samsung/galaxy-s26-plus
Galaxy S26 Plus_512GB_AT&T_Good ,395.0,https://www.ocbuyback.com/sell/cell-phone/samsung/galaxy-s26-plus
Galaxy S26 Plus_512GB_AT&T_Fair,305.0,https://www.ocbuyback.com/sell/cell-phone/samsung/galaxy-s26-plus
Galaxy S26 Plus_512GB_AT&T_Minor Damage,100.0,https://www.ocbuyback.com/sell/cell-phone/samsung/galaxy-s26-plus
Galaxy S26 Plus_512GB_AT&T_Broken,10.0,https://www.ocbuyback.com/sell/cell-phone/samsung/galaxy-s26-plus
Galaxy S26 Plus_512GB_T-Mobile_Brand New,490.0,https://www.ocbuyback.com/sell/cell-phone/samsung/galaxy-s26-plus
Galaxy S26 Plus_512GB_T-Mobile_Flawless,440.0,https://www.ocbuyback.com/sell/cell-phone/samsung/galaxy-s26-plus
Galaxy S26 Plus_512GB_T-Mobile_Good ,370.0,https://www.ocbuyback.com/sell/cell-phone/samsung/galaxy-s26-plus
Galaxy S26 Plus_512GB_T-Mobile_Fair,280.0,https://www.ocbuyback.com/sell/cell-phone/samsung/galaxy-s26-plus
Galaxy S26 Plus_512GB_T-Mobile_Minor Damage,100.0,https://www.ocbuyback.com/sell/cell-phone/samsung/galaxy-s26-plus
Galaxy S26 Plus_512GB_T-Mobile_Broken,10.0,https://www.ocbuyback.com/sell/cell-phone/samsung/galaxy-s26-plus
Galaxy S26 Plus_512GB_Unlocked_Brand New,590.0,https://www.ocbuyback.com/sell/cell-phone/samsung/galaxy-s26-plus
Galaxy S26 Plus_512GB_Unlocked_Flawless,540.0,https://www.ocbuyback.com/sell/cell-phone/samsung/galaxy-s26-plus
Galaxy S26 Plus_512GB_Unlocked_Good ,470.0,https://www.ocbuyback.com/sell/cell-phone/samsung/galaxy-s26-plus
Galaxy S26 Plus_512GB_Unlocked_Fair,380.0,https://www.ocbuyback.com/sell/cell-phone/samsung/galaxy-s26-plus
Galaxy S26 Plus_512GB_Unlocked_Minor Damage,130.0,https://www.ocbuyback.com/sell/cell-phone/samsung/galaxy-s26-plus
Galaxy S26 Plus_512GB_Unlocked_Broken,10.0,https://www.ocbuyback.com/sell/cell-phone/samsung/galaxy-s26-plus
Galaxy S26 Ultra_256GB_AT&T_Brand New,600.0,https://www.ocbuyback.com/sell/cell-phone/samsung/galaxy-s26-ultra
Galaxy S26 Ultra_256GB_AT&T_Flawless,550.0,https://www.ocbuyback.com/sell/cell-phone/samsung/galaxy-s26-ultra
Galaxy S26 Ultra_256GB_AT&T_Good ,460.0,https://www.ocbuyback.com/sell/cell-phone/samsung/galaxy-s26-ultra
Galaxy S26 Ultra_256GB_AT&T_Fair,340.0,https://www.ocbuyback.com/sell/cell-phone/samsung/galaxy-s26-ultra
Galaxy S26 Ultra_256GB_AT&T_Minor Damage,90.0,https://www.ocbuyback.com/sell/cell-phone/samsung/galaxy-s26-ultra
Galaxy S26 Ultra_256GB_AT&T_Broken,20.0,https://www.ocbuyback.com/sell/cell-phone/samsung/galaxy-s26-ultra
Galaxy S26 Ultra_256GB_T-Mobile_Brand New,550.0,https://www.ocbuyback.com/sell/cell-phone/samsung/galaxy-s26-ultra
Galaxy S26 Ultra_256GB_T-Mobile_Flawless,500.0,https://www.ocbuyback.com/sell/cell-phone/samsung/galaxy-s26-ultra
Galaxy S26 Ultra_256GB_T-Mobile_Good ,410.0,https://www.ocbuyback.com/sell/cell-phone/samsung/galaxy-s26-ultra
Galaxy S26 Ultra_256GB_T-Mobile_Fair,290.0,https://www.ocbuyback.com/sell/cell-phone/samsung/galaxy-s26-ultra
Galaxy S26 Ultra_256GB_T-Mobile_Minor Damage,90.0,https://www.ocbuyback.com/sell/cell-phone/samsung/galaxy-s26-ultra
Galaxy S26 Ultra_256GB_T-Mobile_Broken,20.0,https://www.ocbuyback.com/sell/cell-phone/samsung/galaxy-s26-ultra
Galaxy S26 Ultra_256GB_Verizon_Brand New,550.0,https://www.ocbuyback.com/sell/cell-phone/samsung/galaxy-s26-ultra
Galaxy S26 Ultra_256GB_Verizon_Flawless,500.0,https://www.ocbuyback.com/sell/cell-phone/samsung/galaxy-s26-ultra
Galaxy S26 Ultra_256GB_Verizon_Good ,410.0,https://www.ocbuyback.com/sell/cell-phone/samsung/galaxy-s26-ultra
Galaxy S26 Ultra_256GB_Verizon_Fair,290.0,https://www.ocbuyback.com/sell/cell-phone/samsung/galaxy-s26-ultra
Galaxy S26 Ultra_256GB_Verizon_Minor Damage,90.0,https://www.ocbuyback.com/sell/cell-phone/samsung/galaxy-s26-ultra
Galaxy S26 Ultra_256GB_Verizon_Broken,20.0,https://www.ocbuyback.com/sell/cell-phone/samsung/galaxy-s26-ultra
Galaxy S26 Ultra_256GB_Unlocked_Brand New,700.0,https://www.ocbuyback.com/sell/cell-phone/samsung/galaxy-s26-ultra
Galaxy S26 Ultra_256GB_Unlocked_Flawless,650.0,https://www.ocbuyback.com/sell/cell-phone/samsung/galaxy-s26-ultra
Galaxy S26 Ultra_256GB_Unlocked_Good ,560.0,https://www.ocbuyback.com/sell/cell-phone/samsung/galaxy-s26-ultra
Galaxy S26 Ultra_256GB_Unlocked_Fair,440.0,https://www.ocbuyback.com/sell/cell-phone/samsung/galaxy-s26-ultra
Galaxy S26 Ultra_256GB_Unlocked_Minor Damage,140.0,https://www.ocbuyback.com/sell/cell-phone/samsung/galaxy-s26-ultra
Galaxy S26 Ultra_256GB_Unlocked_Broken,20.0,https://www.ocbuyback.com/sell/cell-phone/samsung/galaxy-s26-ultra
Galaxy S26 Ultra_512GB_AT&T_Brand New,640.0,https://www.ocbuyback.com/sell/cell-phone/samsung/galaxy-s26-ultra
Galaxy S26 Ultra_512GB_AT&T_Flawless,590.0,https://www.ocbuyback.com/sell/cell-phone/samsung/galaxy-s26-ultra
Galaxy S26 Ultra_512GB_AT&T_Good ,500.0,https://www.ocbuyback.com/sell/cell-phone/samsung/galaxy-s26-ultra
Galaxy S26 Ultra_512GB_AT&T_Fair,380.0,https://www.ocbuyback.com/sell/cell-phone/samsung/galaxy-s26-ultra
Galaxy S26 Ultra_512GB_AT&T_Minor Damage,100.0,https://www.ocbuyback.com/sell/cell-phone/samsung/galaxy-s26-ultra
Galaxy S26 Ultra_512GB_AT&T_Broken,20.0,https://www.ocbuyback.com/sell/cell-phone/samsung/galaxy-s26-ultra
Galaxy S26 Ultra_512GB_T-Mobile_Brand New,590.0,https://www.ocbuyback.com/sell/cell-phone/samsung/galaxy-s26-ultra
Galaxy S26 Ultra_512GB_T-Mobile_Flawless,540.0,https://www.ocbuyback.com/sell/cell-phone/samsung/galaxy-s26-ultra
Galaxy S26 Ultra_512GB_T-Mobile_Good ,450.0,https://www.ocbuyback.com/sell/cell-phone/samsung/galaxy-s26-ultra
Galaxy S26 Ultra_512GB_T-Mobile_Fair,335.0,https://www.ocbuyback.com/sell/cell-phone/samsung/galaxy-s26-ultra
Galaxy S26 Ultra_512GB_T-Mobile_Minor Damage,100.0,https://www.ocbuyback.com/sell/cell-phone/samsung/galaxy-s26-ultra
Galaxy S26 Ultra_512GB_T-Mobile_Broken,20.0,https://www.ocbuyback.com/sell/cell-phone/samsung/galaxy-s26-ultra
Galaxy S26 Ultra_512GB_Verizon_Brand New,590.0,https://www.ocbuyback.com/sell/cell-phone/samsung/galaxy-s26-ultra
Galaxy S26 Ultra_512GB_Verizon_Flawless,540.0,https://www.ocbuyback.com/sell/cell-phone/samsung/galaxy-s26-ultra
Galaxy S26 Ultra_512GB_Verizon_Good ,450.0,https://www.ocbuyback.com/sell/cell-phone/samsung/galaxy-s26-ultra
Galaxy S26 Ultra_512GB_Verizon_Fair,335.0,https://www.ocbuyback.com/sell/cell-phone/samsung/galaxy-s26-ultra
Galaxy S26 Ultra_512GB_Verizon_Minor Damage,100.0,https://www.ocbuyback.com/sell/cell-phone/samsung/galaxy-s26-ultra
Galaxy S26 Ultra_512GB_Verizon_Broken,20.0,https://www.ocbuyback.com/sell/cell-phone/samsung/galaxy-s26-ultra
Galaxy S26 Ultra_512GB_Unlocked_Brand New,740.0,https://www.ocbuyback.com/sell/cell-phone/samsung/galaxy-s26-ultra
Galaxy S26 Ultra_512GB_Unlocked_Flawless,690.0,https://www.ocbuyback.com/sell/cell-phone/samsung/galaxy-s26-ultra
Galaxy S26 Ultra_512GB_Unlocked_Good ,600.0,https://www.ocbuyback.com/sell/cell-phone/samsung/galaxy-s26-ultra
Galaxy S26 Ultra_512GB_Unlocked_Fair,480.0,https://www.ocbuyback.com/sell/cell-phone/samsung/galaxy-s26-ultra
Galaxy S26 Ultra_512GB_Unlocked_Minor Damage,150.0,https://www.ocbuyback.com/sell/cell-phone/samsung/galaxy-s26-ultra
Galaxy S26 Ultra_512GB_Unlocked_Broken,20.0,https://www.ocbuyback.com/sell/cell-phone/samsung/galaxy-s26-ultra
Galaxy S26 Ultra_1TB_AT&T_Brand New,680.0,https://www.ocbuyback.com/sell/cell-phone/samsung/galaxy-s26-ultra
Galaxy S26 Ultra_1TB_AT&T_Flawless,630.0,https://www.ocbuyback.com/sell/cell-phone/samsung/galaxy-s26-ultra
Galaxy S26 Ultra_1TB_AT&T_Good ,540.0,https://www.ocbuyback.com/sell/cell-phone/samsung/galaxy-s26-ultra
Galaxy S26 Ultra_1TB_AT&T_Fair,420.0,https://www.ocbuyback.com/sell/cell-phone/samsung/galaxy-s26-ultra
Galaxy S26 Ultra_1TB_AT&T_Minor Damage,110.0,https://www.ocbuyback.com/sell/cell-phone/samsung/galaxy-s26-ultra
Galaxy S26 Ultra_1TB_AT&T_Broken,20.0,https://www.ocbuyback.com/sell/cell-phone/samsung/galaxy-s26-ultra
Galaxy S26 Ultra_1TB_T-Mobile_Brand New,630.0,https://www.ocbuyback.com/sell/cell-phone/samsung/galaxy-s26-ultra
Galaxy S26 Ultra_1TB_T-Mobile_Flawless,580.0,https://www.ocbuyback.com/sell/cell-phone/samsung/galaxy-s26-ultra
Galaxy S26 Ultra_1TB_T-Mobile_Good ,490.0,https://www.ocbuyback.com/sell/cell-phone/samsung/galaxy-s26-ultra
Galaxy S26 Ultra_1TB_T-Mobile_Fair,370.0,https://www.ocbuyback.com/sell/cell-phone/samsung/galaxy-s26-ultra
Galaxy S26 Ultra_1TB_T-Mobile_Minor Damage,110.0,https://www.ocbuyback.com/sell/cell-phone/samsung/galaxy-s26-ultra
Galaxy S26 Ultra_1TB_T-Mobile_Broken,20.0,https://www.ocbuyback.com/sell/cell-phone/samsung/galaxy-s26-ultra
Galaxy S26 Ultra_1TB_Verizon_Brand New,630.0,https://www.ocbuyback.com/sell/cell-phone/samsung/galaxy-s26-ultra
Galaxy S26 Ultra_1TB_Verizon_Flawless,580.0,https://www.ocbuyback.com/sell/cell-phone/samsung/galaxy-s26-ultra
Galaxy S26 Ultra_1TB_Verizon_Good ,490.0,https://www.ocbuyback.com/sell/cell-phone/samsung/galaxy-s26-ultra
Galaxy S26 Ultra_1TB_Verizon_Fair,370.0,https://www.ocbuyback.com/sell/cell-phone/samsung/galaxy-s26-ultra
Galaxy S26 Ultra_1TB_Verizon_Minor Damage,85.0,https://www.ocbuyback.com/sell/cell-phone/samsung/galaxy-s26-ultra
Galaxy S26 Ultra_1TB_Verizon_Broken,20.0,https://www.ocbuyback.com/sell/cell-phone/samsung/galaxy-s26-ultra
Galaxy S26 Ultra_1TB_Unlocked_Brand New,780.0,https://www.ocbuyback.com/sell/cell-phone/samsung/galaxy-s26-ultra
Galaxy S26 Ultra_1TB_Unlocked_Flawless,730.0,https://www.ocbuyback.com/sell/cell-phone/samsung/galaxy-s26-ultra
Galaxy S26 Ultra_1TB_Unlocked_Good ,640.0,https://www.ocbuyback.com/sell/cell-phone/samsung/galaxy-s26-ultra
Galaxy S26 Ultra_1TB_Unlocked_Fair,520.0,https://www.ocbuyback.com/sell/cell-phone/samsung/galaxy-s26-ultra
Galaxy S26 Ultra_1TB_Unlocked_Minor Damage,160.0,https://www.ocbuyback.com/sell/cell-phone/samsung/galaxy-s26-ultra
Galaxy S26 Ultra_1TB_Unlocked_Broken,20.0,https://www.ocbuyback.com/sell/cell-phone/samsung/galaxy-s26-ultra
Galaxy Z Flip4_128GB_AT&T_Flawless,85.0,https://www.ocbuyback.com/sell/cell-phone/samsung/galaxy-z-flip4
Galaxy Z Flip4_128GB_AT&T_Good ,65.0,https://www.ocbuyback.com/sell/cell-phone/samsung/galaxy-z-flip4
Galaxy Z Flip4_128GB_AT&T_Fair,35.0,https://www.ocbuyback.com/sell/cell-phone/samsung/galaxy-z-flip4
Galaxy Z Flip4_128GB_AT&T_Minor Damage,15.0,https://www.ocbuyback.com/sell/cell-phone/samsung/galaxy-z-flip4
Galaxy Z Flip4_128GB_AT&T_Broken,5.0,https://www.ocbuyback.com/sell/cell-phone/samsung/galaxy-z-flip4
Galaxy Z Flip4_128GB_T-Mobile_Flawless,85.0,https://www.ocbuyback.com/sell/cell-phone/samsung/galaxy-z-flip4
Galaxy Z Flip4_128GB_T-Mobile_Good ,65.0,https://www.ocbuyback.com/sell/cell-phone/samsung/galaxy-z-flip4
Galaxy Z Flip4_128GB_T-Mobile_Fair,35.0,https://www.ocbuyback.com/sell/cell-phone/samsung/galaxy-z-flip4
Galaxy Z Flip4_128GB_T-Mobile_Minor Damage,15.0,https://www.ocbuyback.com/sell/cell-phone/samsung/galaxy-z-flip4
Galaxy Z Flip4_128GB_T-Mobile_Broken,5.0,https://www.ocbuyback.com/sell/cell-phone/samsung/galaxy-z-flip4
Galaxy Z Flip4_128GB_Verizon_Flawless,75.0,https://www.ocbuyback.com/sell/cell-phone/samsung/galaxy-z-flip4
Galaxy Z Flip4_128GB_Verizon_Good ,55.0,https://www.ocbuyback.com/sell/cell-phone/samsung/galaxy-z-flip4
Galaxy Z Flip4_128GB_Verizon_Fair,35.0,https://www.ocbuyback.com/sell/cell-phone/samsung/galaxy-z-flip4
Galaxy Z Flip4_128GB_Verizon_Minor Damage,20.0,https://www.ocbuyback.com/sell/cell-phone/samsung/galaxy-z-flip4
Galaxy Z Flip4_128GB_Verizon_Broken,5.0,https://www.ocbuyback.com/sell/cell-phone/samsung/galaxy-z-flip4
Galaxy Z Flip4_128GB_Unlocked_Flawless,115.0,https://www.ocbuyback.com/sell/cell-phone/samsung/galaxy-z-flip4
Galaxy Z Flip4_128GB_Unlocked_Good ,95.0,https://www.ocbuyback.com/sell/cell-phone/samsung/galaxy-z-flip4
Galaxy Z Flip4_128GB_Unlocked_Fair,55.0,https://www.ocbuyback.com/sell/cell-phone/samsung/galaxy-z-flip4
Galaxy Z Flip4_128GB_Unlocked_Minor Damage,20.0,https://www.ocbuyback.com/sell/cell-phone/samsung/galaxy-z-flip4
Galaxy Z Flip4_128GB_Unlocked_Broken,5.0,https://www.ocbuyback.com/sell/cell-phone/samsung/galaxy-z-flip4
Galaxy Z Flip4_256GB_AT&T_Flawless,95.0,https://www.ocbuyback.com/sell/cell-phone/samsung/galaxy-z-flip4
Galaxy Z Flip4_256GB_AT&T_Good ,75.0,https://www.ocbuyback.com/sell/cell-phone/samsung/galaxy-z-flip4
Galaxy Z Flip4_256GB_AT&T_Fair,45.0,https://www.ocbuyback.com/sell/cell-phone/samsung/galaxy-z-flip4
Galaxy Z Flip4_256GB_AT&T_Minor Damage,15.0,https://www.ocbuyback.com/sell/cell-phone/samsung/galaxy-z-flip4
Galaxy Z Flip4_256GB_AT&T_Broken,5.0,https://www.ocbuyback.com/sell/cell-phone/samsung/galaxy-z-flip4
Galaxy Z Flip4_256GB_T-Mobile_Flawless,95.0,https://www.ocbuyback.com/sell/cell-phone/samsung/galaxy-z-flip4
Galaxy Z Flip4_256GB_T-Mobile_Good ,75.0,https://www.ocbuyback.com/sell/cell-phone/samsung/galaxy-z-flip4
Galaxy Z Flip4_256GB_T-Mobile_Fair,45.0,https://www.ocbuyback.com/sell/cell-phone/samsung/galaxy-z-flip4
Galaxy Z Flip4_256GB_T-Mobile_Minor Damage,15.0,https://www.ocbuyback.com/sell/cell-phone/samsung/galaxy-z-flip4
Galaxy Z Flip4_256GB_T-Mobile_Broken,5.0,https://www.ocbuyback.com/sell/cell-phone/samsung/galaxy-z-flip4
Galaxy Z Flip4_256GB_Verizon_Flawless,75.0,https://www.ocbuyback.com/sell/cell-phone/samsung/galaxy-z-flip4
Galaxy Z Flip4_256GB_Verizon_Good ,55.0,https://www.ocbuyback.com/sell/cell-phone/samsung/galaxy-z-flip4
Galaxy Z Flip4_256GB_Verizon_Fair,35.0,https://www.ocbuyback.com/sell/cell-phone/samsung/galaxy-z-flip4
Galaxy Z Flip4_256GB_Verizon_Minor Damage,20.0,https://www.ocbuyback.com/sell/cell-phone/samsung/galaxy-z-flip4
Galaxy Z Flip4_256GB_Verizon_Broken,5.0,https://www.ocbuyback.com/sell/cell-phone/samsung/galaxy-z-flip4
Galaxy Z Flip4_256GB_Unlocked_Flawless,125.0,https://www.ocbuyback.com/sell/cell-phone/samsung/galaxy-z-flip4
Galaxy Z Flip4_256GB_Unlocked_Good ,105.0,https://www.ocbuyback.com/sell/cell-phone/samsung/galaxy-z-flip4
Galaxy Z Flip4_256GB_Unlocked_Fair,65.0,https://www.ocbuyback.com/sell/cell-phone/samsung/galaxy-z-flip4
Galaxy Z Flip4_256GB_Unlocked_Minor Damage,20.0,https://www.ocbuyback.com/sell/cell-phone/samsung/galaxy-z-flip4
Galaxy Z Flip4_256GB_Unlocked_Broken,5.0,https://www.ocbuyback.com/sell/cell-phone/samsung/galaxy-z-flip4
Galaxy Z Flip4_512GB_AT&T_Flawless,90.0,https://www.ocbuyback.com/sell/cell-phone/samsung/galaxy-z-flip4
Galaxy Z Flip4_512GB_AT&T_Good ,70.0,https://www.ocbuyback.com/sell/cell-phone/samsung/galaxy-z-flip4
Galaxy Z Flip4_512GB_AT&T_Fair,30.0,https://www.ocbuyback.com/sell/cell-phone/samsung/galaxy-z-flip4
Galaxy Z Flip4_512GB_AT&T_Minor Damage,20.0,https://www.ocbuyback.com/sell/cell-phone/samsung/galaxy-z-flip4
Galaxy Z Flip4_512GB_AT&T_Broken,5.0,https://www.ocbuyback.com/sell/cell-phone/samsung/galaxy-z-flip4
Galaxy Z Flip4_512GB_T-Mobile_Flawless,80.0,https://www.ocbuyback.com/sell/cell-phone/samsung/galaxy-z-flip4
Galaxy Z Flip4_512GB_T-Mobile_Good ,60.0,https://www.ocbuyback.com/sell/cell-phone/samsung/galaxy-z-flip4
Galaxy Z Flip4_512GB_T-Mobile_Fair,40.0,https://www.ocbuyback.com/sell/cell-phone/samsung/galaxy-z-flip4
Galaxy Z Flip4_512GB_T-Mobile_Minor Damage,20.0,https://www.ocbuyback.com/sell/cell-phone/samsung/galaxy-z-flip4
Galaxy Z Flip4_512GB_T-Mobile_Broken,5.0,https://www.ocbuyback.com/sell/cell-phone/samsung/galaxy-z-flip4
Galaxy Z Flip4_512GB_Verizon_Flawless,95.0,https://www.ocbuyback.com/sell/cell-phone/samsung/galaxy-z-flip4
Galaxy Z Flip4_512GB_Verizon_Good ,75.0,https://www.ocbuyback.com/sell/cell-phone/samsung/galaxy-z-flip4
Galaxy Z Flip4_512GB_Verizon_Fair,35.0,https://www.ocbuyback.com/sell/cell-phone/samsung/galaxy-z-flip4
Galaxy Z Flip4_512GB_Verizon_Minor Damage,25.0,https://www.ocbuyback.com/sell/cell-phone/samsung/galaxy-z-flip4
Galaxy Z Flip4_512GB_Verizon_Broken,5.0,https://www.ocbuyback.com/sell/cell-phone/samsung/galaxy-z-flip4
Galaxy Z Flip4_512GB_Unlocked_Flawless,130.0,https://www.ocbuyback.com/sell/cell-phone/samsung/galaxy-z-flip4
Galaxy Z Flip4_512GB_Unlocked_Good ,110.0,https://www.ocbuyback.com/sell/cell-phone/samsung/galaxy-z-flip4
Galaxy Z Flip4_512GB_Unlocked_Fair,70.0,https://www.ocbuyback.com/sell/cell-phone/samsung/galaxy-z-flip4
Galaxy Z Flip4_512GB_Unlocked_Minor Damage,25.0,https://www.ocbuyback.com/sell/cell-phone/samsung/galaxy-z-flip4
Galaxy Z Flip4_512GB_Unlocked_Broken,5.0,https://www.ocbuyback.com/sell/cell-phone/samsung/galaxy-z-flip4
Galaxy Z Flip5_256GB_AT&T_Brand New,215.0,https://www.ocbuyback.com/sell/cell-phone/samsung/galaxy-z-flip5
Galaxy Z Flip5_256GB_AT&T_Flawless,165.0,https://www.ocbuyback.com/sell/cell-phone/samsung/galaxy-z-flip5
Galaxy Z Flip5_256GB_AT&T_Good ,125.0,https://www.ocbuyback.com/sell/cell-phone/samsung/galaxy-z-flip5
Galaxy Z Flip5_256GB_AT&T_Fair,65.0,https://www.ocbuyback.com/sell/cell-phone/samsung/galaxy-z-flip5
Galaxy Z Flip5_256GB_AT&T_Minor Damage,25.0,https://www.ocbuyback.com/sell/cell-phone/samsung/galaxy-z-flip5
Galaxy Z Flip5_256GB_AT&T_Broken,5.0,https://www.ocbuyback.com/sell/cell-phone/samsung/galaxy-z-flip5
Galaxy Z Flip5_256GB_T-Mobile_Brand New,205.0,https://www.ocbuyback.com/sell/cell-phone/samsung/galaxy-z-flip5
Galaxy Z Flip5_256GB_T-Mobile_Flawless,155.0,https://www.ocbuyback.com/sell/cell-phone/samsung/galaxy-z-flip5
Galaxy Z Flip5_256GB_T-Mobile_Good ,115.0,https://www.ocbuyback.com/sell/cell-phone/samsung/galaxy-z-flip5
Galaxy Z Flip5_256GB_T-Mobile_Fair,55.0,https://www.ocbuyback.com/sell/cell-phone/samsung/galaxy-z-flip5
Galaxy Z Flip5_256GB_T-Mobile_Minor Damage,15.0,https://www.ocbuyback.com/sell/cell-phone/samsung/galaxy-z-flip5
Galaxy Z Flip5_256GB_T-Mobile_Broken,5.0,https://www.ocbuyback.com/sell/cell-phone/samsung/galaxy-z-flip5
Galaxy Z Flip5_256GB_Verizon_Brand New,90.0,https://www.ocbuyback.com/sell/cell-phone/samsung/galaxy-z-flip5
Galaxy Z Flip5_256GB_Verizon_Flawless,40.0,https://www.ocbuyback.com/sell/cell-phone/samsung/galaxy-z-flip5
Galaxy Z Flip5_256GB_Verizon_Good ,30.0,https://www.ocbuyback.com/sell/cell-phone/samsung/galaxy-z-flip5
Galaxy Z Flip5_256GB_Verizon_Fair,20.0,https://www.ocbuyback.com/sell/cell-phone/samsung/galaxy-z-flip5
Galaxy Z Flip5_256GB_Verizon_Minor Damage,10.0,https://www.ocbuyback.com/sell/cell-phone/samsung/galaxy-z-flip5
Galaxy Z Flip5_256GB_Verizon_Broken,5.0,https://www.ocbuyback.com/sell/cell-phone/samsung/galaxy-z-flip5
Galaxy Z Flip5_256GB_Unlocked_Brand New,265.0,https://www.ocbuyback.com/sell/cell-phone/samsung/galaxy-z-flip5
Galaxy Z Flip5_256GB_Unlocked_Flawless,215.0,https://www.ocbuyback.com/sell/cell-phone/samsung/galaxy-z-flip5
Galaxy Z Flip5_256GB_Unlocked_Good ,175.0,https://www.ocbuyback.com/sell/cell-phone/samsung/galaxy-z-flip5
Galaxy Z Flip5_256GB_Unlocked_Fair,115.0,https://www.ocbuyback.com/sell/cell-phone/samsung/galaxy-z-flip5
Galaxy Z Flip5_256GB_Unlocked_Minor Damage,55.0,https://www.ocbuyback.com/sell/cell-phone/samsung/galaxy-z-flip5
Galaxy Z Flip5_256GB_Unlocked_Broken,5.0,https://www.ocbuyback.com/sell/cell-phone/samsung/galaxy-z-flip5
Galaxy Z Flip5_512GB_AT&T_Brand New,235.0,https://www.ocbuyback.com/sell/cell-phone/samsung/galaxy-z-flip5
Galaxy Z Flip5_512GB_AT&T_Flawless,185.0,https://www.ocbuyback.com/sell/cell-phone/samsung/galaxy-z-flip5
Galaxy Z Flip5_512GB_AT&T_Good ,155.0,https://www.ocbuyback.com/sell/cell-phone/samsung/galaxy-z-flip5
Galaxy Z Flip5_512GB_AT&T_Fair,95.0,https://www.ocbuyback.com/sell/cell-phone/samsung/galaxy-z-flip5
Galaxy Z Flip5_512GB_AT&T_Minor Damage,50.0,https://www.ocbuyback.com/sell/cell-phone/samsung/galaxy-z-flip5
Galaxy Z Flip5_512GB_AT&T_Broken,5.0,https://www.ocbuyback.com/sell/cell-phone/samsung/galaxy-z-flip5
Galaxy Z Flip5_512GB_T-Mobile_Brand New,225.0,https://www.ocbuyback.com/sell/cell-phone/samsung/galaxy-z-flip5
Galaxy Z Flip5_512GB_T-Mobile_Flawless,175.0,https://www.ocbuyback.com/sell/cell-phone/samsung/galaxy-z-flip5
Galaxy Z Flip5_512GB_T-Mobile_Good ,145.0,https://www.ocbuyback.com/sell/cell-phone/samsung/galaxy-z-flip5
Galaxy Z Flip5_512GB_T-Mobile_Fair,85.0,https://www.ocbuyback.com/sell/cell-phone/samsung/galaxy-z-flip5
Galaxy Z Flip5_512GB_T-Mobile_Minor Damage,30.0,https://www.ocbuyback.com/sell/cell-phone/samsung/galaxy-z-flip5
Galaxy Z Flip5_512GB_T-Mobile_Broken,5.0,https://www.ocbuyback.com/sell/cell-phone/samsung/galaxy-z-flip5
Galaxy Z Flip5_512GB_Verizon_Brand New,100.0,https://www.ocbuyback.com/sell/cell-phone/samsung/galaxy-z-flip5
Galaxy Z Flip5_512GB_Verizon_Flawless,50.0,https://www.ocbuyback.com/sell/cell-phone/samsung/galaxy-z-flip5
Galaxy Z Flip5_512GB_Verizon_Good ,40.0,https://www.ocbuyback.com/sell/cell-phone/samsung/galaxy-z-flip5
Galaxy Z Flip5_512GB_Verizon_Fair,30.0,https://www.ocbuyback.com/sell/cell-phone/samsung/galaxy-z-flip5
Galaxy Z Flip5_512GB_Verizon_Minor Damage,10.0,https://www.ocbuyback.com/sell/cell-phone/samsung/galaxy-z-flip5
Galaxy Z Flip5_512GB_Verizon_Broken,5.0,https://www.ocbuyback.com/sell/cell-phone/samsung/galaxy-z-flip5
Galaxy Z Flip5_512GB_Unlocked_Brand New,285.0,https://www.ocbuyback.com/sell/cell-phone/samsung/galaxy-z-flip5
Galaxy Z Flip5_512GB_Unlocked_Flawless,235.0,https://www.ocbuyback.com/sell/cell-phone/samsung/galaxy-z-flip5
Galaxy Z Flip5_512GB_Unlocked_Good ,205.0,https://www.ocbuyback.com/sell/cell-phone/samsung/galaxy-z-flip5
Galaxy Z Flip5_512GB_Unlocked_Fair,145.0,https://www.ocbuyback.com/sell/cell-phone/samsung/galaxy-z-flip5
Galaxy Z Flip5_512GB_Unlocked_Minor Damage,60.0,https://www.ocbuyback.com/sell/cell-phone/samsung/galaxy-z-flip5
Galaxy Z Flip5_512GB_Unlocked_Broken,5.0,https://www.ocbuyback.com/sell/cell-phone/samsung/galaxy-z-flip5
Galaxy Z Flip6_256GB_AT&T_Brand New,300.0,https://www.ocbuyback.com/sell/cell-phone/samsung/galaxy-z-flip6
Galaxy Z Flip6_256GB_AT&T_Flawless,250.0,https://www.ocbuyback.com/sell/cell-phone/samsung/galaxy-z-flip6
Galaxy Z Flip6_256GB_AT&T_Good ,200.0,https://www.ocbuyback.com/sell/cell-phone/samsung/galaxy-z-flip6
Galaxy Z Flip6_256GB_AT&T_Fair,145.0,https://www.ocbuyback.com/sell/cell-phone/samsung/galaxy-z-flip6
Galaxy Z Flip6_256GB_AT&T_Minor Damage,40.0,https://www.ocbuyback.com/sell/cell-phone/samsung/galaxy-z-flip6
Galaxy Z Flip6_256GB_AT&T_Broken,10.0,https://www.ocbuyback.com/sell/cell-phone/samsung/galaxy-z-flip6
Galaxy Z Flip6_256GB_T-Mobile_Brand New,290.0,https://www.ocbuyback.com/sell/cell-phone/samsung/galaxy-z-flip6
Galaxy Z Flip6_256GB_T-Mobile_Flawless,240.0,https://www.ocbuyback.com/sell/cell-phone/samsung/galaxy-z-flip6
Galaxy Z Flip6_256GB_T-Mobile_Good ,190.0,https://www.ocbuyback.com/sell/cell-phone/samsung/galaxy-z-flip6
Galaxy Z Flip6_256GB_T-Mobile_Fair,135.0,https://www.ocbuyback.com/sell/cell-phone/samsung/galaxy-z-flip6
Galaxy Z Flip6_256GB_T-Mobile_Minor Damage,40.0,https://www.ocbuyback.com/sell/cell-phone/samsung/galaxy-z-flip6
Galaxy Z Flip6_256GB_T-Mobile_Broken,10.0,https://www.ocbuyback.com/sell/cell-phone/samsung/galaxy-z-flip6
Galaxy Z Flip6_256GB_Verizon_Brand New,155.0,https://www.ocbuyback.com/sell/cell-phone/samsung/galaxy-z-flip6
Galaxy Z Flip6_256GB_Verizon_Flawless,105.0,https://www.ocbuyback.com/sell/cell-phone/samsung/galaxy-z-flip6
Galaxy Z Flip6_256GB_Verizon_Good ,55.0,https://www.ocbuyback.com/sell/cell-phone/samsung/galaxy-z-flip6
Galaxy Z Flip6_256GB_Verizon_Fair,40.0,https://www.ocbuyback.com/sell/cell-phone/samsung/galaxy-z-flip6
Galaxy Z Flip6_256GB_Verizon_Minor Damage,30.0,https://www.ocbuyback.com/sell/cell-phone/samsung/galaxy-z-flip6
Galaxy Z Flip6_256GB_Verizon_Broken,10.0,https://www.ocbuyback.com/sell/cell-phone/samsung/galaxy-z-flip6
Galaxy Z Flip6_256GB_Unlocked_Brand New,340.0,https://www.ocbuyback.com/sell/cell-phone/samsung/galaxy-z-flip6
Galaxy Z Flip6_256GB_Unlocked_Flawless,290.0,https://www.ocbuyback.com/sell/cell-phone/samsung/galaxy-z-flip6
Galaxy Z Flip6_256GB_Unlocked_Good ,240.0,https://www.ocbuyback.com/sell/cell-phone/samsung/galaxy-z-flip6
Galaxy Z Flip6_256GB_Unlocked_Fair,185.0,https://www.ocbuyback.com/sell/cell-phone/samsung/galaxy-z-flip6
Galaxy Z Flip6_256GB_Unlocked_Minor Damage,60.0,https://www.ocbuyback.com/sell/cell-phone/samsung/galaxy-z-flip6
Galaxy Z Flip6_256GB_Unlocked_Broken,10.0,https://www.ocbuyback.com/sell/cell-phone/samsung/galaxy-z-flip6
Galaxy Z Flip6_512GB_AT&T_Brand New,320.0,https://www.ocbuyback.com/sell/cell-phone/samsung/galaxy-z-flip6
Galaxy Z Flip6_512GB_AT&T_Flawless,270.0,https://www.ocbuyback.com/sell/cell-phone/samsung/galaxy-z-flip6
Galaxy Z Flip6_512GB_AT&T_Good ,220.0,https://www.ocbuyback.com/sell/cell-phone/samsung/galaxy-z-flip6
Galaxy Z Flip6_512GB_AT&T_Fair,165.0,https://www.ocbuyback.com/sell/cell-phone/samsung/galaxy-z-flip6
Galaxy Z Flip6_512GB_AT&T_Minor Damage,50.0,https://www.ocbuyback.com/sell/cell-phone/samsung/galaxy-z-flip6
Galaxy Z Flip6_512GB_AT&T_Broken,10.0,https://www.ocbuyback.com/sell/cell-phone/samsung/galaxy-z-flip6
Galaxy Z Flip6_512GB_T-Mobile_Brand New,310.0,https://www.ocbuyback.com/sell/cell-phone/samsung/galaxy-z-flip6
Galaxy Z Flip6_512GB_T-Mobile_Flawless,260.0,https://www.ocbuyback.com/sell/cell-phone/samsung/galaxy-z-flip6
Galaxy Z Flip6_512GB_T-Mobile_Good ,210.0,https://www.ocbuyback.com/sell/cell-phone/samsung/galaxy-z-flip6
Galaxy Z Flip6_512GB_T-Mobile_Fair,155.0,https://www.ocbuyback.com/sell/cell-phone/samsung/galaxy-z-flip6
Galaxy Z Flip6_512GB_T-Mobile_Minor Damage,50.0,https://www.ocbuyback.com/sell/cell-phone/samsung/galaxy-z-flip6
Galaxy Z Flip6_512GB_T-Mobile_Broken,10.0,https://www.ocbuyback.com/sell/cell-phone/samsung/galaxy-z-flip6
Galaxy Z Flip6_512GB_Verizon_Brand New,175.0,https://www.ocbuyback.com/sell/cell-phone/samsung/galaxy-z-flip6
Galaxy Z Flip6_512GB_Verizon_Flawless,125.0,https://www.ocbuyback.com/sell/cell-phone/samsung/galaxy-z-flip6
Galaxy Z Flip6_512GB_Verizon_Good ,75.0,https://www.ocbuyback.com/sell/cell-phone/samsung/galaxy-z-flip6
Galaxy Z Flip6_512GB_Verizon_Fair,50.0,https://www.ocbuyback.com/sell/cell-phone/samsung/galaxy-z-flip6
Galaxy Z Flip6_512GB_Verizon_Minor Damage,40.0,https://www.ocbuyback.com/sell/cell-phone/samsung/galaxy-z-flip6
Galaxy Z Flip6_512GB_Verizon_Broken,10.0,https://www.ocbuyback.com/sell/cell-phone/samsung/galaxy-z-flip6
Galaxy Z Flip6_512GB_Unlocked_Brand New,360.0,https://www.ocbuyback.com/sell/cell-phone/samsung/galaxy-z-flip6
Galaxy Z Flip6_512GB_Unlocked_Flawless,310.0,https://www.ocbuyback.com/sell/cell-phone/samsung/galaxy-z-flip6
Galaxy Z Flip6_512GB_Unlocked_Good ,260.0,https://www.ocbuyback.com/sell/cell-phone/samsung/galaxy-z-flip6
Galaxy Z Flip6_512GB_Unlocked_Fair,205.0,https://www.ocbuyback.com/sell/cell-phone/samsung/galaxy-z-flip6
Galaxy Z Flip6_512GB_Unlocked_Minor Damage,70.0,https://www.ocbuyback.com/sell/cell-phone/samsung/galaxy-z-flip6
Galaxy Z Flip6_512GB_Unlocked_Broken,10.0,https://www.ocbuyback.com/sell/cell-phone/samsung/galaxy-z-flip6
Galaxy Z Flip7_256GB_AT&T_Brand New,410.0,https://www.ocbuyback.com/sell/cell-phone/samsung/galaxy-z-flip7
Galaxy Z Flip7_256GB_AT&T_Flawless,360.0,https://www.ocbuyback.com/sell/cell-phone/samsung/galaxy-z-flip7
Galaxy Z Flip7_256GB_AT&T_Good ,320.0,https://www.ocbuyback.com/sell/cell-phone/samsung/galaxy-z-flip7
Galaxy Z Flip7_256GB_AT&T_Fair,250.0,https://www.ocbuyback.com/sell/cell-phone/samsung/galaxy-z-flip7
Galaxy Z Flip7_256GB_AT&T_Minor Damage,50.0,https://www.ocbuyback.com/sell/cell-phone/samsung/galaxy-z-flip7
Galaxy Z Flip7_256GB_AT&T_Broken,10.0,https://www.ocbuyback.com/sell/cell-phone/samsung/galaxy-z-flip7
Galaxy Z Flip7_256GB_T-Mobile_Brand New,410.0,https://www.ocbuyback.com/sell/cell-phone/samsung/galaxy-z-flip7
Galaxy Z Flip7_256GB_T-Mobile_Flawless,360.0,https://www.ocbuyback.com/sell/cell-phone/samsung/galaxy-z-flip7
Galaxy Z Flip7_256GB_T-Mobile_Good ,320.0,https://www.ocbuyback.com/sell/cell-phone/samsung/galaxy-z-flip7
Galaxy Z Flip7_256GB_T-Mobile_Fair,250.0,https://www.ocbuyback.com/sell/cell-phone/samsung/galaxy-z-flip7
Galaxy Z Flip7_256GB_T-Mobile_Minor Damage,20.0,https://www.ocbuyback.com/sell/cell-phone/samsung/galaxy-z-flip7
Galaxy Z Flip7_256GB_T-Mobile_Broken,10.0,https://www.ocbuyback.com/sell/cell-phone/samsung/galaxy-z-flip7
Galaxy Z Flip7_256GB_Verizon_Brand New,250.0,https://www.ocbuyback.com/sell/cell-phone/samsung/galaxy-z-flip7
Galaxy Z Flip7_256GB_Verizon_Flawless,200.0,https://www.ocbuyback.com/sell/cell-phone/samsung/galaxy-z-flip7
Galaxy Z Flip7_256GB_Verizon_Good ,160.0,https://www.ocbuyback.com/sell/cell-phone/samsung/galaxy-z-flip7
Galaxy Z Flip7_256GB_Verizon_Fair,90.0,https://www.ocbuyback.com/sell/cell-phone/samsung/galaxy-z-flip7
Galaxy Z Flip7_256GB_Verizon_Minor Damage,30.0,https://www.ocbuyback.com/sell/cell-phone/samsung/galaxy-z-flip7
Galaxy Z Flip7_256GB_Verizon_Broken,10.0,https://www.ocbuyback.com/sell/cell-phone/samsung/galaxy-z-flip7
Galaxy Z Flip7_256GB_Unlocked_Brand New,485.0,https://www.ocbuyback.com/sell/cell-phone/samsung/galaxy-z-flip7
Galaxy Z Flip7_256GB_Unlocked_Flawless,435.0,https://www.ocbuyback.com/sell/cell-phone/samsung/galaxy-z-flip7
Galaxy Z Flip7_256GB_Unlocked_Good ,395.0,https://www.ocbuyback.com/sell/cell-phone/samsung/galaxy-z-flip7
Galaxy Z Flip7_256GB_Unlocked_Fair,325.0,https://www.ocbuyback.com/sell/cell-phone/samsung/galaxy-z-flip7
Galaxy Z Flip7_256GB_Unlocked_Minor Damage,70.0,https://www.ocbuyback.com/sell/cell-phone/samsung/galaxy-z-flip7
Galaxy Z Flip7_256GB_Unlocked_Broken,10.0,https://www.ocbuyback.com/sell/cell-phone/samsung/galaxy-z-flip7
Galaxy Z Flip7_512GB_AT&T_Brand New,430.0,https://www.ocbuyback.com/sell/cell-phone/samsung/galaxy-z-flip7
Galaxy Z Flip7_512GB_AT&T_Flawless,380.0,https://www.ocbuyback.com/sell/cell-phone/samsung/galaxy-z-flip7
Galaxy Z Flip7_512GB_AT&T_Good ,340.0,https://www.ocbuyback.com/sell/cell-phone/samsung/galaxy-z-flip7
Galaxy Z Flip7_512GB_AT&T_Fair,255.0,https://www.ocbuyback.com/sell/cell-phone/samsung/galaxy-z-flip7
Galaxy Z Flip7_512GB_AT&T_Minor Damage,65.0,https://www.ocbuyback.com/sell/cell-phone/samsung/galaxy-z-flip7
Galaxy Z Flip7_512GB_AT&T_Broken,10.0,https://www.ocbuyback.com/sell/cell-phone/samsung/galaxy-z-flip7
Galaxy Z Flip7_512GB_T-Mobile_Brand New,430.0,https://www.ocbuyback.com/sell/cell-phone/samsung/galaxy-z-flip7
Galaxy Z Flip7_512GB_T-Mobile_Flawless,380.0,https://www.ocbuyback.com/sell/cell-phone/samsung/galaxy-z-flip7
Galaxy Z Flip7_512GB_T-Mobile_Good ,340.0,https://www.ocbuyback.com/sell/cell-phone/samsung/galaxy-z-flip7
Galaxy Z Flip7_512GB_T-Mobile_Fair,255.0,https://www.ocbuyback.com/sell/cell-phone/samsung/galaxy-z-flip7
Galaxy Z Flip7_512GB_T-Mobile_Minor Damage,35.0,https://www.ocbuyback.com/sell/cell-phone/samsung/galaxy-z-flip7
Galaxy Z Flip7_512GB_T-Mobile_Broken,10.0,https://www.ocbuyback.com/sell/cell-phone/samsung/galaxy-z-flip7
Galaxy Z Flip7_512GB_Verizon_Brand New,270.0,https://www.ocbuyback.com/sell/cell-phone/samsung/galaxy-z-flip7
Galaxy Z Flip7_512GB_Verizon_Flawless,220.0,https://www.ocbuyback.com/sell/cell-phone/samsung/galaxy-z-flip7
Galaxy Z Flip7_512GB_Verizon_Good ,180.0,https://www.ocbuyback.com/sell/cell-phone/samsung/galaxy-z-flip7
Galaxy Z Flip7_512GB_Verizon_Fair,95.0,https://www.ocbuyback.com/sell/cell-phone/samsung/galaxy-z-flip7
Galaxy Z Flip7_512GB_Verizon_Minor Damage,30.0,https://www.ocbuyback.com/sell/cell-phone/samsung/galaxy-z-flip7
Galaxy Z Flip7_512GB_Verizon_Broken,10.0,https://www.ocbuyback.com/sell/cell-phone/samsung/galaxy-z-flip7
Galaxy Z Flip7_512GB_Unlocked_Brand New,505.0,https://www.ocbuyback.com/sell/cell-phone/samsung/galaxy-z-flip7
Galaxy Z Flip7_512GB_Unlocked_Flawless,455.0,https://www.ocbuyback.com/sell/cell-phone/samsung/galaxy-z-flip7
Galaxy Z Flip7_512GB_Unlocked_Good ,415.0,https://www.ocbuyback.com/sell/cell-phone/samsung/galaxy-z-flip7
Galaxy Z Flip7_512GB_Unlocked_Fair,330.0,https://www.ocbuyback.com/sell/cell-phone/samsung/galaxy-z-flip7
Galaxy Z Flip7_512GB_Unlocked_Minor Damage,85.0,https://www.ocbuyback.com/sell/cell-phone/samsung/galaxy-z-flip7
Galaxy Z Flip7_512GB_Unlocked_Broken,10.0,https://www.ocbuyback.com/sell/cell-phone/samsung/galaxy-z-flip7
Galaxy Z Flip7 FE_128GB_AT&T_Brand New,335.0,https://www.ocbuyback.com/sell/cell-phone/samsung/galaxy-z-flip7-fe
Galaxy Z Flip7 FE_128GB_AT&T_Flawless,285.0,https://www.ocbuyback.com/sell/cell-phone/samsung/galaxy-z-flip7-fe
Galaxy Z Flip7 FE_128GB_AT&T_Good ,240.0,https://www.ocbuyback.com/sell/cell-phone/samsung/galaxy-z-flip7-fe
Galaxy Z Flip7 FE_128GB_AT&T_Fair,195.0,https://www.ocbuyback.com/sell/cell-phone/samsung/galaxy-z-flip7-fe
Galaxy Z Flip7 FE_128GB_AT&T_Minor Damage,50.0,https://www.ocbuyback.com/sell/cell-phone/samsung/galaxy-z-flip7-fe
Galaxy Z Flip7 FE_128GB_AT&T_Broken,10.0,https://www.ocbuyback.com/sell/cell-phone/samsung/galaxy-z-flip7-fe
Galaxy Z Flip7 FE_128GB_T-Mobile_Brand New,325.0,https://www.ocbuyback.com/sell/cell-phone/samsung/galaxy-z-flip7-fe
Galaxy Z Flip7 FE_128GB_T-Mobile_Flawless,275.0,https://www.ocbuyback.com/sell/cell-phone/samsung/galaxy-z-flip7-fe
Galaxy Z Flip7 FE_128GB_T-Mobile_Good ,230.0,https://www.ocbuyback.com/sell/cell-phone/samsung/galaxy-z-flip7-fe
Galaxy Z Flip7 FE_128GB_T-Mobile_Fair,185.0,https://www.ocbuyback.com/sell/cell-phone/samsung/galaxy-z-flip7-fe
Galaxy Z Flip7 FE_128GB_T-Mobile_Minor Damage,20.0,https://www.ocbuyback.com/sell/cell-phone/samsung/galaxy-z-flip7-fe
Galaxy Z Flip7 FE_128GB_T-Mobile_Broken,10.0,https://www.ocbuyback.com/sell/cell-phone/samsung/galaxy-z-flip7-fe
Galaxy Z Flip7 FE_128GB_Verizon_Brand New,195.0,https://www.ocbuyback.com/sell/cell-phone/samsung/galaxy-z-flip7-fe
Galaxy Z Flip7 FE_128GB_Verizon_Flawless,145.0,https://www.ocbuyback.com/sell/cell-phone/samsung/galaxy-z-flip7-fe
Galaxy Z Flip7 FE_128GB_Verizon_Good ,105.0,https://www.ocbuyback.com/sell/cell-phone/samsung/galaxy-z-flip7-fe
Galaxy Z Flip7 FE_128GB_Verizon_Fair,45.0,https://www.ocbuyback.com/sell/cell-phone/samsung/galaxy-z-flip7-fe
Galaxy Z Flip7 FE_128GB_Verizon_Minor Damage,30.0,https://www.ocbuyback.com/sell/cell-phone/samsung/galaxy-z-flip7-fe
Galaxy Z Flip7 FE_128GB_Verizon_Broken,10.0,https://www.ocbuyback.com/sell/cell-phone/samsung/galaxy-z-flip7-fe
Galaxy Z Flip7 FE_128GB_Unlocked_Brand New,375.0,https://www.ocbuyback.com/sell/cell-phone/samsung/galaxy-z-flip7-fe
Galaxy Z Flip7 FE_128GB_Unlocked_Flawless,325.0,https://www.ocbuyback.com/sell/cell-phone/samsung/galaxy-z-flip7-fe
Galaxy Z Flip7 FE_128GB_Unlocked_Good ,280.0,https://www.ocbuyback.com/sell/cell-phone/samsung/galaxy-z-flip7-fe
Galaxy Z Flip7 FE_128GB_Unlocked_Fair,235.0,https://www.ocbuyback.com/sell/cell-phone/samsung/galaxy-z-flip7-fe
Galaxy Z Flip7 FE_128GB_Unlocked_Minor Damage,70.0,https://www.ocbuyback.com/sell/cell-phone/samsung/galaxy-z-flip7-fe
Galaxy Z Flip7 FE_128GB_Unlocked_Broken,10.0,https://www.ocbuyback.com/sell/cell-phone/samsung/galaxy-z-flip7-fe
Galaxy Z Flip7 FE_256GB_AT&T_Brand New,350.0,https://www.ocbuyback.com/sell/cell-phone/samsung/galaxy-z-flip7-fe
Galaxy Z Flip7 FE_256GB_AT&T_Flawless,300.0,https://www.ocbuyback.com/sell/cell-phone/samsung/galaxy-z-flip7-fe
Galaxy Z Flip7 FE_256GB_AT&T_Good ,255.0,https://www.ocbuyback.com/sell/cell-phone/samsung/galaxy-z-flip7-fe
Galaxy Z Flip7 FE_256GB_AT&T_Fair,210.0,https://www.ocbuyback.com/sell/cell-phone/samsung/galaxy-z-flip7-fe
Galaxy Z Flip7 FE_256GB_AT&T_Minor Damage,65.0,https://www.ocbuyback.com/sell/cell-phone/samsung/galaxy-z-flip7-fe
Galaxy Z Flip7 FE_256GB_AT&T_Broken,10.0,https://www.ocbuyback.com/sell/cell-phone/samsung/galaxy-z-flip7-fe
Galaxy Z Flip7 FE_256GB_T-Mobile_Brand New,340.0,https://www.ocbuyback.com/sell/cell-phone/samsung/galaxy-z-flip7-fe
Galaxy Z Flip7 FE_256GB_T-Mobile_Flawless,290.0,https://www.ocbuyback.com/sell/cell-phone/samsung/galaxy-z-flip7-fe
Galaxy Z Flip7 FE_256GB_T-Mobile_Good ,245.0,https://www.ocbuyback.com/sell/cell-phone/samsung/galaxy-z-flip7-fe
Galaxy Z Flip7 FE_256GB_T-Mobile_Fair,200.0,https://www.ocbuyback.com/sell/cell-phone/samsung/galaxy-z-flip7-fe
Galaxy Z Flip7 FE_256GB_T-Mobile_Minor Damage,35.0,https://www.ocbuyback.com/sell/cell-phone/samsung/galaxy-z-flip7-fe
Galaxy Z Flip7 FE_256GB_T-Mobile_Broken,10.0,https://www.ocbuyback.com/sell/cell-phone/samsung/galaxy-z-flip7-fe
Galaxy Z Flip7 FE_256GB_Verizon_Brand New,210.0,https://www.ocbuyback.com/sell/cell-phone/samsung/galaxy-z-flip7-fe
Galaxy Z Flip7 FE_256GB_Verizon_Flawless,160.0,https://www.ocbuyback.com/sell/cell-phone/samsung/galaxy-z-flip7-fe
Galaxy Z Flip7 FE_256GB_Verizon_Good ,120.0,https://www.ocbuyback.com/sell/cell-phone/samsung/galaxy-z-flip7-fe
Galaxy Z Flip7 FE_256GB_Verizon_Fair,60.0,https://www.ocbuyback.com/sell/cell-phone/samsung/galaxy-z-flip7-fe
Galaxy Z Flip7 FE_256GB_Verizon_Minor Damage,20.0,https://www.ocbuyback.com/sell/cell-phone/samsung/galaxy-z-flip7-fe
Galaxy Z Flip7 FE_256GB_Verizon_Broken,10.0,https://www.ocbuyback.com/sell/cell-phone/samsung/galaxy-z-flip7-fe
Galaxy Z Flip7 FE_256GB_Unlocked_Brand New,390.0,https://www.ocbuyback.com/sell/cell-phone/samsung/galaxy-z-flip7-fe
Galaxy Z Flip7 FE_256GB_Unlocked_Flawless,340.0,https://www.ocbuyback.com/sell/cell-phone/samsung/galaxy-z-flip7-fe
Galaxy Z Flip7 FE_256GB_Unlocked_Good ,295.0,https://www.ocbuyback.com/sell/cell-phone/samsung/galaxy-z-flip7-fe
Galaxy Z Flip7 FE_256GB_Unlocked_Fair,250.0,https://www.ocbuyback.com/sell/cell-phone/samsung/galaxy-z-flip7-fe
Galaxy Z Flip7 FE_256GB_Unlocked_Minor Damage,80.0,https://www.ocbuyback.com/sell/cell-phone/samsung/galaxy-z-flip7-fe
Galaxy Z Flip7 FE_256GB_Unlocked_Broken,10.0,https://www.ocbuyback.com/sell/cell-phone/samsung/galaxy-z-flip7-fe
Galaxy Z Fold5_256GB_AT&T_Brand New,265.0,https://www.ocbuyback.com/sell/cell-phone/samsung/galaxy-z-fold5
Galaxy Z Fold5_256GB_AT&T_Flawless,215.0,https://www.ocbuyback.com/sell/cell-phone/samsung/galaxy-z-fold5
Galaxy Z Fold5_256GB_AT&T_Good ,185.0,https://www.ocbuyback.com/sell/cell-phone/samsung/galaxy-z-fold5
Galaxy Z Fold5_256GB_AT&T_Fair,135.0,https://www.ocbuyback.com/sell/cell-phone/samsung/galaxy-z-fold5
Galaxy Z Fold5_256GB_AT&T_Minor Damage,40.0,https://www.ocbuyback.com/sell/cell-phone/samsung/galaxy-z-fold5
Galaxy Z Fold5_256GB_AT&T_Broken,10.0,https://www.ocbuyback.com/sell/cell-phone/samsung/galaxy-z-fold5
Galaxy Z Fold5_256GB_T-Mobile_Brand New,215.0,https://www.ocbuyback.com/sell/cell-phone/samsung/galaxy-z-fold5
Galaxy Z Fold5_256GB_T-Mobile_Flawless,165.0,https://www.ocbuyback.com/sell/cell-phone/samsung/galaxy-z-fold5
Galaxy Z Fold5_256GB_T-Mobile_Good ,135.0,https://www.ocbuyback.com/sell/cell-phone/samsung/galaxy-z-fold5
Galaxy Z Fold5_256GB_T-Mobile_Fair,85.0,https://www.ocbuyback.com/sell/cell-phone/samsung/galaxy-z-fold5
Galaxy Z Fold5_256GB_T-Mobile_Minor Damage,20.0,https://www.ocbuyback.com/sell/cell-phone/samsung/galaxy-z-fold5
Galaxy Z Fold5_256GB_T-Mobile_Broken,10.0,https://www.ocbuyback.com/sell/cell-phone/samsung/galaxy-z-fold5
Galaxy Z Fold5_256GB_Verizon_Brand New,215.0,https://www.ocbuyback.com/sell/cell-phone/samsung/galaxy-z-fold5
Galaxy Z Fold5_256GB_Verizon_Flawless,165.0,https://www.ocbuyback.com/sell/cell-phone/samsung/galaxy-z-fold5
Galaxy Z Fold5_256GB_Verizon_Good ,135.0,https://www.ocbuyback.com/sell/cell-phone/samsung/galaxy-z-fold5
Galaxy Z Fold5_256GB_Verizon_Fair,85.0,https://www.ocbuyback.com/sell/cell-phone/samsung/galaxy-z-fold5
Galaxy Z Fold5_256GB_Verizon_Minor Damage,20.0,https://www.ocbuyback.com/sell/cell-phone/samsung/galaxy-z-fold5
Galaxy Z Fold5_256GB_Verizon_Broken,10.0,https://www.ocbuyback.com/sell/cell-phone/samsung/galaxy-z-fold5
Galaxy Z Fold5_256GB_Unlocked_Brand New,365.0,https://www.ocbuyback.com/sell/cell-phone/samsung/galaxy-z-fold5
Galaxy Z Fold5_256GB_Unlocked_Flawless,315.0,https://www.ocbuyback.com/sell/cell-phone/samsung/galaxy-z-fold5
Galaxy Z Fold5_256GB_Unlocked_Good ,285.0,https://www.ocbuyback.com/sell/cell-phone/samsung/galaxy-z-fold5
Galaxy Z Fold5_256GB_Unlocked_Fair,235.0,https://www.ocbuyback.com/sell/cell-phone/samsung/galaxy-z-fold5
Galaxy Z Fold5_256GB_Unlocked_Minor Damage,50.0,https://www.ocbuyback.com/sell/cell-phone/samsung/galaxy-z-fold5
Galaxy Z Fold5_256GB_Unlocked_Broken,10.0,https://www.ocbuyback.com/sell/cell-phone/samsung/galaxy-z-fold5
Galaxy Z Fold5_512GB_AT&T_Brand New,285.0,https://www.ocbuyback.com/sell/cell-phone/samsung/galaxy-z-fold5
Galaxy Z Fold5_512GB_AT&T_Flawless,235.0,https://www.ocbuyback.com/sell/cell-phone/samsung/galaxy-z-fold5
Galaxy Z Fold5_512GB_AT&T_Good ,205.0,https://www.ocbuyback.com/sell/cell-phone/samsung/galaxy-z-fold5
Galaxy Z Fold5_512GB_AT&T_Fair,155.0,https://www.ocbuyback.com/sell/cell-phone/samsung/galaxy-z-fold5
Galaxy Z Fold5_512GB_AT&T_Minor Damage,43.0,https://www.ocbuyback.com/sell/cell-phone/samsung/galaxy-z-fold5
Galaxy Z Fold5_512GB_AT&T_Broken,10.0,https://www.ocbuyback.com/sell/cell-phone/samsung/galaxy-z-fold5
Galaxy Z Fold5_512GB_T-Mobile_Brand New,235.0,https://www.ocbuyback.com/sell/cell-phone/samsung/galaxy-z-fold5
Galaxy Z Fold5_512GB_T-Mobile_Flawless,185.0,https://www.ocbuyback.com/sell/cell-phone/samsung/galaxy-z-fold5
Galaxy Z Fold5_512GB_T-Mobile_Good ,155.0,https://www.ocbuyback.com/sell/cell-phone/samsung/galaxy-z-fold5
Galaxy Z Fold5_512GB_T-Mobile_Fair,105.0,https://www.ocbuyback.com/sell/cell-phone/samsung/galaxy-z-fold5
Galaxy Z Fold5_512GB_T-Mobile_Minor Damage,23.0,https://www.ocbuyback.com/sell/cell-phone/samsung/galaxy-z-fold5
Galaxy Z Fold5_512GB_T-Mobile_Broken,10.0,https://www.ocbuyback.com/sell/cell-phone/samsung/galaxy-z-fold5
Galaxy Z Fold5_512GB_Verizon_Brand New,235.0,https://www.ocbuyback.com/sell/cell-phone/samsung/galaxy-z-fold5
Galaxy Z Fold5_512GB_Verizon_Flawless,185.0,https://www.ocbuyback.com/sell/cell-phone/samsung/galaxy-z-fold5
Galaxy Z Fold5_512GB_Verizon_Good ,155.0,https://www.ocbuyback.com/sell/cell-phone/samsung/galaxy-z-fold5
Galaxy Z Fold5_512GB_Verizon_Fair,105.0,https://www.ocbuyback.com/sell/cell-phone/samsung/galaxy-z-fold5
Galaxy Z Fold5_512GB_Verizon_Minor Damage,23.0,https://www.ocbuyback.com/sell/cell-phone/samsung/galaxy-z-fold5
Galaxy Z Fold5_512GB_Verizon_Broken,10.0,https://www.ocbuyback.com/sell/cell-phone/samsung/galaxy-z-fold5
Galaxy Z Fold5_512GB_Unlocked_Brand New,385.0,https://www.ocbuyback.com/sell/cell-phone/samsung/galaxy-z-fold5
Galaxy Z Fold5_512GB_Unlocked_Flawless,335.0,https://www.ocbuyback.com/sell/cell-phone/samsung/galaxy-z-fold5
Galaxy Z Fold5_512GB_Unlocked_Good ,305.0,https://www.ocbuyback.com/sell/cell-phone/samsung/galaxy-z-fold5
Galaxy Z Fold5_512GB_Unlocked_Fair,255.0,https://www.ocbuyback.com/sell/cell-phone/samsung/galaxy-z-fold5
Galaxy Z Fold5_512GB_Unlocked_Minor Damage,53.0,https://www.ocbuyback.com/sell/cell-phone/samsung/galaxy-z-fold5
Galaxy Z Fold5_512GB_Unlocked_Broken,10.0,https://www.ocbuyback.com/sell/cell-phone/samsung/galaxy-z-fold5
Galaxy Z Fold5_1TB_AT&T_Brand New,305.0,https://www.ocbuyback.com/sell/cell-phone/samsung/galaxy-z-fold5
Galaxy Z Fold5_1TB_AT&T_Flawless,255.0,https://www.ocbuyback.com/sell/cell-phone/samsung/galaxy-z-fold5
Galaxy Z Fold5_1TB_AT&T_Good ,225.0,https://www.ocbuyback.com/sell/cell-phone/samsung/galaxy-z-fold5
Galaxy Z Fold5_1TB_AT&T_Fair,175.0,https://www.ocbuyback.com/sell/cell-phone/samsung/galaxy-z-fold5
Galaxy Z Fold5_1TB_AT&T_Minor Damage,45.0,https://www.ocbuyback.com/sell/cell-phone/samsung/galaxy-z-fold5
Galaxy Z Fold5_1TB_AT&T_Broken,10.0,https://www.ocbuyback.com/sell/cell-phone/samsung/galaxy-z-fold5
Galaxy Z Fold5_1TB_T-Mobile_Brand New,255.0,https://www.ocbuyback.com/sell/cell-phone/samsung/galaxy-z-fold5
Galaxy Z Fold5_1TB_T-Mobile_Flawless,205.0,https://www.ocbuyback.com/sell/cell-phone/samsung/galaxy-z-fold5
Galaxy Z Fold5_1TB_T-Mobile_Good ,175.0,https://www.ocbuyback.com/sell/cell-phone/samsung/galaxy-z-fold5
Galaxy Z Fold5_1TB_T-Mobile_Fair,130.0,https://www.ocbuyback.com/sell/cell-phone/samsung/galaxy-z-fold5
Galaxy Z Fold5_1TB_T-Mobile_Minor Damage,25.0,https://www.ocbuyback.com/sell/cell-phone/samsung/galaxy-z-fold5
Galaxy Z Fold5_1TB_T-Mobile_Broken,10.0,https://www.ocbuyback.com/sell/cell-phone/samsung/galaxy-z-fold5
Galaxy Z Fold5_1TB_Verizon_Brand New,255.0,https://www.ocbuyback.com/sell/cell-phone/samsung/galaxy-z-fold5
Galaxy Z Fold5_1TB_Verizon_Flawless,205.0,https://www.ocbuyback.com/sell/cell-phone/samsung/galaxy-z-fold5
Galaxy Z Fold5_1TB_Verizon_Good ,175.0,https://www.ocbuyback.com/sell/cell-phone/samsung/galaxy-z-fold5
Galaxy Z Fold5_1TB_Verizon_Fair,130.0,https://www.ocbuyback.com/sell/cell-phone/samsung/galaxy-z-fold5
Galaxy Z Fold5_1TB_Verizon_Minor Damage,25.0,https://www.ocbuyback.com/sell/cell-phone/samsung/galaxy-z-fold5
Galaxy Z Fold5_1TB_Verizon_Broken,10.0,https://www.ocbuyback.com/sell/cell-phone/samsung/galaxy-z-fold5
Galaxy Z Fold5_1TB_Unlocked_Brand New,405.0,https://www.ocbuyback.com/sell/cell-phone/samsung/galaxy-z-fold5
Galaxy Z Fold5_1TB_Unlocked_Flawless,355.0,https://www.ocbuyback.com/sell/cell-phone/samsung/galaxy-z-fold5
Galaxy Z Fold5_1TB_Unlocked_Good ,325.0,https://www.ocbuyback.com/sell/cell-phone/samsung/galaxy-z-fold5
Galaxy Z Fold5_1TB_Unlocked_Fair,275.0,https://www.ocbuyback.com/sell/cell-phone/samsung/galaxy-z-fold5
Galaxy Z Fold5_1TB_Unlocked_Minor Damage,55.0,https://www.ocbuyback.com/sell/cell-phone/samsung/galaxy-z-fold5
Galaxy Z Fold5_1TB_Unlocked_Broken,10.0,https://www.ocbuyback.com/sell/cell-phone/samsung/galaxy-z-fold5
Galaxy Z Fold6_256GB_AT&T_Brand New,440.0,https://www.ocbuyback.com/sell/cell-phone/samsung/galaxy-z-fold6
Galaxy Z Fold6_256GB_AT&T_Flawless,390.0,https://www.ocbuyback.com/sell/cell-phone/samsung/galaxy-z-fold6
Galaxy Z Fold6_256GB_AT&T_Good ,310.0,https://www.ocbuyback.com/sell/cell-phone/samsung/galaxy-z-fold6
Galaxy Z Fold6_256GB_AT&T_Fair,250.0,https://www.ocbuyback.com/sell/cell-phone/samsung/galaxy-z-fold6
Galaxy Z Fold6_256GB_AT&T_Minor Damage,90.0,https://www.ocbuyback.com/sell/cell-phone/samsung/galaxy-z-fold6
Galaxy Z Fold6_256GB_AT&T_Broken,10.0,https://www.ocbuyback.com/sell/cell-phone/samsung/galaxy-z-fold6
Galaxy Z Fold6_256GB_T-Mobile_Brand New,390.0,https://www.ocbuyback.com/sell/cell-phone/samsung/galaxy-z-fold6
Galaxy Z Fold6_256GB_T-Mobile_Flawless,340.0,https://www.ocbuyback.com/sell/cell-phone/samsung/galaxy-z-fold6
Galaxy Z Fold6_256GB_T-Mobile_Good ,260.0,https://www.ocbuyback.com/sell/cell-phone/samsung/galaxy-z-fold6
Galaxy Z Fold6_256GB_T-Mobile_Fair,200.0,https://www.ocbuyback.com/sell/cell-phone/samsung/galaxy-z-fold6
Galaxy Z Fold6_256GB_T-Mobile_Minor Damage,90.0,https://www.ocbuyback.com/sell/cell-phone/samsung/galaxy-z-fold6
Galaxy Z Fold6_256GB_T-Mobile_Broken,10.0,https://www.ocbuyback.com/sell/cell-phone/samsung/galaxy-z-fold6
Galaxy Z Fold6_256GB_Verizon_Brand New,190.0,https://www.ocbuyback.com/sell/cell-phone/samsung/galaxy-z-fold6
Galaxy Z Fold6_256GB_Verizon_Flawless,140.0,https://www.ocbuyback.com/sell/cell-phone/samsung/galaxy-z-fold6
Galaxy Z Fold6_256GB_Verizon_Good ,60.0,https://www.ocbuyback.com/sell/cell-phone/samsung/galaxy-z-fold6
Galaxy Z Fold6_256GB_Verizon_Fair,30.0,https://www.ocbuyback.com/sell/cell-phone/samsung/galaxy-z-fold6
Galaxy Z Fold6_256GB_Verizon_Minor Damage,15.0,https://www.ocbuyback.com/sell/cell-phone/samsung/galaxy-z-fold6
Galaxy Z Fold6_256GB_Verizon_Broken,10.0,https://www.ocbuyback.com/sell/cell-phone/samsung/galaxy-z-fold6
Galaxy Z Fold6_256GB_Unlocked_Brand New,540.0,https://www.ocbuyback.com/sell/cell-phone/samsung/galaxy-z-fold6
Galaxy Z Fold6_256GB_Unlocked_Flawless,490.0,https://www.ocbuyback.com/sell/cell-phone/samsung/galaxy-z-fold6
Galaxy Z Fold6_256GB_Unlocked_Good ,410.0,https://www.ocbuyback.com/sell/cell-phone/samsung/galaxy-z-fold6
Galaxy Z Fold6_256GB_Unlocked_Fair,350.0,https://www.ocbuyback.com/sell/cell-phone/samsung/galaxy-z-fold6
Galaxy Z Fold6_256GB_Unlocked_Minor Damage,125.0,https://www.ocbuyback.com/sell/cell-phone/samsung/galaxy-z-fold6
Galaxy Z Fold6_256GB_Unlocked_Broken,10.0,https://www.ocbuyback.com/sell/cell-phone/samsung/galaxy-z-fold6
Galaxy Z Fold6_512GB_AT&T_Brand New,480.0,https://www.ocbuyback.com/sell/cell-phone/samsung/galaxy-z-fold6
Galaxy Z Fold6_512GB_AT&T_Flawless,430.0,https://www.ocbuyback.com/sell/cell-phone/samsung/galaxy-z-fold6
Galaxy Z Fold6_512GB_AT&T_Good ,350.0,https://www.ocbuyback.com/sell/cell-phone/samsung/galaxy-z-fold6
Galaxy Z Fold6_512GB_AT&T_Fair,290.0,https://www.ocbuyback.com/sell/cell-phone/samsung/galaxy-z-fold6
Galaxy Z Fold6_512GB_AT&T_Minor Damage,95.0,https://www.ocbuyback.com/sell/cell-phone/samsung/galaxy-z-fold6
Galaxy Z Fold6_512GB_AT&T_Broken,10.0,https://www.ocbuyback.com/sell/cell-phone/samsung/galaxy-z-fold6
Galaxy Z Fold6_512GB_T-Mobile_Brand New,430.0,https://www.ocbuyback.com/sell/cell-phone/samsung/galaxy-z-fold6
Galaxy Z Fold6_512GB_T-Mobile_Flawless,380.0,https://www.ocbuyback.com/sell/cell-phone/samsung/galaxy-z-fold6
Galaxy Z Fold6_512GB_T-Mobile_Good ,300.0,https://www.ocbuyback.com/sell/cell-phone/samsung/galaxy-z-fold6
Galaxy Z Fold6_512GB_T-Mobile_Fair,240.0,https://www.ocbuyback.com/sell/cell-phone/samsung/galaxy-z-fold6
Galaxy Z Fold6_512GB_T-Mobile_Minor Damage,95.0,https://www.ocbuyback.com/sell/cell-phone/samsung/galaxy-z-fold6
Galaxy Z Fold6_512GB_T-Mobile_Broken,10.0,https://www.ocbuyback.com/sell/cell-phone/samsung/galaxy-z-fold6
Galaxy Z Fold6_512GB_Verizon_Brand New,230.0,https://www.ocbuyback.com/sell/cell-phone/samsung/galaxy-z-fold6
Galaxy Z Fold6_512GB_Verizon_Flawless,180.0,https://www.ocbuyback.com/sell/cell-phone/samsung/galaxy-z-fold6
Galaxy Z Fold6_512GB_Verizon_Good ,100.0,https://www.ocbuyback.com/sell/cell-phone/samsung/galaxy-z-fold6
Galaxy Z Fold6_512GB_Verizon_Fair,40.0,https://www.ocbuyback.com/sell/cell-phone/samsung/galaxy-z-fold6
Galaxy Z Fold6_512GB_Verizon_Minor Damage,20.0,https://www.ocbuyback.com/sell/cell-phone/samsung/galaxy-z-fold6
Galaxy Z Fold6_512GB_Verizon_Broken,10.0,https://www.ocbuyback.com/sell/cell-phone/samsung/galaxy-z-fold6
Galaxy Z Fold6_512GB_Unlocked_Brand New,580.0,https://www.ocbuyback.com/sell/cell-phone/samsung/galaxy-z-fold6
Galaxy Z Fold6_512GB_Unlocked_Flawless,530.0,https://www.ocbuyback.com/sell/cell-phone/samsung/galaxy-z-fold6
Galaxy Z Fold6_512GB_Unlocked_Good ,450.0,https://www.ocbuyback.com/sell/cell-phone/samsung/galaxy-z-fold6
Galaxy Z Fold6_512GB_Unlocked_Fair,390.0,https://www.ocbuyback.com/sell/cell-phone/samsung/galaxy-z-fold6
Galaxy Z Fold6_512GB_Unlocked_Minor Damage,130.0,https://www.ocbuyback.com/sell/cell-phone/samsung/galaxy-z-fold6
Galaxy Z Fold6_512GB_Unlocked_Broken,10.0,https://www.ocbuyback.com/sell/cell-phone/samsung/galaxy-z-fold6
Galaxy Z Fold6_1TB_AT&T_Brand New,510.0,https://www.ocbuyback.com/sell/cell-phone/samsung/galaxy-z-fold6
Galaxy Z Fold6_1TB_AT&T_Flawless,460.0,https://www.ocbuyback.com/sell/cell-phone/samsung/galaxy-z-fold6
Galaxy Z Fold6_1TB_AT&T_Good ,380.0,https://www.ocbuyback.com/sell/cell-phone/samsung/galaxy-z-fold6
Galaxy Z Fold6_1TB_AT&T_Fair,320.0,https://www.ocbuyback.com/sell/cell-phone/samsung/galaxy-z-fold6
Galaxy Z Fold6_1TB_AT&T_Minor Damage,100.0,https://www.ocbuyback.com/sell/cell-phone/samsung/galaxy-z-fold6
Galaxy Z Fold6_1TB_AT&T_Broken,10.0,https://www.ocbuyback.com/sell/cell-phone/samsung/galaxy-z-fold6
Galaxy Z Fold6_1TB_T-Mobile_Brand New,460.0,https://www.ocbuyback.com/sell/cell-phone/samsung/galaxy-z-fold6
Galaxy Z Fold6_1TB_T-Mobile_Flawless,410.0,https://www.ocbuyback.com/sell/cell-phone/samsung/galaxy-z-fold6
Galaxy Z Fold6_1TB_T-Mobile_Good ,330.0,https://www.ocbuyback.com/sell/cell-phone/samsung/galaxy-z-fold6
Galaxy Z Fold6_1TB_T-Mobile_Fair,270.0,https://www.ocbuyback.com/sell/cell-phone/samsung/galaxy-z-fold6
Galaxy Z Fold6_1TB_T-Mobile_Minor Damage,100.0,https://www.ocbuyback.com/sell/cell-phone/samsung/galaxy-z-fold6
Galaxy Z Fold6_1TB_T-Mobile_Broken,10.0,https://www.ocbuyback.com/sell/cell-phone/samsung/galaxy-z-fold6
Galaxy Z Fold6_1TB_Verizon_Brand New,250.0,https://www.ocbuyback.com/sell/cell-phone/samsung/galaxy-z-fold6
Galaxy Z Fold6_1TB_Verizon_Flawless,210.0,https://www.ocbuyback.com/sell/cell-phone/samsung/galaxy-z-fold6
Galaxy Z Fold6_1TB_Verizon_Good ,130.0,https://www.ocbuyback.com/sell/cell-phone/samsung/galaxy-z-fold6
Galaxy Z Fold6_1TB_Verizon_Fair,70.0,https://www.ocbuyback.com/sell/cell-phone/samsung/galaxy-z-fold6
Galaxy Z Fold6_1TB_Verizon_Minor Damage,25.0,https://www.ocbuyback.com/sell/cell-phone/samsung/galaxy-z-fold6
Galaxy Z Fold6_1TB_Verizon_Broken,10.0,https://www.ocbuyback.com/sell/cell-phone/samsung/galaxy-z-fold6
Galaxy Z Fold6_1TB_Unlocked_Brand New,610.0,https://www.ocbuyback.com/sell/cell-phone/samsung/galaxy-z-fold6
Galaxy Z Fold6_1TB_Unlocked_Flawless,560.0,https://www.ocbuyback.com/sell/cell-phone/samsung/galaxy-z-fold6
Galaxy Z Fold6_1TB_Unlocked_Good ,480.0,https://www.ocbuyback.com/sell/cell-phone/samsung/galaxy-z-fold6
Galaxy Z Fold6_1TB_Unlocked_Fair,420.0,https://www.ocbuyback.com/sell/cell-phone/samsung/galaxy-z-fold6
Galaxy Z Fold6_1TB_Unlocked_Minor Damage,135.0,https://www.ocbuyback.com/sell/cell-phone/samsung/galaxy-z-fold6
Galaxy Z Fold6_1TB_Unlocked_Broken,10.0,https://www.ocbuyback.com/sell/cell-phone/samsung/galaxy-z-fold6
Galaxy Z Fold7_256GB_AT&T_Brand New,700.0,https://www.ocbuyback.com/sell/cell-phone/samsung/galaxy-z-fold7
Galaxy Z Fold7_256GB_AT&T_Flawless,650.0,https://www.ocbuyback.com/sell/cell-phone/samsung/galaxy-z-fold7
Galaxy Z Fold7_256GB_AT&T_Good ,600.0,https://www.ocbuyback.com/sell/cell-phone/samsung/galaxy-z-fold7
Galaxy Z Fold7_256GB_AT&T_Fair,500.0,https://www.ocbuyback.com/sell/cell-phone/samsung/galaxy-z-fold7
Galaxy Z Fold7_256GB_AT&T_Minor Damage,115.0,https://www.ocbuyback.com/sell/cell-phone/samsung/galaxy-z-fold7
Galaxy Z Fold7_256GB_AT&T_Broken,20.0,https://www.ocbuyback.com/sell/cell-phone/samsung/galaxy-z-fold7
Galaxy Z Fold7_256GB_T-Mobile_Brand New,650.0,https://www.ocbuyback.com/sell/cell-phone/samsung/galaxy-z-fold7
Galaxy Z Fold7_256GB_T-Mobile_Flawless,600.0,https://www.ocbuyback.com/sell/cell-phone/samsung/galaxy-z-fold7
Galaxy Z Fold7_256GB_T-Mobile_Good ,550.0,https://www.ocbuyback.com/sell/cell-phone/samsung/galaxy-z-fold7
Galaxy Z Fold7_256GB_T-Mobile_Fair,450.0,https://www.ocbuyback.com/sell/cell-phone/samsung/galaxy-z-fold7
Galaxy Z Fold7_256GB_T-Mobile_Minor Damage,115.0,https://www.ocbuyback.com/sell/cell-phone/samsung/galaxy-z-fold7
Galaxy Z Fold7_256GB_T-Mobile_Broken,20.0,https://www.ocbuyback.com/sell/cell-phone/samsung/galaxy-z-fold7
Galaxy Z Fold7_256GB_Verizon_Brand New,450.0,https://www.ocbuyback.com/sell/cell-phone/samsung/galaxy-z-fold7
Galaxy Z Fold7_256GB_Verizon_Flawless,400.0,https://www.ocbuyback.com/sell/cell-phone/samsung/galaxy-z-fold7
Galaxy Z Fold7_256GB_Verizon_Good ,350.0,https://www.ocbuyback.com/sell/cell-phone/samsung/galaxy-z-fold7
Galaxy Z Fold7_256GB_Verizon_Fair,250.0,https://www.ocbuyback.com/sell/cell-phone/samsung/galaxy-z-fold7
Galaxy Z Fold7_256GB_Verizon_Minor Damage,40.0,https://www.ocbuyback.com/sell/cell-phone/samsung/galaxy-z-fold7
Galaxy Z Fold7_256GB_Verizon_Broken,20.0,https://www.ocbuyback.com/sell/cell-phone/samsung/galaxy-z-fold7
Galaxy Z Fold7_256GB_Unlocked_Brand New,800.0,https://www.ocbuyback.com/sell/cell-phone/samsung/galaxy-z-fold7
Galaxy Z Fold7_256GB_Unlocked_Flawless,750.0,https://www.ocbuyback.com/sell/cell-phone/samsung/galaxy-z-fold7
Galaxy Z Fold7_256GB_Unlocked_Good ,700.0,https://www.ocbuyback.com/sell/cell-phone/samsung/galaxy-z-fold7
Galaxy Z Fold7_256GB_Unlocked_Fair,600.0,https://www.ocbuyback.com/sell/cell-phone/samsung/galaxy-z-fold7
Galaxy Z Fold7_256GB_Unlocked_Minor Damage,150.0,https://www.ocbuyback.com/sell/cell-phone/samsung/galaxy-z-fold7
Galaxy Z Fold7_256GB_Unlocked_Broken,20.0,https://www.ocbuyback.com/sell/cell-phone/samsung/galaxy-z-fold7
Galaxy Z Fold7_512GB_AT&T_Brand New,740.0,https://www.ocbuyback.com/sell/cell-phone/samsung/galaxy-z-fold7
Galaxy Z Fold7_512GB_AT&T_Flawless,690.0,https://www.ocbuyback.com/sell/cell-phone/samsung/galaxy-z-fold7
Galaxy Z Fold7_512GB_AT&T_Good ,640.0,https://www.ocbuyback.com/sell/cell-phone/samsung/galaxy-z-fold7
Galaxy Z Fold7_512GB_AT&T_Fair,540.0,https://www.ocbuyback.com/sell/cell-phone/samsung/galaxy-z-fold7
Galaxy Z Fold7_512GB_AT&T_Minor Damage,120.0,https://www.ocbuyback.com/sell/cell-phone/samsung/galaxy-z-fold7
Galaxy Z Fold7_512GB_AT&T_Broken,20.0,https://www.ocbuyback.com/sell/cell-phone/samsung/galaxy-z-fold7
Galaxy Z Fold7_512GB_T-Mobile_Brand New,690.0,https://www.ocbuyback.com/sell/cell-phone/samsung/galaxy-z-fold7
Galaxy Z Fold7_512GB_T-Mobile_Flawless,640.0,https://www.ocbuyback.com/sell/cell-phone/samsung/galaxy-z-fold7
Galaxy Z Fold7_512GB_T-Mobile_Good ,590.0,https://www.ocbuyback.com/sell/cell-phone/samsung/galaxy-z-fold7
Galaxy Z Fold7_512GB_T-Mobile_Fair,490.0,https://www.ocbuyback.com/sell/cell-phone/samsung/galaxy-z-fold7
Galaxy Z Fold7_512GB_T-Mobile_Minor Damage,120.0,https://www.ocbuyback.com/sell/cell-phone/samsung/galaxy-z-fold7
Galaxy Z Fold7_512GB_T-Mobile_Broken,20.0,https://www.ocbuyback.com/sell/cell-phone/samsung/galaxy-z-fold7
Galaxy Z Fold7_512GB_Verizon_Brand New,490.0,https://www.ocbuyback.com/sell/cell-phone/samsung/galaxy-z-fold7
Galaxy Z Fold7_512GB_Verizon_Flawless,440.0,https://www.ocbuyback.com/sell/cell-phone/samsung/galaxy-z-fold7
Galaxy Z Fold7_512GB_Verizon_Good ,390.0,https://www.ocbuyback.com/sell/cell-phone/samsung/galaxy-z-fold7
Galaxy Z Fold7_512GB_Verizon_Fair,290.0,https://www.ocbuyback.com/sell/cell-phone/samsung/galaxy-z-fold7
Galaxy Z Fold7_512GB_Verizon_Minor Damage,45.0,https://www.ocbuyback.com/sell/cell-phone/samsung/galaxy-z-fold7
Galaxy Z Fold7_512GB_Verizon_Broken,20.0,https://www.ocbuyback.com/sell/cell-phone/samsung/galaxy-z-fold7
Galaxy Z Fold7_512GB_Unlocked_Brand New,840.0,https://www.ocbuyback.com/sell/cell-phone/samsung/galaxy-z-fold7
Galaxy Z Fold7_512GB_Unlocked_Flawless,790.0,https://www.ocbuyback.com/sell/cell-phone/samsung/galaxy-z-fold7
Galaxy Z Fold7_512GB_Unlocked_Good ,740.0,https://www.ocbuyback.com/sell/cell-phone/samsung/galaxy-z-fold7
Galaxy Z Fold7_512GB_Unlocked_Fair,640.0,https://www.ocbuyback.com/sell/cell-phone/samsung/galaxy-z-fold7
Galaxy Z Fold7_512GB_Unlocked_Minor Damage,155.0,https://www.ocbuyback.com/sell/cell-phone/samsung/galaxy-z-fold7
Galaxy Z Fold7_512GB_Unlocked_Broken,20.0,https://www.ocbuyback.com/sell/cell-phone/samsung/galaxy-z-fold7
Galaxy Z Fold7_1TB_AT&T_Brand New,770.0,https://www.ocbuyback.com/sell/cell-phone/samsung/galaxy-z-fold7
Galaxy Z Fold7_1TB_AT&T_Flawless,720.0,https://www.ocbuyback.com/sell/cell-phone/samsung/galaxy-z-fold7
Galaxy Z Fold7_1TB_AT&T_Good ,670.0,https://www.ocbuyback.com/sell/cell-phone/samsung/galaxy-z-fold7
Galaxy Z Fold7_1TB_AT&T_Fair,570.0,https://www.ocbuyback.com/sell/cell-phone/samsung/galaxy-z-fold7
Galaxy Z Fold7_1TB_AT&T_Minor Damage,125.0,https://www.ocbuyback.com/sell/cell-phone/samsung/galaxy-z-fold7
Galaxy Z Fold7_1TB_AT&T_Broken,20.0,https://www.ocbuyback.com/sell/cell-phone/samsung/galaxy-z-fold7
Galaxy Z Fold7_1TB_T-Mobile_Brand New,720.0,https://www.ocbuyback.com/sell/cell-phone/samsung/galaxy-z-fold7
Galaxy Z Fold7_1TB_T-Mobile_Flawless,670.0,https://www.ocbuyback.com/sell/cell-phone/samsung/galaxy-z-fold7
Galaxy Z Fold7_1TB_T-Mobile_Good ,620.0,https://www.ocbuyback.com/sell/cell-phone/samsung/galaxy-z-fold7
Galaxy Z Fold7_1TB_T-Mobile_Fair,520.0,https://www.ocbuyback.com/sell/cell-phone/samsung/galaxy-z-fold7
Galaxy Z Fold7_1TB_T-Mobile_Minor Damage,125.0,https://www.ocbuyback.com/sell/cell-phone/samsung/galaxy-z-fold7
Galaxy Z Fold7_1TB_T-Mobile_Broken,20.0,https://www.ocbuyback.com/sell/cell-phone/samsung/galaxy-z-fold7
Galaxy Z Fold7_1TB_Verizon_Brand New,520.0,https://www.ocbuyback.com/sell/cell-phone/samsung/galaxy-z-fold7
Galaxy Z Fold7_1TB_Verizon_Flawless,470.0,https://www.ocbuyback.com/sell/cell-phone/samsung/galaxy-z-fold7
Galaxy Z Fold7_1TB_Verizon_Good ,420.0,https://www.ocbuyback.com/sell/cell-phone/samsung/galaxy-z-fold7
Galaxy Z Fold7_1TB_Verizon_Fair,320.0,https://www.ocbuyback.com/sell/cell-phone/samsung/galaxy-z-fold7
Galaxy Z Fold7_1TB_Verizon_Minor Damage,50.0,https://www.ocbuyback.com/sell/cell-phone/samsung/galaxy-z-fold7
Galaxy Z Fold7_1TB_Verizon_Broken,20.0,https://www.ocbuyback.com/sell/cell-phone/samsung/galaxy-z-fold7
Galaxy Z Fold7_1TB_Unlocked_Brand New,870.0,https://www.ocbuyback.com/sell/cell-phone/samsung/galaxy-z-fold7
Galaxy Z Fold7_1TB_Unlocked_Flawless,820.0,https://www.ocbuyback.com/sell/cell-phone/samsung/galaxy-z-fold7
Galaxy Z Fold7_1TB_Unlocked_Good ,770.0,https://www.ocbuyback.com/sell/cell-phone/samsung/galaxy-z-fold7
Galaxy Z Fold7_1TB_Unlocked_Fair,670.0,https://www.ocbuyback.com/sell/cell-phone/samsung/galaxy-z-fold7
Galaxy Z Fold7_1TB_Unlocked_Minor Damage,160.0,https://www.ocbuyback.com/sell/cell-phone/samsung/galaxy-z-fold7
Galaxy Z Fold7_1TB_Unlocked_Broken,20.0,https://www.ocbuyback.com/sell/cell-phone/samsung/galaxy-z-fold7
Pixel 7_128GB_AT&T_Flawless,40.0,https://www.ocbuyback.com/sell/cell-phone/google/pixel-7
Pixel 7_128GB_AT&T_Good ,25.0,https://www.ocbuyback.com/sell/cell-phone/google/pixel-7
Pixel 7_128GB_AT&T_Fair,10.0,https://www.ocbuyback.com/sell/cell-phone/google/pixel-7
Pixel 7_128GB_AT&T_Minor Damage,5.0,https://www.ocbuyback.com/sell/cell-phone/google/pixel-7
Pixel 7_128GB_Verizon_Flawless,40.0,https://www.ocbuyback.com/sell/cell-phone/google/pixel-7
Pixel 7_128GB_Verizon_Good ,25.0,https://www.ocbuyback.com/sell/cell-phone/google/pixel-7
Pixel 7_128GB_Verizon_Fair,5.0,https://www.ocbuyback.com/sell/cell-phone/google/pixel-7
Pixel 7_128GB_Verizon_Minor Damage,5.0,https://www.ocbuyback.com/sell/cell-phone/google/pixel-7
Pixel 7_128GB_Unlocked_Flawless,70.0,https://www.ocbuyback.com/sell/cell-phone/google/pixel-7
Pixel 7_128GB_Unlocked_Good ,55.0,https://www.ocbuyback.com/sell/cell-phone/google/pixel-7
Pixel 7_128GB_Unlocked_Fair,40.0,https://www.ocbuyback.com/sell/cell-phone/google/pixel-7
Pixel 7_128GB_Unlocked_Minor Damage,15.0,https://www.ocbuyback.com/sell/cell-phone/google/pixel-7
Pixel 7_256GB_AT&T_Flawless,60.0,https://www.ocbuyback.com/sell/cell-phone/google/pixel-7
Pixel 7_256GB_AT&T_Good ,45.0,https://www.ocbuyback.com/sell/cell-phone/google/pixel-7
Pixel 7_256GB_AT&T_Fair,30.0,https://www.ocbuyback.com/sell/cell-phone/google/pixel-7
Pixel 7_256GB_AT&T_Minor Damage,10.0,https://www.ocbuyback.com/sell/cell-phone/google/pixel-7
Pixel 7_256GB_Verizon_Flawless,40.0,https://www.ocbuyback.com/sell/cell-phone/google/pixel-7
Pixel 7_256GB_Verizon_Good ,25.0,https://www.ocbuyback.com/sell/cell-phone/google/pixel-7
Pixel 7_256GB_Verizon_Fair,10.0,https://www.ocbuyback.com/sell/cell-phone/google/pixel-7
Pixel 7_256GB_Verizon_Minor Damage,5.0,https://www.ocbuyback.com/sell/cell-phone/google/pixel-7
Pixel 7_256GB_Unlocked_Flawless,90.0,https://www.ocbuyback.com/sell/cell-phone/google/pixel-7
Pixel 7_256GB_Unlocked_Good ,75.0,https://www.ocbuyback.com/sell/cell-phone/google/pixel-7
Pixel 7_256GB_Unlocked_Fair,60.0,https://www.ocbuyback.com/sell/cell-phone/google/pixel-7
Pixel 7_256GB_Unlocked_Minor Damage,25.0,https://www.ocbuyback.com/sell/cell-phone/google/pixel-7
Pixel 7 Pro_128GB_AT&T_Brand New,95.0,https://www.ocbuyback.com/sell/cell-phone/google/pixel-7-pro
Pixel 7 Pro_128GB_AT&T_Flawless,55.0,https://www.ocbuyback.com/sell/cell-phone/google/pixel-7-pro
Pixel 7 Pro_128GB_AT&T_Good ,40.0,https://www.ocbuyback.com/sell/cell-phone/google/pixel-7-pro
Pixel 7 Pro_128GB_AT&T_Fair,10.0,https://www.ocbuyback.com/sell/cell-phone/google/pixel-7-pro
Pixel 7 Pro_128GB_AT&T_Minor Damage,5.0,https://www.ocbuyback.com/sell/cell-phone/google/pixel-7-pro
Pixel 7 Pro_128GB_Verizon_Brand New,75.0,https://www.ocbuyback.com/sell/cell-phone/google/pixel-7-pro
Pixel 7 Pro_128GB_Verizon_Flawless,45.0,https://www.ocbuyback.com/sell/cell-phone/google/pixel-7-pro
Pixel 7 Pro_128GB_Verizon_Good ,30.0,https://www.ocbuyback.com/sell/cell-phone/google/pixel-7-pro
Pixel 7 Pro_128GB_Verizon_Fair,20.0,https://www.ocbuyback.com/sell/cell-phone/google/pixel-7-pro
Pixel 7 Pro_128GB_Verizon_Minor Damage,10.0,https://www.ocbuyback.com/sell/cell-phone/google/pixel-7-pro
Pixel 7 Pro_128GB_Unlocked_Brand New,155.0,https://www.ocbuyback.com/sell/cell-phone/google/pixel-7-pro
Pixel 7 Pro_128GB_Unlocked_Flawless,115.0,https://www.ocbuyback.com/sell/cell-phone/google/pixel-7-pro
Pixel 7 Pro_128GB_Unlocked_Good ,100.0,https://www.ocbuyback.com/sell/cell-phone/google/pixel-7-pro
Pixel 7 Pro_128GB_Unlocked_Fair,60.0,https://www.ocbuyback.com/sell/cell-phone/google/pixel-7-pro
Pixel 7 Pro_128GB_Unlocked_Minor Damage,20.0,https://www.ocbuyback.com/sell/cell-phone/google/pixel-7-pro
Pixel 7 Pro_256GB_AT&T_Brand New,115.0,https://www.ocbuyback.com/sell/cell-phone/google/pixel-7-pro
Pixel 7 Pro_256GB_AT&T_Flawless,75.0,https://www.ocbuyback.com/sell/cell-phone/google/pixel-7-pro
Pixel 7 Pro_256GB_AT&T_Good ,60.0,https://www.ocbuyback.com/sell/cell-phone/google/pixel-7-pro
Pixel 7 Pro_256GB_AT&T_Fair,25.0,https://www.ocbuyback.com/sell/cell-phone/google/pixel-7-pro
Pixel 7 Pro_256GB_AT&T_Minor Damage,10.0,https://www.ocbuyback.com/sell/cell-phone/google/pixel-7-pro
Pixel 7 Pro_256GB_Verizon_Brand New,95.0,https://www.ocbuyback.com/sell/cell-phone/google/pixel-7-pro
Pixel 7 Pro_256GB_Verizon_Flawless,55.0,https://www.ocbuyback.com/sell/cell-phone/google/pixel-7-pro
Pixel 7 Pro_256GB_Verizon_Good ,40.0,https://www.ocbuyback.com/sell/cell-phone/google/pixel-7-pro
Pixel 7 Pro_256GB_Verizon_Fair,15.0,https://www.ocbuyback.com/sell/cell-phone/google/pixel-7-pro
Pixel 7 Pro_256GB_Verizon_Minor Damage,10.0,https://www.ocbuyback.com/sell/cell-phone/google/pixel-7-pro
Pixel 7 Pro_256GB_Unlocked_Brand New,175.0,https://www.ocbuyback.com/sell/cell-phone/google/pixel-7-pro
Pixel 7 Pro_256GB_Unlocked_Flawless,135.0,https://www.ocbuyback.com/sell/cell-phone/google/pixel-7-pro
Pixel 7 Pro_256GB_Unlocked_Good ,120.0,https://www.ocbuyback.com/sell/cell-phone/google/pixel-7-pro
Pixel 7 Pro_256GB_Unlocked_Fair,80.0,https://www.ocbuyback.com/sell/cell-phone/google/pixel-7-pro
Pixel 7 Pro_256GB_Unlocked_Minor Damage,20.0,https://www.ocbuyback.com/sell/cell-phone/google/pixel-7-pro
Pixel 7 Pro_512GB_AT&T_Brand New,120.0,https://www.ocbuyback.com/sell/cell-phone/google/pixel-7-pro
Pixel 7 Pro_512GB_AT&T_Flawless,80.0,https://www.ocbuyback.com/sell/cell-phone/google/pixel-7-pro
Pixel 7 Pro_512GB_AT&T_Good ,65.0,https://www.ocbuyback.com/sell/cell-phone/google/pixel-7-pro
Pixel 7 Pro_512GB_AT&T_Fair,25.0,https://www.ocbuyback.com/sell/cell-phone/google/pixel-7-pro
Pixel 7 Pro_512GB_AT&T_Minor Damage,10.0,https://www.ocbuyback.com/sell/cell-phone/google/pixel-7-pro
Pixel 7 Pro_512GB_Verizon_Brand New,100.0,https://www.ocbuyback.com/sell/cell-phone/google/pixel-7-pro
Pixel 7 Pro_512GB_Verizon_Flawless,60.0,https://www.ocbuyback.com/sell/cell-phone/google/pixel-7-pro
Pixel 7 Pro_512GB_Verizon_Good ,45.0,https://www.ocbuyback.com/sell/cell-phone/google/pixel-7-pro
Pixel 7 Pro_512GB_Verizon_Fair,15.0,https://www.ocbuyback.com/sell/cell-phone/google/pixel-7-pro
Pixel 7 Pro_512GB_Verizon_Minor Damage,10.0,https://www.ocbuyback.com/sell/cell-phone/google/pixel-7-pro
Pixel 7 Pro_512GB_Unlocked_Brand New,180.0,https://www.ocbuyback.com/sell/cell-phone/google/pixel-7-pro
Pixel 7 Pro_512GB_Unlocked_Flawless,140.0,https://www.ocbuyback.com/sell/cell-phone/google/pixel-7-pro
Pixel 7 Pro_512GB_Unlocked_Good ,125.0,https://www.ocbuyback.com/sell/cell-phone/google/pixel-7-pro
Pixel 7 Pro_512GB_Unlocked_Fair,85.0,https://www.ocbuyback.com/sell/cell-phone/google/pixel-7-pro
Pixel 7 Pro_512GB_Unlocked_Minor Damage,20.0,https://www.ocbuyback.com/sell/cell-phone/google/pixel-7-pro
Pixel 7a_128GB_AT&T_Flawless,90.0,https://www.ocbuyback.com/sell/cell-phone/google/pixel-7a
Pixel 7a_128GB_AT&T_Good ,70.0,https://www.ocbuyback.com/sell/cell-phone/google/pixel-7a
Pixel 7a_128GB_AT&T_Fair,35.0,https://www.ocbuyback.com/sell/cell-phone/google/pixel-7a
Pixel 7a_128GB_AT&T_Minor Damage,10.0,https://www.ocbuyback.com/sell/cell-phone/google/pixel-7a
Pixel 7a_128GB_T-Mobile_Flawless,65.0,https://www.ocbuyback.com/sell/cell-phone/google/pixel-7a
Pixel 7a_128GB_T-Mobile_Good ,45.0,https://www.ocbuyback.com/sell/cell-phone/google/pixel-7a
Pixel 7a_128GB_T-Mobile_Fair,20.0,https://www.ocbuyback.com/sell/cell-phone/google/pixel-7a
Pixel 7a_128GB_T-Mobile_Minor Damage,10.0,https://www.ocbuyback.com/sell/cell-phone/google/pixel-7a
Pixel 7a_128GB_Verizon_Flawless,55.0,https://www.ocbuyback.com/sell/cell-phone/google/pixel-7a
Pixel 7a_128GB_Verizon_Good ,35.0,https://www.ocbuyback.com/sell/cell-phone/google/pixel-7a
Pixel 7a_128GB_Verizon_Fair,15.0,https://www.ocbuyback.com/sell/cell-phone/google/pixel-7a
Pixel 7a_128GB_Verizon_Minor Damage,5.0,https://www.ocbuyback.com/sell/cell-phone/google/pixel-7a
Pixel 7a_128GB_Unlocked_Flawless,115.0,https://www.ocbuyback.com/sell/cell-phone/google/pixel-7a
Pixel 7a_128GB_Unlocked_Good ,95.0,https://www.ocbuyback.com/sell/cell-phone/google/pixel-7a
Pixel 7a_128GB_Unlocked_Fair,60.0,https://www.ocbuyback.com/sell/cell-phone/google/pixel-7a
Pixel 7a_128GB_Unlocked_Minor Damage,15.0,https://www.ocbuyback.com/sell/cell-phone/google/pixel-7a
Pixel Fold_256GB_Unlocked_Brand New,225.0,https://www.ocbuyback.com/sell/cell-phone/google/pixel-fold
Pixel Fold_256GB_Unlocked_Flawless,175.0,https://www.ocbuyback.com/sell/cell-phone/google/pixel-fold
Pixel Fold_256GB_Unlocked_Good ,150.0,https://www.ocbuyback.com/sell/cell-phone/google/pixel-fold
Pixel Fold_256GB_Unlocked_Fair,100.0,https://www.ocbuyback.com/sell/cell-phone/google/pixel-fold
Pixel Fold_256GB_Unlocked_Minor Damage,35.0,https://www.ocbuyback.com/sell/cell-phone/google/pixel-fold
Pixel Fold_512GB_Unlocked_Brand New,265.0,https://www.ocbuyback.com/sell/cell-phone/google/pixel-fold
Pixel Fold_512GB_Unlocked_Flawless,215.0,https://www.ocbuyback.com/sell/cell-phone/google/pixel-fold
Pixel Fold_512GB_Unlocked_Good ,190.0,https://www.ocbuyback.com/sell/cell-phone/google/pixel-fold
Pixel Fold_512GB_Unlocked_Fair,145.0,https://www.ocbuyback.com/sell/cell-phone/google/pixel-fold
Pixel Fold_512GB_Unlocked_Minor Damage,36.0,https://www.ocbuyback.com/sell/cell-phone/google/pixel-fold
Pixel 8_128GB_AT&T_Brand New,175.0,https://www.ocbuyback.com/sell/cell-phone/google/pixel-8
Pixel 8_128GB_AT&T_Flawless,135.0,https://www.ocbuyback.com/sell/cell-phone/google/pixel-8
Pixel 8_128GB_AT&T_Good ,115.0,https://www.ocbuyback.com/sell/cell-phone/google/pixel-8
Pixel 8_128GB_AT&T_Fair,70.0,https://www.ocbuyback.com/sell/cell-phone/google/pixel-8
Pixel 8_128GB_AT&T_Minor Damage,25.0,https://www.ocbuyback.com/sell/cell-phone/google/pixel-8
Pixel 8_128GB_T-Mobile_Brand New,150.0,https://www.ocbuyback.com/sell/cell-phone/google/pixel-8
Pixel 8_128GB_T-Mobile_Flawless,110.0,https://www.ocbuyback.com/sell/cell-phone/google/pixel-8
Pixel 8_128GB_T-Mobile_Good ,90.0,https://www.ocbuyback.com/sell/cell-phone/google/pixel-8
Pixel 8_128GB_T-Mobile_Fair,40.0,https://www.ocbuyback.com/sell/cell-phone/google/pixel-8
Pixel 8_128GB_T-Mobile_Minor Damage,20.0,https://www.ocbuyback.com/sell/cell-phone/google/pixel-8
Pixel 8_128GB_Verizon_Brand New,150.0,https://www.ocbuyback.com/sell/cell-phone/google/pixel-8
Pixel 8_128GB_Verizon_Flawless,110.0,https://www.ocbuyback.com/sell/cell-phone/google/pixel-8
Pixel 8_128GB_Verizon_Good ,90.0,https://www.ocbuyback.com/sell/cell-phone/google/pixel-8
Pixel 8_128GB_Verizon_Fair,40.0,https://www.ocbuyback.com/sell/cell-phone/google/pixel-8
Pixel 8_128GB_Verizon_Minor Damage,35.0,https://www.ocbuyback.com/sell/cell-phone/google/pixel-8
Pixel 8_128GB_Unlocked_Brand New,200.0,https://www.ocbuyback.com/sell/cell-phone/google/pixel-8
Pixel 8_128GB_Unlocked_Flawless,160.0,https://www.ocbuyback.com/sell/cell-phone/google/pixel-8
Pixel 8_128GB_Unlocked_Good ,140.0,https://www.ocbuyback.com/sell/cell-phone/google/pixel-8
Pixel 8_128GB_Unlocked_Fair,90.0,https://www.ocbuyback.com/sell/cell-phone/google/pixel-8
Pixel 8_128GB_Unlocked_Minor Damage,50.0,https://www.ocbuyback.com/sell/cell-phone/google/pixel-8
Pixel 8_256GB_AT&T_Brand New,200.0,https://www.ocbuyback.com/sell/cell-phone/google/pixel-8
Pixel 8_256GB_AT&T_Flawless,160.0,https://www.ocbuyback.com/sell/cell-phone/google/pixel-8
Pixel 8_256GB_AT&T_Good ,140.0,https://www.ocbuyback.com/sell/cell-phone/google/pixel-8
Pixel 8_256GB_AT&T_Fair,105.0,https://www.ocbuyback.com/sell/cell-phone/google/pixel-8
Pixel 8_256GB_AT&T_Minor Damage,35.0,https://www.ocbuyback.com/sell/cell-phone/google/pixel-8
Pixel 8_256GB_T-Mobile_Brand New,175.0,https://www.ocbuyback.com/sell/cell-phone/google/pixel-8
Pixel 8_256GB_T-Mobile_Flawless,135.0,https://www.ocbuyback.com/sell/cell-phone/google/pixel-8
Pixel 8_256GB_T-Mobile_Good ,115.0,https://www.ocbuyback.com/sell/cell-phone/google/pixel-8
Pixel 8_256GB_T-Mobile_Fair,100.0,https://www.ocbuyback.com/sell/cell-phone/google/pixel-8
Pixel 8_256GB_T-Mobile_Minor Damage,30.0,https://www.ocbuyback.com/sell/cell-phone/google/pixel-8
Pixel 8_256GB_Verizon_Brand New,175.0,https://www.ocbuyback.com/sell/cell-phone/google/pixel-8
Pixel 8_256GB_Verizon_Flawless,135.0,https://www.ocbuyback.com/sell/cell-phone/google/pixel-8
Pixel 8_256GB_Verizon_Good ,115.0,https://www.ocbuyback.com/sell/cell-phone/google/pixel-8
Pixel 8_256GB_Verizon_Fair,100.0,https://www.ocbuyback.com/sell/cell-phone/google/pixel-8
Pixel 8_256GB_Verizon_Minor Damage,45.0,https://www.ocbuyback.com/sell/cell-phone/google/pixel-8
Pixel 8_256GB_Unlocked_Brand New,225.0,https://www.ocbuyback.com/sell/cell-phone/google/pixel-8
Pixel 8_256GB_Unlocked_Flawless,185.0,https://www.ocbuyback.com/sell/cell-phone/google/pixel-8
Pixel 8_256GB_Unlocked_Good ,165.0,https://www.ocbuyback.com/sell/cell-phone/google/pixel-8
Pixel 8_256GB_Unlocked_Fair,100.0,https://www.ocbuyback.com/sell/cell-phone/google/pixel-8
Pixel 8_256GB_Unlocked_Minor Damage,60.0,https://www.ocbuyback.com/sell/cell-phone/google/pixel-8
Pixel 8 Pro_128GB_AT&T_Brand New,235.0,https://www.ocbuyback.com/sell/cell-phone/google/pixel-8-pro
Pixel 8 Pro_128GB_AT&T_Flawless,185.0,https://www.ocbuyback.com/sell/cell-phone/google/pixel-8-pro
Pixel 8 Pro_128GB_AT&T_Good ,140.0,https://www.ocbuyback.com/sell/cell-phone/google/pixel-8-pro
Pixel 8 Pro_128GB_AT&T_Fair,100.0,https://www.ocbuyback.com/sell/cell-phone/google/pixel-8-pro
Pixel 8 Pro_128GB_AT&T_Minor Damage,20.0,https://www.ocbuyback.com/sell/cell-phone/google/pixel-8-pro
Pixel 8 Pro_128GB_T-Mobile_Brand New,215.0,https://www.ocbuyback.com/sell/cell-phone/google/pixel-8-pro
Pixel 8 Pro_128GB_T-Mobile_Flawless,165.0,https://www.ocbuyback.com/sell/cell-phone/google/pixel-8-pro
Pixel 8 Pro_128GB_T-Mobile_Good ,120.0,https://www.ocbuyback.com/sell/cell-phone/google/pixel-8-pro
Pixel 8 Pro_128GB_T-Mobile_Fair,80.0,https://www.ocbuyback.com/sell/cell-phone/google/pixel-8-pro
Pixel 8 Pro_128GB_T-Mobile_Minor Damage,20.0,https://www.ocbuyback.com/sell/cell-phone/google/pixel-8-pro
Pixel 8 Pro_128GB_Unlocked_Brand New,265.0,https://www.ocbuyback.com/sell/cell-phone/google/pixel-8-pro
Pixel 8 Pro_128GB_Unlocked_Flawless,215.0,https://www.ocbuyback.com/sell/cell-phone/google/pixel-8-pro
Pixel 8 Pro_128GB_Unlocked_Good ,170.0,https://www.ocbuyback.com/sell/cell-phone/google/pixel-8-pro
Pixel 8 Pro_128GB_Unlocked_Fair,130.0,https://www.ocbuyback.com/sell/cell-phone/google/pixel-8-pro
Pixel 8 Pro_128GB_Unlocked_Minor Damage,40.0,https://www.ocbuyback.com/sell/cell-phone/google/pixel-8-pro
Pixel 8 Pro_256GB_AT&T_Brand New,245.0,https://www.ocbuyback.com/sell/cell-phone/google/pixel-8-pro
Pixel 8 Pro_256GB_AT&T_Flawless,195.0,https://www.ocbuyback.com/sell/cell-phone/google/pixel-8-pro
Pixel 8 Pro_256GB_AT&T_Good ,150.0,https://www.ocbuyback.com/sell/cell-phone/google/pixel-8-pro
Pixel 8 Pro_256GB_AT&T_Fair,110.0,https://www.ocbuyback.com/sell/cell-phone/google/pixel-8-pro
Pixel 8 Pro_256GB_AT&T_Minor Damage,22.0,https://www.ocbuyback.com/sell/cell-phone/google/pixel-8-pro
Pixel 8 Pro_256GB_T-Mobile_Brand New,225.0,https://www.ocbuyback.com/sell/cell-phone/google/pixel-8-pro
Pixel 8 Pro_256GB_T-Mobile_Flawless,175.0,https://www.ocbuyback.com/sell/cell-phone/google/pixel-8-pro
Pixel 8 Pro_256GB_T-Mobile_Good ,130.0,https://www.ocbuyback.com/sell/cell-phone/google/pixel-8-pro
Pixel 8 Pro_256GB_T-Mobile_Fair,90.0,https://www.ocbuyback.com/sell/cell-phone/google/pixel-8-pro
Pixel 8 Pro_256GB_T-Mobile_Minor Damage,22.0,https://www.ocbuyback.com/sell/cell-phone/google/pixel-8-pro
Pixel 8 Pro_256GB_Unlocked_Brand New,275.0,https://www.ocbuyback.com/sell/cell-phone/google/pixel-8-pro
Pixel 8 Pro_256GB_Unlocked_Flawless,225.0,https://www.ocbuyback.com/sell/cell-phone/google/pixel-8-pro
Pixel 8 Pro_256GB_Unlocked_Good ,180.0,https://www.ocbuyback.com/sell/cell-phone/google/pixel-8-pro
Pixel 8 Pro_256GB_Unlocked_Fair,140.0,https://www.ocbuyback.com/sell/cell-phone/google/pixel-8-pro
Pixel 8 Pro_256GB_Unlocked_Minor Damage,42.0,https://www.ocbuyback.com/sell/cell-phone/google/pixel-8-pro
Pixel 8 Pro_512GB_AT&T_Brand New,265.0,https://www.ocbuyback.com/sell/cell-phone/google/pixel-8-pro
Pixel 8 Pro_512GB_AT&T_Flawless,215.0,https://www.ocbuyback.com/sell/cell-phone/google/pixel-8-pro
Pixel 8 Pro_512GB_AT&T_Good ,160.0,https://www.ocbuyback.com/sell/cell-phone/google/pixel-8-pro
Pixel 8 Pro_512GB_AT&T_Fair,125.0,https://www.ocbuyback.com/sell/cell-phone/google/pixel-8-pro
Pixel 8 Pro_512GB_AT&T_Minor Damage,23.0,https://www.ocbuyback.com/sell/cell-phone/google/pixel-8-pro
Pixel 8 Pro_512GB_T-Mobile_Brand New,245.0,https://www.ocbuyback.com/sell/cell-phone/google/pixel-8-pro
Pixel 8 Pro_512GB_T-Mobile_Flawless,195.0,https://www.ocbuyback.com/sell/cell-phone/google/pixel-8-pro
Pixel 8 Pro_512GB_T-Mobile_Good ,150.0,https://www.ocbuyback.com/sell/cell-phone/google/pixel-8-pro
Pixel 8 Pro_512GB_T-Mobile_Fair,110.0,https://www.ocbuyback.com/sell/cell-phone/google/pixel-8-pro
Pixel 8 Pro_512GB_T-Mobile_Minor Damage,23.0,https://www.ocbuyback.com/sell/cell-phone/google/pixel-8-pro
Pixel 8 Pro_512GB_Unlocked_Brand New,265.0,https://www.ocbuyback.com/sell/cell-phone/google/pixel-8-pro
Pixel 8 Pro_512GB_Unlocked_Flawless,215.0,https://www.ocbuyback.com/sell/cell-phone/google/pixel-8-pro
Pixel 8 Pro_512GB_Unlocked_Good ,170.0,https://www.ocbuyback.com/sell/cell-phone/google/pixel-8-pro
Pixel 8 Pro_512GB_Unlocked_Fair,130.0,https://www.ocbuyback.com/sell/cell-phone/google/pixel-8-pro
Pixel 8 Pro_512GB_Unlocked_Minor Damage,23.0,https://www.ocbuyback.com/sell/cell-phone/google/pixel-8-pro
Pixel 8 Pro_1TB_AT&T_Brand New,275.0,https://www.ocbuyback.com/sell/cell-phone/google/pixel-8-pro
Pixel 8 Pro_1TB_AT&T_Flawless,225.0,https://www.ocbuyback.com/sell/cell-phone/google/pixel-8-pro
Pixel 8 Pro_1TB_AT&T_Good ,170.0,https://www.ocbuyback.com/sell/cell-phone/google/pixel-8-pro
Pixel 8 Pro_1TB_AT&T_Fair,140.0,https://www.ocbuyback.com/sell/cell-phone/google/pixel-8-pro
Pixel 8 Pro_1TB_AT&T_Minor Damage,25.0,https://www.ocbuyback.com/sell/cell-phone/google/pixel-8-pro
Pixel 8 Pro_1TB_T-Mobile_Brand New,255.0,https://www.ocbuyback.com/sell/cell-phone/google/pixel-8-pro
Pixel 8 Pro_1TB_T-Mobile_Flawless,205.0,https://www.ocbuyback.com/sell/cell-phone/google/pixel-8-pro
Pixel 8 Pro_1TB_T-Mobile_Good ,160.0,https://www.ocbuyback.com/sell/cell-phone/google/pixel-8-pro
Pixel 8 Pro_1TB_T-Mobile_Fair,120.0,https://www.ocbuyback.com/sell/cell-phone/google/pixel-8-pro
Pixel 8 Pro_1TB_T-Mobile_Minor Damage,25.0,https://www.ocbuyback.com/sell/cell-phone/google/pixel-8-pro
Pixel 8 Pro_1TB_Unlocked_Brand New,305.0,https://www.ocbuyback.com/sell/cell-phone/google/pixel-8-pro
Pixel 8 Pro_1TB_Unlocked_Flawless,255.0,https://www.ocbuyback.com/sell/cell-phone/google/pixel-8-pro
Pixel 8 Pro_1TB_Unlocked_Good ,200.0,https://www.ocbuyback.com/sell/cell-phone/google/pixel-8-pro
Pixel 8 Pro_1TB_Unlocked_Fair,165.0,https://www.ocbuyback.com/sell/cell-phone/google/pixel-8-pro
Pixel 8 Pro_1TB_Unlocked_Minor Damage,40.0,https://www.ocbuyback.com/sell/cell-phone/google/pixel-8-pro
Pixel 8a_128GB_AT&T_Brand New,155.0,https://www.ocbuyback.com/sell/cell-phone/google/pixel-8a
Pixel 8a_128GB_AT&T_Flawless,115.0,https://www.ocbuyback.com/sell/cell-phone/google/pixel-8a
Pixel 8a_128GB_AT&T_Good ,95.0,https://www.ocbuyback.com/sell/cell-phone/google/pixel-8a
Pixel 8a_128GB_AT&T_Fair,55.0,https://www.ocbuyback.com/sell/cell-phone/google/pixel-8a
Pixel 8a_128GB_AT&T_Minor Damage,10.0,https://www.ocbuyback.com/sell/cell-phone/google/pixel-8a
Pixel 8a_128GB_AT&T_Broken,5.0,https://www.ocbuyback.com/sell/cell-phone/google/pixel-8a
Pixel 8a_128GB_Verizon_Brand New,130.0,https://www.ocbuyback.com/sell/cell-phone/google/pixel-8a
Pixel 8a_128GB_Verizon_Flawless,90.0,https://www.ocbuyback.com/sell/cell-phone/google/pixel-8a
Pixel 8a_128GB_Verizon_Good ,70.0,https://www.ocbuyback.com/sell/cell-phone/google/pixel-8a
Pixel 8a_128GB_Verizon_Fair,30.0,https://www.ocbuyback.com/sell/cell-phone/google/pixel-8a
Pixel 8a_128GB_Verizon_Minor Damage,10.0,https://www.ocbuyback.com/sell/cell-phone/google/pixel-8a
Pixel 8a_128GB_Verizon_Broken,5.0,https://www.ocbuyback.com/sell/cell-phone/google/pixel-8a
Pixel 8a_128GB_Unlocked_Brand New,180.0,https://www.ocbuyback.com/sell/cell-phone/google/pixel-8a
Pixel 8a_128GB_Unlocked_Flawless,140.0,https://www.ocbuyback.com/sell/cell-phone/google/pixel-8a
Pixel 8a_128GB_Unlocked_Good ,120.0,https://www.ocbuyback.com/sell/cell-phone/google/pixel-8a
Pixel 8a_128GB_Unlocked_Fair,80.0,https://www.ocbuyback.com/sell/cell-phone/google/pixel-8a
Pixel 8a_128GB_Unlocked_Minor Damage,20.0,https://www.ocbuyback.com/sell/cell-phone/google/pixel-8a
Pixel 8a_128GB_Unlocked_Broken,5.0,https://www.ocbuyback.com/sell/cell-phone/google/pixel-8a
Pixel 8a_256GB_AT&T_Brand New,165.0,https://www.ocbuyback.com/sell/cell-phone/google/pixel-8a
Pixel 8a_256GB_AT&T_Flawless,125.0,https://www.ocbuyback.com/sell/cell-phone/google/pixel-8a
Pixel 8a_256GB_AT&T_Good ,105.0,https://www.ocbuyback.com/sell/cell-phone/google/pixel-8a
Pixel 8a_256GB_AT&T_Fair,65.0,https://www.ocbuyback.com/sell/cell-phone/google/pixel-8a
Pixel 8a_256GB_AT&T_Minor Damage,10.0,https://www.ocbuyback.com/sell/cell-phone/google/pixel-8a
Pixel 8a_256GB_AT&T_Broken,5.0,https://www.ocbuyback.com/sell/cell-phone/google/pixel-8a
Pixel 8a_256GB_Verizon_Brand New,140.0,https://www.ocbuyback.com/sell/cell-phone/google/pixel-8a
Pixel 8a_256GB_Verizon_Flawless,100.0,https://www.ocbuyback.com/sell/cell-phone/google/pixel-8a
Pixel 8a_256GB_Verizon_Good ,80.0,https://www.ocbuyback.com/sell/cell-phone/google/pixel-8a
Pixel 8a_256GB_Verizon_Fair,40.0,https://www.ocbuyback.com/sell/cell-phone/google/pixel-8a
Pixel 8a_256GB_Verizon_Minor Damage,10.0,https://www.ocbuyback.com/sell/cell-phone/google/pixel-8a
Pixel 8a_256GB_Verizon_Broken,5.0,https://www.ocbuyback.com/sell/cell-phone/google/pixel-8a
Pixel 8a_256GB_Unlocked_Brand New,190.0,https://www.ocbuyback.com/sell/cell-phone/google/pixel-8a
Pixel 8a_256GB_Unlocked_Flawless,150.0,https://www.ocbuyback.com/sell/cell-phone/google/pixel-8a
Pixel 8a_256GB_Unlocked_Good ,130.0,https://www.ocbuyback.com/sell/cell-phone/google/pixel-8a
Pixel 8a_256GB_Unlocked_Fair,90.0,https://www.ocbuyback.com/sell/cell-phone/google/pixel-8a
Pixel 8a_256GB_Unlocked_Minor Damage,20.0,https://www.ocbuyback.com/sell/cell-phone/google/pixel-8a
Pixel 8a_256GB_Unlocked_Broken,5.0,https://www.ocbuyback.com/sell/cell-phone/google/pixel-8a
Pixel 9 Pro Fold_256GB_Unlocked_Brand New,510.0,https://www.ocbuyback.com/sell/cell-phone/google/pixel-9-pro-fold
Pixel 9 Pro Fold_256GB_Unlocked_Flawless,460.0,https://www.ocbuyback.com/sell/cell-phone/google/pixel-9-pro-fold
Pixel 9 Pro Fold_256GB_Unlocked_Good ,410.0,https://www.ocbuyback.com/sell/cell-phone/google/pixel-9-pro-fold
Pixel 9 Pro Fold_256GB_Unlocked_Fair,330.0,https://www.ocbuyback.com/sell/cell-phone/google/pixel-9-pro-fold
Pixel 9 Pro Fold_256GB_Unlocked_Minor Damage,110.0,https://www.ocbuyback.com/sell/cell-phone/google/pixel-9-pro-fold
Pixel 9 Pro Fold_256GB_Unlocked_Broken,20.0,https://www.ocbuyback.com/sell/cell-phone/google/pixel-9-pro-fold
Pixel 9 Pro Fold_512GB_Unlocked_Brand New,540.0,https://www.ocbuyback.com/sell/cell-phone/google/pixel-9-pro-fold
Pixel 9 Pro Fold_512GB_Unlocked_Flawless,490.0,https://www.ocbuyback.com/sell/cell-phone/google/pixel-9-pro-fold
Pixel 9 Pro Fold_512GB_Unlocked_Good ,440.0,https://www.ocbuyback.com/sell/cell-phone/google/pixel-9-pro-fold
Pixel 9 Pro Fold_512GB_Unlocked_Fair,360.0,https://www.ocbuyback.com/sell/cell-phone/google/pixel-9-pro-fold
Pixel 9 Pro Fold_512GB_Unlocked_Minor Damage,120.0,https://www.ocbuyback.com/sell/cell-phone/google/pixel-9-pro-fold
Pixel 9 Pro Fold_512GB_Unlocked_Broken,20.0,https://www.ocbuyback.com/sell/cell-phone/google/pixel-9-pro-fold
Pixel 9_128GB_Unlocked_Brand New,285.0,https://www.ocbuyback.com/sell/cell-phone/google/pixel-9
Pixel 9_128GB_Unlocked_Flawless,235.0,https://www.ocbuyback.com/sell/cell-phone/google/pixel-9
Pixel 9_128GB_Unlocked_Good ,185.0,https://www.ocbuyback.com/sell/cell-phone/google/pixel-9
Pixel 9_128GB_Unlocked_Fair,130.0,https://www.ocbuyback.com/sell/cell-phone/google/pixel-9
Pixel 9_128GB_Unlocked_Minor Damage,50.0,https://www.ocbuyback.com/sell/cell-phone/google/pixel-9
Pixel 9_128GB_Unlocked_Broken,10.0,https://www.ocbuyback.com/sell/cell-phone/google/pixel-9
Pixel 9_256GB_Unlocked_Brand New,305.0,https://www.ocbuyback.com/sell/cell-phone/google/pixel-9
Pixel 9_256GB_Unlocked_Flawless,255.0,https://www.ocbuyback.com/sell/cell-phone/google/pixel-9
Pixel 9_256GB_Unlocked_Good ,205.0,https://www.ocbuyback.com/sell/cell-phone/google/pixel-9
Pixel 9_256GB_Unlocked_Fair,150.0,https://www.ocbuyback.com/sell/cell-phone/google/pixel-9
Pixel 9_256GB_Unlocked_Minor Damage,50.0,https://www.ocbuyback.com/sell/cell-phone/google/pixel-9
Pixel 9_256GB_Unlocked_Broken,10.0,https://www.ocbuyback.com/sell/cell-phone/google/pixel-9
Pixel 9a_128GB_AT&T_Brand New,200.0,https://www.ocbuyback.com/sell/cell-phone/google/pixel-9a
Pixel 9a_128GB_AT&T_Flawless,150.0,https://www.ocbuyback.com/sell/cell-phone/google/pixel-9a
Pixel 9a_128GB_AT&T_Good ,120.0,https://www.ocbuyback.com/sell/cell-phone/google/pixel-9a
Pixel 9a_128GB_AT&T_Fair,75.0,https://www.ocbuyback.com/sell/cell-phone/google/pixel-9a
Pixel 9a_128GB_AT&T_Minor Damage,25.0,https://www.ocbuyback.com/sell/cell-phone/google/pixel-9a
Pixel 9a_128GB_AT&T_Broken,10.0,https://www.ocbuyback.com/sell/cell-phone/google/pixel-9a
Pixel 9a_128GB_T-Mobile_Brand New,175.0,https://www.ocbuyback.com/sell/cell-phone/google/pixel-9a
Pixel 9a_128GB_T-Mobile_Flawless,125.0,https://www.ocbuyback.com/sell/cell-phone/google/pixel-9a
Pixel 9a_128GB_T-Mobile_Good ,95.0,https://www.ocbuyback.com/sell/cell-phone/google/pixel-9a
Pixel 9a_128GB_T-Mobile_Fair,50.0,https://www.ocbuyback.com/sell/cell-phone/google/pixel-9a
Pixel 9a_128GB_T-Mobile_Minor Damage,25.0,https://www.ocbuyback.com/sell/cell-phone/google/pixel-9a
Pixel 9a_128GB_T-Mobile_Broken,10.0,https://www.ocbuyback.com/sell/cell-phone/google/pixel-9a
Pixel 9a_128GB_Unlocked_Brand New,225.0,https://www.ocbuyback.com/sell/cell-phone/google/pixel-9a
Pixel 9a_128GB_Unlocked_Flawless,175.0,https://www.ocbuyback.com/sell/cell-phone/google/pixel-9a
Pixel 9a_128GB_Unlocked_Good ,145.0,https://www.ocbuyback.com/sell/cell-phone/google/pixel-9a
Pixel 9a_128GB_Unlocked_Fair,100.0,https://www.ocbuyback.com/sell/cell-phone/google/pixel-9a
Pixel 9a_128GB_Unlocked_Minor Damage,50.0,https://www.ocbuyback.com/sell/cell-phone/google/pixel-9a
Pixel 9a_128GB_Unlocked_Broken,10.0,https://www.ocbuyback.com/sell/cell-phone/google/pixel-9a
Pixel 9a_256GB_AT&T_Brand New,220.0,https://www.ocbuyback.com/sell/cell-phone/google/pixel-9a
Pixel 9a_256GB_AT&T_Flawless,170.0,https://www.ocbuyback.com/sell/cell-phone/google/pixel-9a
Pixel 9a_256GB_AT&T_Good ,140.0,https://www.ocbuyback.com/sell/cell-phone/google/pixel-9a
Pixel 9a_256GB_AT&T_Fair,95.0,https://www.ocbuyback.com/sell/cell-phone/google/pixel-9a
Pixel 9a_256GB_AT&T_Minor Damage,30.0,https://www.ocbuyback.com/sell/cell-phone/google/pixel-9a
Pixel 9a_256GB_AT&T_Broken,10.0,https://www.ocbuyback.com/sell/cell-phone/google/pixel-9a
Pixel 9a_256GB_T-Mobile_Brand New,195.0,https://www.ocbuyback.com/sell/cell-phone/google/pixel-9a
Pixel 9a_256GB_T-Mobile_Flawless,145.0,https://www.ocbuyback.com/sell/cell-phone/google/pixel-9a
Pixel 9a_256GB_T-Mobile_Good ,115.0,https://www.ocbuyback.com/sell/cell-phone/google/pixel-9a
Pixel 9a_256GB_T-Mobile_Fair,70.0,https://www.ocbuyback.com/sell/cell-phone/google/pixel-9a
Pixel 9a_256GB_T-Mobile_Minor Damage,10.0,https://www.ocbuyback.com/sell/cell-phone/google/pixel-9a
Pixel 9a_256GB_T-Mobile_Broken,10.0,https://www.ocbuyback.com/sell/cell-phone/google/pixel-9a
Pixel 9a_256GB_Unlocked_Brand New,245.0,https://www.ocbuyback.com/sell/cell-phone/google/pixel-9a
Pixel 9a_256GB_Unlocked_Flawless,195.0,https://www.ocbuyback.com/sell/cell-phone/google/pixel-9a
Pixel 9a_256GB_Unlocked_Good ,165.0,https://www.ocbuyback.com/sell/cell-phone/google/pixel-9a
Pixel 9a_256GB_Unlocked_Fair,120.0,https://www.ocbuyback.com/sell/cell-phone/google/pixel-9a
Pixel 9a_256GB_Unlocked_Minor Damage,55.0,https://www.ocbuyback.com/sell/cell-phone/google/pixel-9a
Pixel 9a_256GB_Unlocked_Broken,10.0,https://www.ocbuyback.com/sell/cell-phone/google/pixel-9a
Pixel 9 Pro_128GB_Unlocked_Brand New,320.0,https://www.ocbuyback.com/sell/cell-phone/google/pixel-9-pro
Pixel 9 Pro_128GB_Unlocked_Flawless,270.0,https://www.ocbuyback.com/sell/cell-phone/google/pixel-9-pro
Pixel 9 Pro_128GB_Unlocked_Good ,230.0,https://www.ocbuyback.com/sell/cell-phone/google/pixel-9-pro
Pixel 9 Pro_128GB_Unlocked_Fair,165.0,https://www.ocbuyback.com/sell/cell-phone/google/pixel-9-pro
Pixel 9 Pro_128GB_Unlocked_Minor Damage,55.0,https://www.ocbuyback.com/sell/cell-phone/google/pixel-9-pro
Pixel 9 Pro_128GB_Unlocked_Broken,10.0,https://www.ocbuyback.com/sell/cell-phone/google/pixel-9-pro
Pixel 9 Pro_256GB_Unlocked_Brand New,350.0,https://www.ocbuyback.com/sell/cell-phone/google/pixel-9-pro
Pixel 9 Pro_256GB_Unlocked_Flawless,300.0,https://www.ocbuyback.com/sell/cell-phone/google/pixel-9-pro
Pixel 9 Pro_256GB_Unlocked_Good ,260.0,https://www.ocbuyback.com/sell/cell-phone/google/pixel-9-pro
Pixel 9 Pro_256GB_Unlocked_Fair,195.0,https://www.ocbuyback.com/sell/cell-phone/google/pixel-9-pro
Pixel 9 Pro_256GB_Unlocked_Minor Damage,57.0,https://www.ocbuyback.com/sell/cell-phone/google/pixel-9-pro
Pixel 9 Pro_256GB_Unlocked_Broken,10.0,https://www.ocbuyback.com/sell/cell-phone/google/pixel-9-pro
Pixel 9 Pro_512GB_Unlocked_Brand New,370.0,https://www.ocbuyback.com/sell/cell-phone/google/pixel-9-pro
Pixel 9 Pro_512GB_Unlocked_Flawless,320.0,https://www.ocbuyback.com/sell/cell-phone/google/pixel-9-pro
Pixel 9 Pro_512GB_Unlocked_Good ,280.0,https://www.ocbuyback.com/sell/cell-phone/google/pixel-9-pro
Pixel 9 Pro_512GB_Unlocked_Fair,215.0,https://www.ocbuyback.com/sell/cell-phone/google/pixel-9-pro
Pixel 9 Pro_512GB_Unlocked_Minor Damage,60.0,https://www.ocbuyback.com/sell/cell-phone/google/pixel-9-pro
Pixel 9 Pro_512GB_Unlocked_Broken,10.0,https://www.ocbuyback.com/sell/cell-phone/google/pixel-9-pro
Pixel 9 Pro_1TB_Unlocked_Brand New,395.0,https://www.ocbuyback.com/sell/cell-phone/google/pixel-9-pro
Pixel 9 Pro_1TB_Unlocked_Flawless,345.0,https://www.ocbuyback.com/sell/cell-phone/google/pixel-9-pro
Pixel 9 Pro_1TB_Unlocked_Good ,305.0,https://www.ocbuyback.com/sell/cell-phone/google/pixel-9-pro
Pixel 9 Pro_1TB_Unlocked_Fair,240.0,https://www.ocbuyback.com/sell/cell-phone/google/pixel-9-pro
Pixel 9 Pro_1TB_Unlocked_Minor Damage,65.0,https://www.ocbuyback.com/sell/cell-phone/google/pixel-9-pro
Pixel 9 Pro_1TB_Unlocked_Broken,10.0,https://www.ocbuyback.com/sell/cell-phone/google/pixel-9-pro
Pixel 9 Pro XL_128GB_Unlocked_Brand New,380.0,https://www.ocbuyback.com/sell/cell-phone/google/pixel-9-pro-xl
Pixel 9 Pro XL_128GB_Unlocked_Flawless,330.0,https://www.ocbuyback.com/sell/cell-phone/google/pixel-9-pro-xl
Pixel 9 Pro XL_128GB_Unlocked_Good ,280.0,https://www.ocbuyback.com/sell/cell-phone/google/pixel-9-pro-xl
Pixel 9 Pro XL_128GB_Unlocked_Fair,215.0,https://www.ocbuyback.com/sell/cell-phone/google/pixel-9-pro-xl
Pixel 9 Pro XL_128GB_Unlocked_Minor Damage,75.0,https://www.ocbuyback.com/sell/cell-phone/google/pixel-9-pro-xl
Pixel 9 Pro XL_128GB_Unlocked_Broken,10.0,https://www.ocbuyback.com/sell/cell-phone/google/pixel-9-pro-xl
Pixel 9 Pro XL_256GB_Unlocked_Brand New,390.0,https://www.ocbuyback.com/sell/cell-phone/google/pixel-9-pro-xl
Pixel 9 Pro XL_256GB_Unlocked_Flawless,340.0,https://www.ocbuyback.com/sell/cell-phone/google/pixel-9-pro-xl
Pixel 9 Pro XL_256GB_Unlocked_Good ,290.0,https://www.ocbuyback.com/sell/cell-phone/google/pixel-9-pro-xl
Pixel 9 Pro XL_256GB_Unlocked_Fair,230.0,https://www.ocbuyback.com/sell/cell-phone/google/pixel-9-pro-xl
Pixel 9 Pro XL_256GB_Unlocked_Minor Damage,80.0,https://www.ocbuyback.com/sell/cell-phone/google/pixel-9-pro-xl
Pixel 9 Pro XL_256GB_Unlocked_Broken,10.0,https://www.ocbuyback.com/sell/cell-phone/google/pixel-9-pro-xl
Pixel 9 Pro XL_512GB_Unlocked_Brand New,420.0,https://www.ocbuyback.com/sell/cell-phone/google/pixel-9-pro-xl
Pixel 9 Pro XL_512GB_Unlocked_Flawless,370.0,https://www.ocbuyback.com/sell/cell-phone/google/pixel-9-pro-xl
Pixel 9 Pro XL_512GB_Unlocked_Good ,320.0,https://www.ocbuyback.com/sell/cell-phone/google/pixel-9-pro-xl
Pixel 9 Pro XL_512GB_Unlocked_Fair,255.0,https://www.ocbuyback.com/sell/cell-phone/google/pixel-9-pro-xl
Pixel 9 Pro XL_512GB_Unlocked_Minor Damage,85.0,https://www.ocbuyback.com/sell/cell-phone/google/pixel-9-pro-xl
Pixel 9 Pro XL_512GB_Unlocked_Broken,10.0,https://www.ocbuyback.com/sell/cell-phone/google/pixel-9-pro-xl
Pixel 9 Pro XL_1TB_Unlocked_Brand New,440.0,https://www.ocbuyback.com/sell/cell-phone/google/pixel-9-pro-xl
Pixel 9 Pro XL_1TB_Unlocked_Flawless,390.0,https://www.ocbuyback.com/sell/cell-phone/google/pixel-9-pro-xl
Pixel 9 Pro XL_1TB_Unlocked_Good ,330.0,https://www.ocbuyback.com/sell/cell-phone/google/pixel-9-pro-xl
Pixel 9 Pro XL_1TB_Unlocked_Fair,275.0,https://www.ocbuyback.com/sell/cell-phone/google/pixel-9-pro-xl
Pixel 9 Pro XL_1TB_Unlocked_Minor Damage,90.0,https://www.ocbuyback.com/sell/cell-phone/google/pixel-9-pro-xl
Pixel 9 Pro XL_1TB_Unlocked_Broken,10.0,https://www.ocbuyback.com/sell/cell-phone/google/pixel-9-pro-xl
Pixel 10 Pro Fold_256GB_AT&T_Brand New,560.0,https://www.ocbuyback.com/sell/cell-phone/google/pixel-10-pro-fold
Pixel 10 Pro Fold_256GB_AT&T_Flawless,510.0,https://www.ocbuyback.com/sell/cell-phone/google/pixel-10-pro-fold
Pixel 10 Pro Fold_256GB_AT&T_Good ,470.0,https://www.ocbuyback.com/sell/cell-phone/google/pixel-10-pro-fold
Pixel 10 Pro Fold_256GB_AT&T_Fair,380.0,https://www.ocbuyback.com/sell/cell-phone/google/pixel-10-pro-fold
Pixel 10 Pro Fold_256GB_AT&T_Minor Damage,90.0,https://www.ocbuyback.com/sell/cell-phone/google/pixel-10-pro-fold
Pixel 10 Pro Fold_256GB_AT&T_Broken,20.0,https://www.ocbuyback.com/sell/cell-phone/google/pixel-10-pro-fold
Pixel 10 Pro Fold_256GB_T-Mobile_Brand New,510.0,https://www.ocbuyback.com/sell/cell-phone/google/pixel-10-pro-fold
Pixel 10 Pro Fold_256GB_T-Mobile_Flawless,460.0,https://www.ocbuyback.com/sell/cell-phone/google/pixel-10-pro-fold
Pixel 10 Pro Fold_256GB_T-Mobile_Good ,420.0,https://www.ocbuyback.com/sell/cell-phone/google/pixel-10-pro-fold
Pixel 10 Pro Fold_256GB_T-Mobile_Fair,330.0,https://www.ocbuyback.com/sell/cell-phone/google/pixel-10-pro-fold
Pixel 10 Pro Fold_256GB_T-Mobile_Minor Damage,65.0,https://www.ocbuyback.com/sell/cell-phone/google/pixel-10-pro-fold
Pixel 10 Pro Fold_256GB_T-Mobile_Broken,20.0,https://www.ocbuyback.com/sell/cell-phone/google/pixel-10-pro-fold
Pixel 10 Pro Fold_256GB_Verizon_Brand New,310.0,https://www.ocbuyback.com/sell/cell-phone/google/pixel-10-pro-fold
Pixel 10 Pro Fold_256GB_Verizon_Flawless,260.0,https://www.ocbuyback.com/sell/cell-phone/google/pixel-10-pro-fold
Pixel 10 Pro Fold_256GB_Verizon_Good ,220.0,https://www.ocbuyback.com/sell/cell-phone/google/pixel-10-pro-fold
Pixel 10 Pro Fold_256GB_Verizon_Fair,130.0,https://www.ocbuyback.com/sell/cell-phone/google/pixel-10-pro-fold
Pixel 10 Pro Fold_256GB_Verizon_Minor Damage,25.0,https://www.ocbuyback.com/sell/cell-phone/google/pixel-10-pro-fold
Pixel 10 Pro Fold_256GB_Verizon_Broken,20.0,https://www.ocbuyback.com/sell/cell-phone/google/pixel-10-pro-fold
Pixel 10 Pro Fold_256GB_Unlocked_Brand New,730.0,https://www.ocbuyback.com/sell/cell-phone/google/pixel-10-pro-fold
Pixel 10 Pro Fold_256GB_Unlocked_Flawless,680.0,https://www.ocbuyback.com/sell/cell-phone/google/pixel-10-pro-fold
Pixel 10 Pro Fold_256GB_Unlocked_Good ,580.0,https://www.ocbuyback.com/sell/cell-phone/google/pixel-10-pro-fold
Pixel 10 Pro Fold_256GB_Unlocked_Fair,365.0,https://www.ocbuyback.com/sell/cell-phone/google/pixel-10-pro-fold
Pixel 10 Pro Fold_256GB_Unlocked_Minor Damage,90.0,https://www.ocbuyback.com/sell/cell-phone/google/pixel-10-pro-fold
Pixel 10 Pro Fold_256GB_Unlocked_Broken,20.0,https://www.ocbuyback.com/sell/cell-phone/google/pixel-10-pro-fold
Pixel 10 Pro Fold_512GB_AT&T_Brand New,590.0,https://www.ocbuyback.com/sell/cell-phone/google/pixel-10-pro-fold
Pixel 10 Pro Fold_512GB_AT&T_Flawless,540.0,https://www.ocbuyback.com/sell/cell-phone/google/pixel-10-pro-fold
Pixel 10 Pro Fold_512GB_AT&T_Good ,500.0,https://www.ocbuyback.com/sell/cell-phone/google/pixel-10-pro-fold
Pixel 10 Pro Fold_512GB_AT&T_Fair,410.0,https://www.ocbuyback.com/sell/cell-phone/google/pixel-10-pro-fold
Pixel 10 Pro Fold_512GB_AT&T_Minor Damage,105.0,https://www.ocbuyback.com/sell/cell-phone/google/pixel-10-pro-fold
Pixel 10 Pro Fold_512GB_AT&T_Broken,20.0,https://www.ocbuyback.com/sell/cell-phone/google/pixel-10-pro-fold
Pixel 10 Pro Fold_512GB_T-Mobile_Brand New,540.0,https://www.ocbuyback.com/sell/cell-phone/google/pixel-10-pro-fold
Pixel 10 Pro Fold_512GB_T-Mobile_Flawless,490.0,https://www.ocbuyback.com/sell/cell-phone/google/pixel-10-pro-fold
Pixel 10 Pro Fold_512GB_T-Mobile_Good ,450.0,https://www.ocbuyback.com/sell/cell-phone/google/pixel-10-pro-fold
Pixel 10 Pro Fold_512GB_T-Mobile_Fair,360.0,https://www.ocbuyback.com/sell/cell-phone/google/pixel-10-pro-fold
Pixel 10 Pro Fold_512GB_T-Mobile_Minor Damage,80.0,https://www.ocbuyback.com/sell/cell-phone/google/pixel-10-pro-fold
Pixel 10 Pro Fold_512GB_T-Mobile_Broken,20.0,https://www.ocbuyback.com/sell/cell-phone/google/pixel-10-pro-fold
Pixel 10 Pro Fold_512GB_Verizon_Brand New,340.0,https://www.ocbuyback.com/sell/cell-phone/google/pixel-10-pro-fold
Pixel 10 Pro Fold_512GB_Verizon_Flawless,290.0,https://www.ocbuyback.com/sell/cell-phone/google/pixel-10-pro-fold
Pixel 10 Pro Fold_512GB_Verizon_Good ,250.0,https://www.ocbuyback.com/sell/cell-phone/google/pixel-10-pro-fold
Pixel 10 Pro Fold_512GB_Verizon_Fair,160.0,https://www.ocbuyback.com/sell/cell-phone/google/pixel-10-pro-fold
Pixel 10 Pro Fold_512GB_Verizon_Minor Damage,40.0,https://www.ocbuyback.com/sell/cell-phone/google/pixel-10-pro-fold
Pixel 10 Pro Fold_512GB_Verizon_Broken,20.0,https://www.ocbuyback.com/sell/cell-phone/google/pixel-10-pro-fold
Pixel 10 Pro Fold_512GB_Unlocked_Brand New,770.0,https://www.ocbuyback.com/sell/cell-phone/google/pixel-10-pro-fold
Pixel 10 Pro Fold_512GB_Unlocked_Flawless,720.0,https://www.ocbuyback.com/sell/cell-phone/google/pixel-10-pro-fold
Pixel 10 Pro Fold_512GB_Unlocked_Good ,610.0,https://www.ocbuyback.com/sell/cell-phone/google/pixel-10-pro-fold
Pixel 10 Pro Fold_512GB_Unlocked_Fair,390.0,https://www.ocbuyback.com/sell/cell-phone/google/pixel-10-pro-fold
Pixel 10 Pro Fold_512GB_Unlocked_Minor Damage,95.0,https://www.ocbuyback.com/sell/cell-phone/google/pixel-10-pro-fold
Pixel 10 Pro Fold_512GB_Unlocked_Broken,20.0,https://www.ocbuyback.com/sell/cell-phone/google/pixel-10-pro-fold
Pixel 10 Pro Fold_1TB_AT&T_Brand New,620.0,https://www.ocbuyback.com/sell/cell-phone/google/pixel-10-pro-fold
Pixel 10 Pro Fold_1TB_AT&T_Flawless,570.0,https://www.ocbuyback.com/sell/cell-phone/google/pixel-10-pro-fold
Pixel 10 Pro Fold_1TB_AT&T_Good ,530.0,https://www.ocbuyback.com/sell/cell-phone/google/pixel-10-pro-fold
Pixel 10 Pro Fold_1TB_AT&T_Fair,440.0,https://www.ocbuyback.com/sell/cell-phone/google/pixel-10-pro-fold
Pixel 10 Pro Fold_1TB_AT&T_Minor Damage,120.0,https://www.ocbuyback.com/sell/cell-phone/google/pixel-10-pro-fold
Pixel 10 Pro Fold_1TB_AT&T_Broken,20.0,https://www.ocbuyback.com/sell/cell-phone/google/pixel-10-pro-fold
Pixel 10 Pro Fold_1TB_T-Mobile_Brand New,570.0,https://www.ocbuyback.com/sell/cell-phone/google/pixel-10-pro-fold
Pixel 10 Pro Fold_1TB_T-Mobile_Flawless,520.0,https://www.ocbuyback.com/sell/cell-phone/google/pixel-10-pro-fold
Pixel 10 Pro Fold_1TB_T-Mobile_Good ,480.0,https://www.ocbuyback.com/sell/cell-phone/google/pixel-10-pro-fold
Pixel 10 Pro Fold_1TB_T-Mobile_Fair,390.0,https://www.ocbuyback.com/sell/cell-phone/google/pixel-10-pro-fold
Pixel 10 Pro Fold_1TB_T-Mobile_Minor Damage,95.0,https://www.ocbuyback.com/sell/cell-phone/google/pixel-10-pro-fold
Pixel 10 Pro Fold_1TB_T-Mobile_Broken,20.0,https://www.ocbuyback.com/sell/cell-phone/google/pixel-10-pro-fold
Pixel 10 Pro Fold_1TB_Verizon_Brand New,370.0,https://www.ocbuyback.com/sell/cell-phone/google/pixel-10-pro-fold
Pixel 10 Pro Fold_1TB_Verizon_Flawless,320.0,https://www.ocbuyback.com/sell/cell-phone/google/pixel-10-pro-fold
Pixel 10 Pro Fold_1TB_Verizon_Good ,280.0,https://www.ocbuyback.com/sell/cell-phone/google/pixel-10-pro-fold
Pixel 10 Pro Fold_1TB_Verizon_Fair,190.0,https://www.ocbuyback.com/sell/cell-phone/google/pixel-10-pro-fold
Pixel 10 Pro Fold_1TB_Verizon_Minor Damage,55.0,https://www.ocbuyback.com/sell/cell-phone/google/pixel-10-pro-fold
Pixel 10 Pro Fold_1TB_Verizon_Broken,20.0,https://www.ocbuyback.com/sell/cell-phone/google/pixel-10-pro-fold
Pixel 10 Pro Fold_1TB_Unlocked_Brand New,810.0,https://www.ocbuyback.com/sell/cell-phone/google/pixel-10-pro-fold
Pixel 10 Pro Fold_1TB_Unlocked_Flawless,760.0,https://www.ocbuyback.com/sell/cell-phone/google/pixel-10-pro-fold
Pixel 10 Pro Fold_1TB_Unlocked_Good ,660.0,https://www.ocbuyback.com/sell/cell-phone/google/pixel-10-pro-fold
Pixel 10 Pro Fold_1TB_Unlocked_Fair,420.0,https://www.ocbuyback.com/sell/cell-phone/google/pixel-10-pro-fold
Pixel 10 Pro Fold_1TB_Unlocked_Minor Damage,100.0,https://www.ocbuyback.com/sell/cell-phone/google/pixel-10-pro-fold
Pixel 10 Pro Fold_1TB_Unlocked_Broken,20.0,https://www.ocbuyback.com/sell/cell-phone/google/pixel-10-pro-fold
Pixel 10_128GB_AT&T_Brand New,355.0,https://www.ocbuyback.com/sell/cell-phone/google/pixel-10
Pixel 10_128GB_AT&T_Flawless,305.0,https://www.ocbuyback.com/sell/cell-phone/google/pixel-10
Pixel 10_128GB_AT&T_Good ,280.0,https://www.ocbuyback.com/sell/cell-phone/google/pixel-10
Pixel 10_128GB_AT&T_Fair,215.0,https://www.ocbuyback.com/sell/cell-phone/google/pixel-10
Pixel 10_128GB_AT&T_Minor Damage,50.0,https://www.ocbuyback.com/sell/cell-phone/google/pixel-10
Pixel 10_128GB_AT&T_Broken,10.0,https://www.ocbuyback.com/sell/cell-phone/google/pixel-10
Pixel 10_128GB_T-Mobile_Brand New,330.0,https://www.ocbuyback.com/sell/cell-phone/google/pixel-10
Pixel 10_128GB_T-Mobile_Flawless,280.0,https://www.ocbuyback.com/sell/cell-phone/google/pixel-10
Pixel 10_128GB_T-Mobile_Good ,255.0,https://www.ocbuyback.com/sell/cell-phone/google/pixel-10
Pixel 10_128GB_T-Mobile_Fair,190.0,https://www.ocbuyback.com/sell/cell-phone/google/pixel-10
Pixel 10_128GB_T-Mobile_Minor Damage,25.0,https://www.ocbuyback.com/sell/cell-phone/google/pixel-10
Pixel 10_128GB_T-Mobile_Broken,10.0,https://www.ocbuyback.com/sell/cell-phone/google/pixel-10
Pixel 10_128GB_Verizon_Brand New,180.0,https://www.ocbuyback.com/sell/cell-phone/google/pixel-10
Pixel 10_128GB_Verizon_Flawless,130.0,https://www.ocbuyback.com/sell/cell-phone/google/pixel-10
Pixel 10_128GB_Verizon_Good ,105.0,https://www.ocbuyback.com/sell/cell-phone/google/pixel-10
Pixel 10_128GB_Verizon_Fair,40.0,https://www.ocbuyback.com/sell/cell-phone/google/pixel-10
Pixel 10_128GB_Verizon_Minor Damage,30.0,https://www.ocbuyback.com/sell/cell-phone/google/pixel-10
Pixel 10_128GB_Verizon_Broken,10.0,https://www.ocbuyback.com/sell/cell-phone/google/pixel-10
Pixel 10_128GB_Unlocked_Brand New,380.0,https://www.ocbuyback.com/sell/cell-phone/google/pixel-10
Pixel 10_128GB_Unlocked_Flawless,330.0,https://www.ocbuyback.com/sell/cell-phone/google/pixel-10
Pixel 10_128GB_Unlocked_Good ,285.0,https://www.ocbuyback.com/sell/cell-phone/google/pixel-10
Pixel 10_128GB_Unlocked_Fair,188.0,https://www.ocbuyback.com/sell/cell-phone/google/pixel-10
Pixel 10_128GB_Unlocked_Minor Damage,50.0,https://www.ocbuyback.com/sell/cell-phone/google/pixel-10
Pixel 10_128GB_Unlocked_Broken,10.0,https://www.ocbuyback.com/sell/cell-phone/google/pixel-10
Pixel 10_256GB_AT&T_Brand New,375.0,https://www.ocbuyback.com/sell/cell-phone/google/pixel-10
Pixel 10_256GB_AT&T_Flawless,325.0,https://www.ocbuyback.com/sell/cell-phone/google/pixel-10
Pixel 10_256GB_AT&T_Good ,300.0,https://www.ocbuyback.com/sell/cell-phone/google/pixel-10
Pixel 10_256GB_AT&T_Fair,235.0,https://www.ocbuyback.com/sell/cell-phone/google/pixel-10
Pixel 10_256GB_AT&T_Minor Damage,60.0,https://www.ocbuyback.com/sell/cell-phone/google/pixel-10
Pixel 10_256GB_T-Mobile_Brand New,350.0,https://www.ocbuyback.com/sell/cell-phone/google/pixel-10
Pixel 10_256GB_T-Mobile_Flawless,300.0,https://www.ocbuyback.com/sell/cell-phone/google/pixel-10
Pixel 10_256GB_T-Mobile_Good ,275.0,https://www.ocbuyback.com/sell/cell-phone/google/pixel-10
Pixel 10_256GB_T-Mobile_Fair,210.0,https://www.ocbuyback.com/sell/cell-phone/google/pixel-10
Pixel 10_256GB_T-Mobile_Minor Damage,35.0,https://www.ocbuyback.com/sell/cell-phone/google/pixel-10
Pixel 10_256GB_T-Mobile_Broken,10.0,https://www.ocbuyback.com/sell/cell-phone/google/pixel-10
Pixel 10_256GB_Verizon_Brand New,200.0,https://www.ocbuyback.com/sell/cell-phone/google/pixel-10
Pixel 10_256GB_Verizon_Flawless,150.0,https://www.ocbuyback.com/sell/cell-phone/google/pixel-10
Pixel 10_256GB_Verizon_Good ,125.0,https://www.ocbuyback.com/sell/cell-phone/google/pixel-10
Pixel 10_256GB_Verizon_Fair,60.0,https://www.ocbuyback.com/sell/cell-phone/google/pixel-10
Pixel 10_256GB_Verizon_Minor Damage,44.0,https://www.ocbuyback.com/sell/cell-phone/google/pixel-10
Pixel 10_256GB_Verizon_Broken,10.0,https://www.ocbuyback.com/sell/cell-phone/google/pixel-10
Pixel 10_256GB_Unlocked_Brand New,400.0,https://www.ocbuyback.com/sell/cell-phone/google/pixel-10
Pixel 10_256GB_Unlocked_Flawless,350.0,https://www.ocbuyback.com/sell/cell-phone/google/pixel-10
Pixel 10_256GB_Unlocked_Good ,305.0,https://www.ocbuyback.com/sell/cell-phone/google/pixel-10
Pixel 10_256GB_Unlocked_Fair,204.0,https://www.ocbuyback.com/sell/cell-phone/google/pixel-10
Pixel 10_256GB_Unlocked_Minor Damage,47.0,https://www.ocbuyback.com/sell/cell-phone/google/pixel-10
Pixel 10_256GB_Unlocked_Broken,10.0,https://www.ocbuyback.com/sell/cell-phone/google/pixel-10
Pixel 10 Pro_128GB_AT&T_Brand New,400.0,https://www.ocbuyback.com/sell/cell-phone/google/pixel-10-pro
Pixel 10 Pro_128GB_AT&T_Flawless,350.0,https://www.ocbuyback.com/sell/cell-phone/google/pixel-10-pro
Pixel 10 Pro_128GB_AT&T_Good ,330.0,https://www.ocbuyback.com/sell/cell-phone/google/pixel-10-pro
Pixel 10 Pro_128GB_AT&T_Fair,250.0,https://www.ocbuyback.com/sell/cell-phone/google/pixel-10-pro
Pixel 10 Pro_128GB_AT&T_Minor Damage,50.0,https://www.ocbuyback.com/sell/cell-phone/google/pixel-10-pro
Pixel 10 Pro_128GB_AT&T_Broken,10.0,https://www.ocbuyback.com/sell/cell-phone/google/pixel-10-pro
Pixel 10 Pro_128GB_T-Mobile_Brand New,400.0,https://www.ocbuyback.com/sell/cell-phone/google/pixel-10-pro
Pixel 10 Pro_128GB_T-Mobile_Flawless,350.0,https://www.ocbuyback.com/sell/cell-phone/google/pixel-10-pro
Pixel 10 Pro_128GB_T-Mobile_Good ,330.0,https://www.ocbuyback.com/sell/cell-phone/google/pixel-10-pro
Pixel 10 Pro_128GB_T-Mobile_Fair,250.0,https://www.ocbuyback.com/sell/cell-phone/google/pixel-10-pro
Pixel 10 Pro_128GB_T-Mobile_Minor Damage,50.0,https://www.ocbuyback.com/sell/cell-phone/google/pixel-10-pro
Pixel 10 Pro_128GB_T-Mobile_Broken,10.0,https://www.ocbuyback.com/sell/cell-phone/google/pixel-10-pro
Pixel 10 Pro_128GB_Verizon_Brand New,250.0,https://www.ocbuyback.com/sell/cell-phone/google/pixel-10-pro
Pixel 10 Pro_128GB_Verizon_Flawless,200.0,https://www.ocbuyback.com/sell/cell-phone/google/pixel-10-pro
Pixel 10 Pro_128GB_Verizon_Good ,180.0,https://www.ocbuyback.com/sell/cell-phone/google/pixel-10-pro
Pixel 10 Pro_128GB_Verizon_Fair,100.0,https://www.ocbuyback.com/sell/cell-phone/google/pixel-10-pro
Pixel 10 Pro_128GB_Verizon_Minor Damage,47.0,https://www.ocbuyback.com/sell/cell-phone/google/pixel-10-pro
Pixel 10 Pro_128GB_Verizon_Broken,10.0,https://www.ocbuyback.com/sell/cell-phone/google/pixel-10-pro
Pixel 10 Pro_128GB_Unlocked_Brand New,465.0,https://www.ocbuyback.com/sell/cell-phone/google/pixel-10-pro
Pixel 10 Pro_128GB_Unlocked_Flawless,415.0,https://www.ocbuyback.com/sell/cell-phone/google/pixel-10-pro
Pixel 10 Pro_128GB_Unlocked_Good ,355.0,https://www.ocbuyback.com/sell/cell-phone/google/pixel-10-pro
Pixel 10 Pro_128GB_Unlocked_Fair,275.0,https://www.ocbuyback.com/sell/cell-phone/google/pixel-10-pro
Pixel 10 Pro_128GB_Unlocked_Minor Damage,55.0,https://www.ocbuyback.com/sell/cell-phone/google/pixel-10-pro
Pixel 10 Pro_128GB_Unlocked_Broken,10.0,https://www.ocbuyback.com/sell/cell-phone/google/pixel-10-pro
Pixel 10 Pro_256GB_AT&T_Brand New,465.0,https://www.ocbuyback.com/sell/cell-phone/google/pixel-10-pro
Pixel 10 Pro_256GB_AT&T_Flawless,415.0,https://www.ocbuyback.com/sell/cell-phone/google/pixel-10-pro
Pixel 10 Pro_256GB_AT&T_Good ,395.0,https://www.ocbuyback.com/sell/cell-phone/google/pixel-10-pro
Pixel 10 Pro_256GB_AT&T_Fair,315.0,https://www.ocbuyback.com/sell/cell-phone/google/pixel-10-pro
Pixel 10 Pro_256GB_AT&T_Minor Damage,60.0,https://www.ocbuyback.com/sell/cell-phone/google/pixel-10-pro
Pixel 10 Pro_256GB_AT&T_Broken,10.0,https://www.ocbuyback.com/sell/cell-phone/google/pixel-10-pro
Pixel 10 Pro_256GB_T-Mobile_Brand New,465.0,https://www.ocbuyback.com/sell/cell-phone/google/pixel-10-pro
Pixel 10 Pro_256GB_T-Mobile_Flawless,415.0,https://www.ocbuyback.com/sell/cell-phone/google/pixel-10-pro
Pixel 10 Pro_256GB_T-Mobile_Good ,395.0,https://www.ocbuyback.com/sell/cell-phone/google/pixel-10-pro
Pixel 10 Pro_256GB_T-Mobile_Fair,315.0,https://www.ocbuyback.com/sell/cell-phone/google/pixel-10-pro
Pixel 10 Pro_256GB_T-Mobile_Minor Damage,60.0,https://www.ocbuyback.com/sell/cell-phone/google/pixel-10-pro
Pixel 10 Pro_256GB_T-Mobile_Broken,10.0,https://www.ocbuyback.com/sell/cell-phone/google/pixel-10-pro
Pixel 10 Pro_256GB_Verizon_Brand New,315.0,https://www.ocbuyback.com/sell/cell-phone/google/pixel-10-pro
Pixel 10 Pro_256GB_Verizon_Flawless,265.0,https://www.ocbuyback.com/sell/cell-phone/google/pixel-10-pro
Pixel 10 Pro_256GB_Verizon_Good ,245.0,https://www.ocbuyback.com/sell/cell-phone/google/pixel-10-pro
Pixel 10 Pro_256GB_Verizon_Fair,165.0,https://www.ocbuyback.com/sell/cell-phone/google/pixel-10-pro
Pixel 10 Pro_256GB_Verizon_Minor Damage,50.0,https://www.ocbuyback.com/sell/cell-phone/google/pixel-10-pro
Pixel 10 Pro_256GB_Verizon_Broken,10.0,https://www.ocbuyback.com/sell/cell-phone/google/pixel-10-pro
Pixel 10 Pro_256GB_Unlocked_Brand New,505.0,https://www.ocbuyback.com/sell/cell-phone/google/pixel-10-pro
Pixel 10 Pro_256GB_Unlocked_Flawless,455.0,https://www.ocbuyback.com/sell/cell-phone/google/pixel-10-pro
Pixel 10 Pro_256GB_Unlocked_Good ,405.0,https://www.ocbuyback.com/sell/cell-phone/google/pixel-10-pro
Pixel 10 Pro_256GB_Unlocked_Fair,315.0,https://www.ocbuyback.com/sell/cell-phone/google/pixel-10-pro
Pixel 10 Pro_256GB_Unlocked_Minor Damage,60.0,https://www.ocbuyback.com/sell/cell-phone/google/pixel-10-pro
Pixel 10 Pro_256GB_Unlocked_Broken,10.0,https://www.ocbuyback.com/sell/cell-phone/google/pixel-10-pro
Pixel 10 Pro_512GB_AT&T_Brand New,485.0,https://www.ocbuyback.com/sell/cell-phone/google/pixel-10-pro
Pixel 10 Pro_512GB_AT&T_Flawless,435.0,https://www.ocbuyback.com/sell/cell-phone/google/pixel-10-pro
Pixel 10 Pro_512GB_AT&T_Good ,415.0,https://www.ocbuyback.com/sell/cell-phone/google/pixel-10-pro
Pixel 10 Pro_512GB_AT&T_Fair,335.0,https://www.ocbuyback.com/sell/cell-phone/google/pixel-10-pro
Pixel 10 Pro_512GB_AT&T_Minor Damage,70.0,https://www.ocbuyback.com/sell/cell-phone/google/pixel-10-pro
Pixel 10 Pro_512GB_AT&T_Broken,10.0,https://www.ocbuyback.com/sell/cell-phone/google/pixel-10-pro
Pixel 10 Pro_512GB_T-Mobile_Brand New,485.0,https://www.ocbuyback.com/sell/cell-phone/google/pixel-10-pro
Pixel 10 Pro_512GB_T-Mobile_Flawless,435.0,https://www.ocbuyback.com/sell/cell-phone/google/pixel-10-pro
Pixel 10 Pro_512GB_T-Mobile_Good ,415.0,https://www.ocbuyback.com/sell/cell-phone/google/pixel-10-pro
Pixel 10 Pro_512GB_T-Mobile_Fair,335.0,https://www.ocbuyback.com/sell/cell-phone/google/pixel-10-pro
Pixel 10 Pro_512GB_T-Mobile_Minor Damage,70.0,https://www.ocbuyback.com/sell/cell-phone/google/pixel-10-pro
Pixel 10 Pro_512GB_T-Mobile_Broken,10.0,https://www.ocbuyback.com/sell/cell-phone/google/pixel-10-pro
Pixel 10 Pro_512GB_Verizon_Brand New,335.0,https://www.ocbuyback.com/sell/cell-phone/google/pixel-10-pro
Pixel 10 Pro_512GB_Verizon_Flawless,285.0,https://www.ocbuyback.com/sell/cell-phone/google/pixel-10-pro
Pixel 10 Pro_512GB_Verizon_Good ,265.0,https://www.ocbuyback.com/sell/cell-phone/google/pixel-10-pro
Pixel 10 Pro_512GB_Verizon_Fair,185.0,https://www.ocbuyback.com/sell/cell-phone/google/pixel-10-pro
Pixel 10 Pro_512GB_Verizon_Minor Damage,55.0,https://www.ocbuyback.com/sell/cell-phone/google/pixel-10-pro
Pixel 10 Pro_512GB_Verizon_Broken,10.0,https://www.ocbuyback.com/sell/cell-phone/google/pixel-10-pro
Pixel 10 Pro_512GB_Unlocked_Brand New,540.0,https://www.ocbuyback.com/sell/cell-phone/google/pixel-10-pro
Pixel 10 Pro_512GB_Unlocked_Flawless,490.0,https://www.ocbuyback.com/sell/cell-phone/google/pixel-10-pro
Pixel 10 Pro_512GB_Unlocked_Good ,440.0,https://www.ocbuyback.com/sell/cell-phone/google/pixel-10-pro
Pixel 10 Pro_512GB_Unlocked_Fair,280.0,https://www.ocbuyback.com/sell/cell-phone/google/pixel-10-pro
Pixel 10 Pro_512GB_Unlocked_Minor Damage,70.0,https://www.ocbuyback.com/sell/cell-phone/google/pixel-10-pro
Pixel 10 Pro_512GB_Unlocked_Broken,10.0,https://www.ocbuyback.com/sell/cell-phone/google/pixel-10-pro
Pixel 10 Pro_1TB_AT&T_Brand New,500.0,https://www.ocbuyback.com/sell/cell-phone/google/pixel-10-pro
Pixel 10 Pro_1TB_AT&T_Flawless,450.0,https://www.ocbuyback.com/sell/cell-phone/google/pixel-10-pro
Pixel 10 Pro_1TB_AT&T_Good ,430.0,https://www.ocbuyback.com/sell/cell-phone/google/pixel-10-pro
Pixel 10 Pro_1TB_AT&T_Fair,350.0,https://www.ocbuyback.com/sell/cell-phone/google/pixel-10-pro
Pixel 10 Pro_1TB_AT&T_Minor Damage,85.0,https://www.ocbuyback.com/sell/cell-phone/google/pixel-10-pro
Pixel 10 Pro_1TB_AT&T_Broken,10.0,https://www.ocbuyback.com/sell/cell-phone/google/pixel-10-pro
Pixel 10 Pro_1TB_T-Mobile_Brand New,500.0,https://www.ocbuyback.com/sell/cell-phone/google/pixel-10-pro
Pixel 10 Pro_1TB_T-Mobile_Flawless,450.0,https://www.ocbuyback.com/sell/cell-phone/google/pixel-10-pro
Pixel 10 Pro_1TB_T-Mobile_Good ,430.0,https://www.ocbuyback.com/sell/cell-phone/google/pixel-10-pro
Pixel 10 Pro_1TB_T-Mobile_Fair,350.0,https://www.ocbuyback.com/sell/cell-phone/google/pixel-10-pro
Pixel 10 Pro_1TB_T-Mobile_Minor Damage,85.0,https://www.ocbuyback.com/sell/cell-phone/google/pixel-10-pro
Pixel 10 Pro_1TB_T-Mobile_Broken,10.0,https://www.ocbuyback.com/sell/cell-phone/google/pixel-10-pro
Pixel 10 Pro_1TB_Verizon_Brand New,350.0,https://www.ocbuyback.com/sell/cell-phone/google/pixel-10-pro
Pixel 10 Pro_1TB_Verizon_Flawless,300.0,https://www.ocbuyback.com/sell/cell-phone/google/pixel-10-pro
Pixel 10 Pro_1TB_Verizon_Good ,280.0,https://www.ocbuyback.com/sell/cell-phone/google/pixel-10-pro
Pixel 10 Pro_1TB_Verizon_Fair,200.0,https://www.ocbuyback.com/sell/cell-phone/google/pixel-10-pro
Pixel 10 Pro_1TB_Verizon_Minor Damage,60.0,https://www.ocbuyback.com/sell/cell-phone/google/pixel-10-pro
Pixel 10 Pro_1TB_Verizon_Broken,10.0,https://www.ocbuyback.com/sell/cell-phone/google/pixel-10-pro
Pixel 10 Pro_1TB_Unlocked_Brand New,550.0,https://www.ocbuyback.com/sell/cell-phone/google/pixel-10-pro
Pixel 10 Pro_1TB_Unlocked_Flawless,500.0,https://www.ocbuyback.com/sell/cell-phone/google/pixel-10-pro
Pixel 10 Pro_1TB_Unlocked_Good ,430.0,https://www.ocbuyback.com/sell/cell-phone/google/pixel-10-pro
Pixel 10 Pro_1TB_Unlocked_Fair,350.0,https://www.ocbuyback.com/sell/cell-phone/google/pixel-10-pro
Pixel 10 Pro_1TB_Unlocked_Minor Damage,85.0,https://www.ocbuyback.com/sell/cell-phone/google/pixel-10-pro
Pixel 10 Pro_1TB_Unlocked_Broken,10.0,https://www.ocbuyback.com/sell/cell-phone/google/pixel-10-pro
Pixel 10 Pro XL_256GB_AT&T_Brand New,440.0,https://www.ocbuyback.com/sell/cell-phone/google/pixel-10-pro-xl
Pixel 10 Pro XL_256GB_AT&T_Flawless,390.0,https://www.ocbuyback.com/sell/cell-phone/google/pixel-10-pro-xl
Pixel 10 Pro XL_256GB_AT&T_Good ,370.0,https://www.ocbuyback.com/sell/cell-phone/google/pixel-10-pro-xl
Pixel 10 Pro XL_256GB_AT&T_Fair,310.0,https://www.ocbuyback.com/sell/cell-phone/google/pixel-10-pro-xl
Pixel 10 Pro XL_256GB_AT&T_Minor Damage,65.0,https://www.ocbuyback.com/sell/cell-phone/google/pixel-10-pro-xl
Pixel 10 Pro XL_256GB_AT&T_Broken,10.0,https://www.ocbuyback.com/sell/cell-phone/google/pixel-10-pro-xl
Pixel 10 Pro XL_256GB_T-Mobile_Brand New,415.0,https://www.ocbuyback.com/sell/cell-phone/google/pixel-10-pro-xl
Pixel 10 Pro XL_256GB_T-Mobile_Flawless,365.0,https://www.ocbuyback.com/sell/cell-phone/google/pixel-10-pro-xl
Pixel 10 Pro XL_256GB_T-Mobile_Good ,345.0,https://www.ocbuyback.com/sell/cell-phone/google/pixel-10-pro-xl
Pixel 10 Pro XL_256GB_T-Mobile_Fair,285.0,https://www.ocbuyback.com/sell/cell-phone/google/pixel-10-pro-xl
Pixel 10 Pro XL_256GB_T-Mobile_Minor Damage,65.0,https://www.ocbuyback.com/sell/cell-phone/google/pixel-10-pro-xl
Pixel 10 Pro XL_256GB_T-Mobile_Broken,10.0,https://www.ocbuyback.com/sell/cell-phone/google/pixel-10-pro-xl
Pixel 10 Pro XL_256GB_Verizon_Brand New,300.0,https://www.ocbuyback.com/sell/cell-phone/google/pixel-10-pro-xl
Pixel 10 Pro XL_256GB_Verizon_Flawless,250.0,https://www.ocbuyback.com/sell/cell-phone/google/pixel-10-pro-xl
Pixel 10 Pro XL_256GB_Verizon_Good ,230.0,https://www.ocbuyback.com/sell/cell-phone/google/pixel-10-pro-xl
Pixel 10 Pro XL_256GB_Verizon_Fair,170.0,https://www.ocbuyback.com/sell/cell-phone/google/pixel-10-pro-xl
Pixel 10 Pro XL_256GB_Verizon_Minor Damage,50.0,https://www.ocbuyback.com/sell/cell-phone/google/pixel-10-pro-xl
Pixel 10 Pro XL_256GB_Verizon_Broken,10.0,https://www.ocbuyback.com/sell/cell-phone/google/pixel-10-pro-xl
Pixel 10 Pro XL_256GB_Unlocked_Brand New,525.0,https://www.ocbuyback.com/sell/cell-phone/google/pixel-10-pro-xl
Pixel 10 Pro XL_256GB_Unlocked_Flawless,475.0,https://www.ocbuyback.com/sell/cell-phone/google/pixel-10-pro-xl
Pixel 10 Pro XL_256GB_Unlocked_Good ,405.0,https://www.ocbuyback.com/sell/cell-phone/google/pixel-10-pro-xl
Pixel 10 Pro XL_256GB_Unlocked_Fair,265.0,https://www.ocbuyback.com/sell/cell-phone/google/pixel-10-pro-xl
Pixel 10 Pro XL_256GB_Unlocked_Minor Damage,65.0,https://www.ocbuyback.com/sell/cell-phone/google/pixel-10-pro-xl
Pixel 10 Pro XL_256GB_Unlocked_Broken,10.0,https://www.ocbuyback.com/sell/cell-phone/google/pixel-10-pro-xl
Pixel 10 Pro XL_512GB_AT&T_Brand New,475.0,https://www.ocbuyback.com/sell/cell-phone/google/pixel-10-pro-xl
Pixel 10 Pro XL_512GB_AT&T_Flawless,425.0,https://www.ocbuyback.com/sell/cell-phone/google/pixel-10-pro-xl
Pixel 10 Pro XL_512GB_AT&T_Good ,405.0,https://www.ocbuyback.com/sell/cell-phone/google/pixel-10-pro-xl
Pixel 10 Pro XL_512GB_AT&T_Fair,345.0,https://www.ocbuyback.com/sell/cell-phone/google/pixel-10-pro-xl
Pixel 10 Pro XL_512GB_AT&T_Minor Damage,75.0,https://www.ocbuyback.com/sell/cell-phone/google/pixel-10-pro-xl
Pixel 10 Pro XL_512GB_AT&T_Broken,10.0,https://www.ocbuyback.com/sell/cell-phone/google/pixel-10-pro-xl
Pixel 10 Pro XL_512GB_T-Mobile_Brand New,450.0,https://www.ocbuyback.com/sell/cell-phone/google/pixel-10-pro-xl
Pixel 10 Pro XL_512GB_T-Mobile_Flawless,400.0,https://www.ocbuyback.com/sell/cell-phone/google/pixel-10-pro-xl
Pixel 10 Pro XL_512GB_T-Mobile_Good ,380.0,https://www.ocbuyback.com/sell/cell-phone/google/pixel-10-pro-xl
Pixel 10 Pro XL_512GB_T-Mobile_Fair,320.0,https://www.ocbuyback.com/sell/cell-phone/google/pixel-10-pro-xl
Pixel 10 Pro XL_512GB_T-Mobile_Minor Damage,75.0,https://www.ocbuyback.com/sell/cell-phone/google/pixel-10-pro-xl
Pixel 10 Pro XL_512GB_T-Mobile_Broken,10.0,https://www.ocbuyback.com/sell/cell-phone/google/pixel-10-pro-xl
Pixel 10 Pro XL_512GB_Verizon_Brand New,335.0,https://www.ocbuyback.com/sell/cell-phone/google/pixel-10-pro-xl
Pixel 10 Pro XL_512GB_Verizon_Flawless,285.0,https://www.ocbuyback.com/sell/cell-phone/google/pixel-10-pro-xl
Pixel 10 Pro XL_512GB_Verizon_Good ,265.0,https://www.ocbuyback.com/sell/cell-phone/google/pixel-10-pro-xl
Pixel 10 Pro XL_512GB_Verizon_Fair,205.0,https://www.ocbuyback.com/sell/cell-phone/google/pixel-10-pro-xl
Pixel 10 Pro XL_512GB_Verizon_Minor Damage,50.0,https://www.ocbuyback.com/sell/cell-phone/google/pixel-10-pro-xl
Pixel 10 Pro XL_512GB_Verizon_Broken,10.0,https://www.ocbuyback.com/sell/cell-phone/google/pixel-10-pro-xl
Pixel 10 Pro XL_512GB_Unlocked_Brand New,550.0,https://www.ocbuyback.com/sell/cell-phone/google/pixel-10-pro-xl
Pixel 10 Pro XL_512GB_Unlocked_Flawless,500.0,https://www.ocbuyback.com/sell/cell-phone/google/pixel-10-pro-xl
Pixel 10 Pro XL_512GB_Unlocked_Good ,430.0,https://www.ocbuyback.com/sell/cell-phone/google/pixel-10-pro-xl
Pixel 10 Pro XL_512GB_Unlocked_Fair,285.0,https://www.ocbuyback.com/sell/cell-phone/google/pixel-10-pro-xl
Pixel 10 Pro XL_512GB_Unlocked_Minor Damage,95.0,https://www.ocbuyback.com/sell/cell-phone/google/pixel-10-pro-xl
Pixel 10 Pro XL_512GB_Unlocked_Broken,10.0,https://www.ocbuyback.com/sell/cell-phone/google/pixel-10-pro-xl
Pixel 10 Pro XL_1TB_AT&T_Brand New,490.0,https://www.ocbuyback.com/sell/cell-phone/google/pixel-10-pro-xl
Pixel 10 Pro XL_1TB_AT&T_Flawless,440.0,https://www.ocbuyback.com/sell/cell-phone/google/pixel-10-pro-xl
Pixel 10 Pro XL_1TB_AT&T_Good ,420.0,https://www.ocbuyback.com/sell/cell-phone/google/pixel-10-pro-xl
Pixel 10 Pro XL_1TB_AT&T_Fair,360.0,https://www.ocbuyback.com/sell/cell-phone/google/pixel-10-pro-xl
Pixel 10 Pro XL_1TB_AT&T_Minor Damage,90.0,https://www.ocbuyback.com/sell/cell-phone/google/pixel-10-pro-xl
Pixel 10 Pro XL_1TB_AT&T_Broken,10.0,https://www.ocbuyback.com/sell/cell-phone/google/pixel-10-pro-xl
Pixel 10 Pro XL_1TB_T-Mobile_Brand New,465.0,https://www.ocbuyback.com/sell/cell-phone/google/pixel-10-pro-xl
Pixel 10 Pro XL_1TB_T-Mobile_Flawless,415.0,https://www.ocbuyback.com/sell/cell-phone/google/pixel-10-pro-xl
Pixel 10 Pro XL_1TB_T-Mobile_Good ,395.0,https://www.ocbuyback.com/sell/cell-phone/google/pixel-10-pro-xl
Pixel 10 Pro XL_1TB_T-Mobile_Fair,335.0,https://www.ocbuyback.com/sell/cell-phone/google/pixel-10-pro-xl
Pixel 10 Pro XL_1TB_T-Mobile_Minor Damage,90.0,https://www.ocbuyback.com/sell/cell-phone/google/pixel-10-pro-xl
Pixel 10 Pro XL_1TB_T-Mobile_Broken,10.0,https://www.ocbuyback.com/sell/cell-phone/google/pixel-10-pro-xl
Pixel 10 Pro XL_1TB_Verizon_Brand New,350.0,https://www.ocbuyback.com/sell/cell-phone/google/pixel-10-pro-xl
Pixel 10 Pro XL_1TB_Verizon_Flawless,300.0,https://www.ocbuyback.com/sell/cell-phone/google/pixel-10-pro-xl
Pixel 10 Pro XL_1TB_Verizon_Good ,280.0,https://www.ocbuyback.com/sell/cell-phone/google/pixel-10-pro-xl
Pixel 10 Pro XL_1TB_Verizon_Fair,220.0,https://www.ocbuyback.com/sell/cell-phone/google/pixel-10-pro-xl
Pixel 10 Pro XL_1TB_Verizon_Minor Damage,50.0,https://www.ocbuyback.com/sell/cell-phone/google/pixel-10-pro-xl
Pixel 10 Pro XL_1TB_Verizon_Broken,10.0,https://www.ocbuyback.com/sell/cell-phone/google/pixel-10-pro-xl
Pixel 10 Pro XL_1TB_Unlocked_Brand New,575.0,https://www.ocbuyback.com/sell/cell-phone/google/pixel-10-pro-xl
Pixel 10 Pro XL_1TB_Unlocked_Flawless,525.0,https://www.ocbuyback.com/sell/cell-phone/google/pixel-10-pro-xl
Pixel 10 Pro XL_1TB_Unlocked_Good ,450.0,https://www.ocbuyback.com/sell/cell-phone/google/pixel-10-pro-xl
Pixel 10 Pro XL_1TB_Unlocked_Fair,310.0,https://www.ocbuyback.com/sell/cell-phone/google/pixel-10-pro-xl
Pixel 10 Pro XL_1TB_Unlocked_Minor Damage,110.0,https://www.ocbuyback.com/sell/cell-phone/google/pixel-10-pro-xl
Pixel 10 Pro XL_1TB_Unlocked_Broken,10.0,https://www.ocbuyback.com/sell/cell-phone/google/pixel-10-pro-xl
8 5G_256GB_Unlocked_Flawless,90.0,https://www.ocbuyback.com/sell/cell-phone/oneplus/8-5g
8 5G_256GB_Unlocked_Good ,80.0,https://www.ocbuyback.com/sell/cell-phone/oneplus/8-5g
8 5G_256GB_Unlocked_Fair,50.0,https://www.ocbuyback.com/sell/cell-phone/oneplus/8-5g
8 5G_256GB_Unlocked_Minor Damage,15.0,https://www.ocbuyback.com/sell/cell-phone/oneplus/8-5g
8 5G_256GB_Unlocked_Broken,5.0,https://www.ocbuyback.com/sell/cell-phone/oneplus/8-5g
8 Pro_256GB_Unlocked_Flawless,125.0,https://www.ocbuyback.com/sell/cell-phone/oneplus/8-pro
8 Pro_256GB_Unlocked_Good ,105.0,https://www.ocbuyback.com/sell/cell-phone/oneplus/8-pro
8 Pro_256GB_Unlocked_Fair,75.0,https://www.ocbuyback.com/sell/cell-phone/oneplus/8-pro
8 Pro_256GB_Unlocked_Minor Damage,35.0,https://www.ocbuyback.com/sell/cell-phone/oneplus/8-pro
8 Pro_256GB_Unlocked_Broken,5.0,https://www.ocbuyback.com/sell/cell-phone/oneplus/8-pro
9_128GB_T-Mobile_Brand New,100.0,https://www.ocbuyback.com/sell/cell-phone/oneplus/9
9_128GB_T-Mobile_Flawless,70.0,https://www.ocbuyback.com/sell/cell-phone/oneplus/9
9_128GB_T-Mobile_Good ,60.0,https://www.ocbuyback.com/sell/cell-phone/oneplus/9
9_128GB_T-Mobile_Fair,30.0,https://www.ocbuyback.com/sell/cell-phone/oneplus/9
9_128GB_T-Mobile_Minor Damage,10.0,https://www.ocbuyback.com/sell/cell-phone/oneplus/9
9_128GB_T-Mobile_Broken,5.0,https://www.ocbuyback.com/sell/cell-phone/oneplus/9
9_128GB_Verizon_Brand New,110.0,https://www.ocbuyback.com/sell/cell-phone/oneplus/9
9_128GB_Verizon_Flawless,80.0,https://www.ocbuyback.com/sell/cell-phone/oneplus/9
9_128GB_Verizon_Good ,70.0,https://www.ocbuyback.com/sell/cell-phone/oneplus/9
9_128GB_Verizon_Fair,40.0,https://www.ocbuyback.com/sell/cell-phone/oneplus/9
9_128GB_Verizon_Minor Damage,10.0,https://www.ocbuyback.com/sell/cell-phone/oneplus/9
9_128GB_Verizon_Broken,5.0,https://www.ocbuyback.com/sell/cell-phone/oneplus/9
9_128GB_Unlocked_Brand New,120.0,https://www.ocbuyback.com/sell/cell-phone/oneplus/9
9_128GB_Unlocked_Flawless,90.0,https://www.ocbuyback.com/sell/cell-phone/oneplus/9
9_128GB_Unlocked_Good ,80.0,https://www.ocbuyback.com/sell/cell-phone/oneplus/9
9_128GB_Unlocked_Fair,50.0,https://www.ocbuyback.com/sell/cell-phone/oneplus/9
9_128GB_Unlocked_Minor Damage,15.0,https://www.ocbuyback.com/sell/cell-phone/oneplus/9
9_128GB_Unlocked_Broken,5.0,https://www.ocbuyback.com/sell/cell-phone/oneplus/9
9_256GB_T-Mobile_Brand New,115.0,https://www.ocbuyback.com/sell/cell-phone/oneplus/9
9_256GB_T-Mobile_Flawless,85.0,https://www.ocbuyback.com/sell/cell-phone/oneplus/9
9_256GB_T-Mobile_Good ,75.0,https://www.ocbuyback.com/sell/cell-phone/oneplus/9
9_256GB_T-Mobile_Fair,45.0,https://www.ocbuyback.com/sell/cell-phone/oneplus/9
9_256GB_T-Mobile_Minor Damage,15.0,https://www.ocbuyback.com/sell/cell-phone/oneplus/9
9_256GB_T-Mobile_Broken,5.0,https://www.ocbuyback.com/sell/cell-phone/oneplus/9
9_256GB_Verizon_Brand New,125.0,https://www.ocbuyback.com/sell/cell-phone/oneplus/9
9_256GB_Verizon_Flawless,95.0,https://www.ocbuyback.com/sell/cell-phone/oneplus/9
9_256GB_Verizon_Good ,85.0,https://www.ocbuyback.com/sell/cell-phone/oneplus/9
9_256GB_Verizon_Fair,55.0,https://www.ocbuyback.com/sell/cell-phone/oneplus/9
9_256GB_Verizon_Minor Damage,15.0,https://www.ocbuyback.com/sell/cell-phone/oneplus/9
9_256GB_Verizon_Broken,5.0,https://www.ocbuyback.com/sell/cell-phone/oneplus/9
9_256GB_Unlocked_Brand New,135.0,https://www.ocbuyback.com/sell/cell-phone/oneplus/9
9_256GB_Unlocked_Flawless,105.0,https://www.ocbuyback.com/sell/cell-phone/oneplus/9
9_256GB_Unlocked_Good ,95.0,https://www.ocbuyback.com/sell/cell-phone/oneplus/9
9_256GB_Unlocked_Fair,65.0,https://www.ocbuyback.com/sell/cell-phone/oneplus/9
9_256GB_Unlocked_Minor Damage,20.0,https://www.ocbuyback.com/sell/cell-phone/oneplus/9
9_256GB_Unlocked_Broken,5.0,https://www.ocbuyback.com/sell/cell-phone/oneplus/9
9 Pro_128GB_T-Mobile_Brand New,130.0,https://www.ocbuyback.com/sell/cell-phone/oneplus/9-pro
9 Pro_128GB_T-Mobile_Flawless,90.0,https://www.ocbuyback.com/sell/cell-phone/oneplus/9-pro
9 Pro_128GB_T-Mobile_Good ,70.0,https://www.ocbuyback.com/sell/cell-phone/oneplus/9-pro
9 Pro_128GB_T-Mobile_Fair,40.0,https://www.ocbuyback.com/sell/cell-phone/oneplus/9-pro
9 Pro_128GB_T-Mobile_Minor Damage,10.0,https://www.ocbuyback.com/sell/cell-phone/oneplus/9-pro
9 Pro_128GB_Verizon_Brand New,140.0,https://www.ocbuyback.com/sell/cell-phone/oneplus/9-pro
9 Pro_128GB_Verizon_Flawless,110.0,https://www.ocbuyback.com/sell/cell-phone/oneplus/9-pro
9 Pro_128GB_Verizon_Good ,90.0,https://www.ocbuyback.com/sell/cell-phone/oneplus/9-pro
9 Pro_128GB_Verizon_Fair,60.0,https://www.ocbuyback.com/sell/cell-phone/oneplus/9-pro
9 Pro_128GB_Verizon_Minor Damage,20.0,https://www.ocbuyback.com/sell/cell-phone/oneplus/9-pro
9 Pro_128GB_Unlocked_Brand New,150.0,https://www.ocbuyback.com/sell/cell-phone/oneplus/9-pro
9 Pro_128GB_Unlocked_Flawless,110.0,https://www.ocbuyback.com/sell/cell-phone/oneplus/9-pro
9 Pro_128GB_Unlocked_Good ,90.0,https://www.ocbuyback.com/sell/cell-phone/oneplus/9-pro
9 Pro_128GB_Unlocked_Fair,60.0,https://www.ocbuyback.com/sell/cell-phone/oneplus/9-pro
9 Pro_128GB_Unlocked_Minor Damage,20.0,https://www.ocbuyback.com/sell/cell-phone/oneplus/9-pro
9 Pro_256GB_T-Mobile_Brand New,150.0,https://www.ocbuyback.com/sell/cell-phone/oneplus/9-pro
9 Pro_256GB_T-Mobile_Flawless,110.0,https://www.ocbuyback.com/sell/cell-phone/oneplus/9-pro
9 Pro_256GB_T-Mobile_Good ,90.0,https://www.ocbuyback.com/sell/cell-phone/oneplus/9-pro
9 Pro_256GB_T-Mobile_Fair,60.0,https://www.ocbuyback.com/sell/cell-phone/oneplus/9-pro
9 Pro_256GB_T-Mobile_Minor Damage,10.0,https://www.ocbuyback.com/sell/cell-phone/oneplus/9-pro
9 Pro_256GB_Verizon_Brand New,160.0,https://www.ocbuyback.com/sell/cell-phone/oneplus/9-pro
9 Pro_256GB_Verizon_Flawless,120.0,https://www.ocbuyback.com/sell/cell-phone/oneplus/9-pro
9 Pro_256GB_Verizon_Good ,100.0,https://www.ocbuyback.com/sell/cell-phone/oneplus/9-pro
9 Pro_256GB_Verizon_Fair,70.0,https://www.ocbuyback.com/sell/cell-phone/oneplus/9-pro
9 Pro_256GB_Verizon_Minor Damage,35.0,https://www.ocbuyback.com/sell/cell-phone/oneplus/9-pro
9 Pro_256GB_Unlocked_Brand New,170.0,https://www.ocbuyback.com/sell/cell-phone/oneplus/9-pro
9 Pro_256GB_Unlocked_Flawless,130.0,https://www.ocbuyback.com/sell/cell-phone/oneplus/9-pro
9 Pro_256GB_Unlocked_Good ,110.0,https://www.ocbuyback.com/sell/cell-phone/oneplus/9-pro
9 Pro_256GB_Unlocked_Fair,80.0,https://www.ocbuyback.com/sell/cell-phone/oneplus/9-pro
9 Pro_256GB_Unlocked_Minor Damage,35.0,https://www.ocbuyback.com/sell/cell-phone/oneplus/9-pro
10 Pro_128GB_T-Mobile_Flawless,75.0,https://www.ocbuyback.com/sell/cell-phone/oneplus/10-pro
10 Pro_128GB_T-Mobile_Good ,50.0,https://www.ocbuyback.com/sell/cell-phone/oneplus/10-pro
10 Pro_128GB_T-Mobile_Fair,10.0,https://www.ocbuyback.com/sell/cell-phone/oneplus/10-pro
10 Pro_128GB_T-Mobile_Minor Damage,10.0,https://www.ocbuyback.com/sell/cell-phone/oneplus/10-pro
10 Pro_128GB_Unlocked_Brand New,210.0,https://www.ocbuyback.com/sell/cell-phone/oneplus/10-pro
10 Pro_128GB_Unlocked_Brand New,175.0,https://www.ocbuyback.com/sell/cell-phone/oneplus/10-pro
10 Pro_128GB_Unlocked_Flawless,125.0,https://www.ocbuyback.com/sell/cell-phone/oneplus/10-pro
10 Pro_128GB_Unlocked_Flawless,200.0,https://www.ocbuyback.com/sell/cell-phone/oneplus/10-pro
10 Pro_128GB_Unlocked_Flawless,180.0,https://www.ocbuyback.com/sell/cell-phone/oneplus/10-pro
10 Pro_128GB_Unlocked_Good ,100.0,https://www.ocbuyback.com/sell/cell-phone/oneplus/10-pro
10 Pro_128GB_Unlocked_Good ,170.0,https://www.ocbuyback.com/sell/cell-phone/oneplus/10-pro
10 Pro_128GB_Unlocked_Fair,100.0,https://www.ocbuyback.com/sell/cell-phone/oneplus/10-pro
10 Pro_128GB_Unlocked_Fair,60.0,https://www.ocbuyback.com/sell/cell-phone/oneplus/10-pro
10 Pro_128GB_Unlocked_Fair,120.0,https://www.ocbuyback.com/sell/cell-phone/oneplus/10-pro
10 Pro_128GB_Unlocked_Minor Damage,70.0,https://www.ocbuyback.com/sell/cell-phone/oneplus/10-pro
10 Pro_128GB_Unlocked_Minor Damage,20.0,https://www.ocbuyback.com/sell/cell-phone/oneplus/10-pro
10 Pro_256GB_T-Mobile_Flawless,105.0,https://www.ocbuyback.com/sell/cell-phone/oneplus/10-pro
10 Pro_256GB_T-Mobile_Good ,80.0,https://www.ocbuyback.com/sell/cell-phone/oneplus/10-pro
10 Pro_256GB_T-Mobile_Fair,40.0,https://www.ocbuyback.com/sell/cell-phone/oneplus/10-pro
10 Pro_256GB_T-Mobile_Minor Damage,12.0,https://www.ocbuyback.com/sell/cell-phone/oneplus/10-pro
10 Pro_256GB_Unlocked_Brand New,265.0,https://www.ocbuyback.com/sell/cell-phone/oneplus/10-pro
10 Pro_256GB_Unlocked_Brand New,205.0,https://www.ocbuyback.com/sell/cell-phone/oneplus/10-pro
10 Pro_256GB_Unlocked_Flawless,210.0,https://www.ocbuyback.com/sell/cell-phone/oneplus/10-pro
10 Pro_256GB_Unlocked_Flawless,155.0,https://www.ocbuyback.com/sell/cell-phone/oneplus/10-pro
10 Pro_256GB_Unlocked_Good ,205.0,https://www.ocbuyback.com/sell/cell-phone/oneplus/10-pro
10 Pro_256GB_Unlocked_Good ,130.0,https://www.ocbuyback.com/sell/cell-phone/oneplus/10-pro
10 Pro_256GB_Unlocked_Good ,205.0,https://www.ocbuyback.com/sell/cell-phone/oneplus/10-pro
10 Pro_256GB_Unlocked_Fair,155.0,https://www.ocbuyback.com/sell/cell-phone/oneplus/10-pro
10 Pro_256GB_Unlocked_Fair,130.0,https://www.ocbuyback.com/sell/cell-phone/oneplus/10-pro
10 Pro_256GB_Unlocked_Fair,90.0,https://www.ocbuyback.com/sell/cell-phone/oneplus/10-pro
10 Pro_256GB_Unlocked_Minor Damage,22.0,https://www.ocbuyback.com/sell/cell-phone/oneplus/10-pro
10 Pro_256GB_Unlocked_Minor Damage,32.0,https://www.ocbuyback.com/sell/cell-phone/oneplus/10-pro
10 Pro_256GB_Unlocked_Minor Damage,90.0,https://www.ocbuyback.com/sell/cell-phone/oneplus/10-pro
10 Pro_512GB_T-Mobile_Flawless,105.0,https://www.ocbuyback.com/sell/cell-phone/oneplus/10-pro
10 Pro_512GB_T-Mobile_Good ,80.0,https://www.ocbuyback.com/sell/cell-phone/oneplus/10-pro
10 Pro_512GB_T-Mobile_Fair,40.0,https://www.ocbuyback.com/sell/cell-phone/oneplus/10-pro
10 Pro_512GB_T-Mobile_Minor Damage,13.0,https://www.ocbuyback.com/sell/cell-phone/oneplus/10-pro
10 Pro_512GB_Unlocked_Flawless,155.0,https://www.ocbuyback.com/sell/cell-phone/oneplus/10-pro
10 Pro_512GB_Unlocked_Good ,130.0,https://www.ocbuyback.com/sell/cell-phone/oneplus/10-pro
10 Pro_512GB_Unlocked_Fair,90.0,https://www.ocbuyback.com/sell/cell-phone/oneplus/10-pro
10 Pro_512GB_Unlocked_Minor Damage,23.0,https://www.ocbuyback.com/sell/cell-phone/oneplus/10-pro
11_128GB_T-Mobile_Flawless,200.0,https://www.ocbuyback.com/sell/cell-phone/oneplus/11
11_128GB_T-Mobile_Good ,170.0,https://www.ocbuyback.com/sell/cell-phone/oneplus/11
11_128GB_T-Mobile_Fair,115.0,https://www.ocbuyback.com/sell/cell-phone/oneplus/11
11_128GB_T-Mobile_Minor Damage,50.0,https://www.ocbuyback.com/sell/cell-phone/oneplus/11
11_128GB_T-Mobile_Broken,20.0,https://www.ocbuyback.com/sell/cell-phone/oneplus/11
11_128GB_Unlocked_Flawless,250.0,https://www.ocbuyback.com/sell/cell-phone/oneplus/11
11_128GB_Unlocked_Good ,220.0,https://www.ocbuyback.com/sell/cell-phone/oneplus/11
11_128GB_Unlocked_Fair,165.0,https://www.ocbuyback.com/sell/cell-phone/oneplus/11
11_128GB_Unlocked_Minor Damage,75.0,https://www.ocbuyback.com/sell/cell-phone/oneplus/11
11_128GB_Unlocked_Broken,20.0,https://www.ocbuyback.com/sell/cell-phone/oneplus/11
11_256GB_T-Mobile_Flawless,220.0,https://www.ocbuyback.com/sell/cell-phone/oneplus/11
11_256GB_T-Mobile_Good ,190.0,https://www.ocbuyback.com/sell/cell-phone/oneplus/11
11_256GB_T-Mobile_Fair,135.0,https://www.ocbuyback.com/sell/cell-phone/oneplus/11
11_256GB_T-Mobile_Minor Damage,55.0,https://www.ocbuyback.com/sell/cell-phone/oneplus/11
11_256GB_T-Mobile_Broken,20.0,https://www.ocbuyback.com/sell/cell-phone/oneplus/11
11_256GB_Unlocked_Flawless,270.0,https://www.ocbuyback.com/sell/cell-phone/oneplus/11
11_256GB_Unlocked_Good ,240.0,https://www.ocbuyback.com/sell/cell-phone/oneplus/11
11_256GB_Unlocked_Fair,185.0,https://www.ocbuyback.com/sell/cell-phone/oneplus/11
11_256GB_Unlocked_Minor Damage,80.0,https://www.ocbuyback.com/sell/cell-phone/oneplus/11
11_256GB_Unlocked_Broken,20.0,https://www.ocbuyback.com/sell/cell-phone/oneplus/11
11_512GB_T-Mobile_Flawless,240.0,https://www.ocbuyback.com/sell/cell-phone/oneplus/11
11_512GB_T-Mobile_Good ,210.0,https://www.ocbuyback.com/sell/cell-phone/oneplus/11
11_512GB_T-Mobile_Fair,155.0,https://www.ocbuyback.com/sell/cell-phone/oneplus/11
11_512GB_T-Mobile_Minor Damage,65.0,https://www.ocbuyback.com/sell/cell-phone/oneplus/11
11_512GB_T-Mobile_Broken,20.0,https://www.ocbuyback.com/sell/cell-phone/oneplus/11
11_512GB_Unlocked_Flawless,290.0,https://www.ocbuyback.com/sell/cell-phone/oneplus/11
11_512GB_Unlocked_Good ,260.0,https://www.ocbuyback.com/sell/cell-phone/oneplus/11
11_512GB_Unlocked_Fair,205.0,https://www.ocbuyback.com/sell/cell-phone/oneplus/11
11_512GB_Unlocked_Minor Damage,90.0,https://www.ocbuyback.com/sell/cell-phone/oneplus/11
11_512GB_Unlocked_Broken,20.0,https://www.ocbuyback.com/sell/cell-phone/oneplus/11
Open_512GB_T-Mobile_Brand New,535.0,https://www.ocbuyback.com/sell/cell-phone/oneplus/open
Open_512GB_T-Mobile_Flawless,485.0,https://www.ocbuyback.com/sell/cell-phone/oneplus/open
Open_512GB_T-Mobile_Good ,415.0,https://www.ocbuyback.com/sell/cell-phone/oneplus/open
Open_512GB_T-Mobile_Fair,335.0,https://www.ocbuyback.com/sell/cell-phone/oneplus/open
Open_512GB_T-Mobile_Minor Damage,100.0,https://www.ocbuyback.com/sell/cell-phone/oneplus/open
Open_512GB_T-Mobile_Broken,20.0,https://www.ocbuyback.com/sell/cell-phone/oneplus/open
Open_512GB_Unlocked_Brand New,600.0,https://www.ocbuyback.com/sell/cell-phone/oneplus/open
Open_512GB_Unlocked_Flawless,550.0,https://www.ocbuyback.com/sell/cell-phone/oneplus/open
Open_512GB_Unlocked_Good ,480.0,https://www.ocbuyback.com/sell/cell-phone/oneplus/open
Open_512GB_Unlocked_Fair,400.0,https://www.ocbuyback.com/sell/cell-phone/oneplus/open
Open_512GB_Unlocked_Minor Damage,150.0,https://www.ocbuyback.com/sell/cell-phone/oneplus/open
Open_512GB_Unlocked_Broken,20.0,https://www.ocbuyback.com/sell/cell-phone/oneplus/open
12_256GB_Unlocked_Brand New,390.0,https://www.ocbuyback.com/sell/cell-phone/oneplus/12
12_256GB_Unlocked_Flawless,340.0,https://www.ocbuyback.com/sell/cell-phone/oneplus/12
12_256GB_Unlocked_Good ,295.0,https://www.ocbuyback.com/sell/cell-phone/oneplus/12
12_256GB_Unlocked_Fair,250.0,https://www.ocbuyback.com/sell/cell-phone/oneplus/12
12_256GB_Unlocked_Minor Damage,70.0,https://www.ocbuyback.com/sell/cell-phone/oneplus/12
12_256GB_Unlocked_Broken,10.0,https://www.ocbuyback.com/sell/cell-phone/oneplus/12
12_512GB_Unlocked_Brand New,420.0,https://www.ocbuyback.com/sell/cell-phone/oneplus/12
12_512GB_Unlocked_Flawless,370.0,https://www.ocbuyback.com/sell/cell-phone/oneplus/12
12_512GB_Unlocked_Good ,325.0,https://www.ocbuyback.com/sell/cell-phone/oneplus/12
12_512GB_Unlocked_Fair,280.0,https://www.ocbuyback.com/sell/cell-phone/oneplus/12
12_512GB_Unlocked_Minor Damage,85.0,https://www.ocbuyback.com/sell/cell-phone/oneplus/12
12_512GB_Unlocked_Broken,10.0,https://www.ocbuyback.com/sell/cell-phone/oneplus/12
12R_128GB_T-Mobile_Brand New,220.0,https://www.ocbuyback.com/sell/cell-phone/oneplus/12r
12R_128GB_T-Mobile_Flawless,170.0,https://www.ocbuyback.com/sell/cell-phone/oneplus/12r
12R_128GB_T-Mobile_Good ,140.0,https://www.ocbuyback.com/sell/cell-phone/oneplus/12r
12R_128GB_T-Mobile_Fair,75.0,https://www.ocbuyback.com/sell/cell-phone/oneplus/12r
12R_128GB_T-Mobile_Minor Damage,50.0,https://www.ocbuyback.com/sell/cell-phone/oneplus/12r
12R_128GB_T-Mobile_Broken,10.0,https://www.ocbuyback.com/sell/cell-phone/oneplus/12r
12R_128GB_Unlocked_Brand New,270.0,https://www.ocbuyback.com/sell/cell-phone/oneplus/12r
12R_128GB_Unlocked_Flawless,220.0,https://www.ocbuyback.com/sell/cell-phone/oneplus/12r
12R_128GB_Unlocked_Good ,190.0,https://www.ocbuyback.com/sell/cell-phone/oneplus/12r
12R_128GB_Unlocked_Fair,125.0,https://www.ocbuyback.com/sell/cell-phone/oneplus/12r
12R_128GB_Unlocked_Minor Damage,75.0,https://www.ocbuyback.com/sell/cell-phone/oneplus/12r
12R_128GB_Unlocked_Broken,10.0,https://www.ocbuyback.com/sell/cell-phone/oneplus/12r
12R_256GB_T-Mobile_Brand New,255.0,https://www.ocbuyback.com/sell/cell-phone/oneplus/12r
12R_256GB_T-Mobile_Flawless,205.0,https://www.ocbuyback.com/sell/cell-phone/oneplus/12r
12R_256GB_T-Mobile_Good ,175.0,https://www.ocbuyback.com/sell/cell-phone/oneplus/12r
12R_256GB_T-Mobile_Fair,110.0,https://www.ocbuyback.com/sell/cell-phone/oneplus/12r
12R_256GB_T-Mobile_Minor Damage,55.0,https://www.ocbuyback.com/sell/cell-phone/oneplus/12r
12R_256GB_T-Mobile_Broken,10.0,https://www.ocbuyback.com/sell/cell-phone/oneplus/12r
12R_256GB_Unlocked_Brand New,305.0,https://www.ocbuyback.com/sell/cell-phone/oneplus/12r
12R_256GB_Unlocked_Flawless,255.0,https://www.ocbuyback.com/sell/cell-phone/oneplus/12r
12R_256GB_Unlocked_Good ,225.0,https://www.ocbuyback.com/sell/cell-phone/oneplus/12r
12R_256GB_Unlocked_Fair,160.0,https://www.ocbuyback.com/sell/cell-phone/oneplus/12r
12R_256GB_Unlocked_Minor Damage,80.0,https://www.ocbuyback.com/sell/cell-phone/oneplus/12r
12R_256GB_Unlocked_Broken,10.0,https://www.ocbuyback.com/sell/cell-phone/oneplus/12r
13_256GB_Unlocked_Brand New,490.0,https://www.ocbuyback.com/sell/cell-phone/oneplus/13
13_256GB_Unlocked_Flawless,440.0,https://www.ocbuyback.com/sell/cell-phone/oneplus/13
13_256GB_Unlocked_Good ,380.0,https://www.ocbuyback.com/sell/cell-phone/oneplus/13
13_256GB_Unlocked_Fair,300.0,https://www.ocbuyback.com/sell/cell-phone/oneplus/13
13_256GB_Unlocked_Minor Damage,150.0,https://www.ocbuyback.com/sell/cell-phone/oneplus/13
13_256GB_Unlocked_Broken,10.0,https://www.ocbuyback.com/sell/cell-phone/oneplus/13
13_512GB_Unlocked_Brand New,525.0,https://www.ocbuyback.com/sell/cell-phone/oneplus/13
13_512GB_Unlocked_Flawless,475.0,https://www.ocbuyback.com/sell/cell-phone/oneplus/13
13_512GB_Unlocked_Good ,415.0,https://www.ocbuyback.com/sell/cell-phone/oneplus/13
13_512GB_Unlocked_Fair,335.0,https://www.ocbuyback.com/sell/cell-phone/oneplus/13
13_512GB_Unlocked_Minor Damage,165.0,https://www.ocbuyback.com/sell/cell-phone/oneplus/13
13_512GB_Unlocked_Broken,10.0,https://www.ocbuyback.com/sell/cell-phone/oneplus/13
13R_256GB_Unlocked_Brand New,340.0,https://www.ocbuyback.com/sell/cell-phone/oneplus/13r
13R_256GB_Unlocked_Flawless,290.0,https://www.ocbuyback.com/sell/cell-phone/oneplus/13r
13R_256GB_Unlocked_Good ,225.0,https://www.ocbuyback.com/sell/cell-phone/oneplus/13r
13R_256GB_Unlocked_Fair,160.0,https://www.ocbuyback.com/sell/cell-phone/oneplus/13r
13R_256GB_Unlocked_Minor Damage,80.0,https://www.ocbuyback.com/sell/cell-phone/oneplus/13r
13R_256GB_Unlocked_Broken,10.0,https://www.ocbuyback.com/sell/cell-phone/oneplus/13r
13R_512GB_Unlocked_Brand New,375.0,https://www.ocbuyback.com/sell/cell-phone/oneplus/13r
13R_512GB_Unlocked_Flawless,325.0,https://www.ocbuyback.com/sell/cell-phone/oneplus/13r
13R_512GB_Unlocked_Good ,260.0,https://www.ocbuyback.com/sell/cell-phone/oneplus/13r
13R_512GB_Unlocked_Fair,195.0,https://www.ocbuyback.com/sell/cell-phone/oneplus/13r
13R_512GB_Unlocked_Minor Damage,85.0,https://www.ocbuyback.com/sell/cell-phone/oneplus/13r
13R_512GB_Unlocked_Broken,10.0,https://www.ocbuyback.com/sell/cell-phone/oneplus/13r
iPod Touch 7th Gen_32GB_Other_Flawless,30.0,https://www.ocbuyback.com/sell/ipod/apple/ipod-touch-7th-gen
iPod Touch 7th Gen_32GB_Other_Good ,25.0,https://www.ocbuyback.com/sell/ipod/apple/ipod-touch-7th-gen
iPod Touch 7th Gen_32GB_Other_Fair,15.0,https://www.ocbuyback.com/sell/ipod/apple/ipod-touch-7th-gen
iPod Touch 7th Gen_128GB_Other_Flawless,60.0,https://www.ocbuyback.com/sell/ipod/apple/ipod-touch-7th-gen
iPod Touch 7th Gen_128GB_Other_Good ,40.0,https://www.ocbuyback.com/sell/ipod/apple/ipod-touch-7th-gen
iPod Touch 7th Gen_128GB_Other_Fair,20.0,https://www.ocbuyback.com/sell/ipod/apple/ipod-touch-7th-gen
iPod Touch 7th Gen_256GB_Other_Flawless,70.0,https://www.ocbuyback.com/sell/ipod/apple/ipod-touch-7th-gen
iPod Touch 7th Gen_256GB_Other_Good ,50.0,https://www.ocbuyback.com/sell/ipod/apple/ipod-touch-7th-gen
iPod Touch 7th Gen_256GB_Other_Fair,30.0,https://www.ocbuyback.com/sell/ipod/apple/ipod-touch-7th-gen
Max_0_-_Flawless,60.0,https://www.ocbuyback.com/sell/gopro/gopro/max
Max_0_-_Good ,50.0,https://www.ocbuyback.com/sell/gopro/gopro/max
Max_0_-_Fair,40.0,https://www.ocbuyback.com/sell/gopro/gopro/max
Hero 8 Black_0_-_Flawless,50.0,https://www.ocbuyback.com/sell/gopro/gopro/hero-8-black
Hero 8 Black_0_-_Good ,30.0,https://www.ocbuyback.com/sell/gopro/gopro/hero-8-black
Hero 8 Black_0_-_Fair,10.0,https://www.ocbuyback.com/sell/gopro/gopro/hero-8-black
Hero 9 Black_0_-_Flawless,64.0,https://www.ocbuyback.com/sell/gopro/gopro/hero-9-black
Hero 9 Black_0_-_Good ,45.0,https://www.ocbuyback.com/sell/gopro/gopro/hero-9-black
Hero 9 Black_0_-_Fair,25.0,https://www.ocbuyback.com/sell/gopro/gopro/hero-9-black
Hero 10_0_-_Flawless,65.0,https://www.ocbuyback.com/sell/gopro/gopro/hero-10
Hero 10_0_-_Good ,45.0,https://www.ocbuyback.com/sell/gopro/gopro/hero-10
Hero 10_0_-_Fair,10.0,https://www.ocbuyback.com/sell/gopro/gopro/hero-10
Hero 11 Black_0_-_Flawless,85.0,https://www.ocbuyback.com/sell/gopro/gopro/hero-11-black
Hero 11 Black_0_-_Good ,55.0,https://www.ocbuyback.com/sell/gopro/gopro/hero-11-black
Hero 11 Black_0_-_Fair,25.0,https://www.ocbuyback.com/sell/gopro/gopro/hero-11-black
Hero 11 Black Mini_0_-_Flawless,50.0,https://www.ocbuyback.com/sell/gopro/gopro/hero-11-black-mini
Hero 11 Black Mini_0_-_Good ,40.0,https://www.ocbuyback.com/sell/gopro/gopro/hero-11-black-mini
Hero 11 Black Mini_0_-_Fair,15.0,https://www.ocbuyback.com/sell/gopro/gopro/hero-11-black-mini
Hero 12 Black_0_-_Flawless,100.0,https://www.ocbuyback.com/sell/gopro/gopro/hero-12-black
Hero 12 Black_0_-_Good ,80.0,https://www.ocbuyback.com/sell/gopro/gopro/hero-12-black
Hero 12 Black_0_-_Fair,50.0,https://www.ocbuyback.com/sell/gopro/gopro/hero-12-black
vision pro_1TB_-_Brand New,1150.0,https://www.ocbuyback.com/sell/vr/apple/vision-pro
vision pro_1TB_-_Flawless,1100.0,https://www.ocbuyback.com/sell/vr/apple/vision-pro
vision pro_1TB_-_Good ,850.0,https://www.ocbuyback.com/sell/vr/apple/vision-pro
vision pro_1TB_-_Fair,400.0,https://www.ocbuyback.com/sell/vr/apple/vision-pro
vision pro m5_256GB_-_Brand New,1890.0,https://www.ocbuyback.com/sell/vr/apple/vision-pro-m5
vision pro m5_256GB_-_Flawless,1790.0,https://www.ocbuyback.com/sell/vr/apple/vision-pro-m5
vision pro m5_256GB_-_Good ,1490.0,https://www.ocbuyback.com/sell/vr/apple/vision-pro-m5
vision pro m5_256GB_-_Fair,1040.0,https://www.ocbuyback.com/sell/vr/apple/vision-pro-m5
vision pro m5_512GB_-_Brand New,2040.0,https://www.ocbuyback.com/sell/vr/apple/vision-pro-m5
vision pro m5_512GB_-_Flawless,1940.0,https://www.ocbuyback.com/sell/vr/apple/vision-pro-m5
vision pro m5_512GB_-_Good ,1640.0,https://www.ocbuyback.com/sell/vr/apple/vision-pro-m5
vision pro m5_512GB_-_Fair,1190.0,https://www.ocbuyback.com/sell/vr/apple/vision-pro-m5
vision pro m5_1TB_-_Brand New,2190.0,https://www.ocbuyback.com/sell/vr/apple/vision-pro-m5
vision pro m5_1TB_-_Flawless,2090.0,https://www.ocbuyback.com/sell/vr/apple/vision-pro-m5
vision pro m5_1TB_-_Good ,1790.0,https://www.ocbuyback.com/sell/vr/apple/vision-pro-m5
vision pro m5_1TB_-_Fair,1340.0,https://www.ocbuyback.com/sell/vr/apple/vision-pro-m5
Xbox One S_500GB_-_Flawless,35.0,https://www.ocbuyback.com/sell/game-console/microsoft/xbox-one-s
Xbox One S_500GB_-_Good ,20.0,https://www.ocbuyback.com/sell/game-console/microsoft/xbox-one-s
Xbox One S_500GB_-_Fair,5.0,https://www.ocbuyback.com/sell/game-console/microsoft/xbox-one-s
Xbox One S_1TB_-_Flawless,45.0,https://www.ocbuyback.com/sell/game-console/microsoft/xbox-one-s
Xbox One S_1TB_-_Good ,30.0,https://www.ocbuyback.com/sell/game-console/microsoft/xbox-one-s
Xbox One S_1TB_-_Fair,10.0,https://www.ocbuyback.com/sell/game-console/microsoft/xbox-one-s
Xbox One S_2TB_-_Flawless,60.0,https://www.ocbuyback.com/sell/game-console/microsoft/xbox-one-s
Xbox One S_2TB_-_Good ,45.0,https://www.ocbuyback.com/sell/game-console/microsoft/xbox-one-s
Xbox One S_2TB_-_Fair,25.0,https://www.ocbuyback.com/sell/game-console/microsoft/xbox-one-s
Xbox Series S_512GB_-_Flawless,120.0,https://www.ocbuyback.com/sell/game-console/microsoft/xbox-series-s
Xbox Series S_512GB_-_Good ,85.0,https://www.ocbuyback.com/sell/game-console/microsoft/xbox-series-s
Xbox Series S_512GB_-_Fair,55.0,https://www.ocbuyback.com/sell/game-console/microsoft/xbox-series-s
Xbox Series S_1TB_-_Flawless,145.0,https://www.ocbuyback.com/sell/game-console/microsoft/xbox-series-s
Xbox Series S_1TB_-_Good ,110.0,https://www.ocbuyback.com/sell/game-console/microsoft/xbox-series-s
Xbox Series S_1TB_-_Fair,75.0,https://www.ocbuyback.com/sell/game-console/microsoft/xbox-series-s
Xbox Series X_1TB_-_Brand New,335.0,https://www.ocbuyback.com/sell/game-console/microsoft/xbox-series-x
Xbox Series X_1TB_-_Flawless,295.0,https://www.ocbuyback.com/sell/game-console/microsoft/xbox-series-x
Xbox Series X_1TB_-_Good ,240.0,https://www.ocbuyback.com/sell/game-console/microsoft/xbox-series-x
Xbox Series X_1TB_-_Fair,170.0,https://www.ocbuyback.com/sell/game-console/microsoft/xbox-series-x
Xbox Series X_2TB_-_Brand New,460.0,https://www.ocbuyback.com/sell/game-console/microsoft/xbox-series-x
Xbox Series X_2TB_-_Flawless,420.0,https://www.ocbuyback.com/sell/game-console/microsoft/xbox-series-x
Xbox Series X_2TB_-_Good ,370.0,https://www.ocbuyback.com/sell/game-console/microsoft/xbox-series-x
Xbox Series X_2TB_-_Fair,270.0,https://www.ocbuyback.com/sell/game-console/microsoft/xbox-series-x
rog ally_-_-_Brand New,215.0,https://www.ocbuyback.com/sell/game-console/asus/rog-ally
rog ally_-_-_Flawless,190.0,https://www.ocbuyback.com/sell/game-console/asus/rog-ally
rog ally_-_-_Good ,150.0,https://www.ocbuyback.com/sell/game-console/asus/rog-ally
rog ally_-_-_Fair,105.0,https://www.ocbuyback.com/sell/game-console/asus/rog-ally
Switch_-_-_Brand New,100.0,https://www.ocbuyback.com/sell/game-console/nintendo/switch
Switch_-_-_Flawless,80.0,https://www.ocbuyback.com/sell/game-console/nintendo/switch
Switch_-_-_Good ,60.0,https://www.ocbuyback.com/sell/game-console/nintendo/switch
Switch_-_-_Fair,30.0,https://www.ocbuyback.com/sell/game-console/nintendo/switch
Switch 2_-_-_Brand New,315.0,https://www.ocbuyback.com/sell/game-console/nintendo/switch-2
Switch 2_-_-_Flawless,275.0,https://www.ocbuyback.com/sell/game-console/nintendo/switch-2
Switch 2_-_-_Good ,250.0,https://www.ocbuyback.com/sell/game-console/nintendo/switch-2
Switch 2_-_-_Fair,170.0,https://www.ocbuyback.com/sell/game-console/nintendo/switch-2
Switch Lite_-_-_Brand New,55.0,https://www.ocbuyback.com/sell/game-console/nintendo/switch-lite
Switch Lite_-_-_Flawless,45.0,https://www.ocbuyback.com/sell/game-console/nintendo/switch-lite
Switch Lite_-_-_Good ,35.0,https://www.ocbuyback.com/sell/game-console/nintendo/switch-lite
Switch Lite_-_-_Fair,25.0,https://www.ocbuyback.com/sell/game-console/nintendo/switch-lite
Switch OLED_-_-_Brand New,130.0,https://www.ocbuyback.com/sell/game-console/nintendo/switch-oled
Switch OLED_-_-_Flawless,110.0,https://www.ocbuyback.com/sell/game-console/nintendo/switch-oled
Switch OLED_-_-_Good ,85.0,https://www.ocbuyback.com/sell/game-console/nintendo/switch-oled
Switch OLED_-_-_Fair,55.0,https://www.ocbuyback.com/sell/game-console/nintendo/switch-oled
ps4_500GB_-_Brand New,45.0,https://www.ocbuyback.com/sell/game-console/sony/ps4
ps4_500GB_-_Flawless,25.0,https://www.ocbuyback.com/sell/game-console/sony/ps4
ps4_500GB_-_Good ,15.0,https://www.ocbuyback.com/sell/game-console/sony/ps4
ps4_500GB_-_Fair,5.0,https://www.ocbuyback.com/sell/game-console/sony/ps4
ps4_1TB_-_Brand New,50.0,https://www.ocbuyback.com/sell/game-console/sony/ps4
ps4_1TB_-_Flawless,30.0,https://www.ocbuyback.com/sell/game-console/sony/ps4
ps4_1TB_-_Good ,20.0,https://www.ocbuyback.com/sell/game-console/sony/ps4
ps4_1TB_-_Fair,10.0,https://www.ocbuyback.com/sell/game-console/sony/ps4
ps4 slim_500GB_-_Brand New,60.0,https://www.ocbuyback.com/sell/game-console/sony/ps4-slim
ps4 slim_500GB_-_Flawless,40.0,https://www.ocbuyback.com/sell/game-console/sony/ps4-slim
ps4 slim_500GB_-_Good ,30.0,https://www.ocbuyback.com/sell/game-console/sony/ps4-slim
ps4 slim_500GB_-_Fair,15.0,https://www.ocbuyback.com/sell/game-console/sony/ps4-slim
ps4 slim_1TB_-_Brand New,70.0,https://www.ocbuyback.com/sell/game-console/sony/ps4-slim
ps4 slim_1TB_-_Flawless,50.0,https://www.ocbuyback.com/sell/game-console/sony/ps4-slim
ps4 slim_1TB_-_Good ,40.0,https://www.ocbuyback.com/sell/game-console/sony/ps4-slim
ps4 slim_1TB_-_Fair,25.0,https://www.ocbuyback.com/sell/game-console/sony/ps4-slim
ps4 pro_1TB_-_Brand New,75.0,https://www.ocbuyback.com/sell/game-console/sony/ps4-pro
ps4 pro_1TB_-_Flawless,55.0,https://www.ocbuyback.com/sell/game-console/sony/ps4-pro
ps4 pro_1TB_-_Good ,35.0,https://www.ocbuyback.com/sell/game-console/sony/ps4-pro
ps4 pro_1TB_-_Fair,20.0,https://www.ocbuyback.com/sell/game-console/sony/ps4-pro
ps4 pro_2TB_-_Brand New,100.0,https://www.ocbuyback.com/sell/game-console/sony/ps4-pro
ps4 pro_2TB_-_Flawless,80.0,https://www.ocbuyback.com/sell/game-console/sony/ps4-pro
ps4 pro_2TB_-_Good ,60.0,https://www.ocbuyback.com/sell/game-console/sony/ps4-pro
ps4 pro_2TB_-_Fair,40.0,https://www.ocbuyback.com/sell/game-console/sony/ps4-pro
ps5_-_-_Brand New,270.0,https://www.ocbuyback.com/sell/game-console/sony/ps5
ps5_-_-_Flawless,230.0,https://www.ocbuyback.com/sell/game-console/sony/ps5
ps5_-_-_Good ,180.0,https://www.ocbuyback.com/sell/game-console/sony/ps5
ps5_-_-_Fair,90.0,https://www.ocbuyback.com/sell/game-console/sony/ps5
ps5 digital edition_-_-_Brand New,300.0,https://www.ocbuyback.com/sell/game-console/sony/ps5-digital-edition
ps5 digital edition_-_-_Flawless,260.0,https://www.ocbuyback.com/sell/game-console/sony/ps5-digital-edition
ps5 digital edition_-_-_Good ,200.0,https://www.ocbuyback.com/sell/game-console/sony/ps5-digital-edition
ps5 digital edition_-_-_Fair,105.0,https://www.ocbuyback.com/sell/game-console/sony/ps5-digital-edition
ps5 slim_-_-_Brand New,315.0,https://www.ocbuyback.com/sell/game-console/sony/ps5-slim
ps5 slim_-_-_Flawless,275.0,https://www.ocbuyback.com/sell/game-console/sony/ps5-slim
ps5 slim_-_-_Good ,215.0,https://www.ocbuyback.com/sell/game-console/sony/ps5-slim
ps5 slim_-_-_Fair,125.0,https://www.ocbuyback.com/sell/game-console/sony/ps5-slim
ps5 slim digital edition_-_-_Brand New,245.0,https://www.ocbuyback.com/sell/game-console/sony/ps5-slim-digital-edition
ps5 slim digital edition_-_-_Flawless,205.0,https://www.ocbuyback.com/sell/game-console/sony/ps5-slim-digital-edition
ps5 slim digital edition_-_-_Good ,160.0,https://www.ocbuyback.com/sell/game-console/sony/ps5-slim-digital-edition
ps5 slim digital edition_-_-_Fair,105.0,https://www.ocbuyback.com/sell/game-console/sony/ps5-slim-digital-edition
ps5 pro_-_-_Brand New,490.0,https://www.ocbuyback.com/sell/game-console/sony/ps5-pro
ps5 pro_-_-_Flawless,440.0,https://www.ocbuyback.com/sell/game-console/sony/ps5-pro
ps5 pro_-_-_Good ,370.0,https://www.ocbuyback.com/sell/game-console/sony/ps5-pro
ps5 pro_-_-_Fair,250.0,https://www.ocbuyback.com/sell/game-console/sony/ps5-pro
playstation portal_-_-_Brand New,60.0,https://www.ocbuyback.com/sell/game-console/sony/playstation-portal
playstation portal_-_-_Flawless,40.0,https://www.ocbuyback.com/sell/game-console/sony/playstation-portal
playstation portal_-_-_Good ,20.0,https://www.ocbuyback.com/sell/game-console/sony/playstation-portal
playstation portal_-_-_Fair,10.0,https://www.ocbuyback.com/sell/game-console/sony/playstation-portal
Steam Deck OLED_512GB_-_Brand New,430.0,https://www.ocbuyback.com/sell/game-console/valve/steam-deck-oled
Steam Deck OLED_512GB_-_Flawless,345.0,https://www.ocbuyback.com/sell/game-console/valve/steam-deck-oled
Steam Deck OLED_512GB_-_Good ,290.0,https://www.ocbuyback.com/sell/game-console/valve/steam-deck-oled
Steam Deck OLED_512GB_-_Fair,235.0,https://www.ocbuyback.com/sell/game-console/valve/steam-deck-oled
Steam Deck OLED_1TB_-_Brand New,485.0,https://www.ocbuyback.com/sell/game-console/valve/steam-deck-oled
Steam Deck OLED_1TB_-_Flawless,375.0,https://www.ocbuyback.com/sell/game-console/valve/steam-deck-oled
Steam Deck OLED_1TB_-_Good ,315.0,https://www.ocbuyback.com/sell/game-console/valve/steam-deck-oled
Steam Deck OLED_1TB_-_Fair,215.0,https://www.ocbuyback.com/sell/game-console/valve/steam-deck-oled
ROG Ally X_-_-_Brand New,525.0,https://www.ocbuyback.com/sell/game-console/asus/rog-ally-x
ROG Ally X_-_-_Flawless,475.0,https://www.ocbuyback.com/sell/game-console/asus/rog-ally-x
ROG Ally X_-_-_Good ,415.0,https://www.ocbuyback.com/sell/game-console/asus/rog-ally-x
ROG Ally X_-_-_Fair,285.0,https://www.ocbuyback.com/sell/game-console/asus/rog-ally-x
AirPods Max_-_-_Brand New,205.0,https://www.ocbuyback.com/sell/headphones/apple/airpods-max
AirPods Max_-_-_Flawless,165.0,https://www.ocbuyback.com/sell/headphones/apple/airpods-max
AirPods Max_-_-_Good ,125.0,https://www.ocbuyback.com/sell/headphones/apple/airpods-max
AirPods Max_-_-_Fair,75.0,https://www.ocbuyback.com/sell/headphones/apple/airpods-max
vision pro_256GB_-_Brand New,1000.0,https://www.ocbuyback.com/sell/vr/apple/vision-pro
vision pro_256GB_-_Flawless,950.0,https://www.ocbuyback.com/sell/vr/apple/vision-pro
vision pro_256GB_-_Good ,700.0,https://www.ocbuyback.com/sell/vr/apple/vision-pro
vision pro_256GB_-_Fair,250.0,https://www.ocbuyback.com/sell/vr/apple/vision-pro
vision pro_512GB_-_Brand New,1050.0,https://www.ocbuyback.com/sell/vr/apple/vision-pro
vision pro_512GB_-_Flawless,1000.0,https://www.ocbuyback.com/sell/vr/apple/vision-pro
vision pro_512GB_-_Good ,750.0,https://www.ocbuyback.com/sell/vr/apple/vision-pro
vision pro_512GB_-_Fair,300.0,https://www.ocbuyback.com/sell/vr/apple/vision-pro
iPad Pro 13 M5 Standard Glass (2025)_256GB_Wi-Fi_Brand New,760.0,https://www.ocbuyback.com/sell/tablet/apple/ipad-pro-13-m5-standard-glass-2025
iPad Pro 13 M5 Standard Glass (2025)_256GB_Wi-Fi_Flawless,710.0,https://www.ocbuyback.com/sell/tablet/apple/ipad-pro-13-m5-standard-glass-2025
iPad Pro 13 M5 Standard Glass (2025)_256GB_Wi-Fi_Good ,630.0,https://www.ocbuyback.com/sell/tablet/apple/ipad-pro-13-m5-standard-glass-2025
iPad Pro 13 M5 Standard Glass (2025)_256GB_Wi-Fi_Fair,570.0,https://www.ocbuyback.com/sell/tablet/apple/ipad-pro-13-m5-standard-glass-2025
iPad Pro 13 M5 Standard Glass (2025)_256GB_Wi-Fi_Minor Damage,275.0,https://www.ocbuyback.com/sell/tablet/apple/ipad-pro-13-m5-standard-glass-2025
iPad Pro 13 M5 Standard Glass (2025)_256GB_Wi-Fi_Broken,20.0,https://www.ocbuyback.com/sell/tablet/apple/ipad-pro-13-m5-standard-glass-2025
iPad Pro 13 M5 Standard Glass (2025)_256GB_Wi-Fi+Cellular_Brand New,790.0,https://www.ocbuyback.com/sell/tablet/apple/ipad-pro-13-m5-standard-glass-2025
iPad Pro 13 M5 Standard Glass (2025)_256GB_Wi-Fi+Cellular_Flawless,710.0,https://www.ocbuyback.com/sell/tablet/apple/ipad-pro-13-m5-standard-glass-2025
iPad Pro 13 M5 Standard Glass (2025)_256GB_Wi-Fi+Cellular_Good ,660.0,https://www.ocbuyback.com/sell/tablet/apple/ipad-pro-13-m5-standard-glass-2025
iPad Pro 13 M5 Standard Glass (2025)_256GB_Wi-Fi+Cellular_Fair,600.0,https://www.ocbuyback.com/sell/tablet/apple/ipad-pro-13-m5-standard-glass-2025
iPad Pro 13 M5 Standard Glass (2025)_256GB_Wi-Fi+Cellular_Minor Damage,325.0,https://www.ocbuyback.com/sell/tablet/apple/ipad-pro-13-m5-standard-glass-2025
iPad Pro 13 M5 Standard Glass (2025)_256GB_Wi-Fi+Cellular_Broken,20.0,https://www.ocbuyback.com/sell/tablet/apple/ipad-pro-13-m5-standard-glass-2025
iPad Pro 13 M5 Standard Glass (2025)_512GB_Wi-Fi_Brand New,810.0,https://www.ocbuyback.com/sell/tablet/apple/ipad-pro-13-m5-standard-glass-2025
iPad Pro 13 M5 Standard Glass (2025)_512GB_Wi-Fi_Flawless,760.0,https://www.ocbuyback.com/sell/tablet/apple/ipad-pro-13-m5-standard-glass-2025
iPad Pro 13 M5 Standard Glass (2025)_512GB_Wi-Fi_Good ,680.0,https://www.ocbuyback.com/sell/tablet/apple/ipad-pro-13-m5-standard-glass-2025
iPad Pro 13 M5 Standard Glass (2025)_512GB_Wi-Fi_Fair,620.0,https://www.ocbuyback.com/sell/tablet/apple/ipad-pro-13-m5-standard-glass-2025
iPad Pro 13 M5 Standard Glass (2025)_512GB_Wi-Fi_Minor Damage,300.0,https://www.ocbuyback.com/sell/tablet/apple/ipad-pro-13-m5-standard-glass-2025
iPad Pro 13 M5 Standard Glass (2025)_512GB_Wi-Fi_Broken,20.0,https://www.ocbuyback.com/sell/tablet/apple/ipad-pro-13-m5-standard-glass-2025
iPad Pro 13 M5 Standard Glass (2025)_512GB_Wi-Fi+Cellular_Brand New,840.0,https://www.ocbuyback.com/sell/tablet/apple/ipad-pro-13-m5-standard-glass-2025
iPad Pro 13 M5 Standard Glass (2025)_512GB_Wi-Fi+Cellular_Flawless,790.0,https://www.ocbuyback.com/sell/tablet/apple/ipad-pro-13-m5-standard-glass-2025
iPad Pro 13 M5 Standard Glass (2025)_512GB_Wi-Fi+Cellular_Good ,710.0,https://www.ocbuyback.com/sell/tablet/apple/ipad-pro-13-m5-standard-glass-2025
iPad Pro 13 M5 Standard Glass (2025)_512GB_Wi-Fi+Cellular_Fair,650.0,https://www.ocbuyback.com/sell/tablet/apple/ipad-pro-13-m5-standard-glass-2025
iPad Pro 13 M5 Standard Glass (2025)_512GB_Wi-Fi+Cellular_Minor Damage,350.0,https://www.ocbuyback.com/sell/tablet/apple/ipad-pro-13-m5-standard-glass-2025
iPad Pro 13 M5 Standard Glass (2025)_512GB_Wi-Fi+Cellular_Broken,20.0,https://www.ocbuyback.com/sell/tablet/apple/ipad-pro-13-m5-standard-glass-2025
iPad Pro 13 M5 Standard Glass (2025)_1TB_Wi-Fi_Brand New,1010.0,https://www.ocbuyback.com/sell/tablet/apple/ipad-pro-13-m5-standard-glass-2025
iPad Pro 13 M5 Standard Glass (2025)_1TB_Wi-Fi_Flawless,960.0,https://www.ocbuyback.com/sell/tablet/apple/ipad-pro-13-m5-standard-glass-2025
iPad Pro 13 M5 Standard Glass (2025)_1TB_Wi-Fi_Good ,880.0,https://www.ocbuyback.com/sell/tablet/apple/ipad-pro-13-m5-standard-glass-2025
iPad Pro 13 M5 Standard Glass (2025)_1TB_Wi-Fi_Fair,820.0,https://www.ocbuyback.com/sell/tablet/apple/ipad-pro-13-m5-standard-glass-2025
iPad Pro 13 M5 Standard Glass (2025)_1TB_Wi-Fi_Minor Damage,350.0,https://www.ocbuyback.com/sell/tablet/apple/ipad-pro-13-m5-standard-glass-2025
iPad Pro 13 M5 Standard Glass (2025)_1TB_Wi-Fi_Broken,20.0,https://www.ocbuyback.com/sell/tablet/apple/ipad-pro-13-m5-standard-glass-2025
iPad Pro 13 M5 Standard Glass (2025)_1TB_Wi-Fi+Cellular_Brand New,1040.0,https://www.ocbuyback.com/sell/tablet/apple/ipad-pro-13-m5-standard-glass-2025
iPad Pro 13 M5 Standard Glass (2025)_1TB_Wi-Fi+Cellular_Flawless,990.0,https://www.ocbuyback.com/sell/tablet/apple/ipad-pro-13-m5-standard-glass-2025
iPad Pro 13 M5 Standard Glass (2025)_1TB_Wi-Fi+Cellular_Good ,910.0,https://www.ocbuyback.com/sell/tablet/apple/ipad-pro-13-m5-standard-glass-2025
iPad Pro 13 M5 Standard Glass (2025)_1TB_Wi-Fi+Cellular_Fair,850.0,https://www.ocbuyback.com/sell/tablet/apple/ipad-pro-13-m5-standard-glass-2025
iPad Pro 13 M5 Standard Glass (2025)_1TB_Wi-Fi+Cellular_Minor Damage,400.0,https://www.ocbuyback.com/sell/tablet/apple/ipad-pro-13-m5-standard-glass-2025
iPad Pro 13 M5 Standard Glass (2025)_1TB_Wi-Fi+Cellular_Broken,20.0,https://www.ocbuyback.com/sell/tablet/apple/ipad-pro-13-m5-standard-glass-2025
iPad Pro 13 M5 Standard Glass (2025)_2TB_Wi-Fi_Brand New,1160.0,https://www.ocbuyback.com/sell/tablet/apple/ipad-pro-13-m5-standard-glass-2025
iPad Pro 13 M5 Standard Glass (2025)_2TB_Wi-Fi_Flawless,1110.0,https://www.ocbuyback.com/sell/tablet/apple/ipad-pro-13-m5-standard-glass-2025
iPad Pro 13 M5 Standard Glass (2025)_2TB_Wi-Fi_Good ,1030.0,https://www.ocbuyback.com/sell/tablet/apple/ipad-pro-13-m5-standard-glass-2025
iPad Pro 13 M5 Standard Glass (2025)_2TB_Wi-Fi_Fair,970.0,https://www.ocbuyback.com/sell/tablet/apple/ipad-pro-13-m5-standard-glass-2025
iPad Pro 13 M5 Standard Glass (2025)_2TB_Wi-Fi_Minor Damage,375.0,https://www.ocbuyback.com/sell/tablet/apple/ipad-pro-13-m5-standard-glass-2025
iPad Pro 13 M5 Standard Glass (2025)_2TB_Wi-Fi_Broken,20.0,https://www.ocbuyback.com/sell/tablet/apple/ipad-pro-13-m5-standard-glass-2025
iPad Pro 13 M5 Standard Glass (2025)_2TB_Wi-Fi+Cellular_Brand New,1190.0,https://www.ocbuyback.com/sell/tablet/apple/ipad-pro-13-m5-standard-glass-2025
iPad Pro 13 M5 Standard Glass (2025)_2TB_Wi-Fi+Cellular_Flawless,1140.0,https://www.ocbuyback.com/sell/tablet/apple/ipad-pro-13-m5-standard-glass-2025
iPad Pro 13 M5 Standard Glass (2025)_2TB_Wi-Fi+Cellular_Good ,1060.0,https://www.ocbuyback.com/sell/tablet/apple/ipad-pro-13-m5-standard-glass-2025
iPad Pro 13 M5 Standard Glass (2025)_2TB_Wi-Fi+Cellular_Fair,1000.0,https://www.ocbuyback.com/sell/tablet/apple/ipad-pro-13-m5-standard-glass-2025
iPad Pro 13 M5 Standard Glass (2025)_2TB_Wi-Fi+Cellular_Minor Damage,425.0,https://www.ocbuyback.com/sell/tablet/apple/ipad-pro-13-m5-standard-glass-2025
iPad Pro 13 M5 Standard Glass (2025)_2TB_Wi-Fi+Cellular_Broken,20.0,https://www.ocbuyback.com/sell/tablet/apple/ipad-pro-13-m5-standard-glass-2025
iPad Pro 13 M5 Nano-texture Glass (2025)_1TB_Wi-Fi_Brand New,1045.0,https://www.ocbuyback.com/sell/tablet/apple/ipad-pro-13-m5-nanominustexture-glass-2025
iPad Pro 13 M5 Nano-texture Glass (2025)_1TB_Wi-Fi_Flawless,995.0,https://www.ocbuyback.com/sell/tablet/apple/ipad-pro-13-m5-nanominustexture-glass-2025
iPad Pro 13 M5 Nano-texture Glass (2025)_1TB_Wi-Fi_Good ,915.0,https://www.ocbuyback.com/sell/tablet/apple/ipad-pro-13-m5-nanominustexture-glass-2025
iPad Pro 13 M5 Nano-texture Glass (2025)_1TB_Wi-Fi_Fair,855.0,https://www.ocbuyback.com/sell/tablet/apple/ipad-pro-13-m5-nanominustexture-glass-2025
iPad Pro 13 M5 Nano-texture Glass (2025)_1TB_Wi-Fi_Minor Damage,365.0,https://www.ocbuyback.com/sell/tablet/apple/ipad-pro-13-m5-nanominustexture-glass-2025
iPad Pro 13 M5 Nano-texture Glass (2025)_1TB_Wi-Fi_Broken,20.0,https://www.ocbuyback.com/sell/tablet/apple/ipad-pro-13-m5-nanominustexture-glass-2025
iPad Pro 13 M5 Nano-texture Glass (2025)_1TB_Wi-Fi+Cellular_Brand New,1075.0,https://www.ocbuyback.com/sell/tablet/apple/ipad-pro-13-m5-nanominustexture-glass-2025
iPad Pro 13 M5 Nano-texture Glass (2025)_1TB_Wi-Fi+Cellular_Flawless,1025.0,https://www.ocbuyback.com/sell/tablet/apple/ipad-pro-13-m5-nanominustexture-glass-2025
iPad Pro 13 M5 Nano-texture Glass (2025)_1TB_Wi-Fi+Cellular_Good ,945.0,https://www.ocbuyback.com/sell/tablet/apple/ipad-pro-13-m5-nanominustexture-glass-2025
iPad Pro 13 M5 Nano-texture Glass (2025)_1TB_Wi-Fi+Cellular_Fair,885.0,https://www.ocbuyback.com/sell/tablet/apple/ipad-pro-13-m5-nanominustexture-glass-2025
iPad Pro 13 M5 Nano-texture Glass (2025)_1TB_Wi-Fi+Cellular_Minor Damage,415.0,https://www.ocbuyback.com/sell/tablet/apple/ipad-pro-13-m5-nanominustexture-glass-2025
iPad Pro 13 M5 Nano-texture Glass (2025)_1TB_Wi-Fi+Cellular_Broken,20.0,https://www.ocbuyback.com/sell/tablet/apple/ipad-pro-13-m5-nanominustexture-glass-2025
iPad Pro 13 M5 Nano-texture Glass (2025)_2TB_Wi-Fi_Brand New,1195.0,https://www.ocbuyback.com/sell/tablet/apple/ipad-pro-13-m5-nanominustexture-glass-2025
iPad Pro 13 M5 Nano-texture Glass (2025)_2TB_Wi-Fi_Flawless,1145.0,https://www.ocbuyback.com/sell/tablet/apple/ipad-pro-13-m5-nanominustexture-glass-2025
iPad Pro 13 M5 Nano-texture Glass (2025)_2TB_Wi-Fi_Good ,1065.0,https://www.ocbuyback.com/sell/tablet/apple/ipad-pro-13-m5-nanominustexture-glass-2025
iPad Pro 13 M5 Nano-texture Glass (2025)_2TB_Wi-Fi_Fair,1005.0,https://www.ocbuyback.com/sell/tablet/apple/ipad-pro-13-m5-nanominustexture-glass-2025
iPad Pro 13 M5 Nano-texture Glass (2025)_2TB_Wi-Fi_Minor Damage,390.0,https://www.ocbuyback.com/sell/tablet/apple/ipad-pro-13-m5-nanominustexture-glass-2025
iPad Pro 13 M5 Nano-texture Glass (2025)_2TB_Wi-Fi_Broken,20.0,https://www.ocbuyback.com/sell/tablet/apple/ipad-pro-13-m5-nanominustexture-glass-2025
iPad Pro 13 M5 Nano-texture Glass (2025)_2TB_Wi-Fi+Cellular_Brand New,1225.0,https://www.ocbuyback.com/sell/tablet/apple/ipad-pro-13-m5-nanominustexture-glass-2025
iPad Pro 13 M5 Nano-texture Glass (2025)_2TB_Wi-Fi+Cellular_Flawless,1175.0,https://www.ocbuyback.com/sell/tablet/apple/ipad-pro-13-m5-nanominustexture-glass-2025
iPad Pro 13 M5 Nano-texture Glass (2025)_2TB_Wi-Fi+Cellular_Good ,1095.0,https://www.ocbuyback.com/sell/tablet/apple/ipad-pro-13-m5-nanominustexture-glass-2025
iPad Pro 13 M5 Nano-texture Glass (2025)_2TB_Wi-Fi+Cellular_Fair,1035.0,https://www.ocbuyback.com/sell/tablet/apple/ipad-pro-13-m5-nanominustexture-glass-2025
iPad Pro 13 M5 Nano-texture Glass (2025)_2TB_Wi-Fi+Cellular_Minor Damage,440.0,https://www.ocbuyback.com/sell/tablet/apple/ipad-pro-13-m5-nanominustexture-glass-2025
iPad Pro 13 M5 Nano-texture Glass (2025)_2TB_Wi-Fi+Cellular_Broken,20.0,https://www.ocbuyback.com/sell/tablet/apple/ipad-pro-13-m5-nanominustexture-glass-2025
iPad Pro 11 M5 Standard Glass (2025)_256GB_Wi-Fi_Brand New,650.0,https://www.ocbuyback.com/sell/tablet/apple/ipad-pro-11-m5-standard-glass-2025
iPad Pro 11 M5 Standard Glass (2025)_256GB_Wi-Fi_Flawless,600.0,https://www.ocbuyback.com/sell/tablet/apple/ipad-pro-11-m5-standard-glass-2025
iPad Pro 11 M5 Standard Glass (2025)_256GB_Wi-Fi_Good ,540.0,https://www.ocbuyback.com/sell/tablet/apple/ipad-pro-11-m5-standard-glass-2025
iPad Pro 11 M5 Standard Glass (2025)_256GB_Wi-Fi_Fair,490.0,https://www.ocbuyback.com/sell/tablet/apple/ipad-pro-11-m5-standard-glass-2025
iPad Pro 11 M5 Standard Glass (2025)_256GB_Wi-Fi_Minor Damage,175.0,https://www.ocbuyback.com/sell/tablet/apple/ipad-pro-11-m5-standard-glass-2025
iPad Pro 11 M5 Standard Glass (2025)_256GB_Wi-Fi_Broken,20.0,https://www.ocbuyback.com/sell/tablet/apple/ipad-pro-11-m5-standard-glass-2025
iPad Pro 11 M5 Standard Glass (2025)_256GB_Wi-Fi+Cellular_Brand New,680.0,https://www.ocbuyback.com/sell/tablet/apple/ipad-pro-11-m5-standard-glass-2025
iPad Pro 11 M5 Standard Glass (2025)_256GB_Wi-Fi+Cellular_Flawless,630.0,https://www.ocbuyback.com/sell/tablet/apple/ipad-pro-11-m5-standard-glass-2025
iPad Pro 11 M5 Standard Glass (2025)_256GB_Wi-Fi+Cellular_Good ,570.0,https://www.ocbuyback.com/sell/tablet/apple/ipad-pro-11-m5-standard-glass-2025
iPad Pro 11 M5 Standard Glass (2025)_256GB_Wi-Fi+Cellular_Fair,520.0,https://www.ocbuyback.com/sell/tablet/apple/ipad-pro-11-m5-standard-glass-2025
iPad Pro 11 M5 Standard Glass (2025)_256GB_Wi-Fi+Cellular_Minor Damage,175.0,https://www.ocbuyback.com/sell/tablet/apple/ipad-pro-11-m5-standard-glass-2025
iPad Pro 11 M5 Standard Glass (2025)_256GB_Wi-Fi+Cellular_Broken,20.0,https://www.ocbuyback.com/sell/tablet/apple/ipad-pro-11-m5-standard-glass-2025
iPad Pro 11 M5 Standard Glass (2025)_512GB_Wi-Fi_Brand New,700.0,https://www.ocbuyback.com/sell/tablet/apple/ipad-pro-11-m5-standard-glass-2025
iPad Pro 11 M5 Standard Glass (2025)_512GB_Wi-Fi_Flawless,650.0,https://www.ocbuyback.com/sell/tablet/apple/ipad-pro-11-m5-standard-glass-2025
iPad Pro 11 M5 Standard Glass (2025)_512GB_Wi-Fi_Good ,590.0,https://www.ocbuyback.com/sell/tablet/apple/ipad-pro-11-m5-standard-glass-2025
iPad Pro 11 M5 Standard Glass (2025)_512GB_Wi-Fi_Fair,540.0,https://www.ocbuyback.com/sell/tablet/apple/ipad-pro-11-m5-standard-glass-2025
iPad Pro 11 M5 Standard Glass (2025)_512GB_Wi-Fi_Minor Damage,225.0,https://www.ocbuyback.com/sell/tablet/apple/ipad-pro-11-m5-standard-glass-2025
iPad Pro 11 M5 Standard Glass (2025)_512GB_Wi-Fi_Broken,20.0,https://www.ocbuyback.com/sell/tablet/apple/ipad-pro-11-m5-standard-glass-2025
iPad Pro 11 M5 Standard Glass (2025)_512GB_Wi-Fi+Cellular_Brand New,730.0,https://www.ocbuyback.com/sell/tablet/apple/ipad-pro-11-m5-standard-glass-2025
iPad Pro 11 M5 Standard Glass (2025)_512GB_Wi-Fi+Cellular_Flawless,680.0,https://www.ocbuyback.com/sell/tablet/apple/ipad-pro-11-m5-standard-glass-2025
iPad Pro 11 M5 Standard Glass (2025)_512GB_Wi-Fi+Cellular_Good ,620.0,https://www.ocbuyback.com/sell/tablet/apple/ipad-pro-11-m5-standard-glass-2025
iPad Pro 11 M5 Standard Glass (2025)_512GB_Wi-Fi+Cellular_Fair,570.0,https://www.ocbuyback.com/sell/tablet/apple/ipad-pro-11-m5-standard-glass-2025
iPad Pro 11 M5 Standard Glass (2025)_512GB_Wi-Fi+Cellular_Minor Damage,225.0,https://www.ocbuyback.com/sell/tablet/apple/ipad-pro-11-m5-standard-glass-2025
iPad Pro 11 M5 Standard Glass (2025)_512GB_Wi-Fi+Cellular_Broken,20.0,https://www.ocbuyback.com/sell/tablet/apple/ipad-pro-11-m5-standard-glass-2025
iPad Pro 11 M5 Standard Glass (2025)_1TB_Wi-Fi_Brand New,800.0,https://www.ocbuyback.com/sell/tablet/apple/ipad-pro-11-m5-standard-glass-2025
iPad Pro 11 M5 Standard Glass (2025)_1TB_Wi-Fi_Flawless,750.0,https://www.ocbuyback.com/sell/tablet/apple/ipad-pro-11-m5-standard-glass-2025
iPad Pro 11 M5 Standard Glass (2025)_1TB_Wi-Fi_Good ,690.0,https://www.ocbuyback.com/sell/tablet/apple/ipad-pro-11-m5-standard-glass-2025
iPad Pro 11 M5 Standard Glass (2025)_1TB_Wi-Fi_Fair,640.0,https://www.ocbuyback.com/sell/tablet/apple/ipad-pro-11-m5-standard-glass-2025
iPad Pro 11 M5 Standard Glass (2025)_1TB_Wi-Fi_Minor Damage,275.0,https://www.ocbuyback.com/sell/tablet/apple/ipad-pro-11-m5-standard-glass-2025
iPad Pro 11 M5 Standard Glass (2025)_1TB_Wi-Fi_Broken,20.0,https://www.ocbuyback.com/sell/tablet/apple/ipad-pro-11-m5-standard-glass-2025
iPad Pro 11 M5 Standard Glass (2025)_1TB_Wi-Fi+Cellular_Brand New,830.0,https://www.ocbuyback.com/sell/tablet/apple/ipad-pro-11-m5-standard-glass-2025
iPad Pro 11 M5 Standard Glass (2025)_1TB_Wi-Fi+Cellular_Flawless,780.0,https://www.ocbuyback.com/sell/tablet/apple/ipad-pro-11-m5-standard-glass-2025
iPad Pro 11 M5 Standard Glass (2025)_1TB_Wi-Fi+Cellular_Good ,720.0,https://www.ocbuyback.com/sell/tablet/apple/ipad-pro-11-m5-standard-glass-2025
iPad Pro 11 M5 Standard Glass (2025)_1TB_Wi-Fi+Cellular_Fair,670.0,https://www.ocbuyback.com/sell/tablet/apple/ipad-pro-11-m5-standard-glass-2025
iPad Pro 11 M5 Standard Glass (2025)_1TB_Wi-Fi+Cellular_Minor Damage,275.0,https://www.ocbuyback.com/sell/tablet/apple/ipad-pro-11-m5-standard-glass-2025
iPad Pro 11 M5 Standard Glass (2025)_1TB_Wi-Fi+Cellular_Broken,20.0,https://www.ocbuyback.com/sell/tablet/apple/ipad-pro-11-m5-standard-glass-2025
iPad Pro 11 M5 Standard Glass (2025)_2TB_Wi-Fi_Brand New,900.0,https://www.ocbuyback.com/sell/tablet/apple/ipad-pro-11-m5-standard-glass-2025
iPad Pro 11 M5 Standard Glass (2025)_2TB_Wi-Fi_Flawless,850.0,https://www.ocbuyback.com/sell/tablet/apple/ipad-pro-11-m5-standard-glass-2025
iPad Pro 11 M5 Standard Glass (2025)_2TB_Wi-Fi_Good ,790.0,https://www.ocbuyback.com/sell/tablet/apple/ipad-pro-11-m5-standard-glass-2025
iPad Pro 11 M5 Standard Glass (2025)_2TB_Wi-Fi_Fair,740.0,https://www.ocbuyback.com/sell/tablet/apple/ipad-pro-11-m5-standard-glass-2025
iPad Pro 11 M5 Standard Glass (2025)_2TB_Wi-Fi_Minor Damage,325.0,https://www.ocbuyback.com/sell/tablet/apple/ipad-pro-11-m5-standard-glass-2025
iPad Pro 11 M5 Standard Glass (2025)_2TB_Wi-Fi_Broken,20.0,https://www.ocbuyback.com/sell/tablet/apple/ipad-pro-11-m5-standard-glass-2025
iPad Pro 11 M5 Standard Glass (2025)_2TB_Wi-Fi+Cellular_Brand New,930.0,https://www.ocbuyback.com/sell/tablet/apple/ipad-pro-11-m5-standard-glass-2025
iPad Pro 11 M5 Standard Glass (2025)_2TB_Wi-Fi+Cellular_Flawless,880.0,https://www.ocbuyback.com/sell/tablet/apple/ipad-pro-11-m5-standard-glass-2025
iPad Pro 11 M5 Standard Glass (2025)_2TB_Wi-Fi+Cellular_Good ,820.0,https://www.ocbuyback.com/sell/tablet/apple/ipad-pro-11-m5-standard-glass-2025
iPad Pro 11 M5 Standard Glass (2025)_2TB_Wi-Fi+Cellular_Fair,770.0,https://www.ocbuyback.com/sell/tablet/apple/ipad-pro-11-m5-standard-glass-2025
iPad Pro 11 M5 Standard Glass (2025)_2TB_Wi-Fi+Cellular_Minor Damage,325.0,https://www.ocbuyback.com/sell/tablet/apple/ipad-pro-11-m5-standard-glass-2025
iPad Pro 11 M5 Standard Glass (2025)_2TB_Wi-Fi+Cellular_Broken,20.0,https://www.ocbuyback.com/sell/tablet/apple/ipad-pro-11-m5-standard-glass-2025
iPad Pro 11 M5 Nano-texture Glass (2025)_1TB_Wi-Fi_Brand New,835.0,https://www.ocbuyback.com/sell/tablet/apple/ipad-pro-11-m5-nanominustexture-glass-2025
iPad Pro 11 M5 Nano-texture Glass (2025)_1TB_Wi-Fi_Flawless,785.0,https://www.ocbuyback.com/sell/tablet/apple/ipad-pro-11-m5-nanominustexture-glass-2025
iPad Pro 11 M5 Nano-texture Glass (2025)_1TB_Wi-Fi_Good ,725.0,https://www.ocbuyback.com/sell/tablet/apple/ipad-pro-11-m5-nanominustexture-glass-2025
iPad Pro 11 M5 Nano-texture Glass (2025)_1TB_Wi-Fi_Fair,675.0,https://www.ocbuyback.com/sell/tablet/apple/ipad-pro-11-m5-nanominustexture-glass-2025
iPad Pro 11 M5 Nano-texture Glass (2025)_1TB_Wi-Fi_Minor Damage,290.0,https://www.ocbuyback.com/sell/tablet/apple/ipad-pro-11-m5-nanominustexture-glass-2025
iPad Pro 11 M5 Nano-texture Glass (2025)_1TB_Wi-Fi_Broken,20.0,https://www.ocbuyback.com/sell/tablet/apple/ipad-pro-11-m5-nanominustexture-glass-2025
iPad Pro 11 M5 Nano-texture Glass (2025)_1TB_Wi-Fi+Cellular_Brand New,865.0,https://www.ocbuyback.com/sell/tablet/apple/ipad-pro-11-m5-nanominustexture-glass-2025
iPad Pro 11 M5 Nano-texture Glass (2025)_1TB_Wi-Fi+Cellular_Flawless,815.0,https://www.ocbuyback.com/sell/tablet/apple/ipad-pro-11-m5-nanominustexture-glass-2025
iPad Pro 11 M5 Nano-texture Glass (2025)_1TB_Wi-Fi+Cellular_Good ,755.0,https://www.ocbuyback.com/sell/tablet/apple/ipad-pro-11-m5-nanominustexture-glass-2025
iPad Pro 11 M5 Nano-texture Glass (2025)_1TB_Wi-Fi+Cellular_Fair,705.0,https://www.ocbuyback.com/sell/tablet/apple/ipad-pro-11-m5-nanominustexture-glass-2025
iPad Pro 11 M5 Nano-texture Glass (2025)_1TB_Wi-Fi+Cellular_Minor Damage,290.0,https://www.ocbuyback.com/sell/tablet/apple/ipad-pro-11-m5-nanominustexture-glass-2025
iPad Pro 11 M5 Nano-texture Glass (2025)_1TB_Wi-Fi+Cellular_Broken,20.0,https://www.ocbuyback.com/sell/tablet/apple/ipad-pro-11-m5-nanominustexture-glass-2025
iPad Pro 11 M5 Nano-texture Glass (2025)_2TB_Wi-Fi_Brand New,935.0,https://www.ocbuyback.com/sell/tablet/apple/ipad-pro-11-m5-nanominustexture-glass-2025
iPad Pro 11 M5 Nano-texture Glass (2025)_2TB_Wi-Fi_Flawless,885.0,https://www.ocbuyback.com/sell/tablet/apple/ipad-pro-11-m5-nanominustexture-glass-2025
iPad Pro 11 M5 Nano-texture Glass (2025)_2TB_Wi-Fi_Good ,825.0,https://www.ocbuyback.com/sell/tablet/apple/ipad-pro-11-m5-nanominustexture-glass-2025
iPad Pro 11 M5 Nano-texture Glass (2025)_2TB_Wi-Fi_Fair,775.0,https://www.ocbuyback.com/sell/tablet/apple/ipad-pro-11-m5-nanominustexture-glass-2025
iPad Pro 11 M5 Nano-texture Glass (2025)_2TB_Wi-Fi_Minor Damage,340.0,https://www.ocbuyback.com/sell/tablet/apple/ipad-pro-11-m5-nanominustexture-glass-2025
iPad Pro 11 M5 Nano-texture Glass (2025)_2TB_Wi-Fi_Broken,20.0,https://www.ocbuyback.com/sell/tablet/apple/ipad-pro-11-m5-nanominustexture-glass-2025
iPad Pro 11 M5 Nano-texture Glass (2025)_2TB_Wi-Fi+Cellular_Brand New,965.0,https://www.ocbuyback.com/sell/tablet/apple/ipad-pro-11-m5-nanominustexture-glass-2025
iPad Pro 11 M5 Nano-texture Glass (2025)_2TB_Wi-Fi+Cellular_Flawless,915.0,https://www.ocbuyback.com/sell/tablet/apple/ipad-pro-11-m5-nanominustexture-glass-2025
iPad Pro 11 M5 Nano-texture Glass (2025)_2TB_Wi-Fi+Cellular_Good ,855.0,https://www.ocbuyback.com/sell/tablet/apple/ipad-pro-11-m5-nanominustexture-glass-2025
iPad Pro 11 M5 Nano-texture Glass (2025)_2TB_Wi-Fi+Cellular_Fair,805.0,https://www.ocbuyback.com/sell/tablet/apple/ipad-pro-11-m5-nanominustexture-glass-2025
iPad Pro 11 M5 Nano-texture Glass (2025)_2TB_Wi-Fi+Cellular_Minor Damage,340.0,https://www.ocbuyback.com/sell/tablet/apple/ipad-pro-11-m5-nanominustexture-glass-2025
iPad Pro 11 M5 Nano-texture Glass (2025)_2TB_Wi-Fi+Cellular_Broken,20.0,https://www.ocbuyback.com/sell/tablet/apple/ipad-pro-11-m5-nanominustexture-glass-2025
15_256GB_Unlocked_Flawless,500.0,https://www.ocbuyback.com/sell/cell-phone/oneplus/15
15_256GB_Unlocked_Good ,465.0,https://www.ocbuyback.com/sell/cell-phone/oneplus/15
15_256GB_Unlocked_Fair,375.0,https://www.ocbuyback.com/sell/cell-phone/oneplus/15
15_256GB_Unlocked_Minor Damage,150.0,https://www.ocbuyback.com/sell/cell-phone/oneplus/15
15_256GB_Unlocked_Broken,10.0,https://www.ocbuyback.com/sell/cell-phone/oneplus/15
15_512GB_Unlocked_Flawless,535.0,https://www.ocbuyback.com/sell/cell-phone/oneplus/15
15_512GB_Unlocked_Good ,500.0,https://www.ocbuyback.com/sell/cell-phone/oneplus/15
15_512GB_Unlocked_Fair,410.0,https://www.ocbuyback.com/sell/cell-phone/oneplus/15
15_512GB_Unlocked_Minor Damage,165.0,https://www.ocbuyback.com/sell/cell-phone/oneplus/15
15_512GB_Unlocked_Broken,10.0,https://www.ocbuyback.com/sell/cell-phone/oneplus/15
15R_256GB_Unlocked_Flawless,350.0,https://www.ocbuyback.com/sell/cell-phone/oneplus/15r
15R_256GB_Unlocked_Good ,300.0,https://www.ocbuyback.com/sell/cell-phone/oneplus/15r
15R_256GB_Unlocked_Fair,200.0,https://www.ocbuyback.com/sell/cell-phone/oneplus/15r
15R_256GB_Unlocked_Minor Damage,100.0,https://www.ocbuyback.com/sell/cell-phone/oneplus/15r
15R_256GB_Unlocked_Broken,10.0,https://www.ocbuyback.com/sell/cell-phone/oneplus/15r
15R_512GB_Unlocked_Flawless,385.0,https://www.ocbuyback.com/sell/cell-phone/oneplus/15r
15R_512GB_Unlocked_Good ,335.0,https://www.ocbuyback.com/sell/cell-phone/oneplus/15r
15R_512GB_Unlocked_Fair,235.0,https://www.ocbuyback.com/sell/cell-phone/oneplus/15r
15R_512GB_Unlocked_Minor Damage,115.0,https://www.ocbuyback.com/sell/cell-phone/oneplus/15r
15R_512GB_Unlocked_Broken,10.0,https://www.ocbuyback.com/sell/cell-phone/oneplus/15r
iPad Air 11 M4 (2026)_128GB_Wi-Fi_Brand New,400.0,https://www.ocbuyback.com/sell/tablet/apple/ipad-air-11-m4-2026
iPad Air 11 M4 (2026)_128GB_Wi-Fi_Flawless,350.0,https://www.ocbuyback.com/sell/tablet/apple/ipad-air-11-m4-2026
iPad Air 11 M4 (2026)_128GB_Wi-Fi_Good ,300.0,https://www.ocbuyback.com/sell/tablet/apple/ipad-air-11-m4-2026
iPad Air 11 M4 (2026)_128GB_Wi-Fi_Fair,205.0,https://www.ocbuyback.com/sell/tablet/apple/ipad-air-11-m4-2026
iPad Air 11 M4 (2026)_128GB_Wi-Fi_Minor Damage,125.0,https://www.ocbuyback.com/sell/tablet/apple/ipad-air-11-m4-2026
iPad Air 11 M4 (2026)_128GB_Wi-Fi_Broken,20.0,https://www.ocbuyback.com/sell/tablet/apple/ipad-air-11-m4-2026
iPad Air 11 M4 (2026)_128GB_Wi-Fi+Cellular_Brand New,425.0,https://www.ocbuyback.com/sell/tablet/apple/ipad-air-11-m4-2026
iPad Air 11 M4 (2026)_128GB_Wi-Fi+Cellular_Flawless,375.0,https://www.ocbuyback.com/sell/tablet/apple/ipad-air-11-m4-2026
iPad Air 11 M4 (2026)_128GB_Wi-Fi+Cellular_Good ,325.0,https://www.ocbuyback.com/sell/tablet/apple/ipad-air-11-m4-2026
iPad Air 11 M4 (2026)_128GB_Wi-Fi+Cellular_Fair,230.0,https://www.ocbuyback.com/sell/tablet/apple/ipad-air-11-m4-2026
iPad Air 11 M4 (2026)_128GB_Wi-Fi+Cellular_Minor Damage,140.0,https://www.ocbuyback.com/sell/tablet/apple/ipad-air-11-m4-2026
iPad Air 11 M4 (2026)_128GB_Wi-Fi+Cellular_Broken,20.0,https://www.ocbuyback.com/sell/tablet/apple/ipad-air-11-m4-2026
iPad Air 11 M4 (2026)_256GB_Wi-Fi_Brand New,440.0,https://www.ocbuyback.com/sell/tablet/apple/ipad-air-11-m4-2026
iPad Air 11 M4 (2026)_256GB_Wi-Fi_Flawless,390.0,https://www.ocbuyback.com/sell/tablet/apple/ipad-air-11-m4-2026
iPad Air 11 M4 (2026)_256GB_Wi-Fi_Good ,340.0,https://www.ocbuyback.com/sell/tablet/apple/ipad-air-11-m4-2026
iPad Air 11 M4 (2026)_256GB_Wi-Fi_Fair,245.0,https://www.ocbuyback.com/sell/tablet/apple/ipad-air-11-m4-2026
iPad Air 11 M4 (2026)_256GB_Wi-Fi_Minor Damage,150.0,https://www.ocbuyback.com/sell/tablet/apple/ipad-air-11-m4-2026
iPad Air 11 M4 (2026)_256GB_Wi-Fi_Broken,20.0,https://www.ocbuyback.com/sell/tablet/apple/ipad-air-11-m4-2026
iPad Air 11 M4 (2026)_256GB_Wi-Fi+Cellular_Brand New,465.0,https://www.ocbuyback.com/sell/tablet/apple/ipad-air-11-m4-2026
iPad Air 11 M4 (2026)_256GB_Wi-Fi+Cellular_Flawless,415.0,https://www.ocbuyback.com/sell/tablet/apple/ipad-air-11-m4-2026
iPad Air 11 M4 (2026)_256GB_Wi-Fi+Cellular_Good ,365.0,https://www.ocbuyback.com/sell/tablet/apple/ipad-air-11-m4-2026
iPad Air 11 M4 (2026)_256GB_Wi-Fi+Cellular_Fair,270.0,https://www.ocbuyback.com/sell/tablet/apple/ipad-air-11-m4-2026
iPad Air 11 M4 (2026)_256GB_Wi-Fi+Cellular_Minor Damage,165.0,https://www.ocbuyback.com/sell/tablet/apple/ipad-air-11-m4-2026
iPad Air 11 M4 (2026)_256GB_Wi-Fi+Cellular_Broken,20.0,https://www.ocbuyback.com/sell/tablet/apple/ipad-air-11-m4-2026
iPad Air 11 M4 (2026)_512GB_Wi-Fi_Brand New,480.0,https://www.ocbuyback.com/sell/tablet/apple/ipad-air-11-m4-2026
iPad Air 11 M4 (2026)_512GB_Wi-Fi_Flawless,430.0,https://www.ocbuyback.com/sell/tablet/apple/ipad-air-11-m4-2026
iPad Air 11 M4 (2026)_512GB_Wi-Fi_Good ,380.0,https://www.ocbuyback.com/sell/tablet/apple/ipad-air-11-m4-2026
iPad Air 11 M4 (2026)_512GB_Wi-Fi_Fair,285.0,https://www.ocbuyback.com/sell/tablet/apple/ipad-air-11-m4-2026
iPad Air 11 M4 (2026)_512GB_Wi-Fi_Minor Damage,175.0,https://www.ocbuyback.com/sell/tablet/apple/ipad-air-11-m4-2026
iPad Air 11 M4 (2026)_512GB_Wi-Fi_Broken,20.0,https://www.ocbuyback.com/sell/tablet/apple/ipad-air-11-m4-2026
iPad Air 11 M4 (2026)_512GB_Wi-Fi+Cellular_Brand New,505.0,https://www.ocbuyback.com/sell/tablet/apple/ipad-air-11-m4-2026
iPad Air 11 M4 (2026)_512GB_Wi-Fi+Cellular_Flawless,455.0,https://www.ocbuyback.com/sell/tablet/apple/ipad-air-11-m4-2026
iPad Air 11 M4 (2026)_512GB_Wi-Fi+Cellular_Good ,405.0,https://www.ocbuyback.com/sell/tablet/apple/ipad-air-11-m4-2026
iPad Air 11 M4 (2026)_512GB_Wi-Fi+Cellular_Fair,310.0,https://www.ocbuyback.com/sell/tablet/apple/ipad-air-11-m4-2026
iPad Air 11 M4 (2026)_512GB_Wi-Fi+Cellular_Minor Damage,190.0,https://www.ocbuyback.com/sell/tablet/apple/ipad-air-11-m4-2026
iPad Air 11 M4 (2026)_512GB_Wi-Fi+Cellular_Broken,20.0,https://www.ocbuyback.com/sell/tablet/apple/ipad-air-11-m4-2026
iPad Air 11 M4 (2026)_1TB_Wi-Fi_Brand New,560.0,https://www.ocbuyback.com/sell/tablet/apple/ipad-air-11-m4-2026
iPad Air 11 M4 (2026)_1TB_Wi-Fi_Flawless,510.0,https://www.ocbuyback.com/sell/tablet/apple/ipad-air-11-m4-2026
iPad Air 11 M4 (2026)_1TB_Wi-Fi_Good ,460.0,https://www.ocbuyback.com/sell/tablet/apple/ipad-air-11-m4-2026
iPad Air 11 M4 (2026)_1TB_Wi-Fi_Fair,365.0,https://www.ocbuyback.com/sell/tablet/apple/ipad-air-11-m4-2026
iPad Air 11 M4 (2026)_1TB_Wi-Fi_Minor Damage,200.0,https://www.ocbuyback.com/sell/tablet/apple/ipad-air-11-m4-2026
iPad Air 11 M4 (2026)_1TB_Wi-Fi_Broken,20.0,https://www.ocbuyback.com/sell/tablet/apple/ipad-air-11-m4-2026
iPad Air 11 M4 (2026)_1TB_Wi-Fi+Cellular_Brand New,585.0,https://www.ocbuyback.com/sell/tablet/apple/ipad-air-11-m4-2026
iPad Air 11 M4 (2026)_1TB_Wi-Fi+Cellular_Flawless,535.0,https://www.ocbuyback.com/sell/tablet/apple/ipad-air-11-m4-2026
iPad Air 11 M4 (2026)_1TB_Wi-Fi+Cellular_Good ,485.0,https://www.ocbuyback.com/sell/tablet/apple/ipad-air-11-m4-2026
iPad Air 11 M4 (2026)_1TB_Wi-Fi+Cellular_Fair,390.0,https://www.ocbuyback.com/sell/tablet/apple/ipad-air-11-m4-2026
iPad Air 11 M4 (2026)_1TB_Wi-Fi+Cellular_Minor Damage,215.0,https://www.ocbuyback.com/sell/tablet/apple/ipad-air-11-m4-2026
iPad Air 11 M4 (2026)_1TB_Wi-Fi+Cellular_Broken,20.0,https://www.ocbuyback.com/sell/tablet/apple/ipad-air-11-m4-2026
iPad Air 13 M4 (2026)_128GB_Wi-Fi_Brand New,565.0,https://www.ocbuyback.com/sell/tablet/apple/ipad-air-13-m4-2026
iPad Air 13 M4 (2026)_128GB_Wi-Fi_Flawless,515.0,https://www.ocbuyback.com/sell/tablet/apple/ipad-air-13-m4-2026
iPad Air 13 M4 (2026)_128GB_Wi-Fi_Good ,465.0,https://www.ocbuyback.com/sell/tablet/apple/ipad-air-13-m4-2026
iPad Air 13 M4 (2026)_128GB_Wi-Fi_Fair,365.0,https://www.ocbuyback.com/sell/tablet/apple/ipad-air-13-m4-2026
iPad Air 13 M4 (2026)_128GB_Wi-Fi_Minor Damage,150.0,https://www.ocbuyback.com/sell/tablet/apple/ipad-air-13-m4-2026
iPad Air 13 M4 (2026)_128GB_Wi-Fi_Broken,20.0,https://www.ocbuyback.com/sell/tablet/apple/ipad-air-13-m4-2026
iPad Air 13 M4 (2026)_128GB_Wi-Fi+Cellular_Brand New,615.0,https://www.ocbuyback.com/sell/tablet/apple/ipad-air-13-m4-2026
iPad Air 13 M4 (2026)_128GB_Wi-Fi+Cellular_Flawless,565.0,https://www.ocbuyback.com/sell/tablet/apple/ipad-air-13-m4-2026
iPad Air 13 M4 (2026)_128GB_Wi-Fi+Cellular_Good ,515.0,https://www.ocbuyback.com/sell/tablet/apple/ipad-air-13-m4-2026
iPad Air 13 M4 (2026)_128GB_Wi-Fi+Cellular_Fair,415.0,https://www.ocbuyback.com/sell/tablet/apple/ipad-air-13-m4-2026
iPad Air 13 M4 (2026)_128GB_Wi-Fi+Cellular_Minor Damage,165.0,https://www.ocbuyback.com/sell/tablet/apple/ipad-air-13-m4-2026
iPad Air 13 M4 (2026)_128GB_Wi-Fi+Cellular_Broken,20.0,https://www.ocbuyback.com/sell/tablet/apple/ipad-air-13-m4-2026
iPad Air 13 M4 (2026)_256GB_Wi-Fi_Brand New,605.0,https://www.ocbuyback.com/sell/tablet/apple/ipad-air-13-m4-2026
iPad Air 13 M4 (2026)_256GB_Wi-Fi_Flawless,555.0,https://www.ocbuyback.com/sell/tablet/apple/ipad-air-13-m4-2026
iPad Air 13 M4 (2026)_256GB_Wi-Fi_Good ,505.0,https://www.ocbuyback.com/sell/tablet/apple/ipad-air-13-m4-2026
iPad Air 13 M4 (2026)_256GB_Wi-Fi_Fair,405.0,https://www.ocbuyback.com/sell/tablet/apple/ipad-air-13-m4-2026
iPad Air 13 M4 (2026)_256GB_Wi-Fi_Minor Damage,170.0,https://www.ocbuyback.com/sell/tablet/apple/ipad-air-13-m4-2026
iPad Air 13 M4 (2026)_256GB_Wi-Fi_Broken,20.0,https://www.ocbuyback.com/sell/tablet/apple/ipad-air-13-m4-2026
iPad Air 13 M4 (2026)_256GB_Wi-Fi+Cellular_Brand New,655.0,https://www.ocbuyback.com/sell/tablet/apple/ipad-air-13-m4-2026
iPad Air 13 M4 (2026)_256GB_Wi-Fi+Cellular_Flawless,605.0,https://www.ocbuyback.com/sell/tablet/apple/ipad-air-13-m4-2026
iPad Air 13 M4 (2026)_256GB_Wi-Fi+Cellular_Good ,555.0,https://www.ocbuyback.com/sell/tablet/apple/ipad-air-13-m4-2026
iPad Air 13 M4 (2026)_256GB_Wi-Fi+Cellular_Fair,455.0,https://www.ocbuyback.com/sell/tablet/apple/ipad-air-13-m4-2026
iPad Air 13 M4 (2026)_256GB_Wi-Fi+Cellular_Minor Damage,185.0,https://www.ocbuyback.com/sell/tablet/apple/ipad-air-13-m4-2026
iPad Air 13 M4 (2026)_256GB_Wi-Fi+Cellular_Broken,20.0,https://www.ocbuyback.com/sell/tablet/apple/ipad-air-13-m4-2026
iPad Air 13 M4 (2026)_512GB_Wi-Fi_Brand New,645.0,https://www.ocbuyback.com/sell/tablet/apple/ipad-air-13-m4-2026
iPad Air 13 M4 (2026)_512GB_Wi-Fi_Flawless,595.0,https://www.ocbuyback.com/sell/tablet/apple/ipad-air-13-m4-2026
iPad Air 13 M4 (2026)_512GB_Wi-Fi_Good ,545.0,https://www.ocbuyback.com/sell/tablet/apple/ipad-air-13-m4-2026
iPad Air 13 M4 (2026)_512GB_Wi-Fi_Fair,445.0,https://www.ocbuyback.com/sell/tablet/apple/ipad-air-13-m4-2026
iPad Air 13 M4 (2026)_512GB_Wi-Fi_Minor Damage,190.0,https://www.ocbuyback.com/sell/tablet/apple/ipad-air-13-m4-2026
iPad Air 13 M4 (2026)_512GB_Wi-Fi_Broken,20.0,https://www.ocbuyback.com/sell/tablet/apple/ipad-air-13-m4-2026
iPad Air 13 M4 (2026)_512GB_Wi-Fi+Cellular_Brand New,695.0,https://www.ocbuyback.com/sell/tablet/apple/ipad-air-13-m4-2026
iPad Air 13 M4 (2026)_512GB_Wi-Fi+Cellular_Flawless,645.0,https://www.ocbuyback.com/sell/tablet/apple/ipad-air-13-m4-2026
iPad Air 13 M4 (2026)_512GB_Wi-Fi+Cellular_Good ,595.0,https://www.ocbuyback.com/sell/tablet/apple/ipad-air-13-m4-2026
iPad Air 13 M4 (2026)_512GB_Wi-Fi+Cellular_Fair,495.0,https://www.ocbuyback.com/sell/tablet/apple/ipad-air-13-m4-2026
iPad Air 13 M4 (2026)_512GB_Wi-Fi+Cellular_Minor Damage,205.0,https://www.ocbuyback.com/sell/tablet/apple/ipad-air-13-m4-2026
iPad Air 13 M4 (2026)_512GB_Wi-Fi+Cellular_Broken,20.0,https://www.ocbuyback.com/sell/tablet/apple/ipad-air-13-m4-2026
iPad Air 13 M4 (2026)_1TB_Wi-Fi_Brand New,725.0,https://www.ocbuyback.com/sell/tablet/apple/ipad-air-13-m4-2026
iPad Air 13 M4 (2026)_1TB_Wi-Fi_Flawless,675.0,https://www.ocbuyback.com/sell/tablet/apple/ipad-air-13-m4-2026
iPad Air 13 M4 (2026)_1TB_Wi-Fi_Good ,625.0,https://www.ocbuyback.com/sell/tablet/apple/ipad-air-13-m4-2026
iPad Air 13 M4 (2026)_1TB_Wi-Fi_Fair,525.0,https://www.ocbuyback.com/sell/tablet/apple/ipad-air-13-m4-2026
iPad Air 13 M4 (2026)_1TB_Wi-Fi_Minor Damage,210.0,https://www.ocbuyback.com/sell/tablet/apple/ipad-air-13-m4-2026
iPad Air 13 M4 (2026)_1TB_Wi-Fi_Broken,20.0,https://www.ocbuyback.com/sell/tablet/apple/ipad-air-13-m4-2026
iPad Air 13 M4 (2026)_1TB_Wi-Fi+Cellular_Brand New,775.0,https://www.ocbuyback.com/sell/tablet/apple/ipad-air-13-m4-2026
iPad Air 13 M4 (2026)_1TB_Wi-Fi+Cellular_Flawless,725.0,https://www.ocbuyback.com/sell/tablet/apple/ipad-air-13-m4-2026
iPad Air 13 M4 (2026)_1TB_Wi-Fi+Cellular_Good ,675.0,https://www.ocbuyback.com/sell/tablet/apple/ipad-air-13-m4-2026
iPad Air 13 M4 (2026)_1TB_Wi-Fi+Cellular_Fair,575.0,https://www.ocbuyback.com/sell/tablet/apple/ipad-air-13-m4-2026
iPad Air 13 M4 (2026)_1TB_Wi-Fi+Cellular_Minor Damage,225.0,https://www.ocbuyback.com/sell/tablet/apple/ipad-air-13-m4-2026
iPad Air 13 M4 (2026)_1TB_Wi-Fi+Cellular_Broken,20.0,https://www.ocbuyback.com/sell/tablet/apple/ipad-air-13-m4-2026