Manufacturer,Model,Capacity,Carrier,Like New Price,Good Price,Fair Price,Minor Damage Price,Damaged Price,Like New Deeplink,Good Deeplink,Fair Deeplink,Minor Damage Deeplink,Damaged Deeplink
Apple,Series 7 GPS,41mm,Aluminium,55.0,30.0,15.0,,,https://www.ocbuyback.com/sell/smartwatch/apple/series-7-gps/aluminum/41mm/like-new,https://www.ocbuyback.com/sell/smartwatch/apple/series-7-gps/aluminum/41mm/good-condition,https://www.ocbuyback.com/sell/smartwatch/apple/series-7-gps/aluminum/41mm/fair,https://www.ocbuyback.com/sell/smartwatch/apple/series-7-gps/aluminum/41mm/minor-damage,https://www.ocbuyback.com/sell/smartwatch/apple/series-7-gps/aluminum/41mm/damaged
Apple,Series 7 GPS,41mm,Stainless Steel,60.0,35.0,20.0,,,https://www.ocbuyback.com/sell/smartwatch/apple/series-7-gps/stainless-steel/41mm/like-new,https://www.ocbuyback.com/sell/smartwatch/apple/series-7-gps/stainless-steel/41mm/good-condition,https://www.ocbuyback.com/sell/smartwatch/apple/series-7-gps/stainless-steel/41mm/fair,https://www.ocbuyback.com/sell/smartwatch/apple/series-7-gps/stainless-steel/41mm/minor-damage,https://www.ocbuyback.com/sell/smartwatch/apple/series-7-gps/stainless-steel/41mm/damaged
Apple,Series 7 GPS,41mm,Titanium,65.0,40.0,20.0,,,https://www.ocbuyback.com/sell/smartwatch/apple/series-7-gps/titanium/41mm/like-new,https://www.ocbuyback.com/sell/smartwatch/apple/series-7-gps/titanium/41mm/good-condition,https://www.ocbuyback.com/sell/smartwatch/apple/series-7-gps/titanium/41mm/fair,https://www.ocbuyback.com/sell/smartwatch/apple/series-7-gps/titanium/41mm/minor-damage,https://www.ocbuyback.com/sell/smartwatch/apple/series-7-gps/titanium/41mm/damaged
Apple,Series 7 GPS,45mm,Aluminium,60.0,25.0,10.0,,,https://www.ocbuyback.com/sell/smartwatch/apple/series-7-gps/aluminum/45mm/like-new,https://www.ocbuyback.com/sell/smartwatch/apple/series-7-gps/aluminum/45mm/good-condition,https://www.ocbuyback.com/sell/smartwatch/apple/series-7-gps/aluminum/45mm/fair,https://www.ocbuyback.com/sell/smartwatch/apple/series-7-gps/aluminum/45mm/minor-damage,https://www.ocbuyback.com/sell/smartwatch/apple/series-7-gps/aluminum/45mm/damaged
Apple,Series 7 GPS,45mm,Stainless Steel,70.0,45.0,30.0,,,https://www.ocbuyback.com/sell/smartwatch/apple/series-7-gps/stainless-steel/45mm/like-new,https://www.ocbuyback.com/sell/smartwatch/apple/series-7-gps/stainless-steel/45mm/good-condition,https://www.ocbuyback.com/sell/smartwatch/apple/series-7-gps/stainless-steel/45mm/fair,https://www.ocbuyback.com/sell/smartwatch/apple/series-7-gps/stainless-steel/45mm/minor-damage,https://www.ocbuyback.com/sell/smartwatch/apple/series-7-gps/stainless-steel/45mm/damaged
Apple,Series 7 GPS,45mm,Titanium,75.0,50.0,35.0,,,https://www.ocbuyback.com/sell/smartwatch/apple/series-7-gps/titanium/45mm/like-new,https://www.ocbuyback.com/sell/smartwatch/apple/series-7-gps/titanium/45mm/good-condition,https://www.ocbuyback.com/sell/smartwatch/apple/series-7-gps/titanium/45mm/fair,https://www.ocbuyback.com/sell/smartwatch/apple/series-7-gps/titanium/45mm/minor-damage,https://www.ocbuyback.com/sell/smartwatch/apple/series-7-gps/titanium/45mm/damaged
Apple,Series 7 GPS + Cellular,41mm,Aluminium,65.0,25.0,10.0,,,https://www.ocbuyback.com/sell/smartwatch/apple/series-7-gps-cellular/aluminum/41mm/like-new,https://www.ocbuyback.com/sell/smartwatch/apple/series-7-gps-cellular/aluminum/41mm/good-condition,https://www.ocbuyback.com/sell/smartwatch/apple/series-7-gps-cellular/aluminum/41mm/fair,https://www.ocbuyback.com/sell/smartwatch/apple/series-7-gps-cellular/aluminum/41mm/minor-damage,https://www.ocbuyback.com/sell/smartwatch/apple/series-7-gps-cellular/aluminum/41mm/damaged
Apple,Series 7 GPS + Cellular,41mm,Stainless Steel,70.0,45.0,20.0,,,https://www.ocbuyback.com/sell/smartwatch/apple/series-7-gps-cellular/stainless-steel/41mm/like-new,https://www.ocbuyback.com/sell/smartwatch/apple/series-7-gps-cellular/stainless-steel/41mm/good-condition,https://www.ocbuyback.com/sell/smartwatch/apple/series-7-gps-cellular/stainless-steel/41mm/fair,https://www.ocbuyback.com/sell/smartwatch/apple/series-7-gps-cellular/stainless-steel/41mm/minor-damage,https://www.ocbuyback.com/sell/smartwatch/apple/series-7-gps-cellular/stainless-steel/41mm/damaged
Apple,Series 7 GPS + Cellular,41mm,Titanium,55.0,30.0,15.0,,,https://www.ocbuyback.com/sell/smartwatch/apple/series-7-gps-cellular/titanium/41mm/like-new,https://www.ocbuyback.com/sell/smartwatch/apple/series-7-gps-cellular/titanium/41mm/good-condition,https://www.ocbuyback.com/sell/smartwatch/apple/series-7-gps-cellular/titanium/41mm/fair,https://www.ocbuyback.com/sell/smartwatch/apple/series-7-gps-cellular/titanium/41mm/minor-damage,https://www.ocbuyback.com/sell/smartwatch/apple/series-7-gps-cellular/titanium/41mm/damaged
Apple,Series 7 GPS + Cellular,45mm,Aluminium,70.0,30.0,20.0,,,https://www.ocbuyback.com/sell/smartwatch/apple/series-7-gps-cellular/aluminum/45mm/like-new,https://www.ocbuyback.com/sell/smartwatch/apple/series-7-gps-cellular/aluminum/45mm/good-condition,https://www.ocbuyback.com/sell/smartwatch/apple/series-7-gps-cellular/aluminum/45mm/fair,https://www.ocbuyback.com/sell/smartwatch/apple/series-7-gps-cellular/aluminum/45mm/minor-damage,https://www.ocbuyback.com/sell/smartwatch/apple/series-7-gps-cellular/aluminum/45mm/damaged
Apple,Series 7 GPS + Cellular,45mm,Stainless Steel,80.0,55.0,30.0,,,https://www.ocbuyback.com/sell/smartwatch/apple/series-7-gps-cellular/stainless-steel/45mm/like-new,https://www.ocbuyback.com/sell/smartwatch/apple/series-7-gps-cellular/stainless-steel/45mm/good-condition,https://www.ocbuyback.com/sell/smartwatch/apple/series-7-gps-cellular/stainless-steel/45mm/fair,https://www.ocbuyback.com/sell/smartwatch/apple/series-7-gps-cellular/stainless-steel/45mm/minor-damage,https://www.ocbuyback.com/sell/smartwatch/apple/series-7-gps-cellular/stainless-steel/45mm/damaged
Apple,Series 7 GPS + Cellular,45mm,Titanium,80.0,55.0,30.0,,,https://www.ocbuyback.com/sell/smartwatch/apple/series-7-gps-cellular/titanium/45mm/like-new,https://www.ocbuyback.com/sell/smartwatch/apple/series-7-gps-cellular/titanium/45mm/good-condition,https://www.ocbuyback.com/sell/smartwatch/apple/series-7-gps-cellular/titanium/45mm/fair,https://www.ocbuyback.com/sell/smartwatch/apple/series-7-gps-cellular/titanium/45mm/minor-damage,https://www.ocbuyback.com/sell/smartwatch/apple/series-7-gps-cellular/titanium/45mm/damaged
Apple,Watch SE GPS 2nd Gen,40mm,Aluminium,20.0,10.0,5.0,,,https://www.ocbuyback.com/sell/smartwatch/apple/watch-se-gps-2nd-gen/aluminum/40mm/like-new,https://www.ocbuyback.com/sell/smartwatch/apple/watch-se-gps-2nd-gen/aluminum/40mm/good-condition,https://www.ocbuyback.com/sell/smartwatch/apple/watch-se-gps-2nd-gen/aluminum/40mm/fair,https://www.ocbuyback.com/sell/smartwatch/apple/watch-se-gps-2nd-gen/aluminum/40mm/minor-damage,https://www.ocbuyback.com/sell/smartwatch/apple/watch-se-gps-2nd-gen/aluminum/40mm/damaged
Apple,Watch SE GPS 2nd Gen,44mm,Aluminium,25.0,15.0,10.0,,,https://www.ocbuyback.com/sell/smartwatch/apple/watch-se-gps-2nd-gen/aluminum/44mm/like-new,https://www.ocbuyback.com/sell/smartwatch/apple/watch-se-gps-2nd-gen/aluminum/44mm/good-condition,https://www.ocbuyback.com/sell/smartwatch/apple/watch-se-gps-2nd-gen/aluminum/44mm/fair,https://www.ocbuyback.com/sell/smartwatch/apple/watch-se-gps-2nd-gen/aluminum/44mm/minor-damage,https://www.ocbuyback.com/sell/smartwatch/apple/watch-se-gps-2nd-gen/aluminum/44mm/damaged
Apple,Watch SE GPS + Cellular 2nd Gen,40mm,Aluminium,25.0,15.0,10.0,,,https://www.ocbuyback.com/sell/smartwatch/apple/watch-se-gps-plus-cellular-2nd-gen/aluminum/40mm/like-new,https://www.ocbuyback.com/sell/smartwatch/apple/watch-se-gps-plus-cellular-2nd-gen/aluminum/40mm/good-condition,https://www.ocbuyback.com/sell/smartwatch/apple/watch-se-gps-plus-cellular-2nd-gen/aluminum/40mm/fair,https://www.ocbuyback.com/sell/smartwatch/apple/watch-se-gps-plus-cellular-2nd-gen/aluminum/40mm/minor-damage,https://www.ocbuyback.com/sell/smartwatch/apple/watch-se-gps-plus-cellular-2nd-gen/aluminum/40mm/damaged
Apple,Watch SE GPS + Cellular 2nd Gen,44mm,Aluminium,30.0,20.0,10.0,,,https://www.ocbuyback.com/sell/smartwatch/apple/watch-se-gps-plus-cellular-2nd-gen/aluminum/44mm/like-new,https://www.ocbuyback.com/sell/smartwatch/apple/watch-se-gps-plus-cellular-2nd-gen/aluminum/44mm/good-condition,https://www.ocbuyback.com/sell/smartwatch/apple/watch-se-gps-plus-cellular-2nd-gen/aluminum/44mm/fair,https://www.ocbuyback.com/sell/smartwatch/apple/watch-se-gps-plus-cellular-2nd-gen/aluminum/44mm/minor-damage,https://www.ocbuyback.com/sell/smartwatch/apple/watch-se-gps-plus-cellular-2nd-gen/aluminum/44mm/damaged
Apple,Watch SE GPS 3rd Gen,40mm,Aluminium,60.0,40.0,15.0,,,https://www.ocbuyback.com/sell/smartwatch/apple/watch-se-gps-3rd-gen/aluminum/40mm/like-new,https://www.ocbuyback.com/sell/smartwatch/apple/watch-se-gps-3rd-gen/aluminum/40mm/good-condition,https://www.ocbuyback.com/sell/smartwatch/apple/watch-se-gps-3rd-gen/aluminum/40mm/fair,https://www.ocbuyback.com/sell/smartwatch/apple/watch-se-gps-3rd-gen/aluminum/40mm/minor-damage,https://www.ocbuyback.com/sell/smartwatch/apple/watch-se-gps-3rd-gen/aluminum/40mm/damaged
Apple,Watch SE GPS 3rd Gen,44mm,Aluminium,70.0,50.0,25.0,,,https://www.ocbuyback.com/sell/smartwatch/apple/watch-se-gps-3rd-gen/aluminum/44mm/like-new,https://www.ocbuyback.com/sell/smartwatch/apple/watch-se-gps-3rd-gen/aluminum/44mm/good-condition,https://www.ocbuyback.com/sell/smartwatch/apple/watch-se-gps-3rd-gen/aluminum/44mm/fair,https://www.ocbuyback.com/sell/smartwatch/apple/watch-se-gps-3rd-gen/aluminum/44mm/minor-damage,https://www.ocbuyback.com/sell/smartwatch/apple/watch-se-gps-3rd-gen/aluminum/44mm/damaged
Apple,Watch SE GPS + Cellular 3rd Gen,40mm,Aluminium,70.0,50.0,25.0,,,https://www.ocbuyback.com/sell/smartwatch/apple/watch-se-gps-plus-cellular-3rd-gen/aluminum/40mm/like-new,https://www.ocbuyback.com/sell/smartwatch/apple/watch-se-gps-plus-cellular-3rd-gen/aluminum/40mm/good-condition,https://www.ocbuyback.com/sell/smartwatch/apple/watch-se-gps-plus-cellular-3rd-gen/aluminum/40mm/fair,https://www.ocbuyback.com/sell/smartwatch/apple/watch-se-gps-plus-cellular-3rd-gen/aluminum/40mm/minor-damage,https://www.ocbuyback.com/sell/smartwatch/apple/watch-se-gps-plus-cellular-3rd-gen/aluminum/40mm/damaged
Apple,Watch SE GPS + Cellular 3rd Gen,44mm,Aluminium,80.0,60.0,35.0,,,https://www.ocbuyback.com/sell/smartwatch/apple/watch-se-gps-plus-cellular-3rd-gen/aluminum/44mm/like-new,https://www.ocbuyback.com/sell/smartwatch/apple/watch-se-gps-plus-cellular-3rd-gen/aluminum/44mm/good-condition,https://www.ocbuyback.com/sell/smartwatch/apple/watch-se-gps-plus-cellular-3rd-gen/aluminum/44mm/fair,https://www.ocbuyback.com/sell/smartwatch/apple/watch-se-gps-plus-cellular-3rd-gen/aluminum/44mm/minor-damage,https://www.ocbuyback.com/sell/smartwatch/apple/watch-se-gps-plus-cellular-3rd-gen/aluminum/44mm/damaged
Apple,Series 8 GPS,41mm,Aluminium,50.0,35.0,20.0,,,https://www.ocbuyback.com/sell/smartwatch/apple/series-8-gps/aluminum/41mm/like-new,https://www.ocbuyback.com/sell/smartwatch/apple/series-8-gps/aluminum/41mm/good-condition,https://www.ocbuyback.com/sell/smartwatch/apple/series-8-gps/aluminum/41mm/fair,https://www.ocbuyback.com/sell/smartwatch/apple/series-8-gps/aluminum/41mm/minor-damage,https://www.ocbuyback.com/sell/smartwatch/apple/series-8-gps/aluminum/41mm/damaged
Apple,Series 8 GPS,41mm,Stainless Steel,60.0,45.0,20.0,,,https://www.ocbuyback.com/sell/smartwatch/apple/series-8-gps/stainless-steel/41mm/like-new,https://www.ocbuyback.com/sell/smartwatch/apple/series-8-gps/stainless-steel/41mm/good-condition,https://www.ocbuyback.com/sell/smartwatch/apple/series-8-gps/stainless-steel/41mm/fair,https://www.ocbuyback.com/sell/smartwatch/apple/series-8-gps/stainless-steel/41mm/minor-damage,https://www.ocbuyback.com/sell/smartwatch/apple/series-8-gps/stainless-steel/41mm/damaged
Apple,Series 8 GPS,45mm,Aluminium,60.0,45.0,25.0,,,https://www.ocbuyback.com/sell/smartwatch/apple/series-8-gps/aluminum/45mm/like-new,https://www.ocbuyback.com/sell/smartwatch/apple/series-8-gps/aluminum/45mm/good-condition,https://www.ocbuyback.com/sell/smartwatch/apple/series-8-gps/aluminum/45mm/fair,https://www.ocbuyback.com/sell/smartwatch/apple/series-8-gps/aluminum/45mm/minor-damage,https://www.ocbuyback.com/sell/smartwatch/apple/series-8-gps/aluminum/45mm/damaged
Apple,Series 8 GPS,45mm,Stainless Steel,80.0,55.0,35.0,,,https://www.ocbuyback.com/sell/smartwatch/apple/series-8-gps/stainless-steel/45mm/like-new,https://www.ocbuyback.com/sell/smartwatch/apple/series-8-gps/stainless-steel/45mm/good-condition,https://www.ocbuyback.com/sell/smartwatch/apple/series-8-gps/stainless-steel/45mm/fair,https://www.ocbuyback.com/sell/smartwatch/apple/series-8-gps/stainless-steel/45mm/minor-damage,https://www.ocbuyback.com/sell/smartwatch/apple/series-8-gps/stainless-steel/45mm/damaged
Apple,Series 8 GPS + Cellular,41mm,Aluminium,60.0,45.0,25.0,,,https://www.ocbuyback.com/sell/smartwatch/apple/series-8-gps-cellular/aluminum/41mm/like-new,https://www.ocbuyback.com/sell/smartwatch/apple/series-8-gps-cellular/aluminum/41mm/good-condition,https://www.ocbuyback.com/sell/smartwatch/apple/series-8-gps-cellular/aluminum/41mm/fair,https://www.ocbuyback.com/sell/smartwatch/apple/series-8-gps-cellular/aluminum/41mm/minor-damage,https://www.ocbuyback.com/sell/smartwatch/apple/series-8-gps-cellular/aluminum/41mm/damaged
Apple,Series 8 GPS + Cellular,41mm,Stainless Steel,70.0,45.0,25.0,,,https://www.ocbuyback.com/sell/smartwatch/apple/series-8-gps-cellular/stainless-steel/41mm/like-new,https://www.ocbuyback.com/sell/smartwatch/apple/series-8-gps-cellular/stainless-steel/41mm/good-condition,https://www.ocbuyback.com/sell/smartwatch/apple/series-8-gps-cellular/stainless-steel/41mm/fair,https://www.ocbuyback.com/sell/smartwatch/apple/series-8-gps-cellular/stainless-steel/41mm/minor-damage,https://www.ocbuyback.com/sell/smartwatch/apple/series-8-gps-cellular/stainless-steel/41mm/damaged
Apple,Series 8 GPS + Cellular,45mm,Aluminium,70.0,55.0,30.0,,,https://www.ocbuyback.com/sell/smartwatch/apple/series-8-gps-cellular/aluminum/45mm/like-new,https://www.ocbuyback.com/sell/smartwatch/apple/series-8-gps-cellular/aluminum/45mm/good-condition,https://www.ocbuyback.com/sell/smartwatch/apple/series-8-gps-cellular/aluminum/45mm/fair,https://www.ocbuyback.com/sell/smartwatch/apple/series-8-gps-cellular/aluminum/45mm/minor-damage,https://www.ocbuyback.com/sell/smartwatch/apple/series-8-gps-cellular/aluminum/45mm/damaged
Apple,Series 8 GPS + Cellular,45mm,Stainless Steel,90.0,65.0,40.0,,,https://www.ocbuyback.com/sell/smartwatch/apple/series-8-gps-cellular/stainless-steel/45mm/like-new,https://www.ocbuyback.com/sell/smartwatch/apple/series-8-gps-cellular/stainless-steel/45mm/good-condition,https://www.ocbuyback.com/sell/smartwatch/apple/series-8-gps-cellular/stainless-steel/45mm/fair,https://www.ocbuyback.com/sell/smartwatch/apple/series-8-gps-cellular/stainless-steel/45mm/minor-damage,https://www.ocbuyback.com/sell/smartwatch/apple/series-8-gps-cellular/stainless-steel/45mm/damaged
Apple,Ultra,49mm,Titanium,125.0,80.0,40.0,,,https://www.ocbuyback.com/sell/smartwatch/apple/ultra/titanium/49mm/like-new,https://www.ocbuyback.com/sell/smartwatch/apple/ultra/titanium/49mm/good-condition,https://www.ocbuyback.com/sell/smartwatch/apple/ultra/titanium/49mm/fair,https://www.ocbuyback.com/sell/smartwatch/apple/ultra/titanium/49mm/minor-damage,https://www.ocbuyback.com/sell/smartwatch/apple/ultra/titanium/49mm/damaged
Apple,Series 9 GPS,41mm,Aluminium,80.0,55.0,30.0,,,https://www.ocbuyback.com/sell/smartwatch/apple/series-9-gps/aluminum/41mm/like-new,https://www.ocbuyback.com/sell/smartwatch/apple/series-9-gps/aluminum/41mm/good-condition,https://www.ocbuyback.com/sell/smartwatch/apple/series-9-gps/aluminum/41mm/fair,https://www.ocbuyback.com/sell/smartwatch/apple/series-9-gps/aluminum/41mm/minor-damage,https://www.ocbuyback.com/sell/smartwatch/apple/series-9-gps/aluminum/41mm/damaged
Apple,Series 9 GPS,45mm,Aluminium,90.0,65.0,40.0,,,https://www.ocbuyback.com/sell/smartwatch/apple/series-9-gps/aluminum/45mm/like-new,https://www.ocbuyback.com/sell/smartwatch/apple/series-9-gps/aluminum/45mm/good-condition,https://www.ocbuyback.com/sell/smartwatch/apple/series-9-gps/aluminum/45mm/fair,https://www.ocbuyback.com/sell/smartwatch/apple/series-9-gps/aluminum/45mm/minor-damage,https://www.ocbuyback.com/sell/smartwatch/apple/series-9-gps/aluminum/45mm/damaged
Apple,Series 9 GPS + Cellular,41mm,Aluminium,95.0,70.0,45.0,,,https://www.ocbuyback.com/sell/smartwatch/apple/series-9-gps-cellular/aluminum/41mm/like-new,https://www.ocbuyback.com/sell/smartwatch/apple/series-9-gps-cellular/aluminum/41mm/good-condition,https://www.ocbuyback.com/sell/smartwatch/apple/series-9-gps-cellular/aluminum/41mm/fair,https://www.ocbuyback.com/sell/smartwatch/apple/series-9-gps-cellular/aluminum/41mm/minor-damage,https://www.ocbuyback.com/sell/smartwatch/apple/series-9-gps-cellular/aluminum/41mm/damaged
Apple,Series 9 GPS + Cellular,41mm,Stainless Steel,105.0,65.0,25.0,,,https://www.ocbuyback.com/sell/smartwatch/apple/series-9-gps-cellular/stainless-steel/41mm/like-new,https://www.ocbuyback.com/sell/smartwatch/apple/series-9-gps-cellular/stainless-steel/41mm/good-condition,https://www.ocbuyback.com/sell/smartwatch/apple/series-9-gps-cellular/stainless-steel/41mm/fair,https://www.ocbuyback.com/sell/smartwatch/apple/series-9-gps-cellular/stainless-steel/41mm/minor-damage,https://www.ocbuyback.com/sell/smartwatch/apple/series-9-gps-cellular/stainless-steel/41mm/damaged
Apple,Series 9 GPS + Cellular,45mm,Aluminium,105.0,80.0,55.0,,,https://www.ocbuyback.com/sell/smartwatch/apple/series-9-gps-cellular/aluminum/45mm/like-new,https://www.ocbuyback.com/sell/smartwatch/apple/series-9-gps-cellular/aluminum/45mm/good-condition,https://www.ocbuyback.com/sell/smartwatch/apple/series-9-gps-cellular/aluminum/45mm/fair,https://www.ocbuyback.com/sell/smartwatch/apple/series-9-gps-cellular/aluminum/45mm/minor-damage,https://www.ocbuyback.com/sell/smartwatch/apple/series-9-gps-cellular/aluminum/45mm/damaged
Apple,Series 9 GPS + Cellular,45mm,Stainless Steel,115.0,75.0,35.0,,,https://www.ocbuyback.com/sell/smartwatch/apple/series-9-gps-cellular/stainless-steel/45mm/like-new,https://www.ocbuyback.com/sell/smartwatch/apple/series-9-gps-cellular/stainless-steel/45mm/good-condition,https://www.ocbuyback.com/sell/smartwatch/apple/series-9-gps-cellular/stainless-steel/45mm/fair,https://www.ocbuyback.com/sell/smartwatch/apple/series-9-gps-cellular/stainless-steel/45mm/minor-damage,https://www.ocbuyback.com/sell/smartwatch/apple/series-9-gps-cellular/stainless-steel/45mm/damaged
Apple,Series 10 GPS,42mm,Aluminium,100.0,60.0,20.0,,,https://www.ocbuyback.com/sell/smartwatch/apple/series-10-gps/aluminum/42mm/like-new,https://www.ocbuyback.com/sell/smartwatch/apple/series-10-gps/aluminum/42mm/good-condition,https://www.ocbuyback.com/sell/smartwatch/apple/series-10-gps/aluminum/42mm/fair,https://www.ocbuyback.com/sell/smartwatch/apple/series-10-gps/aluminum/42mm/minor-damage,https://www.ocbuyback.com/sell/smartwatch/apple/series-10-gps/aluminum/42mm/damaged
Apple,Series 10 GPS,46mm,Aluminium,110.0,70.0,30.0,,,https://www.ocbuyback.com/sell/smartwatch/apple/series-10-gps/aluminum/46mm/like-new,https://www.ocbuyback.com/sell/smartwatch/apple/series-10-gps/aluminum/46mm/good-condition,https://www.ocbuyback.com/sell/smartwatch/apple/series-10-gps/aluminum/46mm/fair,https://www.ocbuyback.com/sell/smartwatch/apple/series-10-gps/aluminum/46mm/minor-damage,https://www.ocbuyback.com/sell/smartwatch/apple/series-10-gps/aluminum/46mm/damaged
Apple,Series 10 GPS + Cellular,42mm,Aluminium,110.0,70.0,30.0,,,https://www.ocbuyback.com/sell/smartwatch/apple/series-10-gps-cellular/aluminum/42mm/like-new,https://www.ocbuyback.com/sell/smartwatch/apple/series-10-gps-cellular/aluminum/42mm/good-condition,https://www.ocbuyback.com/sell/smartwatch/apple/series-10-gps-cellular/aluminum/42mm/fair,https://www.ocbuyback.com/sell/smartwatch/apple/series-10-gps-cellular/aluminum/42mm/minor-damage,https://www.ocbuyback.com/sell/smartwatch/apple/series-10-gps-cellular/aluminum/42mm/damaged
Apple,Series 10 GPS + Cellular,42mm,Titanium,165.0,120.0,65.0,,,https://www.ocbuyback.com/sell/smartwatch/apple/series-10-gps-cellular/titanium/42mm/like-new,https://www.ocbuyback.com/sell/smartwatch/apple/series-10-gps-cellular/titanium/42mm/good-condition,https://www.ocbuyback.com/sell/smartwatch/apple/series-10-gps-cellular/titanium/42mm/fair,https://www.ocbuyback.com/sell/smartwatch/apple/series-10-gps-cellular/titanium/42mm/minor-damage,https://www.ocbuyback.com/sell/smartwatch/apple/series-10-gps-cellular/titanium/42mm/damaged
Apple,Series 10 GPS + Cellular,46mm,Aluminium,120.0,80.0,40.0,,,https://www.ocbuyback.com/sell/smartwatch/apple/series-10-gps-cellular/aluminum/46mm/like-new,https://www.ocbuyback.com/sell/smartwatch/apple/series-10-gps-cellular/aluminum/46mm/good-condition,https://www.ocbuyback.com/sell/smartwatch/apple/series-10-gps-cellular/aluminum/46mm/fair,https://www.ocbuyback.com/sell/smartwatch/apple/series-10-gps-cellular/aluminum/46mm/minor-damage,https://www.ocbuyback.com/sell/smartwatch/apple/series-10-gps-cellular/aluminum/46mm/damaged
Apple,Series 10 GPS + Cellular,46mm,Titanium,175.0,130.0,75.0,,,https://www.ocbuyback.com/sell/smartwatch/apple/series-10-gps-cellular/titanium/46mm/like-new,https://www.ocbuyback.com/sell/smartwatch/apple/series-10-gps-cellular/titanium/46mm/good-condition,https://www.ocbuyback.com/sell/smartwatch/apple/series-10-gps-cellular/titanium/46mm/fair,https://www.ocbuyback.com/sell/smartwatch/apple/series-10-gps-cellular/titanium/46mm/minor-damage,https://www.ocbuyback.com/sell/smartwatch/apple/series-10-gps-cellular/titanium/46mm/damaged
Apple,Series 11 GPS,42mm,Aluminium,150.0,120.0,90.0,,,https://www.ocbuyback.com/sell/smartwatch/apple/series-11-gps/aluminum/42mm/like-new,https://www.ocbuyback.com/sell/smartwatch/apple/series-11-gps/aluminum/42mm/good-condition,https://www.ocbuyback.com/sell/smartwatch/apple/series-11-gps/aluminum/42mm/fair,https://www.ocbuyback.com/sell/smartwatch/apple/series-11-gps/aluminum/42mm/minor-damage,https://www.ocbuyback.com/sell/smartwatch/apple/series-11-gps/aluminum/42mm/damaged
Apple,Series 11 GPS,46mm,Aluminium,160.0,130.0,100.0,,,https://www.ocbuyback.com/sell/smartwatch/apple/series-11-gps/aluminum/46mm/like-new,https://www.ocbuyback.com/sell/smartwatch/apple/series-11-gps/aluminum/46mm/good-condition,https://www.ocbuyback.com/sell/smartwatch/apple/series-11-gps/aluminum/46mm/fair,https://www.ocbuyback.com/sell/smartwatch/apple/series-11-gps/aluminum/46mm/minor-damage,https://www.ocbuyback.com/sell/smartwatch/apple/series-11-gps/aluminum/46mm/damaged
Apple,Series 11 GPS + Cellular,42mm,Aluminium,170.0,140.0,110.0,,,https://www.ocbuyback.com/sell/smartwatch/apple/series-11-gps-plus-cellular/aluminum/42mm/like-new,https://www.ocbuyback.com/sell/smartwatch/apple/series-11-gps-plus-cellular/aluminum/42mm/good-condition,https://www.ocbuyback.com/sell/smartwatch/apple/series-11-gps-plus-cellular/aluminum/42mm/fair,https://www.ocbuyback.com/sell/smartwatch/apple/series-11-gps-plus-cellular/aluminum/42mm/minor-damage,https://www.ocbuyback.com/sell/smartwatch/apple/series-11-gps-plus-cellular/aluminum/42mm/damaged
Apple,Series 11 GPS + Cellular,42mm,Titanium,310.0,270.0,200.0,,,https://www.ocbuyback.com/sell/smartwatch/apple/series-11-gps-plus-cellular/titanium/42mm/like-new,https://www.ocbuyback.com/sell/smartwatch/apple/series-11-gps-plus-cellular/titanium/42mm/good-condition,https://www.ocbuyback.com/sell/smartwatch/apple/series-11-gps-plus-cellular/titanium/42mm/fair,https://www.ocbuyback.com/sell/smartwatch/apple/series-11-gps-plus-cellular/titanium/42mm/minor-damage,https://www.ocbuyback.com/sell/smartwatch/apple/series-11-gps-plus-cellular/titanium/42mm/damaged
Apple,Series 11 GPS + Cellular,46mm,Aluminium,180.0,150.0,120.0,,,https://www.ocbuyback.com/sell/smartwatch/apple/series-11-gps-plus-cellular/aluminum/46mm/like-new,https://www.ocbuyback.com/sell/smartwatch/apple/series-11-gps-plus-cellular/aluminum/46mm/good-condition,https://www.ocbuyback.com/sell/smartwatch/apple/series-11-gps-plus-cellular/aluminum/46mm/fair,https://www.ocbuyback.com/sell/smartwatch/apple/series-11-gps-plus-cellular/aluminum/46mm/minor-damage,https://www.ocbuyback.com/sell/smartwatch/apple/series-11-gps-plus-cellular/aluminum/46mm/damaged
Apple,Series 11 GPS + Cellular,46mm,Titanium,325.0,285.0,215.0,,,https://www.ocbuyback.com/sell/smartwatch/apple/series-11-gps-plus-cellular/titanium/46mm/like-new,https://www.ocbuyback.com/sell/smartwatch/apple/series-11-gps-plus-cellular/titanium/46mm/good-condition,https://www.ocbuyback.com/sell/smartwatch/apple/series-11-gps-plus-cellular/titanium/46mm/fair,https://www.ocbuyback.com/sell/smartwatch/apple/series-11-gps-plus-cellular/titanium/46mm/minor-damage,https://www.ocbuyback.com/sell/smartwatch/apple/series-11-gps-plus-cellular/titanium/46mm/damaged
Apple,Ultra 2,49mm,Titanium,210.0,160.0,105.0,,,https://www.ocbuyback.com/sell/smartwatch/apple/ultra-2/titanium/49mm/like-new,https://www.ocbuyback.com/sell/smartwatch/apple/ultra-2/titanium/49mm/good-condition,https://www.ocbuyback.com/sell/smartwatch/apple/ultra-2/titanium/49mm/fair,https://www.ocbuyback.com/sell/smartwatch/apple/ultra-2/titanium/49mm/minor-damage,https://www.ocbuyback.com/sell/smartwatch/apple/ultra-2/titanium/49mm/damaged
Apple,Ultra 3,49mm,Titanium,340.0,275.0,195.0,,,https://www.ocbuyback.com/sell/smartwatch/apple/ultra-3/titanium/49mm/like-new,https://www.ocbuyback.com/sell/smartwatch/apple/ultra-3/titanium/49mm/good-condition,https://www.ocbuyback.com/sell/smartwatch/apple/ultra-3/titanium/49mm/fair,https://www.ocbuyback.com/sell/smartwatch/apple/ultra-3/titanium/49mm/minor-damage,https://www.ocbuyback.com/sell/smartwatch/apple/ultra-3/titanium/49mm/damaged
Apple,iPad Air 4th Gen (2020),64GB,Wi-Fi,180.0,150.0,100.0,40.0,,https://www.ocbuyback.com/sell/tablet/apple/ipad-air-4th-gen-2020/wi-fi/64gb/like-new,https://www.ocbuyback.com/sell/tablet/apple/ipad-air-4th-gen-2020/wi-fi/64gb/good-condition,https://www.ocbuyback.com/sell/tablet/apple/ipad-air-4th-gen-2020/wi-fi/64gb/fair,https://www.ocbuyback.com/sell/tablet/apple/ipad-air-4th-gen-2020/wi-fi/64gb/minor-damage,https://www.ocbuyback.com/sell/tablet/apple/ipad-air-4th-gen-2020/wi-fi/64gb/damaged
Apple,iPad Air 4th Gen (2020),64GB,Wi-Fi + Cellular,190.0,160.0,115.0,45.0,,https://www.ocbuyback.com/sell/tablet/apple/ipad-air-4th-gen-2020/cellular/64gb/like-new,https://www.ocbuyback.com/sell/tablet/apple/ipad-air-4th-gen-2020/cellular/64gb/good-condition,https://www.ocbuyback.com/sell/tablet/apple/ipad-air-4th-gen-2020/cellular/64gb/fair,https://www.ocbuyback.com/sell/tablet/apple/ipad-air-4th-gen-2020/cellular/64gb/minor-damage,https://www.ocbuyback.com/sell/tablet/apple/ipad-air-4th-gen-2020/cellular/64gb/damaged
Apple,iPad Air 4th Gen (2020),256GB,Wi-Fi,210.0,180.0,135.0,45.0,,https://www.ocbuyback.com/sell/tablet/apple/ipad-air-4th-gen-2020/wi-fi/256gb/like-new,https://www.ocbuyback.com/sell/tablet/apple/ipad-air-4th-gen-2020/wi-fi/256gb/good-condition,https://www.ocbuyback.com/sell/tablet/apple/ipad-air-4th-gen-2020/wi-fi/256gb/fair,https://www.ocbuyback.com/sell/tablet/apple/ipad-air-4th-gen-2020/wi-fi/256gb/minor-damage,https://www.ocbuyback.com/sell/tablet/apple/ipad-air-4th-gen-2020/wi-fi/256gb/damaged
Apple,iPad Air 4th Gen (2020),256GB,Wi-Fi + Cellular,220.0,190.0,145.0,50.0,,https://www.ocbuyback.com/sell/tablet/apple/ipad-air-4th-gen-2020/cellular/256gb/like-new,https://www.ocbuyback.com/sell/tablet/apple/ipad-air-4th-gen-2020/cellular/256gb/good-condition,https://www.ocbuyback.com/sell/tablet/apple/ipad-air-4th-gen-2020/cellular/256gb/fair,https://www.ocbuyback.com/sell/tablet/apple/ipad-air-4th-gen-2020/cellular/256gb/minor-damage,https://www.ocbuyback.com/sell/tablet/apple/ipad-air-4th-gen-2020/cellular/256gb/damaged
Apple,iPad Air 5th Gen (2022),64GB,Wi-Fi,205.0,170.0,125.0,75.0,10.0,https://www.ocbuyback.com/sell/tablet/apple/ipad-air-5th-gen-2022/wi-fi/64gb/like-new,https://www.ocbuyback.com/sell/tablet/apple/ipad-air-5th-gen-2022/wi-fi/64gb/good-condition,https://www.ocbuyback.com/sell/tablet/apple/ipad-air-5th-gen-2022/wi-fi/64gb/fair,https://www.ocbuyback.com/sell/tablet/apple/ipad-air-5th-gen-2022/wi-fi/64gb/minor-damage,https://www.ocbuyback.com/sell/tablet/apple/ipad-air-5th-gen-2022/wi-fi/64gb/damaged
Apple,iPad Air 5th Gen (2022),64GB,Wi-Fi + Cellular,220.0,185.0,140.0,80.0,10.0,https://www.ocbuyback.com/sell/tablet/apple/ipad-air-5th-gen-2022/cellular/64gb/like-new,https://www.ocbuyback.com/sell/tablet/apple/ipad-air-5th-gen-2022/cellular/64gb/good-condition,https://www.ocbuyback.com/sell/tablet/apple/ipad-air-5th-gen-2022/cellular/64gb/fair,https://www.ocbuyback.com/sell/tablet/apple/ipad-air-5th-gen-2022/cellular/64gb/minor-damage,https://www.ocbuyback.com/sell/tablet/apple/ipad-air-5th-gen-2022/cellular/64gb/damaged
Apple,iPad Air 5th Gen (2022),256GB,Wi-Fi,245.0,210.0,165.0,80.0,10.0,https://www.ocbuyback.com/sell/tablet/apple/ipad-air-5th-gen-2022/wi-fi/256gb/like-new,https://www.ocbuyback.com/sell/tablet/apple/ipad-air-5th-gen-2022/wi-fi/256gb/good-condition,https://www.ocbuyback.com/sell/tablet/apple/ipad-air-5th-gen-2022/wi-fi/256gb/fair,https://www.ocbuyback.com/sell/tablet/apple/ipad-air-5th-gen-2022/wi-fi/256gb/minor-damage,https://www.ocbuyback.com/sell/tablet/apple/ipad-air-5th-gen-2022/wi-fi/256gb/damaged
Apple,iPad Air 5th Gen (2022),256GB,Wi-Fi + Cellular,260.0,225.0,180.0,85.0,10.0,https://www.ocbuyback.com/sell/tablet/apple/ipad-air-5th-gen-2022/cellular/256gb/like-new,https://www.ocbuyback.com/sell/tablet/apple/ipad-air-5th-gen-2022/cellular/256gb/good-condition,https://www.ocbuyback.com/sell/tablet/apple/ipad-air-5th-gen-2022/cellular/256gb/fair,https://www.ocbuyback.com/sell/tablet/apple/ipad-air-5th-gen-2022/cellular/256gb/minor-damage,https://www.ocbuyback.com/sell/tablet/apple/ipad-air-5th-gen-2022/cellular/256gb/damaged
Apple,iPad Mini 5th Gen (2019),64GB,Wi-Fi,85.0,75.0,50.0,15.0,,https://www.ocbuyback.com/sell/tablet/apple/ipad-mini-5th-gen-2019/wi-fi/64gb/like-new,https://www.ocbuyback.com/sell/tablet/apple/ipad-mini-5th-gen-2019/wi-fi/64gb/good-condition,https://www.ocbuyback.com/sell/tablet/apple/ipad-mini-5th-gen-2019/wi-fi/64gb/fair,https://www.ocbuyback.com/sell/tablet/apple/ipad-mini-5th-gen-2019/wi-fi/64gb/minor-damage,https://www.ocbuyback.com/sell/tablet/apple/ipad-mini-5th-gen-2019/wi-fi/64gb/damaged
Apple,iPad Mini 5th Gen (2019),64GB,Wi-Fi + Cellular,95.0,85.0,60.0,20.0,,https://www.ocbuyback.com/sell/tablet/apple/ipad-mini-5th-gen-2019/cellular/64gb/like-new,https://www.ocbuyback.com/sell/tablet/apple/ipad-mini-5th-gen-2019/cellular/64gb/good-condition,https://www.ocbuyback.com/sell/tablet/apple/ipad-mini-5th-gen-2019/cellular/64gb/fair,https://www.ocbuyback.com/sell/tablet/apple/ipad-mini-5th-gen-2019/cellular/64gb/minor-damage,https://www.ocbuyback.com/sell/tablet/apple/ipad-mini-5th-gen-2019/cellular/64gb/damaged
Apple,iPad Mini 5th Gen (2019),256GB,Wi-Fi,125.0,105.0,65.0,20.0,,https://www.ocbuyback.com/sell/tablet/apple/ipad-mini-5th-gen-2019/wi-fi/256gb/like-new,https://www.ocbuyback.com/sell/tablet/apple/ipad-mini-5th-gen-2019/wi-fi/256gb/good-condition,https://www.ocbuyback.com/sell/tablet/apple/ipad-mini-5th-gen-2019/wi-fi/256gb/fair,https://www.ocbuyback.com/sell/tablet/apple/ipad-mini-5th-gen-2019/wi-fi/256gb/minor-damage,https://www.ocbuyback.com/sell/tablet/apple/ipad-mini-5th-gen-2019/wi-fi/256gb/damaged
Apple,iPad Mini 5th Gen (2019),256GB,Wi-Fi + Cellular,135.0,115.0,75.0,25.0,,https://www.ocbuyback.com/sell/tablet/apple/ipad-mini-5th-gen-2019/cellular/256gb/like-new,https://www.ocbuyback.com/sell/tablet/apple/ipad-mini-5th-gen-2019/cellular/256gb/good-condition,https://www.ocbuyback.com/sell/tablet/apple/ipad-mini-5th-gen-2019/cellular/256gb/fair,https://www.ocbuyback.com/sell/tablet/apple/ipad-mini-5th-gen-2019/cellular/256gb/minor-damage,https://www.ocbuyback.com/sell/tablet/apple/ipad-mini-5th-gen-2019/cellular/256gb/damaged
Apple,iPad Mini 6th Gen (2021),64GB,Wi-Fi,175.0,160.0,120.0,50.0,10.0,https://www.ocbuyback.com/sell/tablet/apple/ipad-mini-6th-gen-2021/wi-fi/64gb/like-new,https://www.ocbuyback.com/sell/tablet/apple/ipad-mini-6th-gen-2021/wi-fi/64gb/good-condition,https://www.ocbuyback.com/sell/tablet/apple/ipad-mini-6th-gen-2021/wi-fi/64gb/fair,https://www.ocbuyback.com/sell/tablet/apple/ipad-mini-6th-gen-2021/wi-fi/64gb/minor-damage,https://www.ocbuyback.com/sell/tablet/apple/ipad-mini-6th-gen-2021/wi-fi/64gb/damaged
Apple,iPad Mini 6th Gen (2021),64GB,Wi-Fi + Cellular,200.0,185.0,145.0,60.0,10.0,https://www.ocbuyback.com/sell/tablet/apple/ipad-mini-6th-gen-2021/cellular/64gb/like-new,https://www.ocbuyback.com/sell/tablet/apple/ipad-mini-6th-gen-2021/cellular/64gb/good-condition,https://www.ocbuyback.com/sell/tablet/apple/ipad-mini-6th-gen-2021/cellular/64gb/fair,https://www.ocbuyback.com/sell/tablet/apple/ipad-mini-6th-gen-2021/cellular/64gb/minor-damage,https://www.ocbuyback.com/sell/tablet/apple/ipad-mini-6th-gen-2021/cellular/64gb/damaged
Apple,iPad Mini 6th Gen (2021),256GB,Wi-Fi,225.0,210.0,170.0,60.0,10.0,https://www.ocbuyback.com/sell/tablet/apple/ipad-mini-6th-gen-2021/wi-fi/256gb/like-new,https://www.ocbuyback.com/sell/tablet/apple/ipad-mini-6th-gen-2021/wi-fi/256gb/good-condition,https://www.ocbuyback.com/sell/tablet/apple/ipad-mini-6th-gen-2021/wi-fi/256gb/fair,https://www.ocbuyback.com/sell/tablet/apple/ipad-mini-6th-gen-2021/wi-fi/256gb/minor-damage,https://www.ocbuyback.com/sell/tablet/apple/ipad-mini-6th-gen-2021/wi-fi/256gb/damaged
Apple,iPad Mini 6th Gen (2021),256GB,Wi-Fi + Cellular,250.0,235.0,195.0,70.0,10.0,https://www.ocbuyback.com/sell/tablet/apple/ipad-mini-6th-gen-2021/cellular/256gb/like-new,https://www.ocbuyback.com/sell/tablet/apple/ipad-mini-6th-gen-2021/cellular/256gb/good-condition,https://www.ocbuyback.com/sell/tablet/apple/ipad-mini-6th-gen-2021/cellular/256gb/fair,https://www.ocbuyback.com/sell/tablet/apple/ipad-mini-6th-gen-2021/cellular/256gb/minor-damage,https://www.ocbuyback.com/sell/tablet/apple/ipad-mini-6th-gen-2021/cellular/256gb/damaged
Apple,iPad Mini 7th Gen (2024),128GB,Wi-Fi,260.0,240.0,190.0,65.0,10.0,https://www.ocbuyback.com/sell/tablet/apple/ipad-mini-7th-gen-2024/wi-fi/128gb/like-new,https://www.ocbuyback.com/sell/tablet/apple/ipad-mini-7th-gen-2024/wi-fi/128gb/good-condition,https://www.ocbuyback.com/sell/tablet/apple/ipad-mini-7th-gen-2024/wi-fi/128gb/fair,https://www.ocbuyback.com/sell/tablet/apple/ipad-mini-7th-gen-2024/wi-fi/128gb/minor-damage,https://www.ocbuyback.com/sell/tablet/apple/ipad-mini-7th-gen-2024/wi-fi/128gb/damaged
Apple,iPad Mini 7th Gen (2024),128GB,Wi-Fi + Cellular,285.0,265.0,215.0,75.0,10.0,https://www.ocbuyback.com/sell/tablet/apple/ipad-mini-7th-gen-2024/cellular/128gb/like-new,https://www.ocbuyback.com/sell/tablet/apple/ipad-mini-7th-gen-2024/cellular/128gb/good-condition,https://www.ocbuyback.com/sell/tablet/apple/ipad-mini-7th-gen-2024/cellular/128gb/fair,https://www.ocbuyback.com/sell/tablet/apple/ipad-mini-7th-gen-2024/cellular/128gb/minor-damage,https://www.ocbuyback.com/sell/tablet/apple/ipad-mini-7th-gen-2024/cellular/128gb/damaged
Apple,iPad Mini 7th Gen (2024),256GB,Wi-Fi,300.0,280.0,230.0,75.0,10.0,https://www.ocbuyback.com/sell/tablet/apple/ipad-mini-7th-gen-2024/wi-fi/256gb/like-new,https://www.ocbuyback.com/sell/tablet/apple/ipad-mini-7th-gen-2024/wi-fi/256gb/good-condition,https://www.ocbuyback.com/sell/tablet/apple/ipad-mini-7th-gen-2024/wi-fi/256gb/fair,https://www.ocbuyback.com/sell/tablet/apple/ipad-mini-7th-gen-2024/wi-fi/256gb/minor-damage,https://www.ocbuyback.com/sell/tablet/apple/ipad-mini-7th-gen-2024/wi-fi/256gb/damaged
Apple,iPad Mini 7th Gen (2024),256GB,Wi-Fi + Cellular,325.0,305.0,255.0,85.0,10.0,https://www.ocbuyback.com/sell/tablet/apple/ipad-mini-7th-gen-2024/cellular/256gb/like-new,https://www.ocbuyback.com/sell/tablet/apple/ipad-mini-7th-gen-2024/cellular/256gb/good-condition,https://www.ocbuyback.com/sell/tablet/apple/ipad-mini-7th-gen-2024/cellular/256gb/fair,https://www.ocbuyback.com/sell/tablet/apple/ipad-mini-7th-gen-2024/cellular/256gb/minor-damage,https://www.ocbuyback.com/sell/tablet/apple/ipad-mini-7th-gen-2024/cellular/256gb/damaged
Apple,iPad Mini 7th Gen (2024),512GB,Wi-Fi,360.0,340.0,290.0,85.0,10.0,https://www.ocbuyback.com/sell/tablet/apple/ipad-mini-7th-gen-2024/wi-fi/512gb/like-new,https://www.ocbuyback.com/sell/tablet/apple/ipad-mini-7th-gen-2024/wi-fi/512gb/good-condition,https://www.ocbuyback.com/sell/tablet/apple/ipad-mini-7th-gen-2024/wi-fi/512gb/fair,https://www.ocbuyback.com/sell/tablet/apple/ipad-mini-7th-gen-2024/wi-fi/512gb/minor-damage,https://www.ocbuyback.com/sell/tablet/apple/ipad-mini-7th-gen-2024/wi-fi/512gb/damaged
Apple,iPad Mini 7th Gen (2024),512GB,Wi-Fi + Cellular,385.0,365.0,315.0,95.0,10.0,https://www.ocbuyback.com/sell/tablet/apple/ipad-mini-7th-gen-2024/cellular/512gb/like-new,https://www.ocbuyback.com/sell/tablet/apple/ipad-mini-7th-gen-2024/cellular/512gb/good-condition,https://www.ocbuyback.com/sell/tablet/apple/ipad-mini-7th-gen-2024/cellular/512gb/fair,https://www.ocbuyback.com/sell/tablet/apple/ipad-mini-7th-gen-2024/cellular/512gb/minor-damage,https://www.ocbuyback.com/sell/tablet/apple/ipad-mini-7th-gen-2024/cellular/512gb/damaged
Apple,iPad Pro 12.9 3rd Gen (2018),64GB,Wi-Fi,245.0,200.0,145.0,60.0,10.0,https://www.ocbuyback.com/sell/tablet/apple/ipad-pro-12-9-3rd-gen-2018/wi-fi/64gb/like-new,https://www.ocbuyback.com/sell/tablet/apple/ipad-pro-12-9-3rd-gen-2018/wi-fi/64gb/good-condition,https://www.ocbuyback.com/sell/tablet/apple/ipad-pro-12-9-3rd-gen-2018/wi-fi/64gb/fair,https://www.ocbuyback.com/sell/tablet/apple/ipad-pro-12-9-3rd-gen-2018/wi-fi/64gb/minor-damage,https://www.ocbuyback.com/sell/tablet/apple/ipad-pro-12-9-3rd-gen-2018/wi-fi/64gb/damaged
Apple,iPad Pro 12.9 3rd Gen (2018),64GB,Wi-Fi + Cellular,265.0,220.0,165.0,70.0,10.0,https://www.ocbuyback.com/sell/tablet/apple/ipad-pro-12-9-3rd-gen-2018/cellular/64gb/like-new,https://www.ocbuyback.com/sell/tablet/apple/ipad-pro-12-9-3rd-gen-2018/cellular/64gb/good-condition,https://www.ocbuyback.com/sell/tablet/apple/ipad-pro-12-9-3rd-gen-2018/cellular/64gb/fair,https://www.ocbuyback.com/sell/tablet/apple/ipad-pro-12-9-3rd-gen-2018/cellular/64gb/minor-damage,https://www.ocbuyback.com/sell/tablet/apple/ipad-pro-12-9-3rd-gen-2018/cellular/64gb/damaged
Apple,iPad Pro 12.9 3rd Gen (2018),256GB,Wi-Fi,270.0,225.0,170.0,70.0,10.0,https://www.ocbuyback.com/sell/tablet/apple/ipad-pro-12-9-3rd-gen-2018/wi-fi/256gb/like-new,https://www.ocbuyback.com/sell/tablet/apple/ipad-pro-12-9-3rd-gen-2018/wi-fi/256gb/good-condition,https://www.ocbuyback.com/sell/tablet/apple/ipad-pro-12-9-3rd-gen-2018/wi-fi/256gb/fair,https://www.ocbuyback.com/sell/tablet/apple/ipad-pro-12-9-3rd-gen-2018/wi-fi/256gb/minor-damage,https://www.ocbuyback.com/sell/tablet/apple/ipad-pro-12-9-3rd-gen-2018/wi-fi/256gb/damaged
Apple,iPad Pro 12.9 3rd Gen (2018),256GB,Wi-Fi + Cellular,290.0,245.0,190.0,80.0,10.0,https://www.ocbuyback.com/sell/tablet/apple/ipad-pro-12-9-3rd-gen-2018/cellular/256gb/like-new,https://www.ocbuyback.com/sell/tablet/apple/ipad-pro-12-9-3rd-gen-2018/cellular/256gb/good-condition,https://www.ocbuyback.com/sell/tablet/apple/ipad-pro-12-9-3rd-gen-2018/cellular/256gb/fair,https://www.ocbuyback.com/sell/tablet/apple/ipad-pro-12-9-3rd-gen-2018/cellular/256gb/minor-damage,https://www.ocbuyback.com/sell/tablet/apple/ipad-pro-12-9-3rd-gen-2018/cellular/256gb/damaged
Apple,iPad Pro 12.9 3rd Gen (2018),512GB,Wi-Fi,285.0,240.0,185.0,75.0,10.0,https://www.ocbuyback.com/sell/tablet/apple/ipad-pro-12-9-3rd-gen-2018/wi-fi/512gb/like-new,https://www.ocbuyback.com/sell/tablet/apple/ipad-pro-12-9-3rd-gen-2018/wi-fi/512gb/good-condition,https://www.ocbuyback.com/sell/tablet/apple/ipad-pro-12-9-3rd-gen-2018/wi-fi/512gb/fair,https://www.ocbuyback.com/sell/tablet/apple/ipad-pro-12-9-3rd-gen-2018/wi-fi/512gb/minor-damage,https://www.ocbuyback.com/sell/tablet/apple/ipad-pro-12-9-3rd-gen-2018/wi-fi/512gb/damaged
Apple,iPad Pro 12.9 3rd Gen (2018),512GB,Wi-Fi + Cellular,305.0,260.0,205.0,85.0,10.0,https://www.ocbuyback.com/sell/tablet/apple/ipad-pro-12-9-3rd-gen-2018/cellular/512gb/like-new,https://www.ocbuyback.com/sell/tablet/apple/ipad-pro-12-9-3rd-gen-2018/cellular/512gb/good-condition,https://www.ocbuyback.com/sell/tablet/apple/ipad-pro-12-9-3rd-gen-2018/cellular/512gb/fair,https://www.ocbuyback.com/sell/tablet/apple/ipad-pro-12-9-3rd-gen-2018/cellular/512gb/minor-damage,https://www.ocbuyback.com/sell/tablet/apple/ipad-pro-12-9-3rd-gen-2018/cellular/512gb/damaged
Apple,iPad Pro 12.9 3rd Gen (2018),1TB,Wi-Fi,305.0,260.0,205.0,80.0,10.0,https://www.ocbuyback.com/sell/tablet/apple/ipad-pro-12-9-3rd-gen-2018/wi-fi/1tb/like-new,https://www.ocbuyback.com/sell/tablet/apple/ipad-pro-12-9-3rd-gen-2018/wi-fi/1tb/good-condition,https://www.ocbuyback.com/sell/tablet/apple/ipad-pro-12-9-3rd-gen-2018/wi-fi/1tb/fair,https://www.ocbuyback.com/sell/tablet/apple/ipad-pro-12-9-3rd-gen-2018/wi-fi/1tb/minor-damage,https://www.ocbuyback.com/sell/tablet/apple/ipad-pro-12-9-3rd-gen-2018/wi-fi/1tb/damaged
Apple,iPad Pro 12.9 3rd Gen (2018),1TB,Wi-Fi + Cellular,325.0,280.0,225.0,90.0,10.0,https://www.ocbuyback.com/sell/tablet/apple/ipad-pro-12-9-3rd-gen-2018/cellular/1tb/like-new,https://www.ocbuyback.com/sell/tablet/apple/ipad-pro-12-9-3rd-gen-2018/cellular/1tb/good-condition,https://www.ocbuyback.com/sell/tablet/apple/ipad-pro-12-9-3rd-gen-2018/cellular/1tb/fair,https://www.ocbuyback.com/sell/tablet/apple/ipad-pro-12-9-3rd-gen-2018/cellular/1tb/minor-damage,https://www.ocbuyback.com/sell/tablet/apple/ipad-pro-12-9-3rd-gen-2018/cellular/1tb/damaged
Apple,iPad Pro 12.9 4th Gen (2020),128GB,Wi-Fi,280.0,230.0,180.0,60.0,10.0,https://www.ocbuyback.com/sell/tablet/apple/ipad-pro-12-9-4th-gen-2020/wi-fi/128gb/like-new,https://www.ocbuyback.com/sell/tablet/apple/ipad-pro-12-9-4th-gen-2020/wi-fi/128gb/good-condition,https://www.ocbuyback.com/sell/tablet/apple/ipad-pro-12-9-4th-gen-2020/wi-fi/128gb/fair,https://www.ocbuyback.com/sell/tablet/apple/ipad-pro-12-9-4th-gen-2020/wi-fi/128gb/minor-damage,https://www.ocbuyback.com/sell/tablet/apple/ipad-pro-12-9-4th-gen-2020/wi-fi/128gb/damaged
Apple,iPad Pro 12.9 4th Gen (2020),128GB,Wi-Fi + Cellular,320.0,270.0,220.0,63.0,10.0,https://www.ocbuyback.com/sell/tablet/apple/ipad-pro-12-9-4th-gen-2020/cellular/128gb/like-new,https://www.ocbuyback.com/sell/tablet/apple/ipad-pro-12-9-4th-gen-2020/cellular/128gb/good-condition,https://www.ocbuyback.com/sell/tablet/apple/ipad-pro-12-9-4th-gen-2020/cellular/128gb/fair,https://www.ocbuyback.com/sell/tablet/apple/ipad-pro-12-9-4th-gen-2020/cellular/128gb/minor-damage,https://www.ocbuyback.com/sell/tablet/apple/ipad-pro-12-9-4th-gen-2020/cellular/128gb/damaged
Apple,iPad Pro 12.9 4th Gen (2020),256GB,Wi-Fi,290.0,240.0,190.0,63.0,10.0,https://www.ocbuyback.com/sell/tablet/apple/ipad-pro-12-9-4th-gen-2020/wi-fi/256gb/like-new,https://www.ocbuyback.com/sell/tablet/apple/ipad-pro-12-9-4th-gen-2020/wi-fi/256gb/good-condition,https://www.ocbuyback.com/sell/tablet/apple/ipad-pro-12-9-4th-gen-2020/wi-fi/256gb/fair,https://www.ocbuyback.com/sell/tablet/apple/ipad-pro-12-9-4th-gen-2020/wi-fi/256gb/minor-damage,https://www.ocbuyback.com/sell/tablet/apple/ipad-pro-12-9-4th-gen-2020/wi-fi/256gb/damaged
Apple,iPad Pro 12.9 4th Gen (2020),256GB,Wi-Fi + Cellular,330.0,280.0,230.0,66.0,10.0,https://www.ocbuyback.com/sell/tablet/apple/ipad-pro-12-9-4th-gen-2020/cellular/256gb/like-new,https://www.ocbuyback.com/sell/tablet/apple/ipad-pro-12-9-4th-gen-2020/cellular/256gb/good-condition,https://www.ocbuyback.com/sell/tablet/apple/ipad-pro-12-9-4th-gen-2020/cellular/256gb/fair,https://www.ocbuyback.com/sell/tablet/apple/ipad-pro-12-9-4th-gen-2020/cellular/256gb/minor-damage,https://www.ocbuyback.com/sell/tablet/apple/ipad-pro-12-9-4th-gen-2020/cellular/256gb/damaged
Apple,iPad Pro 12.9 4th Gen (2020),512GB,Wi-Fi,295.0,245.0,195.0,65.0,10.0,https://www.ocbuyback.com/sell/tablet/apple/ipad-pro-12-9-4th-gen-2020/wi-fi/512gb/like-new,https://www.ocbuyback.com/sell/tablet/apple/ipad-pro-12-9-4th-gen-2020/wi-fi/512gb/good-condition,https://www.ocbuyback.com/sell/tablet/apple/ipad-pro-12-9-4th-gen-2020/wi-fi/512gb/fair,https://www.ocbuyback.com/sell/tablet/apple/ipad-pro-12-9-4th-gen-2020/wi-fi/512gb/minor-damage,https://www.ocbuyback.com/sell/tablet/apple/ipad-pro-12-9-4th-gen-2020/wi-fi/512gb/damaged
Apple,iPad Pro 12.9 4th Gen (2020),512GB,Wi-Fi + Cellular,335.0,285.0,235.0,68.0,10.0,https://www.ocbuyback.com/sell/tablet/apple/ipad-pro-12-9-4th-gen-2020/cellular/512gb/like-new,https://www.ocbuyback.com/sell/tablet/apple/ipad-pro-12-9-4th-gen-2020/cellular/512gb/good-condition,https://www.ocbuyback.com/sell/tablet/apple/ipad-pro-12-9-4th-gen-2020/cellular/512gb/fair,https://www.ocbuyback.com/sell/tablet/apple/ipad-pro-12-9-4th-gen-2020/cellular/512gb/minor-damage,https://www.ocbuyback.com/sell/tablet/apple/ipad-pro-12-9-4th-gen-2020/cellular/512gb/damaged
Apple,iPad Pro 12.9 4th Gen (2020),1TB,Wi-Fi,310.0,260.0,210.0,67.0,10.0,https://www.ocbuyback.com/sell/tablet/apple/ipad-pro-12-9-4th-gen-2020/wi-fi/1tb/like-new,https://www.ocbuyback.com/sell/tablet/apple/ipad-pro-12-9-4th-gen-2020/wi-fi/1tb/good-condition,https://www.ocbuyback.com/sell/tablet/apple/ipad-pro-12-9-4th-gen-2020/wi-fi/1tb/fair,https://www.ocbuyback.com/sell/tablet/apple/ipad-pro-12-9-4th-gen-2020/wi-fi/1tb/minor-damage,https://www.ocbuyback.com/sell/tablet/apple/ipad-pro-12-9-4th-gen-2020/wi-fi/1tb/damaged
Apple,iPad Pro 12.9 4th Gen (2020),1TB,Wi-Fi + Cellular,350.0,300.0,250.0,70.0,10.0,https://www.ocbuyback.com/sell/tablet/apple/ipad-pro-12-9-4th-gen-2020/cellular/1tb/like-new,https://www.ocbuyback.com/sell/tablet/apple/ipad-pro-12-9-4th-gen-2020/cellular/1tb/good-condition,https://www.ocbuyback.com/sell/tablet/apple/ipad-pro-12-9-4th-gen-2020/cellular/1tb/fair,https://www.ocbuyback.com/sell/tablet/apple/ipad-pro-12-9-4th-gen-2020/cellular/1tb/minor-damage,https://www.ocbuyback.com/sell/tablet/apple/ipad-pro-12-9-4th-gen-2020/cellular/1tb/damaged
Apple,iPad Pro 12.9 5th Gen (2021),128GB,Wi-Fi,330.0,295.0,215.0,75.0,30.0,https://www.ocbuyback.com/sell/tablet/apple/ipad-pro-12-9-5th-gen-2021/wi-fi/128gb/like-new,https://www.ocbuyback.com/sell/tablet/apple/ipad-pro-12-9-5th-gen-2021/wi-fi/128gb/good-condition,https://www.ocbuyback.com/sell/tablet/apple/ipad-pro-12-9-5th-gen-2021/wi-fi/128gb/fair,https://www.ocbuyback.com/sell/tablet/apple/ipad-pro-12-9-5th-gen-2021/wi-fi/128gb/minor-damage,https://www.ocbuyback.com/sell/tablet/apple/ipad-pro-12-9-5th-gen-2021/wi-fi/128gb/damaged
Apple,iPad Pro 12.9 5th Gen (2021),128GB,Wi-Fi + Cellular,345.0,310.0,230.0,100.0,30.0,https://www.ocbuyback.com/sell/tablet/apple/ipad-pro-12-9-5th-gen-2021/cellular/128gb/like-new,https://www.ocbuyback.com/sell/tablet/apple/ipad-pro-12-9-5th-gen-2021/cellular/128gb/good-condition,https://www.ocbuyback.com/sell/tablet/apple/ipad-pro-12-9-5th-gen-2021/cellular/128gb/fair,https://www.ocbuyback.com/sell/tablet/apple/ipad-pro-12-9-5th-gen-2021/cellular/128gb/minor-damage,https://www.ocbuyback.com/sell/tablet/apple/ipad-pro-12-9-5th-gen-2021/cellular/128gb/damaged
Apple,iPad Pro 12.9 5th Gen (2021),256GB,Wi-Fi,350.0,315.0,235.0,100.0,30.0,https://www.ocbuyback.com/sell/tablet/apple/ipad-pro-12-9-5th-gen-2021/wi-fi/256gb/like-new,https://www.ocbuyback.com/sell/tablet/apple/ipad-pro-12-9-5th-gen-2021/wi-fi/256gb/good-condition,https://www.ocbuyback.com/sell/tablet/apple/ipad-pro-12-9-5th-gen-2021/wi-fi/256gb/fair,https://www.ocbuyback.com/sell/tablet/apple/ipad-pro-12-9-5th-gen-2021/wi-fi/256gb/minor-damage,https://www.ocbuyback.com/sell/tablet/apple/ipad-pro-12-9-5th-gen-2021/wi-fi/256gb/damaged
Apple,iPad Pro 12.9 5th Gen (2021),256GB,Wi-Fi + Cellular,365.0,330.0,250.0,125.0,30.0,https://www.ocbuyback.com/sell/tablet/apple/ipad-pro-12-9-5th-gen-2021/cellular/256gb/like-new,https://www.ocbuyback.com/sell/tablet/apple/ipad-pro-12-9-5th-gen-2021/cellular/256gb/good-condition,https://www.ocbuyback.com/sell/tablet/apple/ipad-pro-12-9-5th-gen-2021/cellular/256gb/fair,https://www.ocbuyback.com/sell/tablet/apple/ipad-pro-12-9-5th-gen-2021/cellular/256gb/minor-damage,https://www.ocbuyback.com/sell/tablet/apple/ipad-pro-12-9-5th-gen-2021/cellular/256gb/damaged
Apple,iPad Pro 12.9 5th Gen (2021),512GB,Wi-Fi,380.0,345.0,265.0,110.0,30.0,https://www.ocbuyback.com/sell/tablet/apple/ipad-pro-12-9-5th-gen-2021/wi-fi/512gb/like-new,https://www.ocbuyback.com/sell/tablet/apple/ipad-pro-12-9-5th-gen-2021/wi-fi/512gb/good-condition,https://www.ocbuyback.com/sell/tablet/apple/ipad-pro-12-9-5th-gen-2021/wi-fi/512gb/fair,https://www.ocbuyback.com/sell/tablet/apple/ipad-pro-12-9-5th-gen-2021/wi-fi/512gb/minor-damage,https://www.ocbuyback.com/sell/tablet/apple/ipad-pro-12-9-5th-gen-2021/wi-fi/512gb/damaged
Apple,iPad Pro 12.9 5th Gen (2021),512GB,Wi-Fi + Cellular,395.0,360.0,280.0,135.0,30.0,https://www.ocbuyback.com/sell/tablet/apple/ipad-pro-12-9-5th-gen-2021/cellular/512gb/like-new,https://www.ocbuyback.com/sell/tablet/apple/ipad-pro-12-9-5th-gen-2021/cellular/512gb/good-condition,https://www.ocbuyback.com/sell/tablet/apple/ipad-pro-12-9-5th-gen-2021/cellular/512gb/fair,https://www.ocbuyback.com/sell/tablet/apple/ipad-pro-12-9-5th-gen-2021/cellular/512gb/minor-damage,https://www.ocbuyback.com/sell/tablet/apple/ipad-pro-12-9-5th-gen-2021/cellular/512gb/damaged
Apple,iPad Pro 12.9 5th Gen (2021),1TB,Wi-Fi,430.0,395.0,315.0,125.0,30.0,https://www.ocbuyback.com/sell/tablet/apple/ipad-pro-12-9-5th-gen-2021/wi-fi/1tb/like-new,https://www.ocbuyback.com/sell/tablet/apple/ipad-pro-12-9-5th-gen-2021/wi-fi/1tb/good-condition,https://www.ocbuyback.com/sell/tablet/apple/ipad-pro-12-9-5th-gen-2021/wi-fi/1tb/fair,https://www.ocbuyback.com/sell/tablet/apple/ipad-pro-12-9-5th-gen-2021/wi-fi/1tb/minor-damage,https://www.ocbuyback.com/sell/tablet/apple/ipad-pro-12-9-5th-gen-2021/wi-fi/1tb/damaged
Apple,iPad Pro 12.9 5th Gen (2021),1TB,Wi-Fi + Cellular,445.0,410.0,330.0,150.0,30.0,https://www.ocbuyback.com/sell/tablet/apple/ipad-pro-12-9-5th-gen-2021/cellular/1tb/like-new,https://www.ocbuyback.com/sell/tablet/apple/ipad-pro-12-9-5th-gen-2021/cellular/1tb/good-condition,https://www.ocbuyback.com/sell/tablet/apple/ipad-pro-12-9-5th-gen-2021/cellular/1tb/fair,https://www.ocbuyback.com/sell/tablet/apple/ipad-pro-12-9-5th-gen-2021/cellular/1tb/minor-damage,https://www.ocbuyback.com/sell/tablet/apple/ipad-pro-12-9-5th-gen-2021/cellular/1tb/damaged
Apple,iPad Pro 12.9 5th Gen (2021),2TB,Wi-Fi,480.0,445.0,365.0,150.0,30.0,https://www.ocbuyback.com/sell/tablet/apple/ipad-pro-12-9-5th-gen-2021/wi-fi/2tb/like-new,https://www.ocbuyback.com/sell/tablet/apple/ipad-pro-12-9-5th-gen-2021/wi-fi/2tb/good-condition,https://www.ocbuyback.com/sell/tablet/apple/ipad-pro-12-9-5th-gen-2021/wi-fi/2tb/fair,https://www.ocbuyback.com/sell/tablet/apple/ipad-pro-12-9-5th-gen-2021/wi-fi/2tb/minor-damage,https://www.ocbuyback.com/sell/tablet/apple/ipad-pro-12-9-5th-gen-2021/wi-fi/2tb/damaged
Apple,iPad Pro 12.9 5th Gen (2021),2TB,Wi-Fi + Cellular,495.0,460.0,380.0,175.0,30.0,https://www.ocbuyback.com/sell/tablet/apple/ipad-pro-12-9-5th-gen-2021/cellular/2tb/like-new,https://www.ocbuyback.com/sell/tablet/apple/ipad-pro-12-9-5th-gen-2021/cellular/2tb/good-condition,https://www.ocbuyback.com/sell/tablet/apple/ipad-pro-12-9-5th-gen-2021/cellular/2tb/fair,https://www.ocbuyback.com/sell/tablet/apple/ipad-pro-12-9-5th-gen-2021/cellular/2tb/minor-damage,https://www.ocbuyback.com/sell/tablet/apple/ipad-pro-12-9-5th-gen-2021/cellular/2tb/damaged
Apple,iPad Pro 12.9 6th Gen (2022),128GB,Wi-Fi,390.0,300.0,245.0,125.0,30.0,https://www.ocbuyback.com/sell/tablet/apple/ipad-pro-12-9-6th-gen-2022/wi-fi/128gb/like-new,https://www.ocbuyback.com/sell/tablet/apple/ipad-pro-12-9-6th-gen-2022/wi-fi/128gb/good-condition,https://www.ocbuyback.com/sell/tablet/apple/ipad-pro-12-9-6th-gen-2022/wi-fi/128gb/fair,https://www.ocbuyback.com/sell/tablet/apple/ipad-pro-12-9-6th-gen-2022/wi-fi/128gb/minor-damage,https://www.ocbuyback.com/sell/tablet/apple/ipad-pro-12-9-6th-gen-2022/wi-fi/128gb/damaged
Apple,iPad Pro 12.9 6th Gen (2022),128GB,Wi-Fi + Cellular,405.0,315.0,260.0,150.0,30.0,https://www.ocbuyback.com/sell/tablet/apple/ipad-pro-12-9-6th-gen-2022/cellular/128gb/like-new,https://www.ocbuyback.com/sell/tablet/apple/ipad-pro-12-9-6th-gen-2022/cellular/128gb/good-condition,https://www.ocbuyback.com/sell/tablet/apple/ipad-pro-12-9-6th-gen-2022/cellular/128gb/fair,https://www.ocbuyback.com/sell/tablet/apple/ipad-pro-12-9-6th-gen-2022/cellular/128gb/minor-damage,https://www.ocbuyback.com/sell/tablet/apple/ipad-pro-12-9-6th-gen-2022/cellular/128gb/damaged
Apple,iPad Pro 12.9 6th Gen (2022),256GB,Wi-Fi,430.0,340.0,285.0,135.0,30.0,https://www.ocbuyback.com/sell/tablet/apple/ipad-pro-12-9-6th-gen-2022/wi-fi/256gb/like-new,https://www.ocbuyback.com/sell/tablet/apple/ipad-pro-12-9-6th-gen-2022/wi-fi/256gb/good-condition,https://www.ocbuyback.com/sell/tablet/apple/ipad-pro-12-9-6th-gen-2022/wi-fi/256gb/fair,https://www.ocbuyback.com/sell/tablet/apple/ipad-pro-12-9-6th-gen-2022/wi-fi/256gb/minor-damage,https://www.ocbuyback.com/sell/tablet/apple/ipad-pro-12-9-6th-gen-2022/wi-fi/256gb/damaged
Apple,iPad Pro 12.9 6th Gen (2022),256GB,Wi-Fi + Cellular,445.0,355.0,300.0,160.0,30.0,https://www.ocbuyback.com/sell/tablet/apple/ipad-pro-12-9-6th-gen-2022/cellular/256gb/like-new,https://www.ocbuyback.com/sell/tablet/apple/ipad-pro-12-9-6th-gen-2022/cellular/256gb/good-condition,https://www.ocbuyback.com/sell/tablet/apple/ipad-pro-12-9-6th-gen-2022/cellular/256gb/fair,https://www.ocbuyback.com/sell/tablet/apple/ipad-pro-12-9-6th-gen-2022/cellular/256gb/minor-damage,https://www.ocbuyback.com/sell/tablet/apple/ipad-pro-12-9-6th-gen-2022/cellular/256gb/damaged
Apple,iPad Pro 12.9 6th Gen (2022),512GB,Wi-Fi,450.0,360.0,305.0,140.0,30.0,https://www.ocbuyback.com/sell/tablet/apple/ipad-pro-12-9-6th-gen-2022/wi-fi/512gb/like-new,https://www.ocbuyback.com/sell/tablet/apple/ipad-pro-12-9-6th-gen-2022/wi-fi/512gb/good-condition,https://www.ocbuyback.com/sell/tablet/apple/ipad-pro-12-9-6th-gen-2022/wi-fi/512gb/fair,https://www.ocbuyback.com/sell/tablet/apple/ipad-pro-12-9-6th-gen-2022/wi-fi/512gb/minor-damage,https://www.ocbuyback.com/sell/tablet/apple/ipad-pro-12-9-6th-gen-2022/wi-fi/512gb/damaged
Apple,iPad Pro 12.9 6th Gen (2022),512GB,Wi-Fi + Cellular,465.0,375.0,320.0,165.0,30.0,https://www.ocbuyback.com/sell/tablet/apple/ipad-pro-12-9-6th-gen-2022/cellular/512gb/like-new,https://www.ocbuyback.com/sell/tablet/apple/ipad-pro-12-9-6th-gen-2022/cellular/512gb/good-condition,https://www.ocbuyback.com/sell/tablet/apple/ipad-pro-12-9-6th-gen-2022/cellular/512gb/fair,https://www.ocbuyback.com/sell/tablet/apple/ipad-pro-12-9-6th-gen-2022/cellular/512gb/minor-damage,https://www.ocbuyback.com/sell/tablet/apple/ipad-pro-12-9-6th-gen-2022/cellular/512gb/damaged
Apple,iPad Pro 12.9 6th Gen (2022),1TB,Wi-Fi,505.0,415.0,360.0,160.0,30.0,https://www.ocbuyback.com/sell/tablet/apple/ipad-pro-12-9-6th-gen-2022/wi-fi/1tb/like-new,https://www.ocbuyback.com/sell/tablet/apple/ipad-pro-12-9-6th-gen-2022/wi-fi/1tb/good-condition,https://www.ocbuyback.com/sell/tablet/apple/ipad-pro-12-9-6th-gen-2022/wi-fi/1tb/fair,https://www.ocbuyback.com/sell/tablet/apple/ipad-pro-12-9-6th-gen-2022/wi-fi/1tb/minor-damage,https://www.ocbuyback.com/sell/tablet/apple/ipad-pro-12-9-6th-gen-2022/wi-fi/1tb/damaged
Apple,iPad Pro 12.9 6th Gen (2022),1TB,Wi-Fi + Cellular,520.0,430.0,375.0,185.0,30.0,https://www.ocbuyback.com/sell/tablet/apple/ipad-pro-12-9-6th-gen-2022/cellular/1tb/like-new,https://www.ocbuyback.com/sell/tablet/apple/ipad-pro-12-9-6th-gen-2022/cellular/1tb/good-condition,https://www.ocbuyback.com/sell/tablet/apple/ipad-pro-12-9-6th-gen-2022/cellular/1tb/fair,https://www.ocbuyback.com/sell/tablet/apple/ipad-pro-12-9-6th-gen-2022/cellular/1tb/minor-damage,https://www.ocbuyback.com/sell/tablet/apple/ipad-pro-12-9-6th-gen-2022/cellular/1tb/damaged
Apple,iPad Pro 12.9 6th Gen (2022),2TB,Wi-Fi,550.0,460.0,405.0,175.0,30.0,https://www.ocbuyback.com/sell/tablet/apple/ipad-pro-12-9-6th-gen-2022/wi-fi/2tb/like-new,https://www.ocbuyback.com/sell/tablet/apple/ipad-pro-12-9-6th-gen-2022/wi-fi/2tb/good-condition,https://www.ocbuyback.com/sell/tablet/apple/ipad-pro-12-9-6th-gen-2022/wi-fi/2tb/fair,https://www.ocbuyback.com/sell/tablet/apple/ipad-pro-12-9-6th-gen-2022/wi-fi/2tb/minor-damage,https://www.ocbuyback.com/sell/tablet/apple/ipad-pro-12-9-6th-gen-2022/wi-fi/2tb/damaged
Apple,iPad Pro 12.9 6th Gen (2022),2TB,Wi-Fi + Cellular,565.0,475.0,420.0,200.0,30.0,https://www.ocbuyback.com/sell/tablet/apple/ipad-pro-12-9-6th-gen-2022/cellular/2tb/like-new,https://www.ocbuyback.com/sell/tablet/apple/ipad-pro-12-9-6th-gen-2022/cellular/2tb/good-condition,https://www.ocbuyback.com/sell/tablet/apple/ipad-pro-12-9-6th-gen-2022/cellular/2tb/fair,https://www.ocbuyback.com/sell/tablet/apple/ipad-pro-12-9-6th-gen-2022/cellular/2tb/minor-damage,https://www.ocbuyback.com/sell/tablet/apple/ipad-pro-12-9-6th-gen-2022/cellular/2tb/damaged
Apple,iPad 10.2 8th Gen (2020),32GB,Wi-Fi,50.0,40.0,25.0,10.0,,https://www.ocbuyback.com/sell/tablet/apple/ipad-10-2-8th-gen-2020/wi-fi/32gb/like-new,https://www.ocbuyback.com/sell/tablet/apple/ipad-10-2-8th-gen-2020/wi-fi/32gb/good-condition,https://www.ocbuyback.com/sell/tablet/apple/ipad-10-2-8th-gen-2020/wi-fi/32gb/fair,https://www.ocbuyback.com/sell/tablet/apple/ipad-10-2-8th-gen-2020/wi-fi/32gb/minor-damage,https://www.ocbuyback.com/sell/tablet/apple/ipad-10-2-8th-gen-2020/wi-fi/32gb/damaged
Apple,iPad 10.2 8th Gen (2020),32GB,Wi-Fi + Cellular,60.0,50.0,35.0,10.0,,https://www.ocbuyback.com/sell/tablet/apple/ipad-10-2-8th-gen-2020/cellular/32gb/like-new,https://www.ocbuyback.com/sell/tablet/apple/ipad-10-2-8th-gen-2020/cellular/32gb/good-condition,https://www.ocbuyback.com/sell/tablet/apple/ipad-10-2-8th-gen-2020/cellular/32gb/fair,https://www.ocbuyback.com/sell/tablet/apple/ipad-10-2-8th-gen-2020/cellular/32gb/minor-damage,https://www.ocbuyback.com/sell/tablet/apple/ipad-10-2-8th-gen-2020/cellular/32gb/damaged
Apple,iPad 10.2 8th Gen (2020),128GB,Wi-Fi,60.0,50.0,45.0,10.0,,https://www.ocbuyback.com/sell/tablet/apple/ipad-10-2-8th-gen-2020/wi-fi/128gb/like-new,https://www.ocbuyback.com/sell/tablet/apple/ipad-10-2-8th-gen-2020/wi-fi/128gb/good-condition,https://www.ocbuyback.com/sell/tablet/apple/ipad-10-2-8th-gen-2020/wi-fi/128gb/fair,https://www.ocbuyback.com/sell/tablet/apple/ipad-10-2-8th-gen-2020/wi-fi/128gb/minor-damage,https://www.ocbuyback.com/sell/tablet/apple/ipad-10-2-8th-gen-2020/wi-fi/128gb/damaged
Apple,iPad 10.2 8th Gen (2020),128GB,Wi-Fi + Cellular,75.0,60.0,45.0,10.0,,https://www.ocbuyback.com/sell/tablet/apple/ipad-10-2-8th-gen-2020/cellular/128gb/like-new,https://www.ocbuyback.com/sell/tablet/apple/ipad-10-2-8th-gen-2020/cellular/128gb/good-condition,https://www.ocbuyback.com/sell/tablet/apple/ipad-10-2-8th-gen-2020/cellular/128gb/fair,https://www.ocbuyback.com/sell/tablet/apple/ipad-10-2-8th-gen-2020/cellular/128gb/minor-damage,https://www.ocbuyback.com/sell/tablet/apple/ipad-10-2-8th-gen-2020/cellular/128gb/damaged
Apple,iPad 10.2 9th Gen (2021),64GB,Wi-Fi,75.0,65.0,30.0,10.0,,https://www.ocbuyback.com/sell/tablet/apple/ipad-10-2-9th-gen-2021/wi-fi/64gb/like-new,https://www.ocbuyback.com/sell/tablet/apple/ipad-10-2-9th-gen-2021/wi-fi/64gb/good-condition,https://www.ocbuyback.com/sell/tablet/apple/ipad-10-2-9th-gen-2021/wi-fi/64gb/fair,https://www.ocbuyback.com/sell/tablet/apple/ipad-10-2-9th-gen-2021/wi-fi/64gb/minor-damage,https://www.ocbuyback.com/sell/tablet/apple/ipad-10-2-9th-gen-2021/wi-fi/64gb/damaged
Apple,iPad 10.2 9th Gen (2021),64GB,Wi-Fi + Cellular,80.0,70.0,35.0,14.0,,https://www.ocbuyback.com/sell/tablet/apple/ipad-10-2-9th-gen-2021/cellular/64gb/like-new,https://www.ocbuyback.com/sell/tablet/apple/ipad-10-2-9th-gen-2021/cellular/64gb/good-condition,https://www.ocbuyback.com/sell/tablet/apple/ipad-10-2-9th-gen-2021/cellular/64gb/fair,https://www.ocbuyback.com/sell/tablet/apple/ipad-10-2-9th-gen-2021/cellular/64gb/minor-damage,https://www.ocbuyback.com/sell/tablet/apple/ipad-10-2-9th-gen-2021/cellular/64gb/damaged
Apple,iPad 10.2 9th Gen (2021),256GB,Wi-Fi,90.0,80.0,45.0,14.0,,https://www.ocbuyback.com/sell/tablet/apple/ipad-10-2-9th-gen-2021/wi-fi/256gb/like-new,https://www.ocbuyback.com/sell/tablet/apple/ipad-10-2-9th-gen-2021/wi-fi/256gb/good-condition,https://www.ocbuyback.com/sell/tablet/apple/ipad-10-2-9th-gen-2021/wi-fi/256gb/fair,https://www.ocbuyback.com/sell/tablet/apple/ipad-10-2-9th-gen-2021/wi-fi/256gb/minor-damage,https://www.ocbuyback.com/sell/tablet/apple/ipad-10-2-9th-gen-2021/wi-fi/256gb/damaged
Apple,iPad 10.2 9th Gen (2021),256GB,Wi-Fi + Cellular,95.0,85.0,50.0,18.0,,https://www.ocbuyback.com/sell/tablet/apple/ipad-10-2-9th-gen-2021/cellular/256gb/like-new,https://www.ocbuyback.com/sell/tablet/apple/ipad-10-2-9th-gen-2021/cellular/256gb/good-condition,https://www.ocbuyback.com/sell/tablet/apple/ipad-10-2-9th-gen-2021/cellular/256gb/fair,https://www.ocbuyback.com/sell/tablet/apple/ipad-10-2-9th-gen-2021/cellular/256gb/minor-damage,https://www.ocbuyback.com/sell/tablet/apple/ipad-10-2-9th-gen-2021/cellular/256gb/damaged
Apple,iPad Pro 11 1st Gen (2018),64GB,Wi-Fi,170.0,140.0,80.0,30.0,,https://www.ocbuyback.com/sell/tablet/apple/ipad-pro-11-1st-gen-2018/wi-fi/64gb/like-new,https://www.ocbuyback.com/sell/tablet/apple/ipad-pro-11-1st-gen-2018/wi-fi/64gb/good-condition,https://www.ocbuyback.com/sell/tablet/apple/ipad-pro-11-1st-gen-2018/wi-fi/64gb/fair,https://www.ocbuyback.com/sell/tablet/apple/ipad-pro-11-1st-gen-2018/wi-fi/64gb/minor-damage,https://www.ocbuyback.com/sell/tablet/apple/ipad-pro-11-1st-gen-2018/wi-fi/64gb/damaged
Apple,iPad Pro 11 1st Gen (2018),64GB,Wi-Fi + Cellular,185.0,155.0,95.0,35.0,,https://www.ocbuyback.com/sell/tablet/apple/ipad-pro-11-1st-gen-2018/cellular/64gb/like-new,https://www.ocbuyback.com/sell/tablet/apple/ipad-pro-11-1st-gen-2018/cellular/64gb/good-condition,https://www.ocbuyback.com/sell/tablet/apple/ipad-pro-11-1st-gen-2018/cellular/64gb/fair,https://www.ocbuyback.com/sell/tablet/apple/ipad-pro-11-1st-gen-2018/cellular/64gb/minor-damage,https://www.ocbuyback.com/sell/tablet/apple/ipad-pro-11-1st-gen-2018/cellular/64gb/damaged
Apple,iPad Pro 11 1st Gen (2018),256GB,Wi-Fi,205.0,175.0,115.0,35.0,,https://www.ocbuyback.com/sell/tablet/apple/ipad-pro-11-1st-gen-2018/wi-fi/256gb/like-new,https://www.ocbuyback.com/sell/tablet/apple/ipad-pro-11-1st-gen-2018/wi-fi/256gb/good-condition,https://www.ocbuyback.com/sell/tablet/apple/ipad-pro-11-1st-gen-2018/wi-fi/256gb/fair,https://www.ocbuyback.com/sell/tablet/apple/ipad-pro-11-1st-gen-2018/wi-fi/256gb/minor-damage,https://www.ocbuyback.com/sell/tablet/apple/ipad-pro-11-1st-gen-2018/wi-fi/256gb/damaged
Apple,iPad Pro 11 1st Gen (2018),256GB,Wi-Fi + Cellular,220.0,190.0,130.0,40.0,,https://www.ocbuyback.com/sell/tablet/apple/ipad-pro-11-1st-gen-2018/cellular/256gb/like-new,https://www.ocbuyback.com/sell/tablet/apple/ipad-pro-11-1st-gen-2018/cellular/256gb/good-condition,https://www.ocbuyback.com/sell/tablet/apple/ipad-pro-11-1st-gen-2018/cellular/256gb/fair,https://www.ocbuyback.com/sell/tablet/apple/ipad-pro-11-1st-gen-2018/cellular/256gb/minor-damage,https://www.ocbuyback.com/sell/tablet/apple/ipad-pro-11-1st-gen-2018/cellular/256gb/damaged
Apple,iPad Pro 11 1st Gen (2018),512GB,Wi-Fi,230.0,205.0,145.0,37.0,,https://www.ocbuyback.com/sell/tablet/apple/ipad-pro-11-1st-gen-2018/wi-fi/512gb/like-new,https://www.ocbuyback.com/sell/tablet/apple/ipad-pro-11-1st-gen-2018/wi-fi/512gb/good-condition,https://www.ocbuyback.com/sell/tablet/apple/ipad-pro-11-1st-gen-2018/wi-fi/512gb/fair,https://www.ocbuyback.com/sell/tablet/apple/ipad-pro-11-1st-gen-2018/wi-fi/512gb/minor-damage,https://www.ocbuyback.com/sell/tablet/apple/ipad-pro-11-1st-gen-2018/wi-fi/512gb/damaged
Apple,iPad Pro 11 1st Gen (2018),512GB,Wi-Fi + Cellular,245.0,220.0,160.0,42.0,,https://www.ocbuyback.com/sell/tablet/apple/ipad-pro-11-1st-gen-2018/cellular/512gb/like-new,https://www.ocbuyback.com/sell/tablet/apple/ipad-pro-11-1st-gen-2018/cellular/512gb/good-condition,https://www.ocbuyback.com/sell/tablet/apple/ipad-pro-11-1st-gen-2018/cellular/512gb/fair,https://www.ocbuyback.com/sell/tablet/apple/ipad-pro-11-1st-gen-2018/cellular/512gb/minor-damage,https://www.ocbuyback.com/sell/tablet/apple/ipad-pro-11-1st-gen-2018/cellular/512gb/damaged
Apple,iPad Pro 11 1st Gen (2018),1TB,Wi-Fi,250.0,225.0,170.0,40.0,,https://www.ocbuyback.com/sell/tablet/apple/ipad-pro-11-1st-gen-2018/wi-fi/1tb/like-new,https://www.ocbuyback.com/sell/tablet/apple/ipad-pro-11-1st-gen-2018/wi-fi/1tb/good-condition,https://www.ocbuyback.com/sell/tablet/apple/ipad-pro-11-1st-gen-2018/wi-fi/1tb/fair,https://www.ocbuyback.com/sell/tablet/apple/ipad-pro-11-1st-gen-2018/wi-fi/1tb/minor-damage,https://www.ocbuyback.com/sell/tablet/apple/ipad-pro-11-1st-gen-2018/wi-fi/1tb/damaged
Apple,iPad Pro 11 1st Gen (2018),1TB,Wi-Fi + Cellular,265.0,240.0,180.0,45.0,,https://www.ocbuyback.com/sell/tablet/apple/ipad-pro-11-1st-gen-2018/cellular/1tb/like-new,https://www.ocbuyback.com/sell/tablet/apple/ipad-pro-11-1st-gen-2018/cellular/1tb/good-condition,https://www.ocbuyback.com/sell/tablet/apple/ipad-pro-11-1st-gen-2018/cellular/1tb/fair,https://www.ocbuyback.com/sell/tablet/apple/ipad-pro-11-1st-gen-2018/cellular/1tb/minor-damage,https://www.ocbuyback.com/sell/tablet/apple/ipad-pro-11-1st-gen-2018/cellular/1tb/damaged
Apple,iPad Pro 11 2nd Gen (2020),128GB,Wi-Fi,265.0,245.0,200.0,75.0,20.0,https://www.ocbuyback.com/sell/tablet/apple/ipad-pro-11-2nd-gen-2020/wi-fi/128gb/like-new,https://www.ocbuyback.com/sell/tablet/apple/ipad-pro-11-2nd-gen-2020/wi-fi/128gb/good-condition,https://www.ocbuyback.com/sell/tablet/apple/ipad-pro-11-2nd-gen-2020/wi-fi/128gb/fair,https://www.ocbuyback.com/sell/tablet/apple/ipad-pro-11-2nd-gen-2020/wi-fi/128gb/minor-damage,https://www.ocbuyback.com/sell/tablet/apple/ipad-pro-11-2nd-gen-2020/wi-fi/128gb/damaged
Apple,iPad Pro 11 2nd Gen (2020),128GB,Wi-Fi + Cellular,275.0,255.0,210.0,80.0,20.0,https://www.ocbuyback.com/sell/tablet/apple/ipad-pro-11-2nd-gen-2020/cellular/128gb/like-new,https://www.ocbuyback.com/sell/tablet/apple/ipad-pro-11-2nd-gen-2020/cellular/128gb/good-condition,https://www.ocbuyback.com/sell/tablet/apple/ipad-pro-11-2nd-gen-2020/cellular/128gb/fair,https://www.ocbuyback.com/sell/tablet/apple/ipad-pro-11-2nd-gen-2020/cellular/128gb/minor-damage,https://www.ocbuyback.com/sell/tablet/apple/ipad-pro-11-2nd-gen-2020/cellular/128gb/damaged
Apple,iPad Pro 11 2nd Gen (2020),256GB,Wi-Fi,275.0,255.0,210.0,80.0,20.0,https://www.ocbuyback.com/sell/tablet/apple/ipad-pro-11-2nd-gen-2020/wi-fi/256gb/like-new,https://www.ocbuyback.com/sell/tablet/apple/ipad-pro-11-2nd-gen-2020/wi-fi/256gb/good-condition,https://www.ocbuyback.com/sell/tablet/apple/ipad-pro-11-2nd-gen-2020/wi-fi/256gb/fair,https://www.ocbuyback.com/sell/tablet/apple/ipad-pro-11-2nd-gen-2020/wi-fi/256gb/minor-damage,https://www.ocbuyback.com/sell/tablet/apple/ipad-pro-11-2nd-gen-2020/wi-fi/256gb/damaged
Apple,iPad Pro 11 2nd Gen (2020),256GB,Wi-Fi + Cellular,285.0,265.0,220.0,85.0,20.0,https://www.ocbuyback.com/sell/tablet/apple/ipad-pro-11-2nd-gen-2020/cellular/256gb/like-new,https://www.ocbuyback.com/sell/tablet/apple/ipad-pro-11-2nd-gen-2020/cellular/256gb/good-condition,https://www.ocbuyback.com/sell/tablet/apple/ipad-pro-11-2nd-gen-2020/cellular/256gb/fair,https://www.ocbuyback.com/sell/tablet/apple/ipad-pro-11-2nd-gen-2020/cellular/256gb/minor-damage,https://www.ocbuyback.com/sell/tablet/apple/ipad-pro-11-2nd-gen-2020/cellular/256gb/damaged
Apple,iPad Pro 11 2nd Gen (2020),512GB,Wi-Fi,290.0,270.0,225.0,82.0,20.0,https://www.ocbuyback.com/sell/tablet/apple/ipad-pro-11-2nd-gen-2020/wi-fi/512gb/like-new,https://www.ocbuyback.com/sell/tablet/apple/ipad-pro-11-2nd-gen-2020/wi-fi/512gb/good-condition,https://www.ocbuyback.com/sell/tablet/apple/ipad-pro-11-2nd-gen-2020/wi-fi/512gb/fair,https://www.ocbuyback.com/sell/tablet/apple/ipad-pro-11-2nd-gen-2020/wi-fi/512gb/minor-damage,https://www.ocbuyback.com/sell/tablet/apple/ipad-pro-11-2nd-gen-2020/wi-fi/512gb/damaged
Apple,iPad Pro 11 2nd Gen (2020),512GB,Wi-Fi + Cellular,300.0,280.0,235.0,87.0,20.0,https://www.ocbuyback.com/sell/tablet/apple/ipad-pro-11-2nd-gen-2020/cellular/512gb/like-new,https://www.ocbuyback.com/sell/tablet/apple/ipad-pro-11-2nd-gen-2020/cellular/512gb/good-condition,https://www.ocbuyback.com/sell/tablet/apple/ipad-pro-11-2nd-gen-2020/cellular/512gb/fair,https://www.ocbuyback.com/sell/tablet/apple/ipad-pro-11-2nd-gen-2020/cellular/512gb/minor-damage,https://www.ocbuyback.com/sell/tablet/apple/ipad-pro-11-2nd-gen-2020/cellular/512gb/damaged
Apple,iPad Pro 11 2nd Gen (2020),1TB,Wi-Fi,310.0,290.0,245.0,87.0,20.0,https://www.ocbuyback.com/sell/tablet/apple/ipad-pro-11-2nd-gen-2020/wi-fi/1tb/like-new,https://www.ocbuyback.com/sell/tablet/apple/ipad-pro-11-2nd-gen-2020/wi-fi/1tb/good-condition,https://www.ocbuyback.com/sell/tablet/apple/ipad-pro-11-2nd-gen-2020/wi-fi/1tb/fair,https://www.ocbuyback.com/sell/tablet/apple/ipad-pro-11-2nd-gen-2020/wi-fi/1tb/minor-damage,https://www.ocbuyback.com/sell/tablet/apple/ipad-pro-11-2nd-gen-2020/wi-fi/1tb/damaged
Apple,iPad Pro 11 2nd Gen (2020),1TB,Wi-Fi + Cellular,320.0,300.0,255.0,92.0,20.0,https://www.ocbuyback.com/sell/tablet/apple/ipad-pro-11-2nd-gen-2020/cellular/1tb/like-new,https://www.ocbuyback.com/sell/tablet/apple/ipad-pro-11-2nd-gen-2020/cellular/1tb/good-condition,https://www.ocbuyback.com/sell/tablet/apple/ipad-pro-11-2nd-gen-2020/cellular/1tb/fair,https://www.ocbuyback.com/sell/tablet/apple/ipad-pro-11-2nd-gen-2020/cellular/1tb/minor-damage,https://www.ocbuyback.com/sell/tablet/apple/ipad-pro-11-2nd-gen-2020/cellular/1tb/damaged
Apple,iPad Pro 11 3rd Gen (2021),128GB,Wi-Fi,290.0,260.0,205.0,65.0,10.0,https://www.ocbuyback.com/sell/tablet/apple/ipad-pro-11-3rd-gen-2021/wi-fi/128gb/like-new,https://www.ocbuyback.com/sell/tablet/apple/ipad-pro-11-3rd-gen-2021/wi-fi/128gb/good-condition,https://www.ocbuyback.com/sell/tablet/apple/ipad-pro-11-3rd-gen-2021/wi-fi/128gb/fair,https://www.ocbuyback.com/sell/tablet/apple/ipad-pro-11-3rd-gen-2021/wi-fi/128gb/minor-damage,https://www.ocbuyback.com/sell/tablet/apple/ipad-pro-11-3rd-gen-2021/wi-fi/128gb/damaged
Apple,iPad Pro 11 3rd Gen (2021),128GB,Wi-Fi + Cellular,320.0,290.0,235.0,75.0,10.0,https://www.ocbuyback.com/sell/tablet/apple/ipad-pro-11-3rd-gen-2021/cellular/128gb/like-new,https://www.ocbuyback.com/sell/tablet/apple/ipad-pro-11-3rd-gen-2021/cellular/128gb/good-condition,https://www.ocbuyback.com/sell/tablet/apple/ipad-pro-11-3rd-gen-2021/cellular/128gb/fair,https://www.ocbuyback.com/sell/tablet/apple/ipad-pro-11-3rd-gen-2021/cellular/128gb/minor-damage,https://www.ocbuyback.com/sell/tablet/apple/ipad-pro-11-3rd-gen-2021/cellular/128gb/damaged
Apple,iPad Pro 11 3rd Gen (2021),256GB,Wi-Fi,310.0,280.0,240.0,65.0,10.0,https://www.ocbuyback.com/sell/tablet/apple/ipad-pro-11-3rd-gen-2021/wi-fi/256gb/like-new,https://www.ocbuyback.com/sell/tablet/apple/ipad-pro-11-3rd-gen-2021/wi-fi/256gb/good-condition,https://www.ocbuyback.com/sell/tablet/apple/ipad-pro-11-3rd-gen-2021/wi-fi/256gb/fair,https://www.ocbuyback.com/sell/tablet/apple/ipad-pro-11-3rd-gen-2021/wi-fi/256gb/minor-damage,https://www.ocbuyback.com/sell/tablet/apple/ipad-pro-11-3rd-gen-2021/wi-fi/256gb/damaged
Apple,iPad Pro 11 3rd Gen (2021),256GB,Wi-Fi + Cellular,340.0,310.0,270.0,85.0,10.0,https://www.ocbuyback.com/sell/tablet/apple/ipad-pro-11-3rd-gen-2021/cellular/256gb/like-new,https://www.ocbuyback.com/sell/tablet/apple/ipad-pro-11-3rd-gen-2021/cellular/256gb/good-condition,https://www.ocbuyback.com/sell/tablet/apple/ipad-pro-11-3rd-gen-2021/cellular/256gb/fair,https://www.ocbuyback.com/sell/tablet/apple/ipad-pro-11-3rd-gen-2021/cellular/256gb/minor-damage,https://www.ocbuyback.com/sell/tablet/apple/ipad-pro-11-3rd-gen-2021/cellular/256gb/damaged
Apple,iPad Pro 11 3rd Gen (2021),512GB,Wi-Fi,350.0,320.0,265.0,60.0,10.0,https://www.ocbuyback.com/sell/tablet/apple/ipad-pro-11-3rd-gen-2021/wi-fi/512gb/like-new,https://www.ocbuyback.com/sell/tablet/apple/ipad-pro-11-3rd-gen-2021/wi-fi/512gb/good-condition,https://www.ocbuyback.com/sell/tablet/apple/ipad-pro-11-3rd-gen-2021/wi-fi/512gb/fair,https://www.ocbuyback.com/sell/tablet/apple/ipad-pro-11-3rd-gen-2021/wi-fi/512gb/minor-damage,https://www.ocbuyback.com/sell/tablet/apple/ipad-pro-11-3rd-gen-2021/wi-fi/512gb/damaged
Apple,iPad Pro 11 3rd Gen (2021),512GB,Wi-Fi + Cellular,380.0,350.0,295.0,100.0,10.0,https://www.ocbuyback.com/sell/tablet/apple/ipad-pro-11-3rd-gen-2021/cellular/512gb/like-new,https://www.ocbuyback.com/sell/tablet/apple/ipad-pro-11-3rd-gen-2021/cellular/512gb/good-condition,https://www.ocbuyback.com/sell/tablet/apple/ipad-pro-11-3rd-gen-2021/cellular/512gb/fair,https://www.ocbuyback.com/sell/tablet/apple/ipad-pro-11-3rd-gen-2021/cellular/512gb/minor-damage,https://www.ocbuyback.com/sell/tablet/apple/ipad-pro-11-3rd-gen-2021/cellular/512gb/damaged
Apple,iPad Pro 11 3rd Gen (2021),1TB,Wi-Fi,390.0,360.0,305.0,65.0,10.0,https://www.ocbuyback.com/sell/tablet/apple/ipad-pro-11-3rd-gen-2021/wi-fi/1tb/like-new,https://www.ocbuyback.com/sell/tablet/apple/ipad-pro-11-3rd-gen-2021/wi-fi/1tb/good-condition,https://www.ocbuyback.com/sell/tablet/apple/ipad-pro-11-3rd-gen-2021/wi-fi/1tb/fair,https://www.ocbuyback.com/sell/tablet/apple/ipad-pro-11-3rd-gen-2021/wi-fi/1tb/minor-damage,https://www.ocbuyback.com/sell/tablet/apple/ipad-pro-11-3rd-gen-2021/wi-fi/1tb/damaged
Apple,iPad Pro 11 3rd Gen (2021),1TB,Wi-Fi + Cellular,420.0,390.0,335.0,105.0,10.0,https://www.ocbuyback.com/sell/tablet/apple/ipad-pro-11-3rd-gen-2021/cellular/1tb/like-new,https://www.ocbuyback.com/sell/tablet/apple/ipad-pro-11-3rd-gen-2021/cellular/1tb/good-condition,https://www.ocbuyback.com/sell/tablet/apple/ipad-pro-11-3rd-gen-2021/cellular/1tb/fair,https://www.ocbuyback.com/sell/tablet/apple/ipad-pro-11-3rd-gen-2021/cellular/1tb/minor-damage,https://www.ocbuyback.com/sell/tablet/apple/ipad-pro-11-3rd-gen-2021/cellular/1tb/damaged
Apple,iPad Pro 11 3rd Gen (2021),2TB,Wi-Fi,440.0,410.0,355.0,85.0,10.0,https://www.ocbuyback.com/sell/tablet/apple/ipad-pro-11-3rd-gen-2021/wi-fi/2tb/like-new,https://www.ocbuyback.com/sell/tablet/apple/ipad-pro-11-3rd-gen-2021/wi-fi/2tb/good-condition,https://www.ocbuyback.com/sell/tablet/apple/ipad-pro-11-3rd-gen-2021/wi-fi/2tb/fair,https://www.ocbuyback.com/sell/tablet/apple/ipad-pro-11-3rd-gen-2021/wi-fi/2tb/minor-damage,https://www.ocbuyback.com/sell/tablet/apple/ipad-pro-11-3rd-gen-2021/wi-fi/2tb/damaged
Apple,iPad Pro 11 3rd Gen (2021),2TB,Wi-Fi + Cellular,470.0,440.0,385.0,125.0,10.0,https://www.ocbuyback.com/sell/tablet/apple/ipad-pro-11-3rd-gen-2021/cellular/2tb/like-new,https://www.ocbuyback.com/sell/tablet/apple/ipad-pro-11-3rd-gen-2021/cellular/2tb/good-condition,https://www.ocbuyback.com/sell/tablet/apple/ipad-pro-11-3rd-gen-2021/cellular/2tb/fair,https://www.ocbuyback.com/sell/tablet/apple/ipad-pro-11-3rd-gen-2021/cellular/2tb/minor-damage,https://www.ocbuyback.com/sell/tablet/apple/ipad-pro-11-3rd-gen-2021/cellular/2tb/damaged
Apple,iPad 10.9 10th Gen (2022),64GB,Wi-Fi,140.0,110.0,70.0,25.0,10.0,https://www.ocbuyback.com/sell/tablet/apple/ipad-10-9-10th-gen-2022/wi-fi/64gb/like-new,https://www.ocbuyback.com/sell/tablet/apple/ipad-10-9-10th-gen-2022/wi-fi/64gb/good-condition,https://www.ocbuyback.com/sell/tablet/apple/ipad-10-9-10th-gen-2022/wi-fi/64gb/fair,https://www.ocbuyback.com/sell/tablet/apple/ipad-10-9-10th-gen-2022/wi-fi/64gb/minor-damage,https://www.ocbuyback.com/sell/tablet/apple/ipad-10-9-10th-gen-2022/wi-fi/64gb/damaged
Apple,iPad 10.9 10th Gen (2022),64GB,Wi-Fi + Cellular,170.0,140.0,100.0,35.0,10.0,https://www.ocbuyback.com/sell/tablet/apple/ipad-10-9-10th-gen-2022/cellular/64gb/like-new,https://www.ocbuyback.com/sell/tablet/apple/ipad-10-9-10th-gen-2022/cellular/64gb/good-condition,https://www.ocbuyback.com/sell/tablet/apple/ipad-10-9-10th-gen-2022/cellular/64gb/fair,https://www.ocbuyback.com/sell/tablet/apple/ipad-10-9-10th-gen-2022/cellular/64gb/minor-damage,https://www.ocbuyback.com/sell/tablet/apple/ipad-10-9-10th-gen-2022/cellular/64gb/damaged
Apple,iPad 10.9 10th Gen (2022),256GB,Wi-Fi,170.0,140.0,100.0,35.0,10.0,https://www.ocbuyback.com/sell/tablet/apple/ipad-10-9-10th-gen-2022/wi-fi/256gb/like-new,https://www.ocbuyback.com/sell/tablet/apple/ipad-10-9-10th-gen-2022/wi-fi/256gb/good-condition,https://www.ocbuyback.com/sell/tablet/apple/ipad-10-9-10th-gen-2022/wi-fi/256gb/fair,https://www.ocbuyback.com/sell/tablet/apple/ipad-10-9-10th-gen-2022/wi-fi/256gb/minor-damage,https://www.ocbuyback.com/sell/tablet/apple/ipad-10-9-10th-gen-2022/wi-fi/256gb/damaged
Apple,iPad 10.9 10th Gen (2022),256GB,Wi-Fi + Cellular,200.0,170.0,130.0,45.0,10.0,https://www.ocbuyback.com/sell/tablet/apple/ipad-10-9-10th-gen-2022/cellular/256gb/like-new,https://www.ocbuyback.com/sell/tablet/apple/ipad-10-9-10th-gen-2022/cellular/256gb/good-condition,https://www.ocbuyback.com/sell/tablet/apple/ipad-10-9-10th-gen-2022/cellular/256gb/fair,https://www.ocbuyback.com/sell/tablet/apple/ipad-10-9-10th-gen-2022/cellular/256gb/minor-damage,https://www.ocbuyback.com/sell/tablet/apple/ipad-10-9-10th-gen-2022/cellular/256gb/damaged
Apple,iPad Pro 11 4th Gen (2022),128GB,Wi-Fi,370.0,330.0,285.0,155.0,30.0,https://www.ocbuyback.com/sell/tablet/apple/ipad-pro-11-4th-gen-2022/wi-fi/128gb/like-new,https://www.ocbuyback.com/sell/tablet/apple/ipad-pro-11-4th-gen-2022/wi-fi/128gb/good-condition,https://www.ocbuyback.com/sell/tablet/apple/ipad-pro-11-4th-gen-2022/wi-fi/128gb/fair,https://www.ocbuyback.com/sell/tablet/apple/ipad-pro-11-4th-gen-2022/wi-fi/128gb/minor-damage,https://www.ocbuyback.com/sell/tablet/apple/ipad-pro-11-4th-gen-2022/wi-fi/128gb/damaged
Apple,iPad Pro 11 4th Gen (2022),128GB,Wi-Fi + Cellular,400.0,360.0,315.0,175.0,30.0,https://www.ocbuyback.com/sell/tablet/apple/ipad-pro-11-4th-gen-2022/cellular/128gb/like-new,https://www.ocbuyback.com/sell/tablet/apple/ipad-pro-11-4th-gen-2022/cellular/128gb/good-condition,https://www.ocbuyback.com/sell/tablet/apple/ipad-pro-11-4th-gen-2022/cellular/128gb/fair,https://www.ocbuyback.com/sell/tablet/apple/ipad-pro-11-4th-gen-2022/cellular/128gb/minor-damage,https://www.ocbuyback.com/sell/tablet/apple/ipad-pro-11-4th-gen-2022/cellular/128gb/damaged
Apple,iPad Pro 11 4th Gen (2022),256GB,Wi-Fi,420.0,380.0,335.0,170.0,30.0,https://www.ocbuyback.com/sell/tablet/apple/ipad-pro-11-4th-gen-2022/wi-fi/256gb/like-new,https://www.ocbuyback.com/sell/tablet/apple/ipad-pro-11-4th-gen-2022/wi-fi/256gb/good-condition,https://www.ocbuyback.com/sell/tablet/apple/ipad-pro-11-4th-gen-2022/wi-fi/256gb/fair,https://www.ocbuyback.com/sell/tablet/apple/ipad-pro-11-4th-gen-2022/wi-fi/256gb/minor-damage,https://www.ocbuyback.com/sell/tablet/apple/ipad-pro-11-4th-gen-2022/wi-fi/256gb/damaged
Apple,iPad Pro 11 4th Gen (2022),256GB,Wi-Fi + Cellular,450.0,410.0,365.0,190.0,30.0,https://www.ocbuyback.com/sell/tablet/apple/ipad-pro-11-4th-gen-2022/cellular/256gb/like-new,https://www.ocbuyback.com/sell/tablet/apple/ipad-pro-11-4th-gen-2022/cellular/256gb/good-condition,https://www.ocbuyback.com/sell/tablet/apple/ipad-pro-11-4th-gen-2022/cellular/256gb/fair,https://www.ocbuyback.com/sell/tablet/apple/ipad-pro-11-4th-gen-2022/cellular/256gb/minor-damage,https://www.ocbuyback.com/sell/tablet/apple/ipad-pro-11-4th-gen-2022/cellular/256gb/damaged
Apple,iPad Pro 11 4th Gen (2022),512GB,Wi-Fi,445.0,405.0,360.0,180.0,30.0,https://www.ocbuyback.com/sell/tablet/apple/ipad-pro-11-4th-gen-2022/wi-fi/512gb/like-new,https://www.ocbuyback.com/sell/tablet/apple/ipad-pro-11-4th-gen-2022/wi-fi/512gb/good-condition,https://www.ocbuyback.com/sell/tablet/apple/ipad-pro-11-4th-gen-2022/wi-fi/512gb/fair,https://www.ocbuyback.com/sell/tablet/apple/ipad-pro-11-4th-gen-2022/wi-fi/512gb/minor-damage,https://www.ocbuyback.com/sell/tablet/apple/ipad-pro-11-4th-gen-2022/wi-fi/512gb/damaged
Apple,iPad Pro 11 4th Gen (2022),512GB,Wi-Fi + Cellular,475.0,435.0,390.0,200.0,30.0,https://www.ocbuyback.com/sell/tablet/apple/ipad-pro-11-4th-gen-2022/cellular/512gb/like-new,https://www.ocbuyback.com/sell/tablet/apple/ipad-pro-11-4th-gen-2022/cellular/512gb/good-condition,https://www.ocbuyback.com/sell/tablet/apple/ipad-pro-11-4th-gen-2022/cellular/512gb/fair,https://www.ocbuyback.com/sell/tablet/apple/ipad-pro-11-4th-gen-2022/cellular/512gb/minor-damage,https://www.ocbuyback.com/sell/tablet/apple/ipad-pro-11-4th-gen-2022/cellular/512gb/damaged
Apple,iPad Pro 11 4th Gen (2022),1TB,Wi-Fi,520.0,480.0,435.0,195.0,30.0,https://www.ocbuyback.com/sell/tablet/apple/ipad-pro-11-4th-gen-2022/wi-fi/1tb/like-new,https://www.ocbuyback.com/sell/tablet/apple/ipad-pro-11-4th-gen-2022/wi-fi/1tb/good-condition,https://www.ocbuyback.com/sell/tablet/apple/ipad-pro-11-4th-gen-2022/wi-fi/1tb/fair,https://www.ocbuyback.com/sell/tablet/apple/ipad-pro-11-4th-gen-2022/wi-fi/1tb/minor-damage,https://www.ocbuyback.com/sell/tablet/apple/ipad-pro-11-4th-gen-2022/wi-fi/1tb/damaged
Apple,iPad Pro 11 4th Gen (2022),1TB,Wi-Fi + Cellular,550.0,510.0,465.0,215.0,30.0,https://www.ocbuyback.com/sell/tablet/apple/ipad-pro-11-4th-gen-2022/cellular/1tb/like-new,https://www.ocbuyback.com/sell/tablet/apple/ipad-pro-11-4th-gen-2022/cellular/1tb/good-condition,https://www.ocbuyback.com/sell/tablet/apple/ipad-pro-11-4th-gen-2022/cellular/1tb/fair,https://www.ocbuyback.com/sell/tablet/apple/ipad-pro-11-4th-gen-2022/cellular/1tb/minor-damage,https://www.ocbuyback.com/sell/tablet/apple/ipad-pro-11-4th-gen-2022/cellular/1tb/damaged
Apple,iPad Pro 11 4th Gen (2022),2TB,Wi-Fi,570.0,530.0,485.0,215.0,30.0,https://www.ocbuyback.com/sell/tablet/apple/ipad-pro-11-4th-gen-2022/wi-fi/2tb/like-new,https://www.ocbuyback.com/sell/tablet/apple/ipad-pro-11-4th-gen-2022/wi-fi/2tb/good-condition,https://www.ocbuyback.com/sell/tablet/apple/ipad-pro-11-4th-gen-2022/wi-fi/2tb/fair,https://www.ocbuyback.com/sell/tablet/apple/ipad-pro-11-4th-gen-2022/wi-fi/2tb/minor-damage,https://www.ocbuyback.com/sell/tablet/apple/ipad-pro-11-4th-gen-2022/wi-fi/2tb/damaged
Apple,iPad Pro 11 4th Gen (2022),2TB,Wi-Fi + Cellular,600.0,560.0,515.0,235.0,30.0,https://www.ocbuyback.com/sell/tablet/apple/ipad-pro-11-4th-gen-2022/cellular/2tb/like-new,https://www.ocbuyback.com/sell/tablet/apple/ipad-pro-11-4th-gen-2022/cellular/2tb/good-condition,https://www.ocbuyback.com/sell/tablet/apple/ipad-pro-11-4th-gen-2022/cellular/2tb/fair,https://www.ocbuyback.com/sell/tablet/apple/ipad-pro-11-4th-gen-2022/cellular/2tb/minor-damage,https://www.ocbuyback.com/sell/tablet/apple/ipad-pro-11-4th-gen-2022/cellular/2tb/damaged
Apple,iPad Pro 13 M4 Standard Glass (2024),256GB,Wi-Fi,530.0,480.0,425.0,200.0,50.0,https://www.ocbuyback.com/sell/tablet/apple/ipad-pro-13-m4-standard-glass-2024/wi-fi/256gb/like-new,https://www.ocbuyback.com/sell/tablet/apple/ipad-pro-13-m4-standard-glass-2024/wi-fi/256gb/good-condition,https://www.ocbuyback.com/sell/tablet/apple/ipad-pro-13-m4-standard-glass-2024/wi-fi/256gb/fair,https://www.ocbuyback.com/sell/tablet/apple/ipad-pro-13-m4-standard-glass-2024/wi-fi/256gb/minor-damage,https://www.ocbuyback.com/sell/tablet/apple/ipad-pro-13-m4-standard-glass-2024/wi-fi/256gb/damaged
Apple,iPad Pro 13 M4 Standard Glass (2024),256GB,Wi-Fi + Cellular,560.0,510.0,455.0,225.0,50.0,https://www.ocbuyback.com/sell/tablet/apple/ipad-pro-13-m4-standard-glass-2024/cellular/256gb/like-new,https://www.ocbuyback.com/sell/tablet/apple/ipad-pro-13-m4-standard-glass-2024/cellular/256gb/good-condition,https://www.ocbuyback.com/sell/tablet/apple/ipad-pro-13-m4-standard-glass-2024/cellular/256gb/fair,https://www.ocbuyback.com/sell/tablet/apple/ipad-pro-13-m4-standard-glass-2024/cellular/256gb/minor-damage,https://www.ocbuyback.com/sell/tablet/apple/ipad-pro-13-m4-standard-glass-2024/cellular/256gb/damaged
Apple,iPad Pro 13 M4 Standard Glass (2024),512GB,Wi-Fi,590.0,540.0,485.0,225.0,50.0,https://www.ocbuyback.com/sell/tablet/apple/ipad-pro-13-m4-standard-glass-2024/wi-fi/512gb/like-new,https://www.ocbuyback.com/sell/tablet/apple/ipad-pro-13-m4-standard-glass-2024/wi-fi/512gb/good-condition,https://www.ocbuyback.com/sell/tablet/apple/ipad-pro-13-m4-standard-glass-2024/wi-fi/512gb/fair,https://www.ocbuyback.com/sell/tablet/apple/ipad-pro-13-m4-standard-glass-2024/wi-fi/512gb/minor-damage,https://www.ocbuyback.com/sell/tablet/apple/ipad-pro-13-m4-standard-glass-2024/wi-fi/512gb/damaged
Apple,iPad Pro 13 M4 Standard Glass (2024),512GB,Wi-Fi + Cellular,620.0,570.0,515.0,250.0,50.0,https://www.ocbuyback.com/sell/tablet/apple/ipad-pro-13-m4-standard-glass-2024/cellular/512gb/like-new,https://www.ocbuyback.com/sell/tablet/apple/ipad-pro-13-m4-standard-glass-2024/cellular/512gb/good-condition,https://www.ocbuyback.com/sell/tablet/apple/ipad-pro-13-m4-standard-glass-2024/cellular/512gb/fair,https://www.ocbuyback.com/sell/tablet/apple/ipad-pro-13-m4-standard-glass-2024/cellular/512gb/minor-damage,https://www.ocbuyback.com/sell/tablet/apple/ipad-pro-13-m4-standard-glass-2024/cellular/512gb/damaged
Apple,iPad Pro 13 M4 Standard Glass (2024),1TB,Wi-Fi,650.0,600.0,545.0,250.0,50.0,https://www.ocbuyback.com/sell/tablet/apple/ipad-pro-13-m4-standard-glass-2024/wi-fi/1tb/like-new,https://www.ocbuyback.com/sell/tablet/apple/ipad-pro-13-m4-standard-glass-2024/wi-fi/1tb/good-condition,https://www.ocbuyback.com/sell/tablet/apple/ipad-pro-13-m4-standard-glass-2024/wi-fi/1tb/fair,https://www.ocbuyback.com/sell/tablet/apple/ipad-pro-13-m4-standard-glass-2024/wi-fi/1tb/minor-damage,https://www.ocbuyback.com/sell/tablet/apple/ipad-pro-13-m4-standard-glass-2024/wi-fi/1tb/damaged
Apple,iPad Pro 13 M4 Standard Glass (2024),1TB,Wi-Fi + Cellular,680.0,630.0,575.0,275.0,50.0,https://www.ocbuyback.com/sell/tablet/apple/ipad-pro-13-m4-standard-glass-2024/cellular/1tb/like-new,https://www.ocbuyback.com/sell/tablet/apple/ipad-pro-13-m4-standard-glass-2024/cellular/1tb/good-condition,https://www.ocbuyback.com/sell/tablet/apple/ipad-pro-13-m4-standard-glass-2024/cellular/1tb/fair,https://www.ocbuyback.com/sell/tablet/apple/ipad-pro-13-m4-standard-glass-2024/cellular/1tb/minor-damage,https://www.ocbuyback.com/sell/tablet/apple/ipad-pro-13-m4-standard-glass-2024/cellular/1tb/damaged
Apple,iPad Pro 13 M4 Standard Glass (2024),2TB,Wi-Fi,760.0,710.0,655.0,275.0,50.0,https://www.ocbuyback.com/sell/tablet/apple/ipad-pro-13-m4-standard-glass-2024/wi-fi/2tb/like-new,https://www.ocbuyback.com/sell/tablet/apple/ipad-pro-13-m4-standard-glass-2024/wi-fi/2tb/good-condition,https://www.ocbuyback.com/sell/tablet/apple/ipad-pro-13-m4-standard-glass-2024/wi-fi/2tb/fair,https://www.ocbuyback.com/sell/tablet/apple/ipad-pro-13-m4-standard-glass-2024/wi-fi/2tb/minor-damage,https://www.ocbuyback.com/sell/tablet/apple/ipad-pro-13-m4-standard-glass-2024/wi-fi/2tb/damaged
Apple,iPad Pro 13 M4 Standard Glass (2024),2TB,Wi-Fi + Cellular,790.0,740.0,685.0,300.0,50.0,https://www.ocbuyback.com/sell/tablet/apple/ipad-pro-13-m4-standard-glass-2024/cellular/2tb/like-new,https://www.ocbuyback.com/sell/tablet/apple/ipad-pro-13-m4-standard-glass-2024/cellular/2tb/good-condition,https://www.ocbuyback.com/sell/tablet/apple/ipad-pro-13-m4-standard-glass-2024/cellular/2tb/fair,https://www.ocbuyback.com/sell/tablet/apple/ipad-pro-13-m4-standard-glass-2024/cellular/2tb/minor-damage,https://www.ocbuyback.com/sell/tablet/apple/ipad-pro-13-m4-standard-glass-2024/cellular/2tb/damaged
Apple,iPad Pro 13 M4 Nano-texture Glass (2024),1TB,Wi-Fi,685.0,635.0,580.0,265.0,50.0,https://www.ocbuyback.com/sell/tablet/apple/ipad-pro-13-m4-nano-texture-glass-2024/wi-fi/1tb/like-new,https://www.ocbuyback.com/sell/tablet/apple/ipad-pro-13-m4-nano-texture-glass-2024/wi-fi/1tb/good-condition,https://www.ocbuyback.com/sell/tablet/apple/ipad-pro-13-m4-nano-texture-glass-2024/wi-fi/1tb/fair,https://www.ocbuyback.com/sell/tablet/apple/ipad-pro-13-m4-nano-texture-glass-2024/wi-fi/1tb/minor-damage,https://www.ocbuyback.com/sell/tablet/apple/ipad-pro-13-m4-nano-texture-glass-2024/wi-fi/1tb/damaged
Apple,iPad Pro 13 M4 Nano-texture Glass (2024),1TB,Wi-Fi + Cellular,715.0,665.0,610.0,290.0,50.0,https://www.ocbuyback.com/sell/tablet/apple/ipad-pro-13-m4-nano-texture-glass-2024/cellular/1tb/like-new,https://www.ocbuyback.com/sell/tablet/apple/ipad-pro-13-m4-nano-texture-glass-2024/cellular/1tb/good-condition,https://www.ocbuyback.com/sell/tablet/apple/ipad-pro-13-m4-nano-texture-glass-2024/cellular/1tb/fair,https://www.ocbuyback.com/sell/tablet/apple/ipad-pro-13-m4-nano-texture-glass-2024/cellular/1tb/minor-damage,https://www.ocbuyback.com/sell/tablet/apple/ipad-pro-13-m4-nano-texture-glass-2024/cellular/1tb/damaged
Apple,iPad Pro 13 M4 Nano-texture Glass (2024),2TB,Wi-Fi,795.0,745.0,690.0,290.0,50.0,https://www.ocbuyback.com/sell/tablet/apple/ipad-pro-13-m4-nano-texture-glass-2024/wi-fi/2tb/like-new,https://www.ocbuyback.com/sell/tablet/apple/ipad-pro-13-m4-nano-texture-glass-2024/wi-fi/2tb/good-condition,https://www.ocbuyback.com/sell/tablet/apple/ipad-pro-13-m4-nano-texture-glass-2024/wi-fi/2tb/fair,https://www.ocbuyback.com/sell/tablet/apple/ipad-pro-13-m4-nano-texture-glass-2024/wi-fi/2tb/minor-damage,https://www.ocbuyback.com/sell/tablet/apple/ipad-pro-13-m4-nano-texture-glass-2024/wi-fi/2tb/damaged
Apple,iPad Pro 13 M4 Nano-texture Glass (2024),2TB,Wi-Fi + Cellular,825.0,775.0,720.0,315.0,50.0,https://www.ocbuyback.com/sell/tablet/apple/ipad-pro-13-m4-nano-texture-glass-2024/cellular/2tb/like-new,https://www.ocbuyback.com/sell/tablet/apple/ipad-pro-13-m4-nano-texture-glass-2024/cellular/2tb/good-condition,https://www.ocbuyback.com/sell/tablet/apple/ipad-pro-13-m4-nano-texture-glass-2024/cellular/2tb/fair,https://www.ocbuyback.com/sell/tablet/apple/ipad-pro-13-m4-nano-texture-glass-2024/cellular/2tb/minor-damage,https://www.ocbuyback.com/sell/tablet/apple/ipad-pro-13-m4-nano-texture-glass-2024/cellular/2tb/damaged
Apple,iPad Pro 11 M4 Standard Glass (2024),256GB,Wi-Fi,500.0,460.0,400.0,200.0,50.0,https://www.ocbuyback.com/sell/tablet/apple/ipad-pro-11-m4-standard-glass-2024/wi-fi/256gb/like-new,https://www.ocbuyback.com/sell/tablet/apple/ipad-pro-11-m4-standard-glass-2024/wi-fi/256gb/good-condition,https://www.ocbuyback.com/sell/tablet/apple/ipad-pro-11-m4-standard-glass-2024/wi-fi/256gb/fair,https://www.ocbuyback.com/sell/tablet/apple/ipad-pro-11-m4-standard-glass-2024/wi-fi/256gb/minor-damage,https://www.ocbuyback.com/sell/tablet/apple/ipad-pro-11-m4-standard-glass-2024/wi-fi/256gb/damaged
Apple,iPad Pro 11 M4 Standard Glass (2024),256GB,Wi-Fi + Cellular,520.0,480.0,420.0,200.0,50.0,https://www.ocbuyback.com/sell/tablet/apple/ipad-pro-11-m4-standard-glass-2024/cellular/256gb/like-new,https://www.ocbuyback.com/sell/tablet/apple/ipad-pro-11-m4-standard-glass-2024/cellular/256gb/good-condition,https://www.ocbuyback.com/sell/tablet/apple/ipad-pro-11-m4-standard-glass-2024/cellular/256gb/fair,https://www.ocbuyback.com/sell/tablet/apple/ipad-pro-11-m4-standard-glass-2024/cellular/256gb/minor-damage,https://www.ocbuyback.com/sell/tablet/apple/ipad-pro-11-m4-standard-glass-2024/cellular/256gb/damaged
Apple,iPad Pro 11 M4 Standard Glass (2024),512GB,Wi-Fi,575.0,535.0,475.0,250.0,50.0,https://www.ocbuyback.com/sell/tablet/apple/ipad-pro-11-m4-standard-glass-2024/wi-fi/512gb/like-new,https://www.ocbuyback.com/sell/tablet/apple/ipad-pro-11-m4-standard-glass-2024/wi-fi/512gb/good-condition,https://www.ocbuyback.com/sell/tablet/apple/ipad-pro-11-m4-standard-glass-2024/wi-fi/512gb/fair,https://www.ocbuyback.com/sell/tablet/apple/ipad-pro-11-m4-standard-glass-2024/wi-fi/512gb/minor-damage,https://www.ocbuyback.com/sell/tablet/apple/ipad-pro-11-m4-standard-glass-2024/wi-fi/512gb/damaged
Apple,iPad Pro 11 M4 Standard Glass (2024),512GB,Wi-Fi + Cellular,595.0,555.0,495.0,250.0,50.0,https://www.ocbuyback.com/sell/tablet/apple/ipad-pro-11-m4-standard-glass-2024/cellular/512gb/like-new,https://www.ocbuyback.com/sell/tablet/apple/ipad-pro-11-m4-standard-glass-2024/cellular/512gb/good-condition,https://www.ocbuyback.com/sell/tablet/apple/ipad-pro-11-m4-standard-glass-2024/cellular/512gb/fair,https://www.ocbuyback.com/sell/tablet/apple/ipad-pro-11-m4-standard-glass-2024/cellular/512gb/minor-damage,https://www.ocbuyback.com/sell/tablet/apple/ipad-pro-11-m4-standard-glass-2024/cellular/512gb/damaged
Apple,iPad Pro 11 M4 Standard Glass (2024),1TB,Wi-Fi,650.0,610.0,550.0,300.0,50.0,https://www.ocbuyback.com/sell/tablet/apple/ipad-pro-11-m4-standard-glass-2024/wi-fi/1tb/like-new,https://www.ocbuyback.com/sell/tablet/apple/ipad-pro-11-m4-standard-glass-2024/wi-fi/1tb/good-condition,https://www.ocbuyback.com/sell/tablet/apple/ipad-pro-11-m4-standard-glass-2024/wi-fi/1tb/fair,https://www.ocbuyback.com/sell/tablet/apple/ipad-pro-11-m4-standard-glass-2024/wi-fi/1tb/minor-damage,https://www.ocbuyback.com/sell/tablet/apple/ipad-pro-11-m4-standard-glass-2024/wi-fi/1tb/damaged
Apple,iPad Pro 11 M4 Standard Glass (2024),1TB,Wi-Fi + Cellular,670.0,630.0,570.0,300.0,50.0,https://www.ocbuyback.com/sell/tablet/apple/ipad-pro-11-m4-standard-glass-2024/cellular/1tb/like-new,https://www.ocbuyback.com/sell/tablet/apple/ipad-pro-11-m4-standard-glass-2024/cellular/1tb/good-condition,https://www.ocbuyback.com/sell/tablet/apple/ipad-pro-11-m4-standard-glass-2024/cellular/1tb/fair,https://www.ocbuyback.com/sell/tablet/apple/ipad-pro-11-m4-standard-glass-2024/cellular/1tb/minor-damage,https://www.ocbuyback.com/sell/tablet/apple/ipad-pro-11-m4-standard-glass-2024/cellular/1tb/damaged
Apple,iPad Pro 11 M4 Standard Glass (2024),2TB,Wi-Fi,725.0,685.0,625.0,350.0,50.0,https://www.ocbuyback.com/sell/tablet/apple/ipad-pro-11-m4-standard-glass-2024/wi-fi/2tb/like-new,https://www.ocbuyback.com/sell/tablet/apple/ipad-pro-11-m4-standard-glass-2024/wi-fi/2tb/good-condition,https://www.ocbuyback.com/sell/tablet/apple/ipad-pro-11-m4-standard-glass-2024/wi-fi/2tb/fair,https://www.ocbuyback.com/sell/tablet/apple/ipad-pro-11-m4-standard-glass-2024/wi-fi/2tb/minor-damage,https://www.ocbuyback.com/sell/tablet/apple/ipad-pro-11-m4-standard-glass-2024/wi-fi/2tb/damaged
Apple,iPad Pro 11 M4 Standard Glass (2024),2TB,Wi-Fi + Cellular,745.0,705.0,645.0,350.0,50.0,https://www.ocbuyback.com/sell/tablet/apple/ipad-pro-11-m4-standard-glass-2024/cellular/2tb/like-new,https://www.ocbuyback.com/sell/tablet/apple/ipad-pro-11-m4-standard-glass-2024/cellular/2tb/good-condition,https://www.ocbuyback.com/sell/tablet/apple/ipad-pro-11-m4-standard-glass-2024/cellular/2tb/fair,https://www.ocbuyback.com/sell/tablet/apple/ipad-pro-11-m4-standard-glass-2024/cellular/2tb/minor-damage,https://www.ocbuyback.com/sell/tablet/apple/ipad-pro-11-m4-standard-glass-2024/cellular/2tb/damaged
Apple,iPad Pro 11 M4 Nano-texture Glass (2024),1TB,Wi-Fi,685.0,645.0,585.0,315.0,50.0,https://www.ocbuyback.com/sell/tablet/apple/ipad-pro-11-m4-nano-texture-glass-2024/wi-fi/1tb/like-new,https://www.ocbuyback.com/sell/tablet/apple/ipad-pro-11-m4-nano-texture-glass-2024/wi-fi/1tb/good-condition,https://www.ocbuyback.com/sell/tablet/apple/ipad-pro-11-m4-nano-texture-glass-2024/wi-fi/1tb/fair,https://www.ocbuyback.com/sell/tablet/apple/ipad-pro-11-m4-nano-texture-glass-2024/wi-fi/1tb/minor-damage,https://www.ocbuyback.com/sell/tablet/apple/ipad-pro-11-m4-nano-texture-glass-2024/wi-fi/1tb/damaged
Apple,iPad Pro 11 M4 Nano-texture Glass (2024),1TB,Wi-Fi + Cellular,705.0,665.0,605.0,315.0,50.0,https://www.ocbuyback.com/sell/tablet/apple/ipad-pro-11-m4-nano-texture-glass-2024/cellular/1tb/like-new,https://www.ocbuyback.com/sell/tablet/apple/ipad-pro-11-m4-nano-texture-glass-2024/cellular/1tb/good-condition,https://www.ocbuyback.com/sell/tablet/apple/ipad-pro-11-m4-nano-texture-glass-2024/cellular/1tb/fair,https://www.ocbuyback.com/sell/tablet/apple/ipad-pro-11-m4-nano-texture-glass-2024/cellular/1tb/minor-damage,https://www.ocbuyback.com/sell/tablet/apple/ipad-pro-11-m4-nano-texture-glass-2024/cellular/1tb/damaged
Apple,iPad Pro 11 M4 Nano-texture Glass (2024),2TB,Wi-Fi,760.0,720.0,660.0,365.0,50.0,https://www.ocbuyback.com/sell/tablet/apple/ipad-pro-11-m4-nano-texture-glass-2024/wi-fi/2tb/like-new,https://www.ocbuyback.com/sell/tablet/apple/ipad-pro-11-m4-nano-texture-glass-2024/wi-fi/2tb/good-condition,https://www.ocbuyback.com/sell/tablet/apple/ipad-pro-11-m4-nano-texture-glass-2024/wi-fi/2tb/fair,https://www.ocbuyback.com/sell/tablet/apple/ipad-pro-11-m4-nano-texture-glass-2024/wi-fi/2tb/minor-damage,https://www.ocbuyback.com/sell/tablet/apple/ipad-pro-11-m4-nano-texture-glass-2024/wi-fi/2tb/damaged
Apple,iPad Pro 11 M4 Nano-texture Glass (2024),2TB,Wi-Fi + Cellular,780.0,740.0,680.0,365.0,50.0,https://www.ocbuyback.com/sell/tablet/apple/ipad-pro-11-m4-nano-texture-glass-2024/cellular/2tb/like-new,https://www.ocbuyback.com/sell/tablet/apple/ipad-pro-11-m4-nano-texture-glass-2024/cellular/2tb/good-condition,https://www.ocbuyback.com/sell/tablet/apple/ipad-pro-11-m4-nano-texture-glass-2024/cellular/2tb/fair,https://www.ocbuyback.com/sell/tablet/apple/ipad-pro-11-m4-nano-texture-glass-2024/cellular/2tb/minor-damage,https://www.ocbuyback.com/sell/tablet/apple/ipad-pro-11-m4-nano-texture-glass-2024/cellular/2tb/damaged
Apple,iPad Air 11 M2 (2024),128GB,Wi-Fi,290.0,255.0,185.0,80.0,20.0,https://www.ocbuyback.com/sell/tablet/apple/ipad-air-11-m2-2024/wi-fi/128gb/like-new,https://www.ocbuyback.com/sell/tablet/apple/ipad-air-11-m2-2024/wi-fi/128gb/good-condition,https://www.ocbuyback.com/sell/tablet/apple/ipad-air-11-m2-2024/wi-fi/128gb/fair,https://www.ocbuyback.com/sell/tablet/apple/ipad-air-11-m2-2024/wi-fi/128gb/minor-damage,https://www.ocbuyback.com/sell/tablet/apple/ipad-air-11-m2-2024/wi-fi/128gb/damaged
Apple,iPad Air 11 M2 (2024),128GB,Wi-Fi + Cellular,310.0,275.0,205.0,90.0,20.0,https://www.ocbuyback.com/sell/tablet/apple/ipad-air-11-m2-2024/cellular/128gb/like-new,https://www.ocbuyback.com/sell/tablet/apple/ipad-air-11-m2-2024/cellular/128gb/good-condition,https://www.ocbuyback.com/sell/tablet/apple/ipad-air-11-m2-2024/cellular/128gb/fair,https://www.ocbuyback.com/sell/tablet/apple/ipad-air-11-m2-2024/cellular/128gb/minor-damage,https://www.ocbuyback.com/sell/tablet/apple/ipad-air-11-m2-2024/cellular/128gb/damaged
Apple,iPad Air 11 M2 (2024),256GB,Wi-Fi,320.0,285.0,215.0,90.0,20.0,https://www.ocbuyback.com/sell/tablet/apple/ipad-air-11-m2-2024/wi-fi/256gb/like-new,https://www.ocbuyback.com/sell/tablet/apple/ipad-air-11-m2-2024/wi-fi/256gb/good-condition,https://www.ocbuyback.com/sell/tablet/apple/ipad-air-11-m2-2024/wi-fi/256gb/fair,https://www.ocbuyback.com/sell/tablet/apple/ipad-air-11-m2-2024/wi-fi/256gb/minor-damage,https://www.ocbuyback.com/sell/tablet/apple/ipad-air-11-m2-2024/wi-fi/256gb/damaged
Apple,iPad Air 11 M2 (2024),256GB,Wi-Fi + Cellular,340.0,305.0,235.0,100.0,20.0,https://www.ocbuyback.com/sell/tablet/apple/ipad-air-11-m2-2024/cellular/256gb/like-new,https://www.ocbuyback.com/sell/tablet/apple/ipad-air-11-m2-2024/cellular/256gb/good-condition,https://www.ocbuyback.com/sell/tablet/apple/ipad-air-11-m2-2024/cellular/256gb/fair,https://www.ocbuyback.com/sell/tablet/apple/ipad-air-11-m2-2024/cellular/256gb/minor-damage,https://www.ocbuyback.com/sell/tablet/apple/ipad-air-11-m2-2024/cellular/256gb/damaged
Apple,iPad Air 11 M2 (2024),512GB,Wi-Fi,380.0,345.0,275.0,105.0,20.0,https://www.ocbuyback.com/sell/tablet/apple/ipad-air-11-m2-2024/wi-fi/512gb/like-new,https://www.ocbuyback.com/sell/tablet/apple/ipad-air-11-m2-2024/wi-fi/512gb/good-condition,https://www.ocbuyback.com/sell/tablet/apple/ipad-air-11-m2-2024/wi-fi/512gb/fair,https://www.ocbuyback.com/sell/tablet/apple/ipad-air-11-m2-2024/wi-fi/512gb/minor-damage,https://www.ocbuyback.com/sell/tablet/apple/ipad-air-11-m2-2024/wi-fi/512gb/damaged
Apple,iPad Air 11 M2 (2024),512GB,Wi-Fi + Cellular,400.0,365.0,295.0,115.0,20.0,https://www.ocbuyback.com/sell/tablet/apple/ipad-air-11-m2-2024/cellular/512gb/like-new,https://www.ocbuyback.com/sell/tablet/apple/ipad-air-11-m2-2024/cellular/512gb/good-condition,https://www.ocbuyback.com/sell/tablet/apple/ipad-air-11-m2-2024/cellular/512gb/fair,https://www.ocbuyback.com/sell/tablet/apple/ipad-air-11-m2-2024/cellular/512gb/minor-damage,https://www.ocbuyback.com/sell/tablet/apple/ipad-air-11-m2-2024/cellular/512gb/damaged
Apple,iPad Air 11 M2 (2024),1TB,Wi-Fi,440.0,405.0,335.0,120.0,20.0,https://www.ocbuyback.com/sell/tablet/apple/ipad-air-11-m2-2024/wi-fi/1tb/like-new,https://www.ocbuyback.com/sell/tablet/apple/ipad-air-11-m2-2024/wi-fi/1tb/good-condition,https://www.ocbuyback.com/sell/tablet/apple/ipad-air-11-m2-2024/wi-fi/1tb/fair,https://www.ocbuyback.com/sell/tablet/apple/ipad-air-11-m2-2024/wi-fi/1tb/minor-damage,https://www.ocbuyback.com/sell/tablet/apple/ipad-air-11-m2-2024/wi-fi/1tb/damaged
Apple,iPad Air 11 M2 (2024),1TB,Wi-Fi + Cellular,460.0,425.0,355.0,130.0,20.0,https://www.ocbuyback.com/sell/tablet/apple/ipad-air-11-m2-2024/cellular/1tb/like-new,https://www.ocbuyback.com/sell/tablet/apple/ipad-air-11-m2-2024/cellular/1tb/good-condition,https://www.ocbuyback.com/sell/tablet/apple/ipad-air-11-m2-2024/cellular/1tb/fair,https://www.ocbuyback.com/sell/tablet/apple/ipad-air-11-m2-2024/cellular/1tb/minor-damage,https://www.ocbuyback.com/sell/tablet/apple/ipad-air-11-m2-2024/cellular/1tb/damaged
Apple,iPad Air 13 M2 (2024),128GB,Wi-Fi,355.0,305.0,255.0,105.0,20.0,https://www.ocbuyback.com/sell/tablet/apple/ipad-air-13-m2-2024/wi-fi/128gb/like-new,https://www.ocbuyback.com/sell/tablet/apple/ipad-air-13-m2-2024/wi-fi/128gb/good-condition,https://www.ocbuyback.com/sell/tablet/apple/ipad-air-13-m2-2024/wi-fi/128gb/fair,https://www.ocbuyback.com/sell/tablet/apple/ipad-air-13-m2-2024/wi-fi/128gb/minor-damage,https://www.ocbuyback.com/sell/tablet/apple/ipad-air-13-m2-2024/wi-fi/128gb/damaged
Apple,iPad Air 13 M2 (2024),128GB,Wi-Fi + Cellular,380.0,330.0,280.0,130.0,20.0,https://www.ocbuyback.com/sell/tablet/apple/ipad-air-13-m2-2024/cellular/128gb/like-new,https://www.ocbuyback.com/sell/tablet/apple/ipad-air-13-m2-2024/cellular/128gb/good-condition,https://www.ocbuyback.com/sell/tablet/apple/ipad-air-13-m2-2024/cellular/128gb/fair,https://www.ocbuyback.com/sell/tablet/apple/ipad-air-13-m2-2024/cellular/128gb/minor-damage,https://www.ocbuyback.com/sell/tablet/apple/ipad-air-13-m2-2024/cellular/128gb/damaged
Apple,iPad Air 13 M2 (2024),256GB,Wi-Fi,405.0,355.0,305.0,130.0,20.0,https://www.ocbuyback.com/sell/tablet/apple/ipad-air-13-m2-2024/wi-fi/256gb/like-new,https://www.ocbuyback.com/sell/tablet/apple/ipad-air-13-m2-2024/wi-fi/256gb/good-condition,https://www.ocbuyback.com/sell/tablet/apple/ipad-air-13-m2-2024/wi-fi/256gb/fair,https://www.ocbuyback.com/sell/tablet/apple/ipad-air-13-m2-2024/wi-fi/256gb/minor-damage,https://www.ocbuyback.com/sell/tablet/apple/ipad-air-13-m2-2024/wi-fi/256gb/damaged
Apple,iPad Air 13 M2 (2024),256GB,Wi-Fi + Cellular,430.0,380.0,330.0,155.0,20.0,https://www.ocbuyback.com/sell/tablet/apple/ipad-air-13-m2-2024/cellular/256gb/like-new,https://www.ocbuyback.com/sell/tablet/apple/ipad-air-13-m2-2024/cellular/256gb/good-condition,https://www.ocbuyback.com/sell/tablet/apple/ipad-air-13-m2-2024/cellular/256gb/fair,https://www.ocbuyback.com/sell/tablet/apple/ipad-air-13-m2-2024/cellular/256gb/minor-damage,https://www.ocbuyback.com/sell/tablet/apple/ipad-air-13-m2-2024/cellular/256gb/damaged
Apple,iPad Air 13 M2 (2024),512GB,Wi-Fi,455.0,405.0,350.0,140.0,20.0,https://www.ocbuyback.com/sell/tablet/apple/ipad-air-13-m2-2024/wi-fi/512gb/like-new,https://www.ocbuyback.com/sell/tablet/apple/ipad-air-13-m2-2024/wi-fi/512gb/good-condition,https://www.ocbuyback.com/sell/tablet/apple/ipad-air-13-m2-2024/wi-fi/512gb/fair,https://www.ocbuyback.com/sell/tablet/apple/ipad-air-13-m2-2024/wi-fi/512gb/minor-damage,https://www.ocbuyback.com/sell/tablet/apple/ipad-air-13-m2-2024/wi-fi/512gb/damaged
Apple,iPad Air 13 M2 (2024),512GB,Wi-Fi + Cellular,480.0,430.0,380.0,165.0,20.0,https://www.ocbuyback.com/sell/tablet/apple/ipad-air-13-m2-2024/cellular/512gb/like-new,https://www.ocbuyback.com/sell/tablet/apple/ipad-air-13-m2-2024/cellular/512gb/good-condition,https://www.ocbuyback.com/sell/tablet/apple/ipad-air-13-m2-2024/cellular/512gb/fair,https://www.ocbuyback.com/sell/tablet/apple/ipad-air-13-m2-2024/cellular/512gb/minor-damage,https://www.ocbuyback.com/sell/tablet/apple/ipad-air-13-m2-2024/cellular/512gb/damaged
Apple,iPad Air 13 M2 (2024),1TB,Wi-Fi,505.0,455.0,405.0,150.0,20.0,https://www.ocbuyback.com/sell/tablet/apple/ipad-air-13-m2-2024/wi-fi/1tb/like-new,https://www.ocbuyback.com/sell/tablet/apple/ipad-air-13-m2-2024/wi-fi/1tb/good-condition,https://www.ocbuyback.com/sell/tablet/apple/ipad-air-13-m2-2024/wi-fi/1tb/fair,https://www.ocbuyback.com/sell/tablet/apple/ipad-air-13-m2-2024/wi-fi/1tb/minor-damage,https://www.ocbuyback.com/sell/tablet/apple/ipad-air-13-m2-2024/wi-fi/1tb/damaged
Apple,iPad Air 13 M2 (2024),1TB,Wi-Fi + Cellular,530.0,480.0,430.0,175.0,20.0,https://www.ocbuyback.com/sell/tablet/apple/ipad-air-13-m2-2024/cellular/1tb/like-new,https://www.ocbuyback.com/sell/tablet/apple/ipad-air-13-m2-2024/cellular/1tb/good-condition,https://www.ocbuyback.com/sell/tablet/apple/ipad-air-13-m2-2024/cellular/1tb/fair,https://www.ocbuyback.com/sell/tablet/apple/ipad-air-13-m2-2024/cellular/1tb/minor-damage,https://www.ocbuyback.com/sell/tablet/apple/ipad-air-13-m2-2024/cellular/1tb/damaged
Apple,iPad Air 11 M3 (2025),128GB,Wi-Fi,300.0,250.0,185.0,125.0,10.0,https://www.ocbuyback.com/sell/tablet/apple/ipad-air-11-m3-2025/wi-fi/128gb/like-new,https://www.ocbuyback.com/sell/tablet/apple/ipad-air-11-m3-2025/wi-fi/128gb/good-condition,https://www.ocbuyback.com/sell/tablet/apple/ipad-air-11-m3-2025/wi-fi/128gb/fair,https://www.ocbuyback.com/sell/tablet/apple/ipad-air-11-m3-2025/wi-fi/128gb/minor-damage,https://www.ocbuyback.com/sell/tablet/apple/ipad-air-11-m3-2025/wi-fi/128gb/damaged
Apple,iPad Air 11 M3 (2025),128GB,Wi-Fi + Cellular,310.0,260.0,195.0,150.0,10.0,https://www.ocbuyback.com/sell/tablet/apple/ipad-air-11-m3-2025/cellular/128gb/like-new,https://www.ocbuyback.com/sell/tablet/apple/ipad-air-11-m3-2025/cellular/128gb/good-condition,https://www.ocbuyback.com/sell/tablet/apple/ipad-air-11-m3-2025/cellular/128gb/fair,https://www.ocbuyback.com/sell/tablet/apple/ipad-air-11-m3-2025/cellular/128gb/minor-damage,https://www.ocbuyback.com/sell/tablet/apple/ipad-air-11-m3-2025/cellular/128gb/damaged
Apple,iPad Air 11 M3 (2025),256GB,Wi-Fi,310.0,260.0,195.0,150.0,10.0,https://www.ocbuyback.com/sell/tablet/apple/ipad-air-11-m3-2025/wi-fi/256gb/like-new,https://www.ocbuyback.com/sell/tablet/apple/ipad-air-11-m3-2025/wi-fi/256gb/good-condition,https://www.ocbuyback.com/sell/tablet/apple/ipad-air-11-m3-2025/wi-fi/256gb/fair,https://www.ocbuyback.com/sell/tablet/apple/ipad-air-11-m3-2025/wi-fi/256gb/minor-damage,https://www.ocbuyback.com/sell/tablet/apple/ipad-air-11-m3-2025/wi-fi/256gb/damaged
Apple,iPad Air 11 M3 (2025),256GB,Wi-Fi + Cellular,320.0,270.0,205.0,175.0,10.0,https://www.ocbuyback.com/sell/tablet/apple/ipad-air-11-m3-2025/cellular/256gb/like-new,https://www.ocbuyback.com/sell/tablet/apple/ipad-air-11-m3-2025/cellular/256gb/good-condition,https://www.ocbuyback.com/sell/tablet/apple/ipad-air-11-m3-2025/cellular/256gb/fair,https://www.ocbuyback.com/sell/tablet/apple/ipad-air-11-m3-2025/cellular/256gb/minor-damage,https://www.ocbuyback.com/sell/tablet/apple/ipad-air-11-m3-2025/cellular/256gb/damaged
Apple,iPad Air 11 M3 (2025),512GB,Wi-Fi,360.0,310.0,245.0,175.0,10.0,https://www.ocbuyback.com/sell/tablet/apple/ipad-air-11-m3-2025/wi-fi/512gb/like-new,https://www.ocbuyback.com/sell/tablet/apple/ipad-air-11-m3-2025/wi-fi/512gb/good-condition,https://www.ocbuyback.com/sell/tablet/apple/ipad-air-11-m3-2025/wi-fi/512gb/fair,https://www.ocbuyback.com/sell/tablet/apple/ipad-air-11-m3-2025/wi-fi/512gb/minor-damage,https://www.ocbuyback.com/sell/tablet/apple/ipad-air-11-m3-2025/wi-fi/512gb/damaged
Apple,iPad Air 11 M3 (2025),512GB,Wi-Fi + Cellular,370.0,320.0,255.0,200.0,10.0,https://www.ocbuyback.com/sell/tablet/apple/ipad-air-11-m3-2025/cellular/512gb/like-new,https://www.ocbuyback.com/sell/tablet/apple/ipad-air-11-m3-2025/cellular/512gb/good-condition,https://www.ocbuyback.com/sell/tablet/apple/ipad-air-11-m3-2025/cellular/512gb/fair,https://www.ocbuyback.com/sell/tablet/apple/ipad-air-11-m3-2025/cellular/512gb/minor-damage,https://www.ocbuyback.com/sell/tablet/apple/ipad-air-11-m3-2025/cellular/512gb/damaged
Apple,iPad Air 11 M3 (2025),1TB,Wi-Fi,430.0,380.0,315.0,200.0,10.0,https://www.ocbuyback.com/sell/tablet/apple/ipad-air-11-m3-2025/wi-fi/1tb/like-new,https://www.ocbuyback.com/sell/tablet/apple/ipad-air-11-m3-2025/wi-fi/1tb/good-condition,https://www.ocbuyback.com/sell/tablet/apple/ipad-air-11-m3-2025/wi-fi/1tb/fair,https://www.ocbuyback.com/sell/tablet/apple/ipad-air-11-m3-2025/wi-fi/1tb/minor-damage,https://www.ocbuyback.com/sell/tablet/apple/ipad-air-11-m3-2025/wi-fi/1tb/damaged
Apple,iPad Air 11 M3 (2025),1TB,Wi-Fi + Cellular,440.0,390.0,325.0,225.0,10.0,https://www.ocbuyback.com/sell/tablet/apple/ipad-air-11-m3-2025/cellular/1tb/like-new,https://www.ocbuyback.com/sell/tablet/apple/ipad-air-11-m3-2025/cellular/1tb/good-condition,https://www.ocbuyback.com/sell/tablet/apple/ipad-air-11-m3-2025/cellular/1tb/fair,https://www.ocbuyback.com/sell/tablet/apple/ipad-air-11-m3-2025/cellular/1tb/minor-damage,https://www.ocbuyback.com/sell/tablet/apple/ipad-air-11-m3-2025/cellular/1tb/damaged
Apple,iPad Air 13 M3 (2025),128GB,Wi-Fi,400.0,340.0,280.0,150.0,10.0,https://www.ocbuyback.com/sell/tablet/apple/ipad-air-13-m3-2025/wi-fi/128gb/like-new,https://www.ocbuyback.com/sell/tablet/apple/ipad-air-13-m3-2025/wi-fi/128gb/good-condition,https://www.ocbuyback.com/sell/tablet/apple/ipad-air-13-m3-2025/wi-fi/128gb/fair,https://www.ocbuyback.com/sell/tablet/apple/ipad-air-13-m3-2025/wi-fi/128gb/minor-damage,https://www.ocbuyback.com/sell/tablet/apple/ipad-air-13-m3-2025/wi-fi/128gb/damaged
Apple,iPad Air 13 M3 (2025),128GB,Wi-Fi + Cellular,430.0,370.0,310.0,165.0,10.0,https://www.ocbuyback.com/sell/tablet/apple/ipad-air-13-m3-2025/cellular/128gb/like-new,https://www.ocbuyback.com/sell/tablet/apple/ipad-air-13-m3-2025/cellular/128gb/good-condition,https://www.ocbuyback.com/sell/tablet/apple/ipad-air-13-m3-2025/cellular/128gb/fair,https://www.ocbuyback.com/sell/tablet/apple/ipad-air-13-m3-2025/cellular/128gb/minor-damage,https://www.ocbuyback.com/sell/tablet/apple/ipad-air-13-m3-2025/cellular/128gb/damaged
Apple,iPad Air 13 M3 (2025),256GB,Wi-Fi,430.0,370.0,310.0,160.0,10.0,https://www.ocbuyback.com/sell/tablet/apple/ipad-air-13-m3-2025/wi-fi/256gb/like-new,https://www.ocbuyback.com/sell/tablet/apple/ipad-air-13-m3-2025/wi-fi/256gb/good-condition,https://www.ocbuyback.com/sell/tablet/apple/ipad-air-13-m3-2025/wi-fi/256gb/fair,https://www.ocbuyback.com/sell/tablet/apple/ipad-air-13-m3-2025/wi-fi/256gb/minor-damage,https://www.ocbuyback.com/sell/tablet/apple/ipad-air-13-m3-2025/wi-fi/256gb/damaged
Apple,iPad Air 13 M3 (2025),256GB,Wi-Fi + Cellular,460.0,400.0,340.0,175.0,10.0,https://www.ocbuyback.com/sell/tablet/apple/ipad-air-13-m3-2025/cellular/256gb/like-new,https://www.ocbuyback.com/sell/tablet/apple/ipad-air-13-m3-2025/cellular/256gb/good-condition,https://www.ocbuyback.com/sell/tablet/apple/ipad-air-13-m3-2025/cellular/256gb/fair,https://www.ocbuyback.com/sell/tablet/apple/ipad-air-13-m3-2025/cellular/256gb/minor-damage,https://www.ocbuyback.com/sell/tablet/apple/ipad-air-13-m3-2025/cellular/256gb/damaged
Apple,iPad Air 13 M3 (2025),512GB,Wi-Fi,465.0,405.0,345.0,165.0,10.0,https://www.ocbuyback.com/sell/tablet/apple/ipad-air-13-m3-2025/wi-fi/512gb/like-new,https://www.ocbuyback.com/sell/tablet/apple/ipad-air-13-m3-2025/wi-fi/512gb/good-condition,https://www.ocbuyback.com/sell/tablet/apple/ipad-air-13-m3-2025/wi-fi/512gb/fair,https://www.ocbuyback.com/sell/tablet/apple/ipad-air-13-m3-2025/wi-fi/512gb/minor-damage,https://www.ocbuyback.com/sell/tablet/apple/ipad-air-13-m3-2025/wi-fi/512gb/damaged
Apple,iPad Air 13 M3 (2025),512GB,Wi-Fi + Cellular,495.0,435.0,375.0,180.0,10.0,https://www.ocbuyback.com/sell/tablet/apple/ipad-air-13-m3-2025/cellular/512gb/like-new,https://www.ocbuyback.com/sell/tablet/apple/ipad-air-13-m3-2025/cellular/512gb/good-condition,https://www.ocbuyback.com/sell/tablet/apple/ipad-air-13-m3-2025/cellular/512gb/fair,https://www.ocbuyback.com/sell/tablet/apple/ipad-air-13-m3-2025/cellular/512gb/minor-damage,https://www.ocbuyback.com/sell/tablet/apple/ipad-air-13-m3-2025/cellular/512gb/damaged
Apple,iPad Air 13 M3 (2025),1TB,Wi-Fi,525.0,465.0,405.0,175.0,10.0,https://www.ocbuyback.com/sell/tablet/apple/ipad-air-13-m3-2025/wi-fi/1tb/like-new,https://www.ocbuyback.com/sell/tablet/apple/ipad-air-13-m3-2025/wi-fi/1tb/good-condition,https://www.ocbuyback.com/sell/tablet/apple/ipad-air-13-m3-2025/wi-fi/1tb/fair,https://www.ocbuyback.com/sell/tablet/apple/ipad-air-13-m3-2025/wi-fi/1tb/minor-damage,https://www.ocbuyback.com/sell/tablet/apple/ipad-air-13-m3-2025/wi-fi/1tb/damaged
Apple,iPad Air 13 M3 (2025),1TB,Wi-Fi + Cellular,555.0,495.0,435.0,190.0,10.0,https://www.ocbuyback.com/sell/tablet/apple/ipad-air-13-m3-2025/cellular/1tb/like-new,https://www.ocbuyback.com/sell/tablet/apple/ipad-air-13-m3-2025/cellular/1tb/good-condition,https://www.ocbuyback.com/sell/tablet/apple/ipad-air-13-m3-2025/cellular/1tb/fair,https://www.ocbuyback.com/sell/tablet/apple/ipad-air-13-m3-2025/cellular/1tb/minor-damage,https://www.ocbuyback.com/sell/tablet/apple/ipad-air-13-m3-2025/cellular/1tb/damaged
Apple,iPad 11 A16 11th Gen (2025),128GB,Wi-Fi,150.0,120.0,90.0,35.0,10.0,https://www.ocbuyback.com/sell/tablet/apple/ipad-11-a16-11th-gen-2025/wi-fi/128gb/like-new,https://www.ocbuyback.com/sell/tablet/apple/ipad-11-a16-11th-gen-2025/wi-fi/128gb/good-condition,https://www.ocbuyback.com/sell/tablet/apple/ipad-11-a16-11th-gen-2025/wi-fi/128gb/fair,https://www.ocbuyback.com/sell/tablet/apple/ipad-11-a16-11th-gen-2025/wi-fi/128gb/minor-damage,https://www.ocbuyback.com/sell/tablet/apple/ipad-11-a16-11th-gen-2025/wi-fi/128gb/damaged
Apple,iPad 11 A16 11th Gen (2025),128GB,Wi-Fi + Cellular,180.0,150.0,120.0,45.0,10.0,https://www.ocbuyback.com/sell/tablet/apple/ipad-11-a16-11th-gen-2025/cellular/128gb/like-new,https://www.ocbuyback.com/sell/tablet/apple/ipad-11-a16-11th-gen-2025/cellular/128gb/good-condition,https://www.ocbuyback.com/sell/tablet/apple/ipad-11-a16-11th-gen-2025/cellular/128gb/fair,https://www.ocbuyback.com/sell/tablet/apple/ipad-11-a16-11th-gen-2025/cellular/128gb/minor-damage,https://www.ocbuyback.com/sell/tablet/apple/ipad-11-a16-11th-gen-2025/cellular/128gb/damaged
Apple,iPad 11 A16 11th Gen (2025),256GB,Wi-Fi,190.0,160.0,130.0,50.0,10.0,https://www.ocbuyback.com/sell/tablet/apple/ipad-11-a16-11th-gen-2025/wi-fi/256gb/like-new,https://www.ocbuyback.com/sell/tablet/apple/ipad-11-a16-11th-gen-2025/wi-fi/256gb/good-condition,https://www.ocbuyback.com/sell/tablet/apple/ipad-11-a16-11th-gen-2025/wi-fi/256gb/fair,https://www.ocbuyback.com/sell/tablet/apple/ipad-11-a16-11th-gen-2025/wi-fi/256gb/minor-damage,https://www.ocbuyback.com/sell/tablet/apple/ipad-11-a16-11th-gen-2025/wi-fi/256gb/damaged
Apple,iPad 11 A16 11th Gen (2025),256GB,Wi-Fi + Cellular,220.0,190.0,160.0,60.0,10.0,https://www.ocbuyback.com/sell/tablet/apple/ipad-11-a16-11th-gen-2025/cellular/256gb/like-new,https://www.ocbuyback.com/sell/tablet/apple/ipad-11-a16-11th-gen-2025/cellular/256gb/good-condition,https://www.ocbuyback.com/sell/tablet/apple/ipad-11-a16-11th-gen-2025/cellular/256gb/fair,https://www.ocbuyback.com/sell/tablet/apple/ipad-11-a16-11th-gen-2025/cellular/256gb/minor-damage,https://www.ocbuyback.com/sell/tablet/apple/ipad-11-a16-11th-gen-2025/cellular/256gb/damaged
Apple,iPad 11 A16 11th Gen (2025),512GB,Wi-Fi,250.0,220.0,190.0,65.0,10.0,https://www.ocbuyback.com/sell/tablet/apple/ipad-11-a16-11th-gen-2025/wi-fi/512gb/like-new,https://www.ocbuyback.com/sell/tablet/apple/ipad-11-a16-11th-gen-2025/wi-fi/512gb/good-condition,https://www.ocbuyback.com/sell/tablet/apple/ipad-11-a16-11th-gen-2025/wi-fi/512gb/fair,https://www.ocbuyback.com/sell/tablet/apple/ipad-11-a16-11th-gen-2025/wi-fi/512gb/minor-damage,https://www.ocbuyback.com/sell/tablet/apple/ipad-11-a16-11th-gen-2025/wi-fi/512gb/damaged
Apple,iPad 11 A16 11th Gen (2025),512GB,Wi-Fi + Cellular,280.0,250.0,220.0,75.0,10.0,https://www.ocbuyback.com/sell/tablet/apple/ipad-11-a16-11th-gen-2025/cellular/512gb/like-new,https://www.ocbuyback.com/sell/tablet/apple/ipad-11-a16-11th-gen-2025/cellular/512gb/good-condition,https://www.ocbuyback.com/sell/tablet/apple/ipad-11-a16-11th-gen-2025/cellular/512gb/fair,https://www.ocbuyback.com/sell/tablet/apple/ipad-11-a16-11th-gen-2025/cellular/512gb/minor-damage,https://www.ocbuyback.com/sell/tablet/apple/ipad-11-a16-11th-gen-2025/cellular/512gb/damaged
Apple,iPhone 11,64GB,AT&T,65.0,55.0,30.0,20.0,5.0,https://www.ocbuyback.com/sell/cell-phone/apple/iphone-11/at-t/64gb/like-new,https://www.ocbuyback.com/sell/cell-phone/apple/iphone-11/at-t/64gb/good-condition,https://www.ocbuyback.com/sell/cell-phone/apple/iphone-11/at-t/64gb/fair,https://www.ocbuyback.com/sell/cell-phone/apple/iphone-11/at-t/64gb/minor-damage,https://www.ocbuyback.com/sell/cell-phone/apple/iphone-11/at-t/64gb/damaged
Apple,iPhone 11,64GB,T-Mobile,65.0,55.0,30.0,10.0,5.0,https://www.ocbuyback.com/sell/cell-phone/apple/iphone-11/t-mobile/64gb/like-new,https://www.ocbuyback.com/sell/cell-phone/apple/iphone-11/t-mobile/64gb/good-condition,https://www.ocbuyback.com/sell/cell-phone/apple/iphone-11/t-mobile/64gb/fair,https://www.ocbuyback.com/sell/cell-phone/apple/iphone-11/t-mobile/64gb/minor-damage,https://www.ocbuyback.com/sell/cell-phone/apple/iphone-11/t-mobile/64gb/damaged
Apple,iPhone 11,64GB,Verizon,80.0,70.0,45.0,25.0,5.0,https://www.ocbuyback.com/sell/cell-phone/apple/iphone-11/verizon/64gb/like-new,https://www.ocbuyback.com/sell/cell-phone/apple/iphone-11/verizon/64gb/good-condition,https://www.ocbuyback.com/sell/cell-phone/apple/iphone-11/verizon/64gb/fair,https://www.ocbuyback.com/sell/cell-phone/apple/iphone-11/verizon/64gb/minor-damage,https://www.ocbuyback.com/sell/cell-phone/apple/iphone-11/verizon/64gb/damaged
Apple,iPhone 11,64GB,Unlocked,80.0,70.0,45.0,25.0,5.0,https://www.ocbuyback.com/sell/cell-phone/apple/iphone-11/unlocked/64gb/like-new,https://www.ocbuyback.com/sell/cell-phone/apple/iphone-11/unlocked/64gb/good-condition,https://www.ocbuyback.com/sell/cell-phone/apple/iphone-11/unlocked/64gb/fair,https://www.ocbuyback.com/sell/cell-phone/apple/iphone-11/unlocked/64gb/minor-damage,https://www.ocbuyback.com/sell/cell-phone/apple/iphone-11/unlocked/64gb/damaged
Apple,iPhone 11,128GB,AT&T,75.0,65.0,40.0,21.0,5.0,https://www.ocbuyback.com/sell/cell-phone/apple/iphone-11/at-t/128gb/like-new,https://www.ocbuyback.com/sell/cell-phone/apple/iphone-11/at-t/128gb/good-condition,https://www.ocbuyback.com/sell/cell-phone/apple/iphone-11/at-t/128gb/fair,https://www.ocbuyback.com/sell/cell-phone/apple/iphone-11/at-t/128gb/minor-damage,https://www.ocbuyback.com/sell/cell-phone/apple/iphone-11/at-t/128gb/damaged
Apple,iPhone 11,128GB,T-Mobile,75.0,65.0,40.0,10.0,5.0,https://www.ocbuyback.com/sell/cell-phone/apple/iphone-11/t-mobile/128gb/like-new,https://www.ocbuyback.com/sell/cell-phone/apple/iphone-11/t-mobile/128gb/good-condition,https://www.ocbuyback.com/sell/cell-phone/apple/iphone-11/t-mobile/128gb/fair,https://www.ocbuyback.com/sell/cell-phone/apple/iphone-11/t-mobile/128gb/minor-damage,https://www.ocbuyback.com/sell/cell-phone/apple/iphone-11/t-mobile/128gb/damaged
Apple,iPhone 11,128GB,Verizon,90.0,80.0,55.0,26.0,5.0,https://www.ocbuyback.com/sell/cell-phone/apple/iphone-11/verizon/128gb/like-new,https://www.ocbuyback.com/sell/cell-phone/apple/iphone-11/verizon/128gb/good-condition,https://www.ocbuyback.com/sell/cell-phone/apple/iphone-11/verizon/128gb/fair,https://www.ocbuyback.com/sell/cell-phone/apple/iphone-11/verizon/128gb/minor-damage,https://www.ocbuyback.com/sell/cell-phone/apple/iphone-11/verizon/128gb/damaged
Apple,iPhone 11,128GB,Unlocked,90.0,80.0,55.0,26.0,5.0,https://www.ocbuyback.com/sell/cell-phone/apple/iphone-11/unlocked/128gb/like-new,https://www.ocbuyback.com/sell/cell-phone/apple/iphone-11/unlocked/128gb/good-condition,https://www.ocbuyback.com/sell/cell-phone/apple/iphone-11/unlocked/128gb/fair,https://www.ocbuyback.com/sell/cell-phone/apple/iphone-11/unlocked/128gb/minor-damage,https://www.ocbuyback.com/sell/cell-phone/apple/iphone-11/unlocked/128gb/damaged
Apple,iPhone 11,256GB,AT&T,85.0,75.0,50.0,22.0,5.0,https://www.ocbuyback.com/sell/cell-phone/apple/iphone-11/at-t/256gb/like-new,https://www.ocbuyback.com/sell/cell-phone/apple/iphone-11/at-t/256gb/good-condition,https://www.ocbuyback.com/sell/cell-phone/apple/iphone-11/at-t/256gb/fair,https://www.ocbuyback.com/sell/cell-phone/apple/iphone-11/at-t/256gb/minor-damage,https://www.ocbuyback.com/sell/cell-phone/apple/iphone-11/at-t/256gb/damaged
Apple,iPhone 11,256GB,T-Mobile,85.0,75.0,50.0,10.0,5.0,https://www.ocbuyback.com/sell/cell-phone/apple/iphone-11/t-mobile/256gb/like-new,https://www.ocbuyback.com/sell/cell-phone/apple/iphone-11/t-mobile/256gb/good-condition,https://www.ocbuyback.com/sell/cell-phone/apple/iphone-11/t-mobile/256gb/fair,https://www.ocbuyback.com/sell/cell-phone/apple/iphone-11/t-mobile/256gb/minor-damage,https://www.ocbuyback.com/sell/cell-phone/apple/iphone-11/t-mobile/256gb/damaged
Apple,iPhone 11,256GB,Verizon,100.0,90.0,65.0,27.0,5.0,https://www.ocbuyback.com/sell/cell-phone/apple/iphone-11/verizon/256gb/like-new,https://www.ocbuyback.com/sell/cell-phone/apple/iphone-11/verizon/256gb/good-condition,https://www.ocbuyback.com/sell/cell-phone/apple/iphone-11/verizon/256gb/fair,https://www.ocbuyback.com/sell/cell-phone/apple/iphone-11/verizon/256gb/minor-damage,https://www.ocbuyback.com/sell/cell-phone/apple/iphone-11/verizon/256gb/damaged
Apple,iPhone 11,256GB,Unlocked,100.0,90.0,65.0,27.0,5.0,https://www.ocbuyback.com/sell/cell-phone/apple/iphone-11/unlocked/256gb/like-new,https://www.ocbuyback.com/sell/cell-phone/apple/iphone-11/unlocked/256gb/good-condition,https://www.ocbuyback.com/sell/cell-phone/apple/iphone-11/unlocked/256gb/fair,https://www.ocbuyback.com/sell/cell-phone/apple/iphone-11/unlocked/256gb/minor-damage,https://www.ocbuyback.com/sell/cell-phone/apple/iphone-11/unlocked/256gb/damaged
Apple,iPhone 11 Pro,64GB,AT&T,90.0,80.0,50.0,20.0,5.0,https://www.ocbuyback.com/sell/cell-phone/apple/iphone-11-pro/at-t/64gb/like-new,https://www.ocbuyback.com/sell/cell-phone/apple/iphone-11-pro/at-t/64gb/good-condition,https://www.ocbuyback.com/sell/cell-phone/apple/iphone-11-pro/at-t/64gb/fair,https://www.ocbuyback.com/sell/cell-phone/apple/iphone-11-pro/at-t/64gb/minor-damage,https://www.ocbuyback.com/sell/cell-phone/apple/iphone-11-pro/at-t/64gb/damaged
Apple,iPhone 11 Pro,64GB,T-Mobile,70.0,60.0,30.0,15.0,5.0,https://www.ocbuyback.com/sell/cell-phone/apple/iphone-11-pro/t-mobile/64gb/like-new,https://www.ocbuyback.com/sell/cell-phone/apple/iphone-11-pro/t-mobile/64gb/good-condition,https://www.ocbuyback.com/sell/cell-phone/apple/iphone-11-pro/t-mobile/64gb/fair,https://www.ocbuyback.com/sell/cell-phone/apple/iphone-11-pro/t-mobile/64gb/minor-damage,https://www.ocbuyback.com/sell/cell-phone/apple/iphone-11-pro/t-mobile/64gb/damaged
Apple,iPhone 11 Pro,64GB,Verizon,110.0,100.0,70.0,20.0,5.0,https://www.ocbuyback.com/sell/cell-phone/apple/iphone-11-pro/verizon/64gb/like-new,https://www.ocbuyback.com/sell/cell-phone/apple/iphone-11-pro/verizon/64gb/good-condition,https://www.ocbuyback.com/sell/cell-phone/apple/iphone-11-pro/verizon/64gb/fair,https://www.ocbuyback.com/sell/cell-phone/apple/iphone-11-pro/verizon/64gb/minor-damage,https://www.ocbuyback.com/sell/cell-phone/apple/iphone-11-pro/verizon/64gb/damaged
Apple,iPhone 11 Pro,64GB,Unlocked,120.0,110.0,80.0,30.0,5.0,https://www.ocbuyback.com/sell/cell-phone/apple/iphone-11-pro/unlocked/64gb/like-new,https://www.ocbuyback.com/sell/cell-phone/apple/iphone-11-pro/unlocked/64gb/good-condition,https://www.ocbuyback.com/sell/cell-phone/apple/iphone-11-pro/unlocked/64gb/fair,https://www.ocbuyback.com/sell/cell-phone/apple/iphone-11-pro/unlocked/64gb/minor-damage,https://www.ocbuyback.com/sell/cell-phone/apple/iphone-11-pro/unlocked/64gb/damaged
Apple,iPhone 11 Pro,256GB,AT&T,115.0,95.0,75.0,25.0,5.0,https://www.ocbuyback.com/sell/cell-phone/apple/iphone-11-pro/at-t/256gb/like-new,https://www.ocbuyback.com/sell/cell-phone/apple/iphone-11-pro/at-t/256gb/good-condition,https://www.ocbuyback.com/sell/cell-phone/apple/iphone-11-pro/at-t/256gb/fair,https://www.ocbuyback.com/sell/cell-phone/apple/iphone-11-pro/at-t/256gb/minor-damage,https://www.ocbuyback.com/sell/cell-phone/apple/iphone-11-pro/at-t/256gb/damaged
Apple,iPhone 11 Pro,256GB,T-Mobile,95.0,85.0,55.0,10.0,5.0,https://www.ocbuyback.com/sell/cell-phone/apple/iphone-11-pro/t-mobile/256gb/like-new,https://www.ocbuyback.com/sell/cell-phone/apple/iphone-11-pro/t-mobile/256gb/good-condition,https://www.ocbuyback.com/sell/cell-phone/apple/iphone-11-pro/t-mobile/256gb/fair,https://www.ocbuyback.com/sell/cell-phone/apple/iphone-11-pro/t-mobile/256gb/minor-damage,https://www.ocbuyback.com/sell/cell-phone/apple/iphone-11-pro/t-mobile/256gb/damaged
Apple,iPhone 11 Pro,256GB,Verizon,135.0,125.0,95.0,25.0,5.0,https://www.ocbuyback.com/sell/cell-phone/apple/iphone-11-pro/verizon/256gb/like-new,https://www.ocbuyback.com/sell/cell-phone/apple/iphone-11-pro/verizon/256gb/good-condition,https://www.ocbuyback.com/sell/cell-phone/apple/iphone-11-pro/verizon/256gb/fair,https://www.ocbuyback.com/sell/cell-phone/apple/iphone-11-pro/verizon/256gb/minor-damage,https://www.ocbuyback.com/sell/cell-phone/apple/iphone-11-pro/verizon/256gb/damaged
Apple,iPhone 11 Pro,256GB,Unlocked,145.0,135.0,105.0,35.0,5.0,https://www.ocbuyback.com/sell/cell-phone/apple/iphone-11-pro/unlocked/256gb/like-new,https://www.ocbuyback.com/sell/cell-phone/apple/iphone-11-pro/unlocked/256gb/good-condition,https://www.ocbuyback.com/sell/cell-phone/apple/iphone-11-pro/unlocked/256gb/fair,https://www.ocbuyback.com/sell/cell-phone/apple/iphone-11-pro/unlocked/256gb/minor-damage,https://www.ocbuyback.com/sell/cell-phone/apple/iphone-11-pro/unlocked/256gb/damaged
Apple,iPhone 11 Pro,512GB,AT&T,125.0,115.0,85.0,30.0,5.0,https://www.ocbuyback.com/sell/cell-phone/apple/iphone-11-pro/at-t/512gb/like-new,https://www.ocbuyback.com/sell/cell-phone/apple/iphone-11-pro/at-t/512gb/good-condition,https://www.ocbuyback.com/sell/cell-phone/apple/iphone-11-pro/at-t/512gb/fair,https://www.ocbuyback.com/sell/cell-phone/apple/iphone-11-pro/at-t/512gb/minor-damage,https://www.ocbuyback.com/sell/cell-phone/apple/iphone-11-pro/at-t/512gb/damaged
Apple,iPhone 11 Pro,512GB,T-Mobile,105.0,95.0,65.0,10.0,5.0,https://www.ocbuyback.com/sell/cell-phone/apple/iphone-11-pro/t-mobile/512gb/like-new,https://www.ocbuyback.com/sell/cell-phone/apple/iphone-11-pro/t-mobile/512gb/good-condition,https://www.ocbuyback.com/sell/cell-phone/apple/iphone-11-pro/t-mobile/512gb/fair,https://www.ocbuyback.com/sell/cell-phone/apple/iphone-11-pro/t-mobile/512gb/minor-damage,https://www.ocbuyback.com/sell/cell-phone/apple/iphone-11-pro/t-mobile/512gb/damaged
Apple,iPhone 11 Pro,512GB,Verizon,145.0,135.0,105.0,30.0,5.0,https://www.ocbuyback.com/sell/cell-phone/apple/iphone-11-pro/verizon/512gb/like-new,https://www.ocbuyback.com/sell/cell-phone/apple/iphone-11-pro/verizon/512gb/good-condition,https://www.ocbuyback.com/sell/cell-phone/apple/iphone-11-pro/verizon/512gb/fair,https://www.ocbuyback.com/sell/cell-phone/apple/iphone-11-pro/verizon/512gb/minor-damage,https://www.ocbuyback.com/sell/cell-phone/apple/iphone-11-pro/verizon/512gb/damaged
Apple,iPhone 11 Pro,512GB,Unlocked,155.0,145.0,115.0,40.0,5.0,https://www.ocbuyback.com/sell/cell-phone/apple/iphone-11-pro/unlocked/512gb/like-new,https://www.ocbuyback.com/sell/cell-phone/apple/iphone-11-pro/unlocked/512gb/good-condition,https://www.ocbuyback.com/sell/cell-phone/apple/iphone-11-pro/unlocked/512gb/fair,https://www.ocbuyback.com/sell/cell-phone/apple/iphone-11-pro/unlocked/512gb/minor-damage,https://www.ocbuyback.com/sell/cell-phone/apple/iphone-11-pro/unlocked/512gb/damaged
Apple,iPhone 11 Pro Max,64GB,AT&T,115.0,95.0,60.0,40.0,5.0,https://www.ocbuyback.com/sell/cell-phone/apple/iphone-11-pro-max/at-t/64gb/like-new,https://www.ocbuyback.com/sell/cell-phone/apple/iphone-11-pro-max/at-t/64gb/good-condition,https://www.ocbuyback.com/sell/cell-phone/apple/iphone-11-pro-max/at-t/64gb/fair,https://www.ocbuyback.com/sell/cell-phone/apple/iphone-11-pro-max/at-t/64gb/minor-damage,https://www.ocbuyback.com/sell/cell-phone/apple/iphone-11-pro-max/at-t/64gb/damaged
Apple,iPhone 11 Pro Max,64GB,T-Mobile,85.0,65.0,30.0,15.0,5.0,https://www.ocbuyback.com/sell/cell-phone/apple/iphone-11-pro-max/t-mobile/64gb/like-new,https://www.ocbuyback.com/sell/cell-phone/apple/iphone-11-pro-max/t-mobile/64gb/good-condition,https://www.ocbuyback.com/sell/cell-phone/apple/iphone-11-pro-max/t-mobile/64gb/fair,https://www.ocbuyback.com/sell/cell-phone/apple/iphone-11-pro-max/t-mobile/64gb/minor-damage,https://www.ocbuyback.com/sell/cell-phone/apple/iphone-11-pro-max/t-mobile/64gb/damaged
Apple,iPhone 11 Pro Max,64GB,Verizon,125.0,105.0,70.0,40.0,5.0,https://www.ocbuyback.com/sell/cell-phone/apple/iphone-11-pro-max/verizon/64gb/like-new,https://www.ocbuyback.com/sell/cell-phone/apple/iphone-11-pro-max/verizon/64gb/good-condition,https://www.ocbuyback.com/sell/cell-phone/apple/iphone-11-pro-max/verizon/64gb/fair,https://www.ocbuyback.com/sell/cell-phone/apple/iphone-11-pro-max/verizon/64gb/minor-damage,https://www.ocbuyback.com/sell/cell-phone/apple/iphone-11-pro-max/verizon/64gb/damaged
Apple,iPhone 11 Pro Max,64GB,Unlocked,140.0,120.0,85.0,40.0,5.0,https://www.ocbuyback.com/sell/cell-phone/apple/iphone-11-pro-max/unlocked/64gb/like-new,https://www.ocbuyback.com/sell/cell-phone/apple/iphone-11-pro-max/unlocked/64gb/good-condition,https://www.ocbuyback.com/sell/cell-phone/apple/iphone-11-pro-max/unlocked/64gb/fair,https://www.ocbuyback.com/sell/cell-phone/apple/iphone-11-pro-max/unlocked/64gb/minor-damage,https://www.ocbuyback.com/sell/cell-phone/apple/iphone-11-pro-max/unlocked/64gb/damaged
Apple,iPhone 11 Pro Max,256GB,AT&T,130.0,110.0,75.0,45.0,5.0,https://www.ocbuyback.com/sell/cell-phone/apple/iphone-11-pro-max/at-t/256gb/like-new,https://www.ocbuyback.com/sell/cell-phone/apple/iphone-11-pro-max/at-t/256gb/good-condition,https://www.ocbuyback.com/sell/cell-phone/apple/iphone-11-pro-max/at-t/256gb/fair,https://www.ocbuyback.com/sell/cell-phone/apple/iphone-11-pro-max/at-t/256gb/minor-damage,https://www.ocbuyback.com/sell/cell-phone/apple/iphone-11-pro-max/at-t/256gb/damaged
Apple,iPhone 11 Pro Max,256GB,T-Mobile,100.0,80.0,45.0,20.0,5.0,https://www.ocbuyback.com/sell/cell-phone/apple/iphone-11-pro-max/t-mobile/256gb/like-new,https://www.ocbuyback.com/sell/cell-phone/apple/iphone-11-pro-max/t-mobile/256gb/good-condition,https://www.ocbuyback.com/sell/cell-phone/apple/iphone-11-pro-max/t-mobile/256gb/fair,https://www.ocbuyback.com/sell/cell-phone/apple/iphone-11-pro-max/t-mobile/256gb/minor-damage,https://www.ocbuyback.com/sell/cell-phone/apple/iphone-11-pro-max/t-mobile/256gb/damaged
Apple,iPhone 11 Pro Max,256GB,Verizon,140.0,120.0,85.0,45.0,5.0,https://www.ocbuyback.com/sell/cell-phone/apple/iphone-11-pro-max/verizon/256gb/like-new,https://www.ocbuyback.com/sell/cell-phone/apple/iphone-11-pro-max/verizon/256gb/good-condition,https://www.ocbuyback.com/sell/cell-phone/apple/iphone-11-pro-max/verizon/256gb/fair,https://www.ocbuyback.com/sell/cell-phone/apple/iphone-11-pro-max/verizon/256gb/minor-damage,https://www.ocbuyback.com/sell/cell-phone/apple/iphone-11-pro-max/verizon/256gb/damaged
Apple,iPhone 11 Pro Max,256GB,Unlocked,155.0,135.0,100.0,45.0,5.0,https://www.ocbuyback.com/sell/cell-phone/apple/iphone-11-pro-max/unlocked/256gb/like-new,https://www.ocbuyback.com/sell/cell-phone/apple/iphone-11-pro-max/unlocked/256gb/good-condition,https://www.ocbuyback.com/sell/cell-phone/apple/iphone-11-pro-max/unlocked/256gb/fair,https://www.ocbuyback.com/sell/cell-phone/apple/iphone-11-pro-max/unlocked/256gb/minor-damage,https://www.ocbuyback.com/sell/cell-phone/apple/iphone-11-pro-max/unlocked/256gb/damaged
Apple,iPhone 11 Pro Max,512GB,AT&T,145.0,125.0,90.0,50.0,5.0,https://www.ocbuyback.com/sell/cell-phone/apple/iphone-11-pro-max/at-t/512gb/like-new,https://www.ocbuyback.com/sell/cell-phone/apple/iphone-11-pro-max/at-t/512gb/good-condition,https://www.ocbuyback.com/sell/cell-phone/apple/iphone-11-pro-max/at-t/512gb/fair,https://www.ocbuyback.com/sell/cell-phone/apple/iphone-11-pro-max/at-t/512gb/minor-damage,https://www.ocbuyback.com/sell/cell-phone/apple/iphone-11-pro-max/at-t/512gb/damaged
Apple,iPhone 11 Pro Max,512GB,T-Mobile,115.0,95.0,60.0,25.0,5.0,https://www.ocbuyback.com/sell/cell-phone/apple/iphone-11-pro-max/t-mobile/512gb/like-new,https://www.ocbuyback.com/sell/cell-phone/apple/iphone-11-pro-max/t-mobile/512gb/good-condition,https://www.ocbuyback.com/sell/cell-phone/apple/iphone-11-pro-max/t-mobile/512gb/fair,https://www.ocbuyback.com/sell/cell-phone/apple/iphone-11-pro-max/t-mobile/512gb/minor-damage,https://www.ocbuyback.com/sell/cell-phone/apple/iphone-11-pro-max/t-mobile/512gb/damaged
Apple,iPhone 11 Pro Max,512GB,Verizon,155.0,145.0,95.0,50.0,5.0,https://www.ocbuyback.com/sell/cell-phone/apple/iphone-11-pro-max/verizon/512gb/like-new,https://www.ocbuyback.com/sell/cell-phone/apple/iphone-11-pro-max/verizon/512gb/good-condition,https://www.ocbuyback.com/sell/cell-phone/apple/iphone-11-pro-max/verizon/512gb/fair,https://www.ocbuyback.com/sell/cell-phone/apple/iphone-11-pro-max/verizon/512gb/minor-damage,https://www.ocbuyback.com/sell/cell-phone/apple/iphone-11-pro-max/verizon/512gb/damaged
Apple,iPhone 11 Pro Max,512GB,Unlocked,170.0,150.0,105.0,50.0,5.0,https://www.ocbuyback.com/sell/cell-phone/apple/iphone-11-pro-max/unlocked/512gb/like-new,https://www.ocbuyback.com/sell/cell-phone/apple/iphone-11-pro-max/unlocked/512gb/good-condition,https://www.ocbuyback.com/sell/cell-phone/apple/iphone-11-pro-max/unlocked/512gb/fair,https://www.ocbuyback.com/sell/cell-phone/apple/iphone-11-pro-max/unlocked/512gb/minor-damage,https://www.ocbuyback.com/sell/cell-phone/apple/iphone-11-pro-max/unlocked/512gb/damaged
Apple,iPhone 12,64GB,AT&T,105.0,85.0,50.0,35.0,10.0,https://www.ocbuyback.com/sell/cell-phone/apple/iphone-12/at-t/64gb/like-new,https://www.ocbuyback.com/sell/cell-phone/apple/iphone-12/at-t/64gb/good-condition,https://www.ocbuyback.com/sell/cell-phone/apple/iphone-12/at-t/64gb/fair,https://www.ocbuyback.com/sell/cell-phone/apple/iphone-12/at-t/64gb/minor-damage,https://www.ocbuyback.com/sell/cell-phone/apple/iphone-12/at-t/64gb/damaged
Apple,iPhone 12,64GB,T-Mobile,75.0,55.0,30.0,15.0,10.0,https://www.ocbuyback.com/sell/cell-phone/apple/iphone-12/t-mobile/64gb/like-new,https://www.ocbuyback.com/sell/cell-phone/apple/iphone-12/t-mobile/64gb/good-condition,https://www.ocbuyback.com/sell/cell-phone/apple/iphone-12/t-mobile/64gb/fair,https://www.ocbuyback.com/sell/cell-phone/apple/iphone-12/t-mobile/64gb/minor-damage,https://www.ocbuyback.com/sell/cell-phone/apple/iphone-12/t-mobile/64gb/damaged
Apple,iPhone 12,64GB,Verizon,115.0,95.0,60.0,35.0,10.0,https://www.ocbuyback.com/sell/cell-phone/apple/iphone-12/verizon/64gb/like-new,https://www.ocbuyback.com/sell/cell-phone/apple/iphone-12/verizon/64gb/good-condition,https://www.ocbuyback.com/sell/cell-phone/apple/iphone-12/verizon/64gb/fair,https://www.ocbuyback.com/sell/cell-phone/apple/iphone-12/verizon/64gb/minor-damage,https://www.ocbuyback.com/sell/cell-phone/apple/iphone-12/verizon/64gb/damaged
Apple,iPhone 12,64GB,Unlocked,120.0,100.0,65.0,35.0,10.0,https://www.ocbuyback.com/sell/cell-phone/apple/iphone-12/unlocked/64gb/like-new,https://www.ocbuyback.com/sell/cell-phone/apple/iphone-12/unlocked/64gb/good-condition,https://www.ocbuyback.com/sell/cell-phone/apple/iphone-12/unlocked/64gb/fair,https://www.ocbuyback.com/sell/cell-phone/apple/iphone-12/unlocked/64gb/minor-damage,https://www.ocbuyback.com/sell/cell-phone/apple/iphone-12/unlocked/64gb/damaged
Apple,iPhone 12,128GB,AT&T,130.0,110.0,70.0,45.0,10.0,https://www.ocbuyback.com/sell/cell-phone/apple/iphone-12/at-t/128gb/like-new,https://www.ocbuyback.com/sell/cell-phone/apple/iphone-12/at-t/128gb/good-condition,https://www.ocbuyback.com/sell/cell-phone/apple/iphone-12/at-t/128gb/fair,https://www.ocbuyback.com/sell/cell-phone/apple/iphone-12/at-t/128gb/minor-damage,https://www.ocbuyback.com/sell/cell-phone/apple/iphone-12/at-t/128gb/damaged
Apple,iPhone 12,128GB,T-Mobile,100.0,80.0,40.0,25.0,10.0,https://www.ocbuyback.com/sell/cell-phone/apple/iphone-12/t-mobile/128gb/like-new,https://www.ocbuyback.com/sell/cell-phone/apple/iphone-12/t-mobile/128gb/good-condition,https://www.ocbuyback.com/sell/cell-phone/apple/iphone-12/t-mobile/128gb/fair,https://www.ocbuyback.com/sell/cell-phone/apple/iphone-12/t-mobile/128gb/minor-damage,https://www.ocbuyback.com/sell/cell-phone/apple/iphone-12/t-mobile/128gb/damaged
Apple,iPhone 12,128GB,Verizon,140.0,120.0,80.0,55.0,10.0,https://www.ocbuyback.com/sell/cell-phone/apple/iphone-12/verizon/128gb/like-new,https://www.ocbuyback.com/sell/cell-phone/apple/iphone-12/verizon/128gb/good-condition,https://www.ocbuyback.com/sell/cell-phone/apple/iphone-12/verizon/128gb/fair,https://www.ocbuyback.com/sell/cell-phone/apple/iphone-12/verizon/128gb/minor-damage,https://www.ocbuyback.com/sell/cell-phone/apple/iphone-12/verizon/128gb/damaged
Apple,iPhone 12,128GB,Unlocked,145.0,125.0,85.0,45.0,10.0,https://www.ocbuyback.com/sell/cell-phone/apple/iphone-12/unlocked/128gb/like-new,https://www.ocbuyback.com/sell/cell-phone/apple/iphone-12/unlocked/128gb/good-condition,https://www.ocbuyback.com/sell/cell-phone/apple/iphone-12/unlocked/128gb/fair,https://www.ocbuyback.com/sell/cell-phone/apple/iphone-12/unlocked/128gb/minor-damage,https://www.ocbuyback.com/sell/cell-phone/apple/iphone-12/unlocked/128gb/damaged
Apple,iPhone 12,256GB,AT&T,150.0,130.0,90.0,50.0,10.0,https://www.ocbuyback.com/sell/cell-phone/apple/iphone-12/at-t/256gb/like-new,https://www.ocbuyback.com/sell/cell-phone/apple/iphone-12/at-t/256gb/good-condition,https://www.ocbuyback.com/sell/cell-phone/apple/iphone-12/at-t/256gb/fair,https://www.ocbuyback.com/sell/cell-phone/apple/iphone-12/at-t/256gb/minor-damage,https://www.ocbuyback.com/sell/cell-phone/apple/iphone-12/at-t/256gb/damaged
Apple,iPhone 12,256GB,T-Mobile,120.0,100.0,60.0,30.0,10.0,https://www.ocbuyback.com/sell/cell-phone/apple/iphone-12/t-mobile/256gb/like-new,https://www.ocbuyback.com/sell/cell-phone/apple/iphone-12/t-mobile/256gb/good-condition,https://www.ocbuyback.com/sell/cell-phone/apple/iphone-12/t-mobile/256gb/fair,https://www.ocbuyback.com/sell/cell-phone/apple/iphone-12/t-mobile/256gb/minor-damage,https://www.ocbuyback.com/sell/cell-phone/apple/iphone-12/t-mobile/256gb/damaged
Apple,iPhone 12,256GB,Verizon,160.0,140.0,100.0,50.0,10.0,https://www.ocbuyback.com/sell/cell-phone/apple/iphone-12/verizon/256gb/like-new,https://www.ocbuyback.com/sell/cell-phone/apple/iphone-12/verizon/256gb/good-condition,https://www.ocbuyback.com/sell/cell-phone/apple/iphone-12/verizon/256gb/fair,https://www.ocbuyback.com/sell/cell-phone/apple/iphone-12/verizon/256gb/minor-damage,https://www.ocbuyback.com/sell/cell-phone/apple/iphone-12/verizon/256gb/damaged
Apple,iPhone 12,256GB,Unlocked,165.0,145.0,105.0,50.0,10.0,https://www.ocbuyback.com/sell/cell-phone/apple/iphone-12/unlocked/256gb/like-new,https://www.ocbuyback.com/sell/cell-phone/apple/iphone-12/unlocked/256gb/good-condition,https://www.ocbuyback.com/sell/cell-phone/apple/iphone-12/unlocked/256gb/fair,https://www.ocbuyback.com/sell/cell-phone/apple/iphone-12/unlocked/256gb/minor-damage,https://www.ocbuyback.com/sell/cell-phone/apple/iphone-12/unlocked/256gb/damaged
Apple,iPhone 12 Mini,64GB,AT&T,80.0,60.0,30.0,5.0,5.0,https://www.ocbuyback.com/sell/cell-phone/apple/iphone-12-mini/at-t/64gb/like-new,https://www.ocbuyback.com/sell/cell-phone/apple/iphone-12-mini/at-t/64gb/good-condition,https://www.ocbuyback.com/sell/cell-phone/apple/iphone-12-mini/at-t/64gb/fair,https://www.ocbuyback.com/sell/cell-phone/apple/iphone-12-mini/at-t/64gb/minor-damage,https://www.ocbuyback.com/sell/cell-phone/apple/iphone-12-mini/at-t/64gb/damaged
Apple,iPhone 12 Mini,64GB,T-Mobile,45.0,25.0,10.0,5.0,5.0,https://www.ocbuyback.com/sell/cell-phone/apple/iphone-12-mini/t-mobile/64gb/like-new,https://www.ocbuyback.com/sell/cell-phone/apple/iphone-12-mini/t-mobile/64gb/good-condition,https://www.ocbuyback.com/sell/cell-phone/apple/iphone-12-mini/t-mobile/64gb/fair,https://www.ocbuyback.com/sell/cell-phone/apple/iphone-12-mini/t-mobile/64gb/minor-damage,https://www.ocbuyback.com/sell/cell-phone/apple/iphone-12-mini/t-mobile/64gb/damaged
Apple,iPhone 12 Mini,64GB,Verizon,100.0,80.0,50.0,25.0,5.0,https://www.ocbuyback.com/sell/cell-phone/apple/iphone-12-mini/verizon/64gb/like-new,https://www.ocbuyback.com/sell/cell-phone/apple/iphone-12-mini/verizon/64gb/good-condition,https://www.ocbuyback.com/sell/cell-phone/apple/iphone-12-mini/verizon/64gb/fair,https://www.ocbuyback.com/sell/cell-phone/apple/iphone-12-mini/verizon/64gb/minor-damage,https://www.ocbuyback.com/sell/cell-phone/apple/iphone-12-mini/verizon/64gb/damaged
Apple,iPhone 12 Mini,64GB,Unlocked,100.0,80.0,50.0,25.0,5.0,https://www.ocbuyback.com/sell/cell-phone/apple/iphone-12-mini/unlocked/64gb/like-new,https://www.ocbuyback.com/sell/cell-phone/apple/iphone-12-mini/unlocked/64gb/good-condition,https://www.ocbuyback.com/sell/cell-phone/apple/iphone-12-mini/unlocked/64gb/fair,https://www.ocbuyback.com/sell/cell-phone/apple/iphone-12-mini/unlocked/64gb/minor-damage,https://www.ocbuyback.com/sell/cell-phone/apple/iphone-12-mini/unlocked/64gb/damaged
Apple,iPhone 12 Mini,128GB,AT&T,100.0,80.0,50.0,10.0,5.0,https://www.ocbuyback.com/sell/cell-phone/apple/iphone-12-mini/at-t/128gb/like-new,https://www.ocbuyback.com/sell/cell-phone/apple/iphone-12-mini/at-t/128gb/good-condition,https://www.ocbuyback.com/sell/cell-phone/apple/iphone-12-mini/at-t/128gb/fair,https://www.ocbuyback.com/sell/cell-phone/apple/iphone-12-mini/at-t/128gb/minor-damage,https://www.ocbuyback.com/sell/cell-phone/apple/iphone-12-mini/at-t/128gb/damaged
Apple,iPhone 12 Mini,128GB,T-Mobile,65.0,45.0,15.0,10.0,5.0,https://www.ocbuyback.com/sell/cell-phone/apple/iphone-12-mini/t-mobile/128gb/like-new,https://www.ocbuyback.com/sell/cell-phone/apple/iphone-12-mini/t-mobile/128gb/good-condition,https://www.ocbuyback.com/sell/cell-phone/apple/iphone-12-mini/t-mobile/128gb/fair,https://www.ocbuyback.com/sell/cell-phone/apple/iphone-12-mini/t-mobile/128gb/minor-damage,https://www.ocbuyback.com/sell/cell-phone/apple/iphone-12-mini/t-mobile/128gb/damaged
Apple,iPhone 12 Mini,128GB,Verizon,120.0,100.0,70.0,35.0,5.0,https://www.ocbuyback.com/sell/cell-phone/apple/iphone-12-mini/verizon/128gb/like-new,https://www.ocbuyback.com/sell/cell-phone/apple/iphone-12-mini/verizon/128gb/good-condition,https://www.ocbuyback.com/sell/cell-phone/apple/iphone-12-mini/verizon/128gb/fair,https://www.ocbuyback.com/sell/cell-phone/apple/iphone-12-mini/verizon/128gb/minor-damage,https://www.ocbuyback.com/sell/cell-phone/apple/iphone-12-mini/verizon/128gb/damaged
Apple,iPhone 12 Mini,128GB,Unlocked,120.0,100.0,70.0,35.0,5.0,https://www.ocbuyback.com/sell/cell-phone/apple/iphone-12-mini/unlocked/128gb/like-new,https://www.ocbuyback.com/sell/cell-phone/apple/iphone-12-mini/unlocked/128gb/good-condition,https://www.ocbuyback.com/sell/cell-phone/apple/iphone-12-mini/unlocked/128gb/fair,https://www.ocbuyback.com/sell/cell-phone/apple/iphone-12-mini/unlocked/128gb/minor-damage,https://www.ocbuyback.com/sell/cell-phone/apple/iphone-12-mini/unlocked/128gb/damaged
Apple,iPhone 12 Mini,256GB,AT&T,115.0,95.0,65.0,15.0,5.0,https://www.ocbuyback.com/sell/cell-phone/apple/iphone-12-mini/at-t/256gb/like-new,https://www.ocbuyback.com/sell/cell-phone/apple/iphone-12-mini/at-t/256gb/good-condition,https://www.ocbuyback.com/sell/cell-phone/apple/iphone-12-mini/at-t/256gb/fair,https://www.ocbuyback.com/sell/cell-phone/apple/iphone-12-mini/at-t/256gb/minor-damage,https://www.ocbuyback.com/sell/cell-phone/apple/iphone-12-mini/at-t/256gb/damaged
Apple,iPhone 12 Mini,256GB,T-Mobile,80.0,60.0,30.0,10.0,5.0,https://www.ocbuyback.com/sell/cell-phone/apple/iphone-12-mini/t-mobile/256gb/like-new,https://www.ocbuyback.com/sell/cell-phone/apple/iphone-12-mini/t-mobile/256gb/good-condition,https://www.ocbuyback.com/sell/cell-phone/apple/iphone-12-mini/t-mobile/256gb/fair,https://www.ocbuyback.com/sell/cell-phone/apple/iphone-12-mini/t-mobile/256gb/minor-damage,https://www.ocbuyback.com/sell/cell-phone/apple/iphone-12-mini/t-mobile/256gb/damaged
Apple,iPhone 12 Mini,256GB,Verizon,135.0,115.0,85.0,35.0,5.0,https://www.ocbuyback.com/sell/cell-phone/apple/iphone-12-mini/verizon/256gb/like-new,https://www.ocbuyback.com/sell/cell-phone/apple/iphone-12-mini/verizon/256gb/good-condition,https://www.ocbuyback.com/sell/cell-phone/apple/iphone-12-mini/verizon/256gb/fair,https://www.ocbuyback.com/sell/cell-phone/apple/iphone-12-mini/verizon/256gb/minor-damage,https://www.ocbuyback.com/sell/cell-phone/apple/iphone-12-mini/verizon/256gb/damaged
Apple,iPhone 12 Mini,256GB,Unlocked,135.0,115.0,85.0,35.0,5.0,https://www.ocbuyback.com/sell/cell-phone/apple/iphone-12-mini/unlocked/256gb/like-new,https://www.ocbuyback.com/sell/cell-phone/apple/iphone-12-mini/unlocked/256gb/good-condition,https://www.ocbuyback.com/sell/cell-phone/apple/iphone-12-mini/unlocked/256gb/fair,https://www.ocbuyback.com/sell/cell-phone/apple/iphone-12-mini/unlocked/256gb/minor-damage,https://www.ocbuyback.com/sell/cell-phone/apple/iphone-12-mini/unlocked/256gb/damaged
Apple,iPhone 12 Pro,128GB,AT&T,130.0,110.0,60.0,20.0,10.0,https://www.ocbuyback.com/sell/cell-phone/apple/iphone-12-pro/at-t/128gb/like-new,https://www.ocbuyback.com/sell/cell-phone/apple/iphone-12-pro/at-t/128gb/good-condition,https://www.ocbuyback.com/sell/cell-phone/apple/iphone-12-pro/at-t/128gb/fair,https://www.ocbuyback.com/sell/cell-phone/apple/iphone-12-pro/at-t/128gb/minor-damage,https://www.ocbuyback.com/sell/cell-phone/apple/iphone-12-pro/at-t/128gb/damaged
Apple,iPhone 12 Pro,128GB,T-Mobile,100.0,80.0,30.0,20.0,10.0,https://www.ocbuyback.com/sell/cell-phone/apple/iphone-12-pro/t-mobile/128gb/like-new,https://www.ocbuyback.com/sell/cell-phone/apple/iphone-12-pro/t-mobile/128gb/good-condition,https://www.ocbuyback.com/sell/cell-phone/apple/iphone-12-pro/t-mobile/128gb/fair,https://www.ocbuyback.com/sell/cell-phone/apple/iphone-12-pro/t-mobile/128gb/minor-damage,https://www.ocbuyback.com/sell/cell-phone/apple/iphone-12-pro/t-mobile/128gb/damaged
Apple,iPhone 12 Pro,128GB,Verizon,170.0,150.0,100.0,50.0,20.0,https://www.ocbuyback.com/sell/cell-phone/apple/iphone-12-pro/verizon/128gb/like-new,https://www.ocbuyback.com/sell/cell-phone/apple/iphone-12-pro/verizon/128gb/good-condition,https://www.ocbuyback.com/sell/cell-phone/apple/iphone-12-pro/verizon/128gb/fair,https://www.ocbuyback.com/sell/cell-phone/apple/iphone-12-pro/verizon/128gb/minor-damage,https://www.ocbuyback.com/sell/cell-phone/apple/iphone-12-pro/verizon/128gb/damaged
Apple,iPhone 12 Pro,128GB,Unlocked,170.0,150.0,100.0,50.0,20.0,https://www.ocbuyback.com/sell/cell-phone/apple/iphone-12-pro/unlocked/128gb/like-new,https://www.ocbuyback.com/sell/cell-phone/apple/iphone-12-pro/unlocked/128gb/good-condition,https://www.ocbuyback.com/sell/cell-phone/apple/iphone-12-pro/unlocked/128gb/fair,https://www.ocbuyback.com/sell/cell-phone/apple/iphone-12-pro/unlocked/128gb/minor-damage,https://www.ocbuyback.com/sell/cell-phone/apple/iphone-12-pro/unlocked/128gb/damaged
Apple,iPhone 12 Pro,256GB,AT&T,170.0,150.0,100.0,30.0,20.0,https://www.ocbuyback.com/sell/cell-phone/apple/iphone-12-pro/at-t/256gb/like-new,https://www.ocbuyback.com/sell/cell-phone/apple/iphone-12-pro/at-t/256gb/good-condition,https://www.ocbuyback.com/sell/cell-phone/apple/iphone-12-pro/at-t/256gb/fair,https://www.ocbuyback.com/sell/cell-phone/apple/iphone-12-pro/at-t/256gb/minor-damage,https://www.ocbuyback.com/sell/cell-phone/apple/iphone-12-pro/at-t/256gb/damaged
Apple,iPhone 12 Pro,256GB,T-Mobile,140.0,120.0,70.0,30.0,20.0,https://www.ocbuyback.com/sell/cell-phone/apple/iphone-12-pro/t-mobile/256gb/like-new,https://www.ocbuyback.com/sell/cell-phone/apple/iphone-12-pro/t-mobile/256gb/good-condition,https://www.ocbuyback.com/sell/cell-phone/apple/iphone-12-pro/t-mobile/256gb/fair,https://www.ocbuyback.com/sell/cell-phone/apple/iphone-12-pro/t-mobile/256gb/minor-damage,https://www.ocbuyback.com/sell/cell-phone/apple/iphone-12-pro/t-mobile/256gb/damaged
Apple,iPhone 12 Pro,256GB,Verizon,210.0,190.0,140.0,60.0,20.0,https://www.ocbuyback.com/sell/cell-phone/apple/iphone-12-pro/verizon/256gb/like-new,https://www.ocbuyback.com/sell/cell-phone/apple/iphone-12-pro/verizon/256gb/good-condition,https://www.ocbuyback.com/sell/cell-phone/apple/iphone-12-pro/verizon/256gb/fair,https://www.ocbuyback.com/sell/cell-phone/apple/iphone-12-pro/verizon/256gb/minor-damage,https://www.ocbuyback.com/sell/cell-phone/apple/iphone-12-pro/verizon/256gb/damaged
Apple,iPhone 12 Pro,256GB,Unlocked,210.0,190.0,140.0,60.0,20.0,https://www.ocbuyback.com/sell/cell-phone/apple/iphone-12-pro/unlocked/256gb/like-new,https://www.ocbuyback.com/sell/cell-phone/apple/iphone-12-pro/unlocked/256gb/good-condition,https://www.ocbuyback.com/sell/cell-phone/apple/iphone-12-pro/unlocked/256gb/fair,https://www.ocbuyback.com/sell/cell-phone/apple/iphone-12-pro/unlocked/256gb/minor-damage,https://www.ocbuyback.com/sell/cell-phone/apple/iphone-12-pro/unlocked/256gb/damaged
Apple,iPhone 12 Pro,512GB,AT&T,180.0,160.0,110.0,35.0,20.0,https://www.ocbuyback.com/sell/cell-phone/apple/iphone-12-pro/at-t/512gb/like-new,https://www.ocbuyback.com/sell/cell-phone/apple/iphone-12-pro/at-t/512gb/good-condition,https://www.ocbuyback.com/sell/cell-phone/apple/iphone-12-pro/at-t/512gb/fair,https://www.ocbuyback.com/sell/cell-phone/apple/iphone-12-pro/at-t/512gb/minor-damage,https://www.ocbuyback.com/sell/cell-phone/apple/iphone-12-pro/at-t/512gb/damaged
Apple,iPhone 12 Pro,512GB,T-Mobile,150.0,130.0,80.0,35.0,20.0,https://www.ocbuyback.com/sell/cell-phone/apple/iphone-12-pro/t-mobile/512gb/like-new,https://www.ocbuyback.com/sell/cell-phone/apple/iphone-12-pro/t-mobile/512gb/good-condition,https://www.ocbuyback.com/sell/cell-phone/apple/iphone-12-pro/t-mobile/512gb/fair,https://www.ocbuyback.com/sell/cell-phone/apple/iphone-12-pro/t-mobile/512gb/minor-damage,https://www.ocbuyback.com/sell/cell-phone/apple/iphone-12-pro/t-mobile/512gb/damaged
Apple,iPhone 12 Pro,512GB,Verizon,220.0,200.0,150.0,65.0,20.0,https://www.ocbuyback.com/sell/cell-phone/apple/iphone-12-pro/verizon/512gb/like-new,https://www.ocbuyback.com/sell/cell-phone/apple/iphone-12-pro/verizon/512gb/good-condition,https://www.ocbuyback.com/sell/cell-phone/apple/iphone-12-pro/verizon/512gb/fair,https://www.ocbuyback.com/sell/cell-phone/apple/iphone-12-pro/verizon/512gb/minor-damage,https://www.ocbuyback.com/sell/cell-phone/apple/iphone-12-pro/verizon/512gb/damaged
Apple,iPhone 12 Pro,512GB,Unlocked,220.0,200.0,150.0,65.0,20.0,https://www.ocbuyback.com/sell/cell-phone/apple/iphone-12-pro/unlocked/512gb/like-new,https://www.ocbuyback.com/sell/cell-phone/apple/iphone-12-pro/unlocked/512gb/good-condition,https://www.ocbuyback.com/sell/cell-phone/apple/iphone-12-pro/unlocked/512gb/fair,https://www.ocbuyback.com/sell/cell-phone/apple/iphone-12-pro/unlocked/512gb/minor-damage,https://www.ocbuyback.com/sell/cell-phone/apple/iphone-12-pro/unlocked/512gb/damaged
Apple,iPhone 12 Pro Max,128GB,AT&T,205.0,175.0,115.0,60.0,20.0,https://www.ocbuyback.com/sell/cell-phone/apple/iphone-12-pro-max/at-t/128gb/like-new,https://www.ocbuyback.com/sell/cell-phone/apple/iphone-12-pro-max/at-t/128gb/good-condition,https://www.ocbuyback.com/sell/cell-phone/apple/iphone-12-pro-max/at-t/128gb/fair,https://www.ocbuyback.com/sell/cell-phone/apple/iphone-12-pro-max/at-t/128gb/minor-damage,https://www.ocbuyback.com/sell/cell-phone/apple/iphone-12-pro-max/at-t/128gb/damaged
Apple,iPhone 12 Pro Max,128GB,T-Mobile,150.0,120.0,60.0,40.0,20.0,https://www.ocbuyback.com/sell/cell-phone/apple/iphone-12-pro-max/t-mobile/128gb/like-new,https://www.ocbuyback.com/sell/cell-phone/apple/iphone-12-pro-max/t-mobile/128gb/good-condition,https://www.ocbuyback.com/sell/cell-phone/apple/iphone-12-pro-max/t-mobile/128gb/fair,https://www.ocbuyback.com/sell/cell-phone/apple/iphone-12-pro-max/t-mobile/128gb/minor-damage,https://www.ocbuyback.com/sell/cell-phone/apple/iphone-12-pro-max/t-mobile/128gb/damaged
Apple,iPhone 12 Pro Max,128GB,Verizon,225.0,195.0,135.0,60.0,20.0,https://www.ocbuyback.com/sell/cell-phone/apple/iphone-12-pro-max/verizon/128gb/like-new,https://www.ocbuyback.com/sell/cell-phone/apple/iphone-12-pro-max/verizon/128gb/good-condition,https://www.ocbuyback.com/sell/cell-phone/apple/iphone-12-pro-max/verizon/128gb/fair,https://www.ocbuyback.com/sell/cell-phone/apple/iphone-12-pro-max/verizon/128gb/minor-damage,https://www.ocbuyback.com/sell/cell-phone/apple/iphone-12-pro-max/verizon/128gb/damaged
Apple,iPhone 12 Pro Max,128GB,Unlocked,245.0,215.0,155.0,80.0,20.0,https://www.ocbuyback.com/sell/cell-phone/apple/iphone-12-pro-max/unlocked/128gb/like-new,https://www.ocbuyback.com/sell/cell-phone/apple/iphone-12-pro-max/unlocked/128gb/good-condition,https://www.ocbuyback.com/sell/cell-phone/apple/iphone-12-pro-max/unlocked/128gb/fair,https://www.ocbuyback.com/sell/cell-phone/apple/iphone-12-pro-max/unlocked/128gb/minor-damage,https://www.ocbuyback.com/sell/cell-phone/apple/iphone-12-pro-max/unlocked/128gb/damaged
Apple,iPhone 12 Pro Max,256GB,AT&T,225.0,195.0,125.0,60.0,20.0,https://www.ocbuyback.com/sell/cell-phone/apple/iphone-12-pro-max/at-t/256gb/like-new,https://www.ocbuyback.com/sell/cell-phone/apple/iphone-12-pro-max/at-t/256gb/good-condition,https://www.ocbuyback.com/sell/cell-phone/apple/iphone-12-pro-max/at-t/256gb/fair,https://www.ocbuyback.com/sell/cell-phone/apple/iphone-12-pro-max/at-t/256gb/minor-damage,https://www.ocbuyback.com/sell/cell-phone/apple/iphone-12-pro-max/at-t/256gb/damaged
Apple,iPhone 12 Pro Max,256GB,T-Mobile,170.0,140.0,70.0,40.0,20.0,https://www.ocbuyback.com/sell/cell-phone/apple/iphone-12-pro-max/t-mobile/256gb/like-new,https://www.ocbuyback.com/sell/cell-phone/apple/iphone-12-pro-max/t-mobile/256gb/good-condition,https://www.ocbuyback.com/sell/cell-phone/apple/iphone-12-pro-max/t-mobile/256gb/fair,https://www.ocbuyback.com/sell/cell-phone/apple/iphone-12-pro-max/t-mobile/256gb/minor-damage,https://www.ocbuyback.com/sell/cell-phone/apple/iphone-12-pro-max/t-mobile/256gb/damaged
Apple,iPhone 12 Pro Max,256GB,Verizon,245.0,215.0,145.0,60.0,20.0,https://www.ocbuyback.com/sell/cell-phone/apple/iphone-12-pro-max/verizon/256gb/like-new,https://www.ocbuyback.com/sell/cell-phone/apple/iphone-12-pro-max/verizon/256gb/good-condition,https://www.ocbuyback.com/sell/cell-phone/apple/iphone-12-pro-max/verizon/256gb/fair,https://www.ocbuyback.com/sell/cell-phone/apple/iphone-12-pro-max/verizon/256gb/minor-damage,https://www.ocbuyback.com/sell/cell-phone/apple/iphone-12-pro-max/verizon/256gb/damaged
Apple,iPhone 12 Pro Max,256GB,Unlocked,265.0,235.0,165.0,80.0,20.0,https://www.ocbuyback.com/sell/cell-phone/apple/iphone-12-pro-max/unlocked/256gb/like-new,https://www.ocbuyback.com/sell/cell-phone/apple/iphone-12-pro-max/unlocked/256gb/good-condition,https://www.ocbuyback.com/sell/cell-phone/apple/iphone-12-pro-max/unlocked/256gb/fair,https://www.ocbuyback.com/sell/cell-phone/apple/iphone-12-pro-max/unlocked/256gb/minor-damage,https://www.ocbuyback.com/sell/cell-phone/apple/iphone-12-pro-max/unlocked/256gb/damaged
Apple,iPhone 12 Pro Max,512GB,AT&T,240.0,215.0,145.0,65.0,20.0,https://www.ocbuyback.com/sell/cell-phone/apple/iphone-12-pro-max/at-t/512gb/like-new,https://www.ocbuyback.com/sell/cell-phone/apple/iphone-12-pro-max/at-t/512gb/good-condition,https://www.ocbuyback.com/sell/cell-phone/apple/iphone-12-pro-max/at-t/512gb/fair,https://www.ocbuyback.com/sell/cell-phone/apple/iphone-12-pro-max/at-t/512gb/minor-damage,https://www.ocbuyback.com/sell/cell-phone/apple/iphone-12-pro-max/at-t/512gb/damaged
Apple,iPhone 12 Pro Max,512GB,T-Mobile,185.0,170.0,90.0,45.0,20.0,https://www.ocbuyback.com/sell/cell-phone/apple/iphone-12-pro-max/t-mobile/512gb/like-new,https://www.ocbuyback.com/sell/cell-phone/apple/iphone-12-pro-max/t-mobile/512gb/good-condition,https://www.ocbuyback.com/sell/cell-phone/apple/iphone-12-pro-max/t-mobile/512gb/fair,https://www.ocbuyback.com/sell/cell-phone/apple/iphone-12-pro-max/t-mobile/512gb/minor-damage,https://www.ocbuyback.com/sell/cell-phone/apple/iphone-12-pro-max/t-mobile/512gb/damaged
Apple,iPhone 12 Pro Max,512GB,Verizon,260.0,235.0,165.0,65.0,20.0,https://www.ocbuyback.com/sell/cell-phone/apple/iphone-12-pro-max/verizon/512gb/like-new,https://www.ocbuyback.com/sell/cell-phone/apple/iphone-12-pro-max/verizon/512gb/good-condition,https://www.ocbuyback.com/sell/cell-phone/apple/iphone-12-pro-max/verizon/512gb/fair,https://www.ocbuyback.com/sell/cell-phone/apple/iphone-12-pro-max/verizon/512gb/minor-damage,https://www.ocbuyback.com/sell/cell-phone/apple/iphone-12-pro-max/verizon/512gb/damaged
Apple,iPhone 12 Pro Max,512GB,Unlocked,280.0,255.0,185.0,85.0,20.0,https://www.ocbuyback.com/sell/cell-phone/apple/iphone-12-pro-max/unlocked/512gb/like-new,https://www.ocbuyback.com/sell/cell-phone/apple/iphone-12-pro-max/unlocked/512gb/good-condition,https://www.ocbuyback.com/sell/cell-phone/apple/iphone-12-pro-max/unlocked/512gb/fair,https://www.ocbuyback.com/sell/cell-phone/apple/iphone-12-pro-max/unlocked/512gb/minor-damage,https://www.ocbuyback.com/sell/cell-phone/apple/iphone-12-pro-max/unlocked/512gb/damaged
Apple,iPhone 13,128GB,AT&T,155.0,125.0,70.0,30.0,5.0,https://www.ocbuyback.com/sell/cell-phone/apple/iphone-13/at-t/128gb/like-new,https://www.ocbuyback.com/sell/cell-phone/apple/iphone-13/at-t/128gb/good-condition,https://www.ocbuyback.com/sell/cell-phone/apple/iphone-13/at-t/128gb/fair,https://www.ocbuyback.com/sell/cell-phone/apple/iphone-13/at-t/128gb/minor-damage,https://www.ocbuyback.com/sell/cell-phone/apple/iphone-13/at-t/128gb/damaged
Apple,iPhone 13,128GB,T-Mobile,135.0,105.0,50.0,20.0,5.0,https://www.ocbuyback.com/sell/cell-phone/apple/iphone-13/t-mobile/128gb/like-new,https://www.ocbuyback.com/sell/cell-phone/apple/iphone-13/t-mobile/128gb/good-condition,https://www.ocbuyback.com/sell/cell-phone/apple/iphone-13/t-mobile/128gb/fair,https://www.ocbuyback.com/sell/cell-phone/apple/iphone-13/t-mobile/128gb/minor-damage,https://www.ocbuyback.com/sell/cell-phone/apple/iphone-13/t-mobile/128gb/damaged
Apple,iPhone 13,128GB,Verizon,130.0,100.0,45.0,25.0,5.0,https://www.ocbuyback.com/sell/cell-phone/apple/iphone-13/verizon/128gb/like-new,https://www.ocbuyback.com/sell/cell-phone/apple/iphone-13/verizon/128gb/good-condition,https://www.ocbuyback.com/sell/cell-phone/apple/iphone-13/verizon/128gb/fair,https://www.ocbuyback.com/sell/cell-phone/apple/iphone-13/verizon/128gb/minor-damage,https://www.ocbuyback.com/sell/cell-phone/apple/iphone-13/verizon/128gb/damaged
Apple,iPhone 13,128GB,Unlocked,195.0,155.0,110.0,50.0,5.0,https://www.ocbuyback.com/sell/cell-phone/apple/iphone-13/unlocked/128gb/like-new,https://www.ocbuyback.com/sell/cell-phone/apple/iphone-13/unlocked/128gb/good-condition,https://www.ocbuyback.com/sell/cell-phone/apple/iphone-13/unlocked/128gb/fair,https://www.ocbuyback.com/sell/cell-phone/apple/iphone-13/unlocked/128gb/minor-damage,https://www.ocbuyback.com/sell/cell-phone/apple/iphone-13/unlocked/128gb/damaged
Apple,iPhone 13,256GB,AT&T,175.0,145.0,95.0,35.0,5.0,https://www.ocbuyback.com/sell/cell-phone/apple/iphone-13/at-t/256gb/like-new,https://www.ocbuyback.com/sell/cell-phone/apple/iphone-13/at-t/256gb/good-condition,https://www.ocbuyback.com/sell/cell-phone/apple/iphone-13/at-t/256gb/fair,https://www.ocbuyback.com/sell/cell-phone/apple/iphone-13/at-t/256gb/minor-damage,https://www.ocbuyback.com/sell/cell-phone/apple/iphone-13/at-t/256gb/damaged
Apple,iPhone 13,256GB,T-Mobile,155.0,125.0,75.0,30.0,5.0,https://www.ocbuyback.com/sell/cell-phone/apple/iphone-13/t-mobile/256gb/like-new,https://www.ocbuyback.com/sell/cell-phone/apple/iphone-13/t-mobile/256gb/good-condition,https://www.ocbuyback.com/sell/cell-phone/apple/iphone-13/t-mobile/256gb/fair,https://www.ocbuyback.com/sell/cell-phone/apple/iphone-13/t-mobile/256gb/minor-damage,https://www.ocbuyback.com/sell/cell-phone/apple/iphone-13/t-mobile/256gb/damaged
Apple,iPhone 13,256GB,Verizon,150.0,115.0,70.0,30.0,5.0,https://www.ocbuyback.com/sell/cell-phone/apple/iphone-13/verizon/256gb/like-new,https://www.ocbuyback.com/sell/cell-phone/apple/iphone-13/verizon/256gb/good-condition,https://www.ocbuyback.com/sell/cell-phone/apple/iphone-13/verizon/256gb/fair,https://www.ocbuyback.com/sell/cell-phone/apple/iphone-13/verizon/256gb/minor-damage,https://www.ocbuyback.com/sell/cell-phone/apple/iphone-13/verizon/256gb/damaged
Apple,iPhone 13,256GB,Unlocked,215.0,180.0,135.0,55.0,5.0,https://www.ocbuyback.com/sell/cell-phone/apple/iphone-13/unlocked/256gb/like-new,https://www.ocbuyback.com/sell/cell-phone/apple/iphone-13/unlocked/256gb/good-condition,https://www.ocbuyback.com/sell/cell-phone/apple/iphone-13/unlocked/256gb/fair,https://www.ocbuyback.com/sell/cell-phone/apple/iphone-13/unlocked/256gb/minor-damage,https://www.ocbuyback.com/sell/cell-phone/apple/iphone-13/unlocked/256gb/damaged
Apple,iPhone 13,512GB,AT&T,185.0,155.0,110.0,40.0,5.0,https://www.ocbuyback.com/sell/cell-phone/apple/iphone-13/at-t/512gb/like-new,https://www.ocbuyback.com/sell/cell-phone/apple/iphone-13/at-t/512gb/good-condition,https://www.ocbuyback.com/sell/cell-phone/apple/iphone-13/at-t/512gb/fair,https://www.ocbuyback.com/sell/cell-phone/apple/iphone-13/at-t/512gb/minor-damage,https://www.ocbuyback.com/sell/cell-phone/apple/iphone-13/at-t/512gb/damaged
Apple,iPhone 13,512GB,T-Mobile,150.0,130.0,90.0,35.0,5.0,https://www.ocbuyback.com/sell/cell-phone/apple/iphone-13/t-mobile/512gb/like-new,https://www.ocbuyback.com/sell/cell-phone/apple/iphone-13/t-mobile/512gb/good-condition,https://www.ocbuyback.com/sell/cell-phone/apple/iphone-13/t-mobile/512gb/fair,https://www.ocbuyback.com/sell/cell-phone/apple/iphone-13/t-mobile/512gb/minor-damage,https://www.ocbuyback.com/sell/cell-phone/apple/iphone-13/t-mobile/512gb/damaged
Apple,iPhone 13,512GB,Verizon,150.0,130.0,85.0,35.0,5.0,https://www.ocbuyback.com/sell/cell-phone/apple/iphone-13/verizon/512gb/like-new,https://www.ocbuyback.com/sell/cell-phone/apple/iphone-13/verizon/512gb/good-condition,https://www.ocbuyback.com/sell/cell-phone/apple/iphone-13/verizon/512gb/fair,https://www.ocbuyback.com/sell/cell-phone/apple/iphone-13/verizon/512gb/minor-damage,https://www.ocbuyback.com/sell/cell-phone/apple/iphone-13/verizon/512gb/damaged
Apple,iPhone 13,512GB,Unlocked,225.0,195.0,150.0,60.0,5.0,https://www.ocbuyback.com/sell/cell-phone/apple/iphone-13/unlocked/512gb/like-new,https://www.ocbuyback.com/sell/cell-phone/apple/iphone-13/unlocked/512gb/good-condition,https://www.ocbuyback.com/sell/cell-phone/apple/iphone-13/unlocked/512gb/fair,https://www.ocbuyback.com/sell/cell-phone/apple/iphone-13/unlocked/512gb/minor-damage,https://www.ocbuyback.com/sell/cell-phone/apple/iphone-13/unlocked/512gb/damaged
Apple,iPhone 13 Mini,128GB,AT&T,115.0,100.0,45.0,40.0,5.0,https://www.ocbuyback.com/sell/cell-phone/apple/iphone-13-mini/at-t/128gb/like-new,https://www.ocbuyback.com/sell/cell-phone/apple/iphone-13-mini/at-t/128gb/good-condition,https://www.ocbuyback.com/sell/cell-phone/apple/iphone-13-mini/at-t/128gb/fair,https://www.ocbuyback.com/sell/cell-phone/apple/iphone-13-mini/at-t/128gb/minor-damage,https://www.ocbuyback.com/sell/cell-phone/apple/iphone-13-mini/at-t/128gb/damaged
Apple,iPhone 13 Mini,128GB,T-Mobile,80.0,55.0,30.0,30.0,5.0,https://www.ocbuyback.com/sell/cell-phone/apple/iphone-13-mini/t-mobile/128gb/like-new,https://www.ocbuyback.com/sell/cell-phone/apple/iphone-13-mini/t-mobile/128gb/good-condition,https://www.ocbuyback.com/sell/cell-phone/apple/iphone-13-mini/t-mobile/128gb/fair,https://www.ocbuyback.com/sell/cell-phone/apple/iphone-13-mini/t-mobile/128gb/minor-damage,https://www.ocbuyback.com/sell/cell-phone/apple/iphone-13-mini/t-mobile/128gb/damaged
Apple,iPhone 13 Mini,128GB,Verizon,125.0,100.0,45.0,25.0,5.0,https://www.ocbuyback.com/sell/cell-phone/apple/iphone-13-mini/verizon/128gb/like-new,https://www.ocbuyback.com/sell/cell-phone/apple/iphone-13-mini/verizon/128gb/good-condition,https://www.ocbuyback.com/sell/cell-phone/apple/iphone-13-mini/verizon/128gb/fair,https://www.ocbuyback.com/sell/cell-phone/apple/iphone-13-mini/verizon/128gb/minor-damage,https://www.ocbuyback.com/sell/cell-phone/apple/iphone-13-mini/verizon/128gb/damaged
Apple,iPhone 13 Mini,128GB,Unlocked,155.0,140.0,85.0,50.0,5.0,https://www.ocbuyback.com/sell/cell-phone/apple/iphone-13-mini/unlocked/128gb/like-new,https://www.ocbuyback.com/sell/cell-phone/apple/iphone-13-mini/unlocked/128gb/good-condition,https://www.ocbuyback.com/sell/cell-phone/apple/iphone-13-mini/unlocked/128gb/fair,https://www.ocbuyback.com/sell/cell-phone/apple/iphone-13-mini/unlocked/128gb/minor-damage,https://www.ocbuyback.com/sell/cell-phone/apple/iphone-13-mini/unlocked/128gb/damaged
Apple,iPhone 13 Mini,256GB,AT&T,155.0,140.0,85.0,50.0,5.0,https://www.ocbuyback.com/sell/cell-phone/apple/iphone-13-mini/at-t/256gb/like-new,https://www.ocbuyback.com/sell/cell-phone/apple/iphone-13-mini/at-t/256gb/good-condition,https://www.ocbuyback.com/sell/cell-phone/apple/iphone-13-mini/at-t/256gb/fair,https://www.ocbuyback.com/sell/cell-phone/apple/iphone-13-mini/at-t/256gb/minor-damage,https://www.ocbuyback.com/sell/cell-phone/apple/iphone-13-mini/at-t/256gb/damaged
Apple,iPhone 13 Mini,256GB,T-Mobile,120.0,95.0,40.0,40.0,5.0,https://www.ocbuyback.com/sell/cell-phone/apple/iphone-13-mini/t-mobile/256gb/like-new,https://www.ocbuyback.com/sell/cell-phone/apple/iphone-13-mini/t-mobile/256gb/good-condition,https://www.ocbuyback.com/sell/cell-phone/apple/iphone-13-mini/t-mobile/256gb/fair,https://www.ocbuyback.com/sell/cell-phone/apple/iphone-13-mini/t-mobile/256gb/minor-damage,https://www.ocbuyback.com/sell/cell-phone/apple/iphone-13-mini/t-mobile/256gb/damaged
Apple,iPhone 13 Mini,256GB,Verizon,165.0,140.0,85.0,35.0,5.0,https://www.ocbuyback.com/sell/cell-phone/apple/iphone-13-mini/verizon/256gb/like-new,https://www.ocbuyback.com/sell/cell-phone/apple/iphone-13-mini/verizon/256gb/good-condition,https://www.ocbuyback.com/sell/cell-phone/apple/iphone-13-mini/verizon/256gb/fair,https://www.ocbuyback.com/sell/cell-phone/apple/iphone-13-mini/verizon/256gb/minor-damage,https://www.ocbuyback.com/sell/cell-phone/apple/iphone-13-mini/verizon/256gb/damaged
Apple,iPhone 13 Mini,256GB,Unlocked,195.0,180.0,125.0,60.0,5.0,https://www.ocbuyback.com/sell/cell-phone/apple/iphone-13-mini/unlocked/256gb/like-new,https://www.ocbuyback.com/sell/cell-phone/apple/iphone-13-mini/unlocked/256gb/good-condition,https://www.ocbuyback.com/sell/cell-phone/apple/iphone-13-mini/unlocked/256gb/fair,https://www.ocbuyback.com/sell/cell-phone/apple/iphone-13-mini/unlocked/256gb/minor-damage,https://www.ocbuyback.com/sell/cell-phone/apple/iphone-13-mini/unlocked/256gb/damaged
Apple,iPhone 13 Mini,512GB,AT&T,170.0,155.0,100.0,55.0,5.0,https://www.ocbuyback.com/sell/cell-phone/apple/iphone-13-mini/at-t/512gb/like-new,https://www.ocbuyback.com/sell/cell-phone/apple/iphone-13-mini/at-t/512gb/good-condition,https://www.ocbuyback.com/sell/cell-phone/apple/iphone-13-mini/at-t/512gb/fair,https://www.ocbuyback.com/sell/cell-phone/apple/iphone-13-mini/at-t/512gb/minor-damage,https://www.ocbuyback.com/sell/cell-phone/apple/iphone-13-mini/at-t/512gb/damaged
Apple,iPhone 13 Mini,512GB,T-Mobile,130.0,105.0,55.0,30.0,5.0,https://www.ocbuyback.com/sell/cell-phone/apple/iphone-13-mini/t-mobile/512gb/like-new,https://www.ocbuyback.com/sell/cell-phone/apple/iphone-13-mini/t-mobile/512gb/good-condition,https://www.ocbuyback.com/sell/cell-phone/apple/iphone-13-mini/t-mobile/512gb/fair,https://www.ocbuyback.com/sell/cell-phone/apple/iphone-13-mini/t-mobile/512gb/minor-damage,https://www.ocbuyback.com/sell/cell-phone/apple/iphone-13-mini/t-mobile/512gb/damaged
Apple,iPhone 13 Mini,512GB,Verizon,180.0,145.0,100.0,25.0,5.0,https://www.ocbuyback.com/sell/cell-phone/apple/iphone-13-mini/verizon/512gb/like-new,https://www.ocbuyback.com/sell/cell-phone/apple/iphone-13-mini/verizon/512gb/good-condition,https://www.ocbuyback.com/sell/cell-phone/apple/iphone-13-mini/verizon/512gb/fair,https://www.ocbuyback.com/sell/cell-phone/apple/iphone-13-mini/verizon/512gb/minor-damage,https://www.ocbuyback.com/sell/cell-phone/apple/iphone-13-mini/verizon/512gb/damaged
Apple,iPhone 13 Mini,512GB,Unlocked,210.0,195.0,140.0,65.0,5.0,https://www.ocbuyback.com/sell/cell-phone/apple/iphone-13-mini/unlocked/512gb/like-new,https://www.ocbuyback.com/sell/cell-phone/apple/iphone-13-mini/unlocked/512gb/good-condition,https://www.ocbuyback.com/sell/cell-phone/apple/iphone-13-mini/unlocked/512gb/fair,https://www.ocbuyback.com/sell/cell-phone/apple/iphone-13-mini/unlocked/512gb/minor-damage,https://www.ocbuyback.com/sell/cell-phone/apple/iphone-13-mini/unlocked/512gb/damaged
Apple,iPhone 13 Pro,128GB,AT&T,190.0,160.0,100.0,70.0,20.0,https://www.ocbuyback.com/sell/cell-phone/apple/iphone-13-pro/at-t/128gb/like-new,https://www.ocbuyback.com/sell/cell-phone/apple/iphone-13-pro/at-t/128gb/good-condition,https://www.ocbuyback.com/sell/cell-phone/apple/iphone-13-pro/at-t/128gb/fair,https://www.ocbuyback.com/sell/cell-phone/apple/iphone-13-pro/at-t/128gb/minor-damage,https://www.ocbuyback.com/sell/cell-phone/apple/iphone-13-pro/at-t/128gb/damaged
Apple,iPhone 13 Pro,128GB,T-Mobile,145.0,115.0,75.0,30.0,20.0,https://www.ocbuyback.com/sell/cell-phone/apple/iphone-13-pro/t-mobile/128gb/like-new,https://www.ocbuyback.com/sell/cell-phone/apple/iphone-13-pro/t-mobile/128gb/good-condition,https://www.ocbuyback.com/sell/cell-phone/apple/iphone-13-pro/t-mobile/128gb/fair,https://www.ocbuyback.com/sell/cell-phone/apple/iphone-13-pro/t-mobile/128gb/minor-damage,https://www.ocbuyback.com/sell/cell-phone/apple/iphone-13-pro/t-mobile/128gb/damaged
Apple,iPhone 13 Pro,128GB,Verizon,190.0,160.0,100.0,70.0,20.0,https://www.ocbuyback.com/sell/cell-phone/apple/iphone-13-pro/verizon/128gb/like-new,https://www.ocbuyback.com/sell/cell-phone/apple/iphone-13-pro/verizon/128gb/good-condition,https://www.ocbuyback.com/sell/cell-phone/apple/iphone-13-pro/verizon/128gb/fair,https://www.ocbuyback.com/sell/cell-phone/apple/iphone-13-pro/verizon/128gb/minor-damage,https://www.ocbuyback.com/sell/cell-phone/apple/iphone-13-pro/verizon/128gb/damaged
Apple,iPhone 13 Pro,128GB,Unlocked,250.0,220.0,150.0,90.0,20.0,https://www.ocbuyback.com/sell/cell-phone/apple/iphone-13-pro/unlocked/128gb/like-new,https://www.ocbuyback.com/sell/cell-phone/apple/iphone-13-pro/unlocked/128gb/good-condition,https://www.ocbuyback.com/sell/cell-phone/apple/iphone-13-pro/unlocked/128gb/fair,https://www.ocbuyback.com/sell/cell-phone/apple/iphone-13-pro/unlocked/128gb/minor-damage,https://www.ocbuyback.com/sell/cell-phone/apple/iphone-13-pro/unlocked/128gb/damaged
Apple,iPhone 13 Pro,256GB,AT&T,220.0,190.0,120.0,85.0,20.0,https://www.ocbuyback.com/sell/cell-phone/apple/iphone-13-pro/at-t/256gb/like-new,https://www.ocbuyback.com/sell/cell-phone/apple/iphone-13-pro/at-t/256gb/good-condition,https://www.ocbuyback.com/sell/cell-phone/apple/iphone-13-pro/at-t/256gb/fair,https://www.ocbuyback.com/sell/cell-phone/apple/iphone-13-pro/at-t/256gb/minor-damage,https://www.ocbuyback.com/sell/cell-phone/apple/iphone-13-pro/at-t/256gb/damaged
Apple,iPhone 13 Pro,256GB,T-Mobile,175.0,145.0,75.0,45.0,20.0,https://www.ocbuyback.com/sell/cell-phone/apple/iphone-13-pro/t-mobile/256gb/like-new,https://www.ocbuyback.com/sell/cell-phone/apple/iphone-13-pro/t-mobile/256gb/good-condition,https://www.ocbuyback.com/sell/cell-phone/apple/iphone-13-pro/t-mobile/256gb/fair,https://www.ocbuyback.com/sell/cell-phone/apple/iphone-13-pro/t-mobile/256gb/minor-damage,https://www.ocbuyback.com/sell/cell-phone/apple/iphone-13-pro/t-mobile/256gb/damaged
Apple,iPhone 13 Pro,256GB,Verizon,220.0,190.0,120.0,40.0,20.0,https://www.ocbuyback.com/sell/cell-phone/apple/iphone-13-pro/verizon/256gb/like-new,https://www.ocbuyback.com/sell/cell-phone/apple/iphone-13-pro/verizon/256gb/good-condition,https://www.ocbuyback.com/sell/cell-phone/apple/iphone-13-pro/verizon/256gb/fair,https://www.ocbuyback.com/sell/cell-phone/apple/iphone-13-pro/verizon/256gb/minor-damage,https://www.ocbuyback.com/sell/cell-phone/apple/iphone-13-pro/verizon/256gb/damaged
Apple,iPhone 13 Pro,256GB,Unlocked,280.0,250.0,175.0,105.0,20.0,https://www.ocbuyback.com/sell/cell-phone/apple/iphone-13-pro/unlocked/256gb/like-new,https://www.ocbuyback.com/sell/cell-phone/apple/iphone-13-pro/unlocked/256gb/good-condition,https://www.ocbuyback.com/sell/cell-phone/apple/iphone-13-pro/unlocked/256gb/fair,https://www.ocbuyback.com/sell/cell-phone/apple/iphone-13-pro/unlocked/256gb/minor-damage,https://www.ocbuyback.com/sell/cell-phone/apple/iphone-13-pro/unlocked/256gb/damaged
Apple,iPhone 13 Pro,512GB,AT&T,240.0,210.0,140.0,90.0,20.0,https://www.ocbuyback.com/sell/cell-phone/apple/iphone-13-pro/at-t/512gb/like-new,https://www.ocbuyback.com/sell/cell-phone/apple/iphone-13-pro/at-t/512gb/good-condition,https://www.ocbuyback.com/sell/cell-phone/apple/iphone-13-pro/at-t/512gb/fair,https://www.ocbuyback.com/sell/cell-phone/apple/iphone-13-pro/at-t/512gb/minor-damage,https://www.ocbuyback.com/sell/cell-phone/apple/iphone-13-pro/at-t/512gb/damaged
Apple,iPhone 13 Pro,512GB,T-Mobile,195.0,175.0,95.0,50.0,,https://www.ocbuyback.com/sell/cell-phone/apple/iphone-13-pro/t-mobile/512gb/like-new,https://www.ocbuyback.com/sell/cell-phone/apple/iphone-13-pro/t-mobile/512gb/good-condition,https://www.ocbuyback.com/sell/cell-phone/apple/iphone-13-pro/t-mobile/512gb/fair,https://www.ocbuyback.com/sell/cell-phone/apple/iphone-13-pro/t-mobile/512gb/minor-damage,https://www.ocbuyback.com/sell/cell-phone/apple/iphone-13-pro/t-mobile/512gb/damaged
Apple,iPhone 13 Pro,512GB,Verizon,240.0,210.0,140.0,45.0,20.0,https://www.ocbuyback.com/sell/cell-phone/apple/iphone-13-pro/verizon/512gb/like-new,https://www.ocbuyback.com/sell/cell-phone/apple/iphone-13-pro/verizon/512gb/good-condition,https://www.ocbuyback.com/sell/cell-phone/apple/iphone-13-pro/verizon/512gb/fair,https://www.ocbuyback.com/sell/cell-phone/apple/iphone-13-pro/verizon/512gb/minor-damage,https://www.ocbuyback.com/sell/cell-phone/apple/iphone-13-pro/verizon/512gb/damaged
Apple,iPhone 13 Pro,512GB,Unlocked,300.0,270.0,195.0,110.0,20.0,https://www.ocbuyback.com/sell/cell-phone/apple/iphone-13-pro/unlocked/512gb/like-new,https://www.ocbuyback.com/sell/cell-phone/apple/iphone-13-pro/unlocked/512gb/good-condition,https://www.ocbuyback.com/sell/cell-phone/apple/iphone-13-pro/unlocked/512gb/fair,https://www.ocbuyback.com/sell/cell-phone/apple/iphone-13-pro/unlocked/512gb/minor-damage,https://www.ocbuyback.com/sell/cell-phone/apple/iphone-13-pro/unlocked/512gb/damaged
Apple,iPhone 13 Pro,1TB,AT&T,250.0,220.0,150.0,100.0,20.0,https://www.ocbuyback.com/sell/cell-phone/apple/iphone-13-pro/at-t/1tb/like-new,https://www.ocbuyback.com/sell/cell-phone/apple/iphone-13-pro/at-t/1tb/good-condition,https://www.ocbuyback.com/sell/cell-phone/apple/iphone-13-pro/at-t/1tb/fair,https://www.ocbuyback.com/sell/cell-phone/apple/iphone-13-pro/at-t/1tb/minor-damage,https://www.ocbuyback.com/sell/cell-phone/apple/iphone-13-pro/at-t/1tb/damaged
Apple,iPhone 13 Pro,1TB,T-Mobile,205.0,175.0,105.0,60.0,20.0,https://www.ocbuyback.com/sell/cell-phone/apple/iphone-13-pro/t-mobile/1tb/like-new,https://www.ocbuyback.com/sell/cell-phone/apple/iphone-13-pro/t-mobile/1tb/good-condition,https://www.ocbuyback.com/sell/cell-phone/apple/iphone-13-pro/t-mobile/1tb/fair,https://www.ocbuyback.com/sell/cell-phone/apple/iphone-13-pro/t-mobile/1tb/minor-damage,https://www.ocbuyback.com/sell/cell-phone/apple/iphone-13-pro/t-mobile/1tb/damaged
Apple,iPhone 13 Pro,1TB,Verizon,250.0,220.0,150.0,55.0,20.0,https://www.ocbuyback.com/sell/cell-phone/apple/iphone-13-pro/verizon/1tb/like-new,https://www.ocbuyback.com/sell/cell-phone/apple/iphone-13-pro/verizon/1tb/good-condition,https://www.ocbuyback.com/sell/cell-phone/apple/iphone-13-pro/verizon/1tb/fair,https://www.ocbuyback.com/sell/cell-phone/apple/iphone-13-pro/verizon/1tb/minor-damage,https://www.ocbuyback.com/sell/cell-phone/apple/iphone-13-pro/verizon/1tb/damaged
Apple,iPhone 13 Pro,1TB,Unlocked,310.0,280.0,210.0,120.0,20.0,https://www.ocbuyback.com/sell/cell-phone/apple/iphone-13-pro/unlocked/1tb/like-new,https://www.ocbuyback.com/sell/cell-phone/apple/iphone-13-pro/unlocked/1tb/good-condition,https://www.ocbuyback.com/sell/cell-phone/apple/iphone-13-pro/unlocked/1tb/fair,https://www.ocbuyback.com/sell/cell-phone/apple/iphone-13-pro/unlocked/1tb/minor-damage,https://www.ocbuyback.com/sell/cell-phone/apple/iphone-13-pro/unlocked/1tb/damaged
Apple,iPhone 13 Pro Max,128GB,AT&T,245.0,215.0,135.0,85.0,20.0,https://www.ocbuyback.com/sell/cell-phone/apple/iphone-13-pro-max/at-t/128gb/like-new,https://www.ocbuyback.com/sell/cell-phone/apple/iphone-13-pro-max/at-t/128gb/good-condition,https://www.ocbuyback.com/sell/cell-phone/apple/iphone-13-pro-max/at-t/128gb/fair,https://www.ocbuyback.com/sell/cell-phone/apple/iphone-13-pro-max/at-t/128gb/minor-damage,https://www.ocbuyback.com/sell/cell-phone/apple/iphone-13-pro-max/at-t/128gb/damaged
Apple,iPhone 13 Pro Max,128GB,T-Mobile,215.0,190.0,95.0,60.0,20.0,https://www.ocbuyback.com/sell/cell-phone/apple/iphone-13-pro-max/t-mobile/128gb/like-new,https://www.ocbuyback.com/sell/cell-phone/apple/iphone-13-pro-max/t-mobile/128gb/good-condition,https://www.ocbuyback.com/sell/cell-phone/apple/iphone-13-pro-max/t-mobile/128gb/fair,https://www.ocbuyback.com/sell/cell-phone/apple/iphone-13-pro-max/t-mobile/128gb/minor-damage,https://www.ocbuyback.com/sell/cell-phone/apple/iphone-13-pro-max/t-mobile/128gb/damaged
Apple,iPhone 13 Pro Max,128GB,Verizon,205.0,180.0,85.0,50.0,20.0,https://www.ocbuyback.com/sell/cell-phone/apple/iphone-13-pro-max/verizon/128gb/like-new,https://www.ocbuyback.com/sell/cell-phone/apple/iphone-13-pro-max/verizon/128gb/good-condition,https://www.ocbuyback.com/sell/cell-phone/apple/iphone-13-pro-max/verizon/128gb/fair,https://www.ocbuyback.com/sell/cell-phone/apple/iphone-13-pro-max/verizon/128gb/minor-damage,https://www.ocbuyback.com/sell/cell-phone/apple/iphone-13-pro-max/verizon/128gb/damaged
Apple,iPhone 13 Pro Max,128GB,Unlocked,285.0,255.0,175.0,95.0,20.0,https://www.ocbuyback.com/sell/cell-phone/apple/iphone-13-pro-max/unlocked/128gb/like-new,https://www.ocbuyback.com/sell/cell-phone/apple/iphone-13-pro-max/unlocked/128gb/good-condition,https://www.ocbuyback.com/sell/cell-phone/apple/iphone-13-pro-max/unlocked/128gb/fair,https://www.ocbuyback.com/sell/cell-phone/apple/iphone-13-pro-max/unlocked/128gb/minor-damage,https://www.ocbuyback.com/sell/cell-phone/apple/iphone-13-pro-max/unlocked/128gb/damaged
Apple,iPhone 13 Pro Max,256GB,AT&T,295.0,255.0,180.0,90.0,20.0,https://www.ocbuyback.com/sell/cell-phone/apple/iphone-13-pro-max/at-t/256gb/like-new,https://www.ocbuyback.com/sell/cell-phone/apple/iphone-13-pro-max/at-t/256gb/good-condition,https://www.ocbuyback.com/sell/cell-phone/apple/iphone-13-pro-max/at-t/256gb/fair,https://www.ocbuyback.com/sell/cell-phone/apple/iphone-13-pro-max/at-t/256gb/minor-damage,https://www.ocbuyback.com/sell/cell-phone/apple/iphone-13-pro-max/at-t/256gb/damaged
Apple,iPhone 13 Pro Max,256GB,T-Mobile,255.0,230.0,145.0,70.0,20.0,https://www.ocbuyback.com/sell/cell-phone/apple/iphone-13-pro-max/t-mobile/256gb/like-new,https://www.ocbuyback.com/sell/cell-phone/apple/iphone-13-pro-max/t-mobile/256gb/good-condition,https://www.ocbuyback.com/sell/cell-phone/apple/iphone-13-pro-max/t-mobile/256gb/fair,https://www.ocbuyback.com/sell/cell-phone/apple/iphone-13-pro-max/t-mobile/256gb/minor-damage,https://www.ocbuyback.com/sell/cell-phone/apple/iphone-13-pro-max/t-mobile/256gb/damaged
Apple,iPhone 13 Pro Max,256GB,Verizon,245.0,220.0,125.0,55.0,20.0,https://www.ocbuyback.com/sell/cell-phone/apple/iphone-13-pro-max/verizon/256gb/like-new,https://www.ocbuyback.com/sell/cell-phone/apple/iphone-13-pro-max/verizon/256gb/good-condition,https://www.ocbuyback.com/sell/cell-phone/apple/iphone-13-pro-max/verizon/256gb/fair,https://www.ocbuyback.com/sell/cell-phone/apple/iphone-13-pro-max/verizon/256gb/minor-damage,https://www.ocbuyback.com/sell/cell-phone/apple/iphone-13-pro-max/verizon/256gb/damaged
Apple,iPhone 13 Pro Max,256GB,Unlocked,340.0,305.0,220.0,100.0,20.0,https://www.ocbuyback.com/sell/cell-phone/apple/iphone-13-pro-max/unlocked/256gb/like-new,https://www.ocbuyback.com/sell/cell-phone/apple/iphone-13-pro-max/unlocked/256gb/good-condition,https://www.ocbuyback.com/sell/cell-phone/apple/iphone-13-pro-max/unlocked/256gb/fair,https://www.ocbuyback.com/sell/cell-phone/apple/iphone-13-pro-max/unlocked/256gb/minor-damage,https://www.ocbuyback.com/sell/cell-phone/apple/iphone-13-pro-max/unlocked/256gb/damaged
Apple,iPhone 13 Pro Max,512GB,AT&T,300.0,260.0,190.0,95.0,20.0,https://www.ocbuyback.com/sell/cell-phone/apple/iphone-13-pro-max/at-t/512gb/like-new,https://www.ocbuyback.com/sell/cell-phone/apple/iphone-13-pro-max/at-t/512gb/good-condition,https://www.ocbuyback.com/sell/cell-phone/apple/iphone-13-pro-max/at-t/512gb/fair,https://www.ocbuyback.com/sell/cell-phone/apple/iphone-13-pro-max/at-t/512gb/minor-damage,https://www.ocbuyback.com/sell/cell-phone/apple/iphone-13-pro-max/at-t/512gb/damaged
Apple,iPhone 13 Pro Max,512GB,T-Mobile,260.0,235.0,150.0,60.0,20.0,https://www.ocbuyback.com/sell/cell-phone/apple/iphone-13-pro-max/t-mobile/512gb/like-new,https://www.ocbuyback.com/sell/cell-phone/apple/iphone-13-pro-max/t-mobile/512gb/good-condition,https://www.ocbuyback.com/sell/cell-phone/apple/iphone-13-pro-max/t-mobile/512gb/fair,https://www.ocbuyback.com/sell/cell-phone/apple/iphone-13-pro-max/t-mobile/512gb/minor-damage,https://www.ocbuyback.com/sell/cell-phone/apple/iphone-13-pro-max/t-mobile/512gb/damaged
Apple,iPhone 13 Pro Max,512GB,Verizon,260.0,235.0,150.0,60.0,20.0,https://www.ocbuyback.com/sell/cell-phone/apple/iphone-13-pro-max/verizon/512gb/like-new,https://www.ocbuyback.com/sell/cell-phone/apple/iphone-13-pro-max/verizon/512gb/good-condition,https://www.ocbuyback.com/sell/cell-phone/apple/iphone-13-pro-max/verizon/512gb/fair,https://www.ocbuyback.com/sell/cell-phone/apple/iphone-13-pro-max/verizon/512gb/minor-damage,https://www.ocbuyback.com/sell/cell-phone/apple/iphone-13-pro-max/verizon/512gb/damaged
Apple,iPhone 13 Pro Max,512GB,Unlocked,350.0,310.0,230.0,105.0,20.0,https://www.ocbuyback.com/sell/cell-phone/apple/iphone-13-pro-max/unlocked/512gb/like-new,https://www.ocbuyback.com/sell/cell-phone/apple/iphone-13-pro-max/unlocked/512gb/good-condition,https://www.ocbuyback.com/sell/cell-phone/apple/iphone-13-pro-max/unlocked/512gb/fair,https://www.ocbuyback.com/sell/cell-phone/apple/iphone-13-pro-max/unlocked/512gb/minor-damage,https://www.ocbuyback.com/sell/cell-phone/apple/iphone-13-pro-max/unlocked/512gb/damaged
Apple,iPhone 13 Pro Max,1TB,AT&T,325.0,285.0,205.0,100.0,20.0,https://www.ocbuyback.com/sell/cell-phone/apple/iphone-13-pro-max/at-t/1tb/like-new,https://www.ocbuyback.com/sell/cell-phone/apple/iphone-13-pro-max/at-t/1tb/good-condition,https://www.ocbuyback.com/sell/cell-phone/apple/iphone-13-pro-max/at-t/1tb/fair,https://www.ocbuyback.com/sell/cell-phone/apple/iphone-13-pro-max/at-t/1tb/minor-damage,https://www.ocbuyback.com/sell/cell-phone/apple/iphone-13-pro-max/at-t/1tb/damaged
Apple,iPhone 13 Pro Max,1TB,T-Mobile,295.0,265.0,175.0,80.0,20.0,https://www.ocbuyback.com/sell/cell-phone/apple/iphone-13-pro-max/t-mobile/1tb/like-new,https://www.ocbuyback.com/sell/cell-phone/apple/iphone-13-pro-max/t-mobile/1tb/good-condition,https://www.ocbuyback.com/sell/cell-phone/apple/iphone-13-pro-max/t-mobile/1tb/fair,https://www.ocbuyback.com/sell/cell-phone/apple/iphone-13-pro-max/t-mobile/1tb/minor-damage,https://www.ocbuyback.com/sell/cell-phone/apple/iphone-13-pro-max/t-mobile/1tb/damaged
Apple,iPhone 13 Pro Max,1TB,Verizon,295.0,265.0,175.0,80.0,20.0,https://www.ocbuyback.com/sell/cell-phone/apple/iphone-13-pro-max/verizon/1tb/like-new,https://www.ocbuyback.com/sell/cell-phone/apple/iphone-13-pro-max/verizon/1tb/good-condition,https://www.ocbuyback.com/sell/cell-phone/apple/iphone-13-pro-max/verizon/1tb/fair,https://www.ocbuyback.com/sell/cell-phone/apple/iphone-13-pro-max/verizon/1tb/minor-damage,https://www.ocbuyback.com/sell/cell-phone/apple/iphone-13-pro-max/verizon/1tb/damaged
Apple,iPhone 13 Pro Max,1TB,Unlocked,375.0,335.0,245.0,110.0,20.0,https://www.ocbuyback.com/sell/cell-phone/apple/iphone-13-pro-max/unlocked/1tb/like-new,https://www.ocbuyback.com/sell/cell-phone/apple/iphone-13-pro-max/unlocked/1tb/good-condition,https://www.ocbuyback.com/sell/cell-phone/apple/iphone-13-pro-max/unlocked/1tb/fair,https://www.ocbuyback.com/sell/cell-phone/apple/iphone-13-pro-max/unlocked/1tb/minor-damage,https://www.ocbuyback.com/sell/cell-phone/apple/iphone-13-pro-max/unlocked/1tb/damaged
Apple,iPhone SE 3rd Gen (2022),64GB,AT&T,55.0,40.0,15.0,15.0,5.0,https://www.ocbuyback.com/sell/cell-phone/apple/iphone-se-3rd-gen-2022/at-t/64gb/like-new,https://www.ocbuyback.com/sell/cell-phone/apple/iphone-se-3rd-gen-2022/at-t/64gb/good-condition,https://www.ocbuyback.com/sell/cell-phone/apple/iphone-se-3rd-gen-2022/at-t/64gb/fair,https://www.ocbuyback.com/sell/cell-phone/apple/iphone-se-3rd-gen-2022/at-t/64gb/minor-damage,https://www.ocbuyback.com/sell/cell-phone/apple/iphone-se-3rd-gen-2022/at-t/64gb/damaged
Apple,iPhone SE 3rd Gen (2022),64GB,T-Mobile,35.0,20.0,10.0,10.0,5.0,https://www.ocbuyback.com/sell/cell-phone/apple/iphone-se-3rd-gen-2022/t-mobile/64gb/like-new,https://www.ocbuyback.com/sell/cell-phone/apple/iphone-se-3rd-gen-2022/t-mobile/64gb/good-condition,https://www.ocbuyback.com/sell/cell-phone/apple/iphone-se-3rd-gen-2022/t-mobile/64gb/fair,https://www.ocbuyback.com/sell/cell-phone/apple/iphone-se-3rd-gen-2022/t-mobile/64gb/minor-damage,https://www.ocbuyback.com/sell/cell-phone/apple/iphone-se-3rd-gen-2022/t-mobile/64gb/damaged
Apple,iPhone SE 3rd Gen (2022),64GB,Verizon,65.0,50.0,25.0,15.0,5.0,https://www.ocbuyback.com/sell/cell-phone/apple/iphone-se-3rd-gen-2022/verizon/64gb/like-new,https://www.ocbuyback.com/sell/cell-phone/apple/iphone-se-3rd-gen-2022/verizon/64gb/good-condition,https://www.ocbuyback.com/sell/cell-phone/apple/iphone-se-3rd-gen-2022/verizon/64gb/fair,https://www.ocbuyback.com/sell/cell-phone/apple/iphone-se-3rd-gen-2022/verizon/64gb/minor-damage,https://www.ocbuyback.com/sell/cell-phone/apple/iphone-se-3rd-gen-2022/verizon/64gb/damaged
Apple,iPhone SE 3rd Gen (2022),64GB,Unlocked,65.0,50.0,25.0,15.0,5.0,https://www.ocbuyback.com/sell/cell-phone/apple/iphone-se-3rd-gen-2022/unlocked/64gb/like-new,https://www.ocbuyback.com/sell/cell-phone/apple/iphone-se-3rd-gen-2022/unlocked/64gb/good-condition,https://www.ocbuyback.com/sell/cell-phone/apple/iphone-se-3rd-gen-2022/unlocked/64gb/fair,https://www.ocbuyback.com/sell/cell-phone/apple/iphone-se-3rd-gen-2022/unlocked/64gb/minor-damage,https://www.ocbuyback.com/sell/cell-phone/apple/iphone-se-3rd-gen-2022/unlocked/64gb/damaged
Apple,iPhone SE 3rd Gen (2022),128GB,AT&T,80.0,65.0,40.0,16.0,5.0,https://www.ocbuyback.com/sell/cell-phone/apple/iphone-se-3rd-gen-2022/at-t/128gb/like-new,https://www.ocbuyback.com/sell/cell-phone/apple/iphone-se-3rd-gen-2022/at-t/128gb/good-condition,https://www.ocbuyback.com/sell/cell-phone/apple/iphone-se-3rd-gen-2022/at-t/128gb/fair,https://www.ocbuyback.com/sell/cell-phone/apple/iphone-se-3rd-gen-2022/at-t/128gb/minor-damage,https://www.ocbuyback.com/sell/cell-phone/apple/iphone-se-3rd-gen-2022/at-t/128gb/damaged
Apple,iPhone SE 3rd Gen (2022),128GB,T-Mobile,60.0,45.0,20.0,11.0,5.0,https://www.ocbuyback.com/sell/cell-phone/apple/iphone-se-3rd-gen-2022/t-mobile/128gb/like-new,https://www.ocbuyback.com/sell/cell-phone/apple/iphone-se-3rd-gen-2022/t-mobile/128gb/good-condition,https://www.ocbuyback.com/sell/cell-phone/apple/iphone-se-3rd-gen-2022/t-mobile/128gb/fair,https://www.ocbuyback.com/sell/cell-phone/apple/iphone-se-3rd-gen-2022/t-mobile/128gb/minor-damage,https://www.ocbuyback.com/sell/cell-phone/apple/iphone-se-3rd-gen-2022/t-mobile/128gb/damaged
Apple,iPhone SE 3rd Gen (2022),128GB,Verizon,90.0,75.0,50.0,16.0,5.0,https://www.ocbuyback.com/sell/cell-phone/apple/iphone-se-3rd-gen-2022/verizon/128gb/like-new,https://www.ocbuyback.com/sell/cell-phone/apple/iphone-se-3rd-gen-2022/verizon/128gb/good-condition,https://www.ocbuyback.com/sell/cell-phone/apple/iphone-se-3rd-gen-2022/verizon/128gb/fair,https://www.ocbuyback.com/sell/cell-phone/apple/iphone-se-3rd-gen-2022/verizon/128gb/minor-damage,https://www.ocbuyback.com/sell/cell-phone/apple/iphone-se-3rd-gen-2022/verizon/128gb/damaged
Apple,iPhone SE 3rd Gen (2022),128GB,Unlocked,90.0,75.0,50.0,16.0,5.0,https://www.ocbuyback.com/sell/cell-phone/apple/iphone-se-3rd-gen-2022/unlocked/128gb/like-new,https://www.ocbuyback.com/sell/cell-phone/apple/iphone-se-3rd-gen-2022/unlocked/128gb/good-condition,https://www.ocbuyback.com/sell/cell-phone/apple/iphone-se-3rd-gen-2022/unlocked/128gb/fair,https://www.ocbuyback.com/sell/cell-phone/apple/iphone-se-3rd-gen-2022/unlocked/128gb/minor-damage,https://www.ocbuyback.com/sell/cell-phone/apple/iphone-se-3rd-gen-2022/unlocked/128gb/damaged
Apple,iPhone SE 3rd Gen (2022),256GB,AT&T,90.0,75.0,50.0,17.0,5.0,https://www.ocbuyback.com/sell/cell-phone/apple/iphone-se-3rd-gen-2022/at-t/256gb/like-new,https://www.ocbuyback.com/sell/cell-phone/apple/iphone-se-3rd-gen-2022/at-t/256gb/good-condition,https://www.ocbuyback.com/sell/cell-phone/apple/iphone-se-3rd-gen-2022/at-t/256gb/fair,https://www.ocbuyback.com/sell/cell-phone/apple/iphone-se-3rd-gen-2022/at-t/256gb/minor-damage,https://www.ocbuyback.com/sell/cell-phone/apple/iphone-se-3rd-gen-2022/at-t/256gb/damaged
Apple,iPhone SE 3rd Gen (2022),256GB,T-Mobile,70.0,55.0,30.0,12.0,5.0,https://www.ocbuyback.com/sell/cell-phone/apple/iphone-se-3rd-gen-2022/t-mobile/256gb/like-new,https://www.ocbuyback.com/sell/cell-phone/apple/iphone-se-3rd-gen-2022/t-mobile/256gb/good-condition,https://www.ocbuyback.com/sell/cell-phone/apple/iphone-se-3rd-gen-2022/t-mobile/256gb/fair,https://www.ocbuyback.com/sell/cell-phone/apple/iphone-se-3rd-gen-2022/t-mobile/256gb/minor-damage,https://www.ocbuyback.com/sell/cell-phone/apple/iphone-se-3rd-gen-2022/t-mobile/256gb/damaged
Apple,iPhone SE 3rd Gen (2022),256GB,Verizon,100.0,85.0,60.0,17.0,5.0,https://www.ocbuyback.com/sell/cell-phone/apple/iphone-se-3rd-gen-2022/verizon/256gb/like-new,https://www.ocbuyback.com/sell/cell-phone/apple/iphone-se-3rd-gen-2022/verizon/256gb/good-condition,https://www.ocbuyback.com/sell/cell-phone/apple/iphone-se-3rd-gen-2022/verizon/256gb/fair,https://www.ocbuyback.com/sell/cell-phone/apple/iphone-se-3rd-gen-2022/verizon/256gb/minor-damage,https://www.ocbuyback.com/sell/cell-phone/apple/iphone-se-3rd-gen-2022/verizon/256gb/damaged
Apple,iPhone SE 3rd Gen (2022),256GB,Unlocked,100.0,85.0,60.0,17.0,5.0,https://www.ocbuyback.com/sell/cell-phone/apple/iphone-se-3rd-gen-2022/unlocked/256gb/like-new,https://www.ocbuyback.com/sell/cell-phone/apple/iphone-se-3rd-gen-2022/unlocked/256gb/good-condition,https://www.ocbuyback.com/sell/cell-phone/apple/iphone-se-3rd-gen-2022/unlocked/256gb/fair,https://www.ocbuyback.com/sell/cell-phone/apple/iphone-se-3rd-gen-2022/unlocked/256gb/minor-damage,https://www.ocbuyback.com/sell/cell-phone/apple/iphone-se-3rd-gen-2022/unlocked/256gb/damaged
Apple,iPhone 14,128GB,AT&T,145.0,125.0,75.0,45.0,10.0,https://www.ocbuyback.com/sell/cell-phone/apple/iphone-14/at-t/128gb/like-new,https://www.ocbuyback.com/sell/cell-phone/apple/iphone-14/at-t/128gb/good-condition,https://www.ocbuyback.com/sell/cell-phone/apple/iphone-14/at-t/128gb/fair,https://www.ocbuyback.com/sell/cell-phone/apple/iphone-14/at-t/128gb/minor-damage,https://www.ocbuyback.com/sell/cell-phone/apple/iphone-14/at-t/128gb/damaged
Apple,iPhone 14,128GB,T-Mobile,105.0,85.0,45.0,35.0,,https://www.ocbuyback.com/sell/cell-phone/apple/iphone-14/t-mobile/128gb/like-new,https://www.ocbuyback.com/sell/cell-phone/apple/iphone-14/t-mobile/128gb/good-condition,https://www.ocbuyback.com/sell/cell-phone/apple/iphone-14/t-mobile/128gb/fair,https://www.ocbuyback.com/sell/cell-phone/apple/iphone-14/t-mobile/128gb/minor-damage,https://www.ocbuyback.com/sell/cell-phone/apple/iphone-14/t-mobile/128gb/damaged
Apple,iPhone 14,128GB,Verizon,110.0,90.0,40.0,30.0,10.0,https://www.ocbuyback.com/sell/cell-phone/apple/iphone-14/verizon/128gb/like-new,https://www.ocbuyback.com/sell/cell-phone/apple/iphone-14/verizon/128gb/good-condition,https://www.ocbuyback.com/sell/cell-phone/apple/iphone-14/verizon/128gb/fair,https://www.ocbuyback.com/sell/cell-phone/apple/iphone-14/verizon/128gb/minor-damage,https://www.ocbuyback.com/sell/cell-phone/apple/iphone-14/verizon/128gb/damaged
Apple,iPhone 14,128GB,Unlocked,185.0,165.0,115.0,60.0,10.0,https://www.ocbuyback.com/sell/cell-phone/apple/iphone-14/unlocked/128gb/like-new,https://www.ocbuyback.com/sell/cell-phone/apple/iphone-14/unlocked/128gb/good-condition,https://www.ocbuyback.com/sell/cell-phone/apple/iphone-14/unlocked/128gb/fair,https://www.ocbuyback.com/sell/cell-phone/apple/iphone-14/unlocked/128gb/minor-damage,https://www.ocbuyback.com/sell/cell-phone/apple/iphone-14/unlocked/128gb/damaged
Apple,iPhone 14,256GB,AT&T,180.0,160.0,110.0,50.0,10.0,https://www.ocbuyback.com/sell/cell-phone/apple/iphone-14/at-t/256gb/like-new,https://www.ocbuyback.com/sell/cell-phone/apple/iphone-14/at-t/256gb/good-condition,https://www.ocbuyback.com/sell/cell-phone/apple/iphone-14/at-t/256gb/fair,https://www.ocbuyback.com/sell/cell-phone/apple/iphone-14/at-t/256gb/minor-damage,https://www.ocbuyback.com/sell/cell-phone/apple/iphone-14/at-t/256gb/damaged
Apple,iPhone 14,256GB,T-Mobile,140.0,120.0,70.0,50.0,10.0,https://www.ocbuyback.com/sell/cell-phone/apple/iphone-14/t-mobile/256gb/like-new,https://www.ocbuyback.com/sell/cell-phone/apple/iphone-14/t-mobile/256gb/good-condition,https://www.ocbuyback.com/sell/cell-phone/apple/iphone-14/t-mobile/256gb/fair,https://www.ocbuyback.com/sell/cell-phone/apple/iphone-14/t-mobile/256gb/minor-damage,https://www.ocbuyback.com/sell/cell-phone/apple/iphone-14/t-mobile/256gb/damaged
Apple,iPhone 14,256GB,Verizon,145.0,125.0,75.0,35.0,10.0,https://www.ocbuyback.com/sell/cell-phone/apple/iphone-14/verizon/256gb/like-new,https://www.ocbuyback.com/sell/cell-phone/apple/iphone-14/verizon/256gb/good-condition,https://www.ocbuyback.com/sell/cell-phone/apple/iphone-14/verizon/256gb/fair,https://www.ocbuyback.com/sell/cell-phone/apple/iphone-14/verizon/256gb/minor-damage,https://www.ocbuyback.com/sell/cell-phone/apple/iphone-14/verizon/256gb/damaged
Apple,iPhone 14,256GB,Unlocked,220.0,200.0,150.0,65.0,10.0,https://www.ocbuyback.com/sell/cell-phone/apple/iphone-14/unlocked/256gb/like-new,https://www.ocbuyback.com/sell/cell-phone/apple/iphone-14/unlocked/256gb/good-condition,https://www.ocbuyback.com/sell/cell-phone/apple/iphone-14/unlocked/256gb/fair,https://www.ocbuyback.com/sell/cell-phone/apple/iphone-14/unlocked/256gb/minor-damage,https://www.ocbuyback.com/sell/cell-phone/apple/iphone-14/unlocked/256gb/damaged
Apple,iPhone 14,512GB,AT&T,255.0,235.0,185.0,52.0,10.0,https://www.ocbuyback.com/sell/cell-phone/apple/iphone-14/at-t/512gb/like-new,https://www.ocbuyback.com/sell/cell-phone/apple/iphone-14/at-t/512gb/good-condition,https://www.ocbuyback.com/sell/cell-phone/apple/iphone-14/at-t/512gb/fair,https://www.ocbuyback.com/sell/cell-phone/apple/iphone-14/at-t/512gb/minor-damage,https://www.ocbuyback.com/sell/cell-phone/apple/iphone-14/at-t/512gb/damaged
Apple,iPhone 14,512GB,T-Mobile,215.0,195.0,145.0,52.0,10.0,https://www.ocbuyback.com/sell/cell-phone/apple/iphone-14/t-mobile/512gb/like-new,https://www.ocbuyback.com/sell/cell-phone/apple/iphone-14/t-mobile/512gb/good-condition,https://www.ocbuyback.com/sell/cell-phone/apple/iphone-14/t-mobile/512gb/fair,https://www.ocbuyback.com/sell/cell-phone/apple/iphone-14/t-mobile/512gb/minor-damage,https://www.ocbuyback.com/sell/cell-phone/apple/iphone-14/t-mobile/512gb/damaged
Apple,iPhone 14,512GB,Verizon,220.0,200.0,150.0,37.0,10.0,https://www.ocbuyback.com/sell/cell-phone/apple/iphone-14/verizon/512gb/like-new,https://www.ocbuyback.com/sell/cell-phone/apple/iphone-14/verizon/512gb/good-condition,https://www.ocbuyback.com/sell/cell-phone/apple/iphone-14/verizon/512gb/fair,https://www.ocbuyback.com/sell/cell-phone/apple/iphone-14/verizon/512gb/minor-damage,https://www.ocbuyback.com/sell/cell-phone/apple/iphone-14/verizon/512gb/damaged
Apple,iPhone 14,512GB,Unlocked,295.0,275.0,225.0,67.0,10.0,https://www.ocbuyback.com/sell/cell-phone/apple/iphone-14/unlocked/512gb/like-new,https://www.ocbuyback.com/sell/cell-phone/apple/iphone-14/unlocked/512gb/good-condition,https://www.ocbuyback.com/sell/cell-phone/apple/iphone-14/unlocked/512gb/fair,https://www.ocbuyback.com/sell/cell-phone/apple/iphone-14/unlocked/512gb/minor-damage,https://www.ocbuyback.com/sell/cell-phone/apple/iphone-14/unlocked/512gb/damaged
Apple,iPhone 14 Plus,128GB,AT&T,210.0,160.0,110.0,45.0,20.0,https://www.ocbuyback.com/sell/cell-phone/apple/iphone-14-plus/at-t/128gb/like-new,https://www.ocbuyback.com/sell/cell-phone/apple/iphone-14-plus/at-t/128gb/good-condition,https://www.ocbuyback.com/sell/cell-phone/apple/iphone-14-plus/at-t/128gb/fair,https://www.ocbuyback.com/sell/cell-phone/apple/iphone-14-plus/at-t/128gb/minor-damage,https://www.ocbuyback.com/sell/cell-phone/apple/iphone-14-plus/at-t/128gb/damaged
Apple,iPhone 14 Plus,128GB,T-Mobile,180.0,130.0,80.0,45.0,20.0,https://www.ocbuyback.com/sell/cell-phone/apple/iphone-14-plus/t-mobile/128gb/like-new,https://www.ocbuyback.com/sell/cell-phone/apple/iphone-14-plus/t-mobile/128gb/good-condition,https://www.ocbuyback.com/sell/cell-phone/apple/iphone-14-plus/t-mobile/128gb/fair,https://www.ocbuyback.com/sell/cell-phone/apple/iphone-14-plus/t-mobile/128gb/minor-damage,https://www.ocbuyback.com/sell/cell-phone/apple/iphone-14-plus/t-mobile/128gb/damaged
Apple,iPhone 14 Plus,128GB,Verizon,185.0,145.0,90.0,45.0,20.0,https://www.ocbuyback.com/sell/cell-phone/apple/iphone-14-plus/verizon/128gb/like-new,https://www.ocbuyback.com/sell/cell-phone/apple/iphone-14-plus/verizon/128gb/good-condition,https://www.ocbuyback.com/sell/cell-phone/apple/iphone-14-plus/verizon/128gb/fair,https://www.ocbuyback.com/sell/cell-phone/apple/iphone-14-plus/verizon/128gb/minor-damage,https://www.ocbuyback.com/sell/cell-phone/apple/iphone-14-plus/verizon/128gb/damaged
Apple,iPhone 14 Plus,128GB,Other,60.0,40.0,25.0,15.0,5.0,https://www.ocbuyback.com/sell/cell-phone/apple/iphone-14-plus/other/128gb/like-new,https://www.ocbuyback.com/sell/cell-phone/apple/iphone-14-plus/other/128gb/good-condition,https://www.ocbuyback.com/sell/cell-phone/apple/iphone-14-plus/other/128gb/fair,https://www.ocbuyback.com/sell/cell-phone/apple/iphone-14-plus/other/128gb/minor-damage,https://www.ocbuyback.com/sell/cell-phone/apple/iphone-14-plus/other/128gb/damaged
Apple,iPhone 14 Plus,128GB,Unlocked,260.0,210.0,160.0,95.0,20.0,https://www.ocbuyback.com/sell/cell-phone/apple/iphone-14-plus/unlocked/128gb/like-new,https://www.ocbuyback.com/sell/cell-phone/apple/iphone-14-plus/unlocked/128gb/good-condition,https://www.ocbuyback.com/sell/cell-phone/apple/iphone-14-plus/unlocked/128gb/fair,https://www.ocbuyback.com/sell/cell-phone/apple/iphone-14-plus/unlocked/128gb/minor-damage,https://www.ocbuyback.com/sell/cell-phone/apple/iphone-14-plus/unlocked/128gb/damaged
Apple,iPhone 14 Plus,256GB,AT&T,240.0,200.0,150.0,60.0,10.0,https://www.ocbuyback.com/sell/cell-phone/apple/iphone-14-plus/at-t/256gb/like-new,https://www.ocbuyback.com/sell/cell-phone/apple/iphone-14-plus/at-t/256gb/good-condition,https://www.ocbuyback.com/sell/cell-phone/apple/iphone-14-plus/at-t/256gb/fair,https://www.ocbuyback.com/sell/cell-phone/apple/iphone-14-plus/at-t/256gb/minor-damage,https://www.ocbuyback.com/sell/cell-phone/apple/iphone-14-plus/at-t/256gb/damaged
Apple,iPhone 14 Plus,256GB,T-Mobile,210.0,170.0,120.0,60.0,10.0,https://www.ocbuyback.com/sell/cell-phone/apple/iphone-14-plus/t-mobile/256gb/like-new,https://www.ocbuyback.com/sell/cell-phone/apple/iphone-14-plus/t-mobile/256gb/good-condition,https://www.ocbuyback.com/sell/cell-phone/apple/iphone-14-plus/t-mobile/256gb/fair,https://www.ocbuyback.com/sell/cell-phone/apple/iphone-14-plus/t-mobile/256gb/minor-damage,https://www.ocbuyback.com/sell/cell-phone/apple/iphone-14-plus/t-mobile/256gb/damaged
Apple,iPhone 14 Plus,256GB,Verizon,215.0,175.0,125.0,60.0,10.0,https://www.ocbuyback.com/sell/cell-phone/apple/iphone-14-plus/verizon/256gb/like-new,https://www.ocbuyback.com/sell/cell-phone/apple/iphone-14-plus/verizon/256gb/good-condition,https://www.ocbuyback.com/sell/cell-phone/apple/iphone-14-plus/verizon/256gb/fair,https://www.ocbuyback.com/sell/cell-phone/apple/iphone-14-plus/verizon/256gb/minor-damage,https://www.ocbuyback.com/sell/cell-phone/apple/iphone-14-plus/verizon/256gb/damaged
Apple,iPhone 14 Plus,256GB,Other,65.0,55.0,35.0,20.0,10.0,https://www.ocbuyback.com/sell/cell-phone/apple/iphone-14-plus/other/256gb/like-new,https://www.ocbuyback.com/sell/cell-phone/apple/iphone-14-plus/other/256gb/good-condition,https://www.ocbuyback.com/sell/cell-phone/apple/iphone-14-plus/other/256gb/fair,https://www.ocbuyback.com/sell/cell-phone/apple/iphone-14-plus/other/256gb/minor-damage,https://www.ocbuyback.com/sell/cell-phone/apple/iphone-14-plus/other/256gb/damaged
Apple,iPhone 14 Plus,256GB,Unlocked,290.0,250.0,200.0,110.0,10.0,https://www.ocbuyback.com/sell/cell-phone/apple/iphone-14-plus/unlocked/256gb/like-new,https://www.ocbuyback.com/sell/cell-phone/apple/iphone-14-plus/unlocked/256gb/good-condition,https://www.ocbuyback.com/sell/cell-phone/apple/iphone-14-plus/unlocked/256gb/fair,https://www.ocbuyback.com/sell/cell-phone/apple/iphone-14-plus/unlocked/256gb/minor-damage,https://www.ocbuyback.com/sell/cell-phone/apple/iphone-14-plus/unlocked/256gb/damaged
Apple,iPhone 14 Plus,512GB,AT&T,260.0,210.0,175.0,65.0,10.0,https://www.ocbuyback.com/sell/cell-phone/apple/iphone-14-plus/at-t/512gb/like-new,https://www.ocbuyback.com/sell/cell-phone/apple/iphone-14-plus/at-t/512gb/good-condition,https://www.ocbuyback.com/sell/cell-phone/apple/iphone-14-plus/at-t/512gb/fair,https://www.ocbuyback.com/sell/cell-phone/apple/iphone-14-plus/at-t/512gb/minor-damage,https://www.ocbuyback.com/sell/cell-phone/apple/iphone-14-plus/at-t/512gb/damaged
Apple,iPhone 14 Plus,512GB,T-Mobile,230.0,190.0,145.0,65.0,10.0,https://www.ocbuyback.com/sell/cell-phone/apple/iphone-14-plus/t-mobile/512gb/like-new,https://www.ocbuyback.com/sell/cell-phone/apple/iphone-14-plus/t-mobile/512gb/good-condition,https://www.ocbuyback.com/sell/cell-phone/apple/iphone-14-plus/t-mobile/512gb/fair,https://www.ocbuyback.com/sell/cell-phone/apple/iphone-14-plus/t-mobile/512gb/minor-damage,https://www.ocbuyback.com/sell/cell-phone/apple/iphone-14-plus/t-mobile/512gb/damaged
Apple,iPhone 14 Plus,512GB,Verizon,235.0,195.0,150.0,65.0,10.0,https://www.ocbuyback.com/sell/cell-phone/apple/iphone-14-plus/verizon/512gb/like-new,https://www.ocbuyback.com/sell/cell-phone/apple/iphone-14-plus/verizon/512gb/good-condition,https://www.ocbuyback.com/sell/cell-phone/apple/iphone-14-plus/verizon/512gb/fair,https://www.ocbuyback.com/sell/cell-phone/apple/iphone-14-plus/verizon/512gb/minor-damage,https://www.ocbuyback.com/sell/cell-phone/apple/iphone-14-plus/verizon/512gb/damaged
Apple,iPhone 14 Plus,512GB,Other,105.0,75.0,35.0,25.0,10.0,https://www.ocbuyback.com/sell/cell-phone/apple/iphone-14-plus/other/512gb/like-new,https://www.ocbuyback.com/sell/cell-phone/apple/iphone-14-plus/other/512gb/good-condition,https://www.ocbuyback.com/sell/cell-phone/apple/iphone-14-plus/other/512gb/fair,https://www.ocbuyback.com/sell/cell-phone/apple/iphone-14-plus/other/512gb/minor-damage,https://www.ocbuyback.com/sell/cell-phone/apple/iphone-14-plus/other/512gb/damaged
Apple,iPhone 14 Plus,512GB,Unlocked,310.0,270.0,225.0,115.0,10.0,https://www.ocbuyback.com/sell/cell-phone/apple/iphone-14-plus/unlocked/512gb/like-new,https://www.ocbuyback.com/sell/cell-phone/apple/iphone-14-plus/unlocked/512gb/good-condition,https://www.ocbuyback.com/sell/cell-phone/apple/iphone-14-plus/unlocked/512gb/fair,https://www.ocbuyback.com/sell/cell-phone/apple/iphone-14-plus/unlocked/512gb/minor-damage,https://www.ocbuyback.com/sell/cell-phone/apple/iphone-14-plus/unlocked/512gb/damaged
Apple,iPhone 14 Pro,128GB,AT&T,190.0,140.0,90.0,75.0,20.0,https://www.ocbuyback.com/sell/cell-phone/apple/iphone-14-pro/at-t/128gb/like-new,https://www.ocbuyback.com/sell/cell-phone/apple/iphone-14-pro/at-t/128gb/good-condition,https://www.ocbuyback.com/sell/cell-phone/apple/iphone-14-pro/at-t/128gb/fair,https://www.ocbuyback.com/sell/cell-phone/apple/iphone-14-pro/at-t/128gb/minor-damage,https://www.ocbuyback.com/sell/cell-phone/apple/iphone-14-pro/at-t/128gb/damaged
Apple,iPhone 14 Pro,128GB,T-Mobile,210.0,160.0,110.0,65.0,20.0,https://www.ocbuyback.com/sell/cell-phone/apple/iphone-14-pro/t-mobile/128gb/like-new,https://www.ocbuyback.com/sell/cell-phone/apple/iphone-14-pro/t-mobile/128gb/good-condition,https://www.ocbuyback.com/sell/cell-phone/apple/iphone-14-pro/t-mobile/128gb/fair,https://www.ocbuyback.com/sell/cell-phone/apple/iphone-14-pro/t-mobile/128gb/minor-damage,https://www.ocbuyback.com/sell/cell-phone/apple/iphone-14-pro/t-mobile/128gb/damaged
Apple,iPhone 14 Pro,128GB,Verizon,140.0,90.0,50.0,40.0,20.0,https://www.ocbuyback.com/sell/cell-phone/apple/iphone-14-pro/verizon/128gb/like-new,https://www.ocbuyback.com/sell/cell-phone/apple/iphone-14-pro/verizon/128gb/good-condition,https://www.ocbuyback.com/sell/cell-phone/apple/iphone-14-pro/verizon/128gb/fair,https://www.ocbuyback.com/sell/cell-phone/apple/iphone-14-pro/verizon/128gb/minor-damage,https://www.ocbuyback.com/sell/cell-phone/apple/iphone-14-pro/verizon/128gb/damaged
Apple,iPhone 14 Pro,128GB,Unlocked,290.0,240.0,190.0,125.0,20.0,https://www.ocbuyback.com/sell/cell-phone/apple/iphone-14-pro/unlocked/128gb/like-new,https://www.ocbuyback.com/sell/cell-phone/apple/iphone-14-pro/unlocked/128gb/good-condition,https://www.ocbuyback.com/sell/cell-phone/apple/iphone-14-pro/unlocked/128gb/fair,https://www.ocbuyback.com/sell/cell-phone/apple/iphone-14-pro/unlocked/128gb/minor-damage,https://www.ocbuyback.com/sell/cell-phone/apple/iphone-14-pro/unlocked/128gb/damaged
Apple,iPhone 14 Pro,256GB,AT&T,220.0,170.0,120.0,85.0,20.0,https://www.ocbuyback.com/sell/cell-phone/apple/iphone-14-pro/at-t/256gb/like-new,https://www.ocbuyback.com/sell/cell-phone/apple/iphone-14-pro/at-t/256gb/good-condition,https://www.ocbuyback.com/sell/cell-phone/apple/iphone-14-pro/at-t/256gb/fair,https://www.ocbuyback.com/sell/cell-phone/apple/iphone-14-pro/at-t/256gb/minor-damage,https://www.ocbuyback.com/sell/cell-phone/apple/iphone-14-pro/at-t/256gb/damaged
Apple,iPhone 14 Pro,256GB,T-Mobile,240.0,190.0,140.0,75.0,20.0,https://www.ocbuyback.com/sell/cell-phone/apple/iphone-14-pro/t-mobile/256gb/like-new,https://www.ocbuyback.com/sell/cell-phone/apple/iphone-14-pro/t-mobile/256gb/good-condition,https://www.ocbuyback.com/sell/cell-phone/apple/iphone-14-pro/t-mobile/256gb/fair,https://www.ocbuyback.com/sell/cell-phone/apple/iphone-14-pro/t-mobile/256gb/minor-damage,https://www.ocbuyback.com/sell/cell-phone/apple/iphone-14-pro/t-mobile/256gb/damaged
Apple,iPhone 14 Pro,256GB,Verizon,170.0,120.0,70.0,60.0,20.0,https://www.ocbuyback.com/sell/cell-phone/apple/iphone-14-pro/verizon/256gb/like-new,https://www.ocbuyback.com/sell/cell-phone/apple/iphone-14-pro/verizon/256gb/good-condition,https://www.ocbuyback.com/sell/cell-phone/apple/iphone-14-pro/verizon/256gb/fair,https://www.ocbuyback.com/sell/cell-phone/apple/iphone-14-pro/verizon/256gb/minor-damage,https://www.ocbuyback.com/sell/cell-phone/apple/iphone-14-pro/verizon/256gb/damaged
Apple,iPhone 14 Pro,256GB,Unlocked,320.0,270.0,215.0,135.0,20.0,https://www.ocbuyback.com/sell/cell-phone/apple/iphone-14-pro/unlocked/256gb/like-new,https://www.ocbuyback.com/sell/cell-phone/apple/iphone-14-pro/unlocked/256gb/good-condition,https://www.ocbuyback.com/sell/cell-phone/apple/iphone-14-pro/unlocked/256gb/fair,https://www.ocbuyback.com/sell/cell-phone/apple/iphone-14-pro/unlocked/256gb/minor-damage,https://www.ocbuyback.com/sell/cell-phone/apple/iphone-14-pro/unlocked/256gb/damaged
Apple,iPhone 14 Pro,512GB,AT&T,250.0,190.0,140.0,90.0,20.0,https://www.ocbuyback.com/sell/cell-phone/apple/iphone-14-pro/at-t/512gb/like-new,https://www.ocbuyback.com/sell/cell-phone/apple/iphone-14-pro/at-t/512gb/good-condition,https://www.ocbuyback.com/sell/cell-phone/apple/iphone-14-pro/at-t/512gb/fair,https://www.ocbuyback.com/sell/cell-phone/apple/iphone-14-pro/at-t/512gb/minor-damage,https://www.ocbuyback.com/sell/cell-phone/apple/iphone-14-pro/at-t/512gb/damaged
Apple,iPhone 14 Pro,512GB,T-Mobile,270.0,210.0,160.0,80.0,20.0,https://www.ocbuyback.com/sell/cell-phone/apple/iphone-14-pro/t-mobile/512gb/like-new,https://www.ocbuyback.com/sell/cell-phone/apple/iphone-14-pro/t-mobile/512gb/good-condition,https://www.ocbuyback.com/sell/cell-phone/apple/iphone-14-pro/t-mobile/512gb/fair,https://www.ocbuyback.com/sell/cell-phone/apple/iphone-14-pro/t-mobile/512gb/minor-damage,https://www.ocbuyback.com/sell/cell-phone/apple/iphone-14-pro/t-mobile/512gb/damaged
Apple,iPhone 14 Pro,512GB,Verizon,200.0,140.0,100.0,65.0,20.0,https://www.ocbuyback.com/sell/cell-phone/apple/iphone-14-pro/verizon/512gb/like-new,https://www.ocbuyback.com/sell/cell-phone/apple/iphone-14-pro/verizon/512gb/good-condition,https://www.ocbuyback.com/sell/cell-phone/apple/iphone-14-pro/verizon/512gb/fair,https://www.ocbuyback.com/sell/cell-phone/apple/iphone-14-pro/verizon/512gb/minor-damage,https://www.ocbuyback.com/sell/cell-phone/apple/iphone-14-pro/verizon/512gb/damaged
Apple,iPhone 14 Pro,512GB,Unlocked,350.0,300.0,245.0,140.0,20.0,https://www.ocbuyback.com/sell/cell-phone/apple/iphone-14-pro/unlocked/512gb/like-new,https://www.ocbuyback.com/sell/cell-phone/apple/iphone-14-pro/unlocked/512gb/good-condition,https://www.ocbuyback.com/sell/cell-phone/apple/iphone-14-pro/unlocked/512gb/fair,https://www.ocbuyback.com/sell/cell-phone/apple/iphone-14-pro/unlocked/512gb/minor-damage,https://www.ocbuyback.com/sell/cell-phone/apple/iphone-14-pro/unlocked/512gb/damaged
Apple,iPhone 14 Pro,1TB,AT&T,270.0,220.0,170.0,95.0,20.0,https://www.ocbuyback.com/sell/cell-phone/apple/iphone-14-pro/at-t/1tb/like-new,https://www.ocbuyback.com/sell/cell-phone/apple/iphone-14-pro/at-t/1tb/good-condition,https://www.ocbuyback.com/sell/cell-phone/apple/iphone-14-pro/at-t/1tb/fair,https://www.ocbuyback.com/sell/cell-phone/apple/iphone-14-pro/at-t/1tb/minor-damage,https://www.ocbuyback.com/sell/cell-phone/apple/iphone-14-pro/at-t/1tb/damaged
Apple,iPhone 14 Pro,1TB,T-Mobile,290.0,240.0,190.0,85.0,20.0,https://www.ocbuyback.com/sell/cell-phone/apple/iphone-14-pro/t-mobile/1tb/like-new,https://www.ocbuyback.com/sell/cell-phone/apple/iphone-14-pro/t-mobile/1tb/good-condition,https://www.ocbuyback.com/sell/cell-phone/apple/iphone-14-pro/t-mobile/1tb/fair,https://www.ocbuyback.com/sell/cell-phone/apple/iphone-14-pro/t-mobile/1tb/minor-damage,https://www.ocbuyback.com/sell/cell-phone/apple/iphone-14-pro/t-mobile/1tb/damaged
Apple,iPhone 14 Pro,1TB,Verizon,220.0,170.0,120.0,70.0,20.0,https://www.ocbuyback.com/sell/cell-phone/apple/iphone-14-pro/verizon/1tb/like-new,https://www.ocbuyback.com/sell/cell-phone/apple/iphone-14-pro/verizon/1tb/good-condition,https://www.ocbuyback.com/sell/cell-phone/apple/iphone-14-pro/verizon/1tb/fair,https://www.ocbuyback.com/sell/cell-phone/apple/iphone-14-pro/verizon/1tb/minor-damage,https://www.ocbuyback.com/sell/cell-phone/apple/iphone-14-pro/verizon/1tb/damaged
Apple,iPhone 14 Pro,1TB,Unlocked,370.0,320.0,270.0,145.0,20.0,https://www.ocbuyback.com/sell/cell-phone/apple/iphone-14-pro/unlocked/1tb/like-new,https://www.ocbuyback.com/sell/cell-phone/apple/iphone-14-pro/unlocked/1tb/good-condition,https://www.ocbuyback.com/sell/cell-phone/apple/iphone-14-pro/unlocked/1tb/fair,https://www.ocbuyback.com/sell/cell-phone/apple/iphone-14-pro/unlocked/1tb/minor-damage,https://www.ocbuyback.com/sell/cell-phone/apple/iphone-14-pro/unlocked/1tb/damaged
Apple,iPhone 14 Pro Max,128GB,AT&T,230.0,195.0,140.0,100.0,20.0,https://www.ocbuyback.com/sell/cell-phone/apple/iphone-14-pro-max/at-t/128gb/like-new,https://www.ocbuyback.com/sell/cell-phone/apple/iphone-14-pro-max/at-t/128gb/good-condition,https://www.ocbuyback.com/sell/cell-phone/apple/iphone-14-pro-max/at-t/128gb/fair,https://www.ocbuyback.com/sell/cell-phone/apple/iphone-14-pro-max/at-t/128gb/minor-damage,https://www.ocbuyback.com/sell/cell-phone/apple/iphone-14-pro-max/at-t/128gb/damaged
Apple,iPhone 14 Pro Max,128GB,T-Mobile,245.0,210.0,155.0,75.0,20.0,https://www.ocbuyback.com/sell/cell-phone/apple/iphone-14-pro-max/t-mobile/128gb/like-new,https://www.ocbuyback.com/sell/cell-phone/apple/iphone-14-pro-max/t-mobile/128gb/good-condition,https://www.ocbuyback.com/sell/cell-phone/apple/iphone-14-pro-max/t-mobile/128gb/fair,https://www.ocbuyback.com/sell/cell-phone/apple/iphone-14-pro-max/t-mobile/128gb/minor-damage,https://www.ocbuyback.com/sell/cell-phone/apple/iphone-14-pro-max/t-mobile/128gb/damaged
Apple,iPhone 14 Pro Max,128GB,Verizon,180.0,160.0,90.0,90.0,20.0,https://www.ocbuyback.com/sell/cell-phone/apple/iphone-14-pro-max/verizon/128gb/like-new,https://www.ocbuyback.com/sell/cell-phone/apple/iphone-14-pro-max/verizon/128gb/good-condition,https://www.ocbuyback.com/sell/cell-phone/apple/iphone-14-pro-max/verizon/128gb/fair,https://www.ocbuyback.com/sell/cell-phone/apple/iphone-14-pro-max/verizon/128gb/minor-damage,https://www.ocbuyback.com/sell/cell-phone/apple/iphone-14-pro-max/verizon/128gb/damaged
Apple,iPhone 14 Pro Max,128GB,Unlocked,340.0,295.0,240.0,150.0,20.0,https://www.ocbuyback.com/sell/cell-phone/apple/iphone-14-pro-max/unlocked/128gb/like-new,https://www.ocbuyback.com/sell/cell-phone/apple/iphone-14-pro-max/unlocked/128gb/good-condition,https://www.ocbuyback.com/sell/cell-phone/apple/iphone-14-pro-max/unlocked/128gb/fair,https://www.ocbuyback.com/sell/cell-phone/apple/iphone-14-pro-max/unlocked/128gb/minor-damage,https://www.ocbuyback.com/sell/cell-phone/apple/iphone-14-pro-max/unlocked/128gb/damaged
Apple,iPhone 14 Pro Max,256GB,AT&T,270.0,230.0,170.0,120.0,20.0,https://www.ocbuyback.com/sell/cell-phone/apple/iphone-14-pro-max/at-t/256gb/like-new,https://www.ocbuyback.com/sell/cell-phone/apple/iphone-14-pro-max/at-t/256gb/good-condition,https://www.ocbuyback.com/sell/cell-phone/apple/iphone-14-pro-max/at-t/256gb/fair,https://www.ocbuyback.com/sell/cell-phone/apple/iphone-14-pro-max/at-t/256gb/minor-damage,https://www.ocbuyback.com/sell/cell-phone/apple/iphone-14-pro-max/at-t/256gb/damaged
Apple,iPhone 14 Pro Max,256GB,T-Mobile,285.0,245.0,185.0,95.0,20.0,https://www.ocbuyback.com/sell/cell-phone/apple/iphone-14-pro-max/t-mobile/256gb/like-new,https://www.ocbuyback.com/sell/cell-phone/apple/iphone-14-pro-max/t-mobile/256gb/good-condition,https://www.ocbuyback.com/sell/cell-phone/apple/iphone-14-pro-max/t-mobile/256gb/fair,https://www.ocbuyback.com/sell/cell-phone/apple/iphone-14-pro-max/t-mobile/256gb/minor-damage,https://www.ocbuyback.com/sell/cell-phone/apple/iphone-14-pro-max/t-mobile/256gb/damaged
Apple,iPhone 14 Pro Max,256GB,Verizon,230.0,200.0,130.0,120.0,20.0,https://www.ocbuyback.com/sell/cell-phone/apple/iphone-14-pro-max/verizon/256gb/like-new,https://www.ocbuyback.com/sell/cell-phone/apple/iphone-14-pro-max/verizon/256gb/good-condition,https://www.ocbuyback.com/sell/cell-phone/apple/iphone-14-pro-max/verizon/256gb/fair,https://www.ocbuyback.com/sell/cell-phone/apple/iphone-14-pro-max/verizon/256gb/minor-damage,https://www.ocbuyback.com/sell/cell-phone/apple/iphone-14-pro-max/verizon/256gb/damaged
Apple,iPhone 14 Pro Max,256GB,Unlocked,370.0,330.0,270.0,170.0,20.0,https://www.ocbuyback.com/sell/cell-phone/apple/iphone-14-pro-max/unlocked/256gb/like-new,https://www.ocbuyback.com/sell/cell-phone/apple/iphone-14-pro-max/unlocked/256gb/good-condition,https://www.ocbuyback.com/sell/cell-phone/apple/iphone-14-pro-max/unlocked/256gb/fair,https://www.ocbuyback.com/sell/cell-phone/apple/iphone-14-pro-max/unlocked/256gb/minor-damage,https://www.ocbuyback.com/sell/cell-phone/apple/iphone-14-pro-max/unlocked/256gb/damaged
Apple,iPhone 14 Pro Max,512GB,AT&T,290.0,250.0,190.0,140.0,20.0,https://www.ocbuyback.com/sell/cell-phone/apple/iphone-14-pro-max/at-t/512gb/like-new,https://www.ocbuyback.com/sell/cell-phone/apple/iphone-14-pro-max/at-t/512gb/good-condition,https://www.ocbuyback.com/sell/cell-phone/apple/iphone-14-pro-max/at-t/512gb/fair,https://www.ocbuyback.com/sell/cell-phone/apple/iphone-14-pro-max/at-t/512gb/minor-damage,https://www.ocbuyback.com/sell/cell-phone/apple/iphone-14-pro-max/at-t/512gb/damaged
Apple,iPhone 14 Pro Max,512GB,T-Mobile,305.0,265.0,205.0,115.0,20.0,https://www.ocbuyback.com/sell/cell-phone/apple/iphone-14-pro-max/t-mobile/512gb/like-new,https://www.ocbuyback.com/sell/cell-phone/apple/iphone-14-pro-max/t-mobile/512gb/good-condition,https://www.ocbuyback.com/sell/cell-phone/apple/iphone-14-pro-max/t-mobile/512gb/fair,https://www.ocbuyback.com/sell/cell-phone/apple/iphone-14-pro-max/t-mobile/512gb/minor-damage,https://www.ocbuyback.com/sell/cell-phone/apple/iphone-14-pro-max/t-mobile/512gb/damaged
Apple,iPhone 14 Pro Max,512GB,Verizon,240.0,205.0,140.0,130.0,20.0,https://www.ocbuyback.com/sell/cell-phone/apple/iphone-14-pro-max/verizon/512gb/like-new,https://www.ocbuyback.com/sell/cell-phone/apple/iphone-14-pro-max/verizon/512gb/good-condition,https://www.ocbuyback.com/sell/cell-phone/apple/iphone-14-pro-max/verizon/512gb/fair,https://www.ocbuyback.com/sell/cell-phone/apple/iphone-14-pro-max/verizon/512gb/minor-damage,https://www.ocbuyback.com/sell/cell-phone/apple/iphone-14-pro-max/verizon/512gb/damaged
Apple,iPhone 14 Pro Max,512GB,Unlocked,390.0,350.0,290.0,190.0,20.0,https://www.ocbuyback.com/sell/cell-phone/apple/iphone-14-pro-max/unlocked/512gb/like-new,https://www.ocbuyback.com/sell/cell-phone/apple/iphone-14-pro-max/unlocked/512gb/good-condition,https://www.ocbuyback.com/sell/cell-phone/apple/iphone-14-pro-max/unlocked/512gb/fair,https://www.ocbuyback.com/sell/cell-phone/apple/iphone-14-pro-max/unlocked/512gb/minor-damage,https://www.ocbuyback.com/sell/cell-phone/apple/iphone-14-pro-max/unlocked/512gb/damaged
Apple,iPhone 14 Pro Max,1TB,AT&T,310.0,275.0,210.0,160.0,20.0,https://www.ocbuyback.com/sell/cell-phone/apple/iphone-14-pro-max/at-t/1tb/like-new,https://www.ocbuyback.com/sell/cell-phone/apple/iphone-14-pro-max/at-t/1tb/good-condition,https://www.ocbuyback.com/sell/cell-phone/apple/iphone-14-pro-max/at-t/1tb/fair,https://www.ocbuyback.com/sell/cell-phone/apple/iphone-14-pro-max/at-t/1tb/minor-damage,https://www.ocbuyback.com/sell/cell-phone/apple/iphone-14-pro-max/at-t/1tb/damaged
Apple,iPhone 14 Pro Max,1TB,T-Mobile,325.0,295.0,225.0,135.0,20.0,https://www.ocbuyback.com/sell/cell-phone/apple/iphone-14-pro-max/t-mobile/1tb/like-new,https://www.ocbuyback.com/sell/cell-phone/apple/iphone-14-pro-max/t-mobile/1tb/good-condition,https://www.ocbuyback.com/sell/cell-phone/apple/iphone-14-pro-max/t-mobile/1tb/fair,https://www.ocbuyback.com/sell/cell-phone/apple/iphone-14-pro-max/t-mobile/1tb/minor-damage,https://www.ocbuyback.com/sell/cell-phone/apple/iphone-14-pro-max/t-mobile/1tb/damaged
Apple,iPhone 14 Pro Max,1TB,Verizon,260.0,230.0,160.0,150.0,20.0,https://www.ocbuyback.com/sell/cell-phone/apple/iphone-14-pro-max/verizon/1tb/like-new,https://www.ocbuyback.com/sell/cell-phone/apple/iphone-14-pro-max/verizon/1tb/good-condition,https://www.ocbuyback.com/sell/cell-phone/apple/iphone-14-pro-max/verizon/1tb/fair,https://www.ocbuyback.com/sell/cell-phone/apple/iphone-14-pro-max/verizon/1tb/minor-damage,https://www.ocbuyback.com/sell/cell-phone/apple/iphone-14-pro-max/verizon/1tb/damaged
Apple,iPhone 14 Pro Max,1TB,Unlocked,410.0,375.0,310.0,210.0,20.0,https://www.ocbuyback.com/sell/cell-phone/apple/iphone-14-pro-max/unlocked/1tb/like-new,https://www.ocbuyback.com/sell/cell-phone/apple/iphone-14-pro-max/unlocked/1tb/good-condition,https://www.ocbuyback.com/sell/cell-phone/apple/iphone-14-pro-max/unlocked/1tb/fair,https://www.ocbuyback.com/sell/cell-phone/apple/iphone-14-pro-max/unlocked/1tb/minor-damage,https://www.ocbuyback.com/sell/cell-phone/apple/iphone-14-pro-max/unlocked/1tb/damaged
Apple,iPhone 15,128GB,AT&T,180.0,150.0,100.0,50.0,15.0,https://www.ocbuyback.com/sell/cell-phone/apple/iphone-15/at-t/128gb/like-new,https://www.ocbuyback.com/sell/cell-phone/apple/iphone-15/at-t/128gb/good-condition,https://www.ocbuyback.com/sell/cell-phone/apple/iphone-15/at-t/128gb/fair,https://www.ocbuyback.com/sell/cell-phone/apple/iphone-15/at-t/128gb/minor-damage,https://www.ocbuyback.com/sell/cell-phone/apple/iphone-15/at-t/128gb/damaged
Apple,iPhone 15,128GB,T-Mobile,155.0,125.0,75.0,50.0,15.0,https://www.ocbuyback.com/sell/cell-phone/apple/iphone-15/t-mobile/128gb/like-new,https://www.ocbuyback.com/sell/cell-phone/apple/iphone-15/t-mobile/128gb/good-condition,https://www.ocbuyback.com/sell/cell-phone/apple/iphone-15/t-mobile/128gb/fair,https://www.ocbuyback.com/sell/cell-phone/apple/iphone-15/t-mobile/128gb/minor-damage,https://www.ocbuyback.com/sell/cell-phone/apple/iphone-15/t-mobile/128gb/damaged
Apple,iPhone 15,128GB,Verizon,180.0,150.0,100.0,50.0,15.0,https://www.ocbuyback.com/sell/cell-phone/apple/iphone-15/verizon/128gb/like-new,https://www.ocbuyback.com/sell/cell-phone/apple/iphone-15/verizon/128gb/good-condition,https://www.ocbuyback.com/sell/cell-phone/apple/iphone-15/verizon/128gb/fair,https://www.ocbuyback.com/sell/cell-phone/apple/iphone-15/verizon/128gb/minor-damage,https://www.ocbuyback.com/sell/cell-phone/apple/iphone-15/verizon/128gb/damaged
Apple,iPhone 15,128GB,Other,90.0,60.0,45.0,30.0,15.0,https://www.ocbuyback.com/sell/cell-phone/apple/iphone-15/other/128gb/like-new,https://www.ocbuyback.com/sell/cell-phone/apple/iphone-15/other/128gb/good-condition,https://www.ocbuyback.com/sell/cell-phone/apple/iphone-15/other/128gb/fair,https://www.ocbuyback.com/sell/cell-phone/apple/iphone-15/other/128gb/minor-damage,https://www.ocbuyback.com/sell/cell-phone/apple/iphone-15/other/128gb/damaged
Apple,iPhone 15,128GB,Unlocked,280.0,250.0,200.0,100.0,15.0,https://www.ocbuyback.com/sell/cell-phone/apple/iphone-15/unlocked/128gb/like-new,https://www.ocbuyback.com/sell/cell-phone/apple/iphone-15/unlocked/128gb/good-condition,https://www.ocbuyback.com/sell/cell-phone/apple/iphone-15/unlocked/128gb/fair,https://www.ocbuyback.com/sell/cell-phone/apple/iphone-15/unlocked/128gb/minor-damage,https://www.ocbuyback.com/sell/cell-phone/apple/iphone-15/unlocked/128gb/damaged
Apple,iPhone 15,256GB,AT&T,230.0,200.0,150.0,60.0,15.0,https://www.ocbuyback.com/sell/cell-phone/apple/iphone-15/at-t/256gb/like-new,https://www.ocbuyback.com/sell/cell-phone/apple/iphone-15/at-t/256gb/good-condition,https://www.ocbuyback.com/sell/cell-phone/apple/iphone-15/at-t/256gb/fair,https://www.ocbuyback.com/sell/cell-phone/apple/iphone-15/at-t/256gb/minor-damage,https://www.ocbuyback.com/sell/cell-phone/apple/iphone-15/at-t/256gb/damaged
Apple,iPhone 15,256GB,T-Mobile,205.0,175.0,125.0,60.0,15.0,https://www.ocbuyback.com/sell/cell-phone/apple/iphone-15/t-mobile/256gb/like-new,https://www.ocbuyback.com/sell/cell-phone/apple/iphone-15/t-mobile/256gb/good-condition,https://www.ocbuyback.com/sell/cell-phone/apple/iphone-15/t-mobile/256gb/fair,https://www.ocbuyback.com/sell/cell-phone/apple/iphone-15/t-mobile/256gb/minor-damage,https://www.ocbuyback.com/sell/cell-phone/apple/iphone-15/t-mobile/256gb/damaged
Apple,iPhone 15,256GB,Verizon,230.0,200.0,150.0,65.0,15.0,https://www.ocbuyback.com/sell/cell-phone/apple/iphone-15/verizon/256gb/like-new,https://www.ocbuyback.com/sell/cell-phone/apple/iphone-15/verizon/256gb/good-condition,https://www.ocbuyback.com/sell/cell-phone/apple/iphone-15/verizon/256gb/fair,https://www.ocbuyback.com/sell/cell-phone/apple/iphone-15/verizon/256gb/minor-damage,https://www.ocbuyback.com/sell/cell-phone/apple/iphone-15/verizon/256gb/damaged
Apple,iPhone 15,256GB,Other,100.0,70.0,35.0,25.0,15.0,https://www.ocbuyback.com/sell/cell-phone/apple/iphone-15/other/256gb/like-new,https://www.ocbuyback.com/sell/cell-phone/apple/iphone-15/other/256gb/good-condition,https://www.ocbuyback.com/sell/cell-phone/apple/iphone-15/other/256gb/fair,https://www.ocbuyback.com/sell/cell-phone/apple/iphone-15/other/256gb/minor-damage,https://www.ocbuyback.com/sell/cell-phone/apple/iphone-15/other/256gb/damaged
Apple,iPhone 15,256GB,Unlocked,330.0,300.0,250.0,110.0,15.0,https://www.ocbuyback.com/sell/cell-phone/apple/iphone-15/unlocked/256gb/like-new,https://www.ocbuyback.com/sell/cell-phone/apple/iphone-15/unlocked/256gb/good-condition,https://www.ocbuyback.com/sell/cell-phone/apple/iphone-15/unlocked/256gb/fair,https://www.ocbuyback.com/sell/cell-phone/apple/iphone-15/unlocked/256gb/minor-damage,https://www.ocbuyback.com/sell/cell-phone/apple/iphone-15/unlocked/256gb/damaged
Apple,iPhone 15,512GB,AT&T,280.0,260.0,200.0,75.0,15.0,https://www.ocbuyback.com/sell/cell-phone/apple/iphone-15/at-t/512gb/like-new,https://www.ocbuyback.com/sell/cell-phone/apple/iphone-15/at-t/512gb/good-condition,https://www.ocbuyback.com/sell/cell-phone/apple/iphone-15/at-t/512gb/fair,https://www.ocbuyback.com/sell/cell-phone/apple/iphone-15/at-t/512gb/minor-damage,https://www.ocbuyback.com/sell/cell-phone/apple/iphone-15/at-t/512gb/damaged
Apple,iPhone 15,512GB,T-Mobile,255.0,225.0,185.0,75.0,15.0,https://www.ocbuyback.com/sell/cell-phone/apple/iphone-15/t-mobile/512gb/like-new,https://www.ocbuyback.com/sell/cell-phone/apple/iphone-15/t-mobile/512gb/good-condition,https://www.ocbuyback.com/sell/cell-phone/apple/iphone-15/t-mobile/512gb/fair,https://www.ocbuyback.com/sell/cell-phone/apple/iphone-15/t-mobile/512gb/minor-damage,https://www.ocbuyback.com/sell/cell-phone/apple/iphone-15/t-mobile/512gb/damaged
Apple,iPhone 15,512GB,Verizon,280.0,250.0,200.0,75.0,15.0,https://www.ocbuyback.com/sell/cell-phone/apple/iphone-15/verizon/512gb/like-new,https://www.ocbuyback.com/sell/cell-phone/apple/iphone-15/verizon/512gb/good-condition,https://www.ocbuyback.com/sell/cell-phone/apple/iphone-15/verizon/512gb/fair,https://www.ocbuyback.com/sell/cell-phone/apple/iphone-15/verizon/512gb/minor-damage,https://www.ocbuyback.com/sell/cell-phone/apple/iphone-15/verizon/512gb/damaged
Apple,iPhone 15,512GB,Other,180.0,160.0,110.0,35.0,15.0,https://www.ocbuyback.com/sell/cell-phone/apple/iphone-15/other/512gb/like-new,https://www.ocbuyback.com/sell/cell-phone/apple/iphone-15/other/512gb/good-condition,https://www.ocbuyback.com/sell/cell-phone/apple/iphone-15/other/512gb/fair,https://www.ocbuyback.com/sell/cell-phone/apple/iphone-15/other/512gb/minor-damage,https://www.ocbuyback.com/sell/cell-phone/apple/iphone-15/other/512gb/damaged
Apple,iPhone 15,512GB,Unlocked,380.0,350.0,300.0,115.0,15.0,https://www.ocbuyback.com/sell/cell-phone/apple/iphone-15/unlocked/512gb/like-new,https://www.ocbuyback.com/sell/cell-phone/apple/iphone-15/unlocked/512gb/good-condition,https://www.ocbuyback.com/sell/cell-phone/apple/iphone-15/unlocked/512gb/fair,https://www.ocbuyback.com/sell/cell-phone/apple/iphone-15/unlocked/512gb/minor-damage,https://www.ocbuyback.com/sell/cell-phone/apple/iphone-15/unlocked/512gb/damaged
Apple,iPhone 15 Plus,128GB,AT&T,190.0,140.0,95.0,90.0,30.0,https://www.ocbuyback.com/sell/cell-phone/apple/iphone-15-plus/at-t/128gb/like-new,https://www.ocbuyback.com/sell/cell-phone/apple/iphone-15-plus/at-t/128gb/good-condition,https://www.ocbuyback.com/sell/cell-phone/apple/iphone-15-plus/at-t/128gb/fair,https://www.ocbuyback.com/sell/cell-phone/apple/iphone-15-plus/at-t/128gb/minor-damage,https://www.ocbuyback.com/sell/cell-phone/apple/iphone-15-plus/at-t/128gb/damaged
Apple,iPhone 15 Plus,128GB,T-Mobile,190.0,140.0,90.0,70.0,30.0,https://www.ocbuyback.com/sell/cell-phone/apple/iphone-15-plus/t-mobile/128gb/like-new,https://www.ocbuyback.com/sell/cell-phone/apple/iphone-15-plus/t-mobile/128gb/good-condition,https://www.ocbuyback.com/sell/cell-phone/apple/iphone-15-plus/t-mobile/128gb/fair,https://www.ocbuyback.com/sell/cell-phone/apple/iphone-15-plus/t-mobile/128gb/minor-damage,https://www.ocbuyback.com/sell/cell-phone/apple/iphone-15-plus/t-mobile/128gb/damaged
Apple,iPhone 15 Plus,128GB,Verizon,240.0,190.0,140.0,95.0,30.0,https://www.ocbuyback.com/sell/cell-phone/apple/iphone-15-plus/verizon/128gb/like-new,https://www.ocbuyback.com/sell/cell-phone/apple/iphone-15-plus/verizon/128gb/good-condition,https://www.ocbuyback.com/sell/cell-phone/apple/iphone-15-plus/verizon/128gb/fair,https://www.ocbuyback.com/sell/cell-phone/apple/iphone-15-plus/verizon/128gb/minor-damage,https://www.ocbuyback.com/sell/cell-phone/apple/iphone-15-plus/verizon/128gb/damaged
Apple,iPhone 15 Plus,128GB,Other,75.0,55.0,45.0,45.0,30.0,https://www.ocbuyback.com/sell/cell-phone/apple/iphone-15-plus/other/128gb/like-new,https://www.ocbuyback.com/sell/cell-phone/apple/iphone-15-plus/other/128gb/good-condition,https://www.ocbuyback.com/sell/cell-phone/apple/iphone-15-plus/other/128gb/fair,https://www.ocbuyback.com/sell/cell-phone/apple/iphone-15-plus/other/128gb/minor-damage,https://www.ocbuyback.com/sell/cell-phone/apple/iphone-15-plus/other/128gb/damaged
Apple,iPhone 15 Plus,128GB,Unlocked,340.0,290.0,240.0,145.0,30.0,https://www.ocbuyback.com/sell/cell-phone/apple/iphone-15-plus/unlocked/128gb/like-new,https://www.ocbuyback.com/sell/cell-phone/apple/iphone-15-plus/unlocked/128gb/good-condition,https://www.ocbuyback.com/sell/cell-phone/apple/iphone-15-plus/unlocked/128gb/fair,https://www.ocbuyback.com/sell/cell-phone/apple/iphone-15-plus/unlocked/128gb/minor-damage,https://www.ocbuyback.com/sell/cell-phone/apple/iphone-15-plus/unlocked/128gb/damaged
Apple,iPhone 15 Plus,256GB,AT&T,215.0,165.0,115.0,105.0,30.0,https://www.ocbuyback.com/sell/cell-phone/apple/iphone-15-plus/at-t/256gb/like-new,https://www.ocbuyback.com/sell/cell-phone/apple/iphone-15-plus/at-t/256gb/good-condition,https://www.ocbuyback.com/sell/cell-phone/apple/iphone-15-plus/at-t/256gb/fair,https://www.ocbuyback.com/sell/cell-phone/apple/iphone-15-plus/at-t/256gb/minor-damage,https://www.ocbuyback.com/sell/cell-phone/apple/iphone-15-plus/at-t/256gb/damaged
Apple,iPhone 15 Plus,256GB,T-Mobile,215.0,165.0,115.0,80.0,30.0,https://www.ocbuyback.com/sell/cell-phone/apple/iphone-15-plus/t-mobile/256gb/like-new,https://www.ocbuyback.com/sell/cell-phone/apple/iphone-15-plus/t-mobile/256gb/good-condition,https://www.ocbuyback.com/sell/cell-phone/apple/iphone-15-plus/t-mobile/256gb/fair,https://www.ocbuyback.com/sell/cell-phone/apple/iphone-15-plus/t-mobile/256gb/minor-damage,https://www.ocbuyback.com/sell/cell-phone/apple/iphone-15-plus/t-mobile/256gb/damaged
Apple,iPhone 15 Plus,256GB,Verizon,265.0,215.0,165.0,105.0,30.0,https://www.ocbuyback.com/sell/cell-phone/apple/iphone-15-plus/verizon/256gb/like-new,https://www.ocbuyback.com/sell/cell-phone/apple/iphone-15-plus/verizon/256gb/good-condition,https://www.ocbuyback.com/sell/cell-phone/apple/iphone-15-plus/verizon/256gb/fair,https://www.ocbuyback.com/sell/cell-phone/apple/iphone-15-plus/verizon/256gb/minor-damage,https://www.ocbuyback.com/sell/cell-phone/apple/iphone-15-plus/verizon/256gb/damaged
Apple,iPhone 15 Plus,256GB,Other,125.0,115.0,65.0,55.0,30.0,https://www.ocbuyback.com/sell/cell-phone/apple/iphone-15-plus/other/256gb/like-new,https://www.ocbuyback.com/sell/cell-phone/apple/iphone-15-plus/other/256gb/good-condition,https://www.ocbuyback.com/sell/cell-phone/apple/iphone-15-plus/other/256gb/fair,https://www.ocbuyback.com/sell/cell-phone/apple/iphone-15-plus/other/256gb/minor-damage,https://www.ocbuyback.com/sell/cell-phone/apple/iphone-15-plus/other/256gb/damaged
Apple,iPhone 15 Plus,256GB,Unlocked,365.0,315.0,265.0,155.0,30.0,https://www.ocbuyback.com/sell/cell-phone/apple/iphone-15-plus/unlocked/256gb/like-new,https://www.ocbuyback.com/sell/cell-phone/apple/iphone-15-plus/unlocked/256gb/good-condition,https://www.ocbuyback.com/sell/cell-phone/apple/iphone-15-plus/unlocked/256gb/fair,https://www.ocbuyback.com/sell/cell-phone/apple/iphone-15-plus/unlocked/256gb/minor-damage,https://www.ocbuyback.com/sell/cell-phone/apple/iphone-15-plus/unlocked/256gb/damaged
Apple,iPhone 15 Plus,512GB,AT&T,270.0,220.0,170.0,115.0,30.0,https://www.ocbuyback.com/sell/cell-phone/apple/iphone-15-plus/at-t/512gb/like-new,https://www.ocbuyback.com/sell/cell-phone/apple/iphone-15-plus/at-t/512gb/good-condition,https://www.ocbuyback.com/sell/cell-phone/apple/iphone-15-plus/at-t/512gb/fair,https://www.ocbuyback.com/sell/cell-phone/apple/iphone-15-plus/at-t/512gb/minor-damage,https://www.ocbuyback.com/sell/cell-phone/apple/iphone-15-plus/at-t/512gb/damaged
Apple,iPhone 15 Plus,512GB,T-Mobile,270.0,220.0,170.0,90.0,30.0,https://www.ocbuyback.com/sell/cell-phone/apple/iphone-15-plus/t-mobile/512gb/like-new,https://www.ocbuyback.com/sell/cell-phone/apple/iphone-15-plus/t-mobile/512gb/good-condition,https://www.ocbuyback.com/sell/cell-phone/apple/iphone-15-plus/t-mobile/512gb/fair,https://www.ocbuyback.com/sell/cell-phone/apple/iphone-15-plus/t-mobile/512gb/minor-damage,https://www.ocbuyback.com/sell/cell-phone/apple/iphone-15-plus/t-mobile/512gb/damaged
Apple,iPhone 15 Plus,512GB,Verizon,320.0,270.0,220.0,115.0,30.0,https://www.ocbuyback.com/sell/cell-phone/apple/iphone-15-plus/verizon/512gb/like-new,https://www.ocbuyback.com/sell/cell-phone/apple/iphone-15-plus/verizon/512gb/good-condition,https://www.ocbuyback.com/sell/cell-phone/apple/iphone-15-plus/verizon/512gb/fair,https://www.ocbuyback.com/sell/cell-phone/apple/iphone-15-plus/verizon/512gb/minor-damage,https://www.ocbuyback.com/sell/cell-phone/apple/iphone-15-plus/verizon/512gb/damaged
Apple,iPhone 15 Plus,512GB,Other,185.0,165.0,105.0,65.0,30.0,https://www.ocbuyback.com/sell/cell-phone/apple/iphone-15-plus/other/512gb/like-new,https://www.ocbuyback.com/sell/cell-phone/apple/iphone-15-plus/other/512gb/good-condition,https://www.ocbuyback.com/sell/cell-phone/apple/iphone-15-plus/other/512gb/fair,https://www.ocbuyback.com/sell/cell-phone/apple/iphone-15-plus/other/512gb/minor-damage,https://www.ocbuyback.com/sell/cell-phone/apple/iphone-15-plus/other/512gb/damaged
Apple,iPhone 15 Plus,512GB,Unlocked,420.0,370.0,320.0,165.0,30.0,https://www.ocbuyback.com/sell/cell-phone/apple/iphone-15-plus/unlocked/512gb/like-new,https://www.ocbuyback.com/sell/cell-phone/apple/iphone-15-plus/unlocked/512gb/good-condition,https://www.ocbuyback.com/sell/cell-phone/apple/iphone-15-plus/unlocked/512gb/fair,https://www.ocbuyback.com/sell/cell-phone/apple/iphone-15-plus/unlocked/512gb/minor-damage,https://www.ocbuyback.com/sell/cell-phone/apple/iphone-15-plus/unlocked/512gb/damaged
Apple,iPhone 15 Pro,128GB,AT&T,180.0,145.0,95.0,105.0,40.0,https://www.ocbuyback.com/sell/cell-phone/apple/iphone-15-pro/at-t/128gb/like-new,https://www.ocbuyback.com/sell/cell-phone/apple/iphone-15-pro/at-t/128gb/good-condition,https://www.ocbuyback.com/sell/cell-phone/apple/iphone-15-pro/at-t/128gb/fair,https://www.ocbuyback.com/sell/cell-phone/apple/iphone-15-pro/at-t/128gb/minor-damage,https://www.ocbuyback.com/sell/cell-phone/apple/iphone-15-pro/at-t/128gb/damaged
Apple,iPhone 15 Pro,128GB,T-Mobile,220.0,185.0,135.0,115.0,40.0,https://www.ocbuyback.com/sell/cell-phone/apple/iphone-15-pro/t-mobile/128gb/like-new,https://www.ocbuyback.com/sell/cell-phone/apple/iphone-15-pro/t-mobile/128gb/good-condition,https://www.ocbuyback.com/sell/cell-phone/apple/iphone-15-pro/t-mobile/128gb/fair,https://www.ocbuyback.com/sell/cell-phone/apple/iphone-15-pro/t-mobile/128gb/minor-damage,https://www.ocbuyback.com/sell/cell-phone/apple/iphone-15-pro/t-mobile/128gb/damaged
Apple,iPhone 15 Pro,128GB,Verizon,180.0,145.0,95.0,70.0,40.0,https://www.ocbuyback.com/sell/cell-phone/apple/iphone-15-pro/verizon/128gb/like-new,https://www.ocbuyback.com/sell/cell-phone/apple/iphone-15-pro/verizon/128gb/good-condition,https://www.ocbuyback.com/sell/cell-phone/apple/iphone-15-pro/verizon/128gb/fair,https://www.ocbuyback.com/sell/cell-phone/apple/iphone-15-pro/verizon/128gb/minor-damage,https://www.ocbuyback.com/sell/cell-phone/apple/iphone-15-pro/verizon/128gb/damaged
Apple,iPhone 15 Pro,128GB,Other,105.0,60.0,50.0,30.0,40.0,https://www.ocbuyback.com/sell/cell-phone/apple/iphone-15-pro/other/128gb/like-new,https://www.ocbuyback.com/sell/cell-phone/apple/iphone-15-pro/other/128gb/good-condition,https://www.ocbuyback.com/sell/cell-phone/apple/iphone-15-pro/other/128gb/fair,https://www.ocbuyback.com/sell/cell-phone/apple/iphone-15-pro/other/128gb/minor-damage,https://www.ocbuyback.com/sell/cell-phone/apple/iphone-15-pro/other/128gb/damaged
Apple,iPhone 15 Pro,128GB,Unlocked,330.0,295.0,240.0,190.0,40.0,https://www.ocbuyback.com/sell/cell-phone/apple/iphone-15-pro/unlocked/128gb/like-new,https://www.ocbuyback.com/sell/cell-phone/apple/iphone-15-pro/unlocked/128gb/good-condition,https://www.ocbuyback.com/sell/cell-phone/apple/iphone-15-pro/unlocked/128gb/fair,https://www.ocbuyback.com/sell/cell-phone/apple/iphone-15-pro/unlocked/128gb/minor-damage,https://www.ocbuyback.com/sell/cell-phone/apple/iphone-15-pro/unlocked/128gb/damaged
Apple,iPhone 15 Pro,256GB,AT&T,220.0,185.0,130.0,140.0,40.0,https://www.ocbuyback.com/sell/cell-phone/apple/iphone-15-pro/at-t/256gb/like-new,https://www.ocbuyback.com/sell/cell-phone/apple/iphone-15-pro/at-t/256gb/good-condition,https://www.ocbuyback.com/sell/cell-phone/apple/iphone-15-pro/at-t/256gb/fair,https://www.ocbuyback.com/sell/cell-phone/apple/iphone-15-pro/at-t/256gb/minor-damage,https://www.ocbuyback.com/sell/cell-phone/apple/iphone-15-pro/at-t/256gb/damaged
Apple,iPhone 15 Pro,256GB,T-Mobile,260.0,230.0,170.0,135.0,40.0,https://www.ocbuyback.com/sell/cell-phone/apple/iphone-15-pro/t-mobile/256gb/like-new,https://www.ocbuyback.com/sell/cell-phone/apple/iphone-15-pro/t-mobile/256gb/good-condition,https://www.ocbuyback.com/sell/cell-phone/apple/iphone-15-pro/t-mobile/256gb/fair,https://www.ocbuyback.com/sell/cell-phone/apple/iphone-15-pro/t-mobile/256gb/minor-damage,https://www.ocbuyback.com/sell/cell-phone/apple/iphone-15-pro/t-mobile/256gb/damaged
Apple,iPhone 15 Pro,256GB,Verizon,220.0,185.0,130.0,110.0,40.0,https://www.ocbuyback.com/sell/cell-phone/apple/iphone-15-pro/verizon/256gb/like-new,https://www.ocbuyback.com/sell/cell-phone/apple/iphone-15-pro/verizon/256gb/good-condition,https://www.ocbuyback.com/sell/cell-phone/apple/iphone-15-pro/verizon/256gb/fair,https://www.ocbuyback.com/sell/cell-phone/apple/iphone-15-pro/verizon/256gb/minor-damage,https://www.ocbuyback.com/sell/cell-phone/apple/iphone-15-pro/verizon/256gb/damaged
Apple,iPhone 15 Pro,256GB,Other,120.0,85.0,60.0,50.0,40.0,https://www.ocbuyback.com/sell/cell-phone/apple/iphone-15-pro/other/256gb/like-new,https://www.ocbuyback.com/sell/cell-phone/apple/iphone-15-pro/other/256gb/good-condition,https://www.ocbuyback.com/sell/cell-phone/apple/iphone-15-pro/other/256gb/fair,https://www.ocbuyback.com/sell/cell-phone/apple/iphone-15-pro/other/256gb/minor-damage,https://www.ocbuyback.com/sell/cell-phone/apple/iphone-15-pro/other/256gb/damaged
Apple,iPhone 15 Pro,256GB,Unlocked,360.0,335.0,280.0,210.0,40.0,https://www.ocbuyback.com/sell/cell-phone/apple/iphone-15-pro/unlocked/256gb/like-new,https://www.ocbuyback.com/sell/cell-phone/apple/iphone-15-pro/unlocked/256gb/good-condition,https://www.ocbuyback.com/sell/cell-phone/apple/iphone-15-pro/unlocked/256gb/fair,https://www.ocbuyback.com/sell/cell-phone/apple/iphone-15-pro/unlocked/256gb/minor-damage,https://www.ocbuyback.com/sell/cell-phone/apple/iphone-15-pro/unlocked/256gb/damaged
Apple,iPhone 15 Pro,512GB,AT&T,240.0,205.0,155.0,150.0,40.0,https://www.ocbuyback.com/sell/cell-phone/apple/iphone-15-pro/at-t/512gb/like-new,https://www.ocbuyback.com/sell/cell-phone/apple/iphone-15-pro/at-t/512gb/good-condition,https://www.ocbuyback.com/sell/cell-phone/apple/iphone-15-pro/at-t/512gb/fair,https://www.ocbuyback.com/sell/cell-phone/apple/iphone-15-pro/at-t/512gb/minor-damage,https://www.ocbuyback.com/sell/cell-phone/apple/iphone-15-pro/at-t/512gb/damaged
Apple,iPhone 15 Pro,512GB,T-Mobile,280.0,245.0,195.0,145.0,40.0,https://www.ocbuyback.com/sell/cell-phone/apple/iphone-15-pro/t-mobile/512gb/like-new,https://www.ocbuyback.com/sell/cell-phone/apple/iphone-15-pro/t-mobile/512gb/good-condition,https://www.ocbuyback.com/sell/cell-phone/apple/iphone-15-pro/t-mobile/512gb/fair,https://www.ocbuyback.com/sell/cell-phone/apple/iphone-15-pro/t-mobile/512gb/minor-damage,https://www.ocbuyback.com/sell/cell-phone/apple/iphone-15-pro/t-mobile/512gb/damaged
Apple,iPhone 15 Pro,512GB,Verizon,240.0,205.0,155.0,120.0,40.0,https://www.ocbuyback.com/sell/cell-phone/apple/iphone-15-pro/verizon/512gb/like-new,https://www.ocbuyback.com/sell/cell-phone/apple/iphone-15-pro/verizon/512gb/good-condition,https://www.ocbuyback.com/sell/cell-phone/apple/iphone-15-pro/verizon/512gb/fair,https://www.ocbuyback.com/sell/cell-phone/apple/iphone-15-pro/verizon/512gb/minor-damage,https://www.ocbuyback.com/sell/cell-phone/apple/iphone-15-pro/verizon/512gb/damaged
Apple,iPhone 15 Pro,512GB,Other,140.0,105.0,75.0,70.0,40.0,https://www.ocbuyback.com/sell/cell-phone/apple/iphone-15-pro/other/512gb/like-new,https://www.ocbuyback.com/sell/cell-phone/apple/iphone-15-pro/other/512gb/good-condition,https://www.ocbuyback.com/sell/cell-phone/apple/iphone-15-pro/other/512gb/fair,https://www.ocbuyback.com/sell/cell-phone/apple/iphone-15-pro/other/512gb/minor-damage,https://www.ocbuyback.com/sell/cell-phone/apple/iphone-15-pro/other/512gb/damaged
Apple,iPhone 15 Pro,512GB,Unlocked,390.0,355.0,305.0,220.0,40.0,https://www.ocbuyback.com/sell/cell-phone/apple/iphone-15-pro/unlocked/512gb/like-new,https://www.ocbuyback.com/sell/cell-phone/apple/iphone-15-pro/unlocked/512gb/good-condition,https://www.ocbuyback.com/sell/cell-phone/apple/iphone-15-pro/unlocked/512gb/fair,https://www.ocbuyback.com/sell/cell-phone/apple/iphone-15-pro/unlocked/512gb/minor-damage,https://www.ocbuyback.com/sell/cell-phone/apple/iphone-15-pro/unlocked/512gb/damaged
Apple,iPhone 15 Pro,1TB,AT&T,300.0,260.0,215.0,190.0,40.0,https://www.ocbuyback.com/sell/cell-phone/apple/iphone-15-pro/at-t/1tb/like-new,https://www.ocbuyback.com/sell/cell-phone/apple/iphone-15-pro/at-t/1tb/good-condition,https://www.ocbuyback.com/sell/cell-phone/apple/iphone-15-pro/at-t/1tb/fair,https://www.ocbuyback.com/sell/cell-phone/apple/iphone-15-pro/at-t/1tb/minor-damage,https://www.ocbuyback.com/sell/cell-phone/apple/iphone-15-pro/at-t/1tb/damaged
Apple,iPhone 15 Pro,1TB,T-Mobile,375.0,305.0,260.0,165.0,40.0,https://www.ocbuyback.com/sell/cell-phone/apple/iphone-15-pro/t-mobile/1tb/like-new,https://www.ocbuyback.com/sell/cell-phone/apple/iphone-15-pro/t-mobile/1tb/good-condition,https://www.ocbuyback.com/sell/cell-phone/apple/iphone-15-pro/t-mobile/1tb/fair,https://www.ocbuyback.com/sell/cell-phone/apple/iphone-15-pro/t-mobile/1tb/minor-damage,https://www.ocbuyback.com/sell/cell-phone/apple/iphone-15-pro/t-mobile/1tb/damaged
Apple,iPhone 15 Pro,1TB,Verizon,300.0,260.0,215.0,140.0,40.0,https://www.ocbuyback.com/sell/cell-phone/apple/iphone-15-pro/verizon/1tb/like-new,https://www.ocbuyback.com/sell/cell-phone/apple/iphone-15-pro/verizon/1tb/good-condition,https://www.ocbuyback.com/sell/cell-phone/apple/iphone-15-pro/verizon/1tb/fair,https://www.ocbuyback.com/sell/cell-phone/apple/iphone-15-pro/verizon/1tb/minor-damage,https://www.ocbuyback.com/sell/cell-phone/apple/iphone-15-pro/verizon/1tb/damaged
Apple,iPhone 15 Pro,1TB,Other,225.0,185.0,100.0,80.0,40.0,https://www.ocbuyback.com/sell/cell-phone/apple/iphone-15-pro/other/1tb/like-new,https://www.ocbuyback.com/sell/cell-phone/apple/iphone-15-pro/other/1tb/good-condition,https://www.ocbuyback.com/sell/cell-phone/apple/iphone-15-pro/other/1tb/fair,https://www.ocbuyback.com/sell/cell-phone/apple/iphone-15-pro/other/1tb/minor-damage,https://www.ocbuyback.com/sell/cell-phone/apple/iphone-15-pro/other/1tb/damaged
Apple,iPhone 15 Pro,1TB,Unlocked,450.0,410.0,365.0,240.0,40.0,https://www.ocbuyback.com/sell/cell-phone/apple/iphone-15-pro/unlocked/1tb/like-new,https://www.ocbuyback.com/sell/cell-phone/apple/iphone-15-pro/unlocked/1tb/good-condition,https://www.ocbuyback.com/sell/cell-phone/apple/iphone-15-pro/unlocked/1tb/fair,https://www.ocbuyback.com/sell/cell-phone/apple/iphone-15-pro/unlocked/1tb/minor-damage,https://www.ocbuyback.com/sell/cell-phone/apple/iphone-15-pro/unlocked/1tb/damaged
Apple,iPhone 15 Pro Max,256GB,AT&T,310.0,280.0,210.0,150.0,40.0,https://www.ocbuyback.com/sell/cell-phone/apple/iphone-15-pro-max/at-t/256gb/like-new,https://www.ocbuyback.com/sell/cell-phone/apple/iphone-15-pro-max/at-t/256gb/good-condition,https://www.ocbuyback.com/sell/cell-phone/apple/iphone-15-pro-max/at-t/256gb/fair,https://www.ocbuyback.com/sell/cell-phone/apple/iphone-15-pro-max/at-t/256gb/minor-damage,https://www.ocbuyback.com/sell/cell-phone/apple/iphone-15-pro-max/at-t/256gb/damaged
Apple,iPhone 15 Pro Max,256GB,T-Mobile,325.0,295.0,225.0,125.0,40.0,https://www.ocbuyback.com/sell/cell-phone/apple/iphone-15-pro-max/t-mobile/256gb/like-new,https://www.ocbuyback.com/sell/cell-phone/apple/iphone-15-pro-max/t-mobile/256gb/good-condition,https://www.ocbuyback.com/sell/cell-phone/apple/iphone-15-pro-max/t-mobile/256gb/fair,https://www.ocbuyback.com/sell/cell-phone/apple/iphone-15-pro-max/t-mobile/256gb/minor-damage,https://www.ocbuyback.com/sell/cell-phone/apple/iphone-15-pro-max/t-mobile/256gb/damaged
Apple,iPhone 15 Pro Max,256GB,Verizon,230.0,200.0,110.0,90.0,40.0,https://www.ocbuyback.com/sell/cell-phone/apple/iphone-15-pro-max/verizon/256gb/like-new,https://www.ocbuyback.com/sell/cell-phone/apple/iphone-15-pro-max/verizon/256gb/good-condition,https://www.ocbuyback.com/sell/cell-phone/apple/iphone-15-pro-max/verizon/256gb/fair,https://www.ocbuyback.com/sell/cell-phone/apple/iphone-15-pro-max/verizon/256gb/minor-damage,https://www.ocbuyback.com/sell/cell-phone/apple/iphone-15-pro-max/verizon/256gb/damaged
Apple,iPhone 15 Pro Max,256GB,Other,115.0,70.0,50.0,40.0,40.0,https://www.ocbuyback.com/sell/cell-phone/apple/iphone-15-pro-max/other/256gb/like-new,https://www.ocbuyback.com/sell/cell-phone/apple/iphone-15-pro-max/other/256gb/good-condition,https://www.ocbuyback.com/sell/cell-phone/apple/iphone-15-pro-max/other/256gb/fair,https://www.ocbuyback.com/sell/cell-phone/apple/iphone-15-pro-max/other/256gb/minor-damage,https://www.ocbuyback.com/sell/cell-phone/apple/iphone-15-pro-max/other/256gb/damaged
Apple,iPhone 15 Pro Max,256GB,Unlocked,430.0,390.0,330.0,200.0,40.0,https://www.ocbuyback.com/sell/cell-phone/apple/iphone-15-pro-max/unlocked/256gb/like-new,https://www.ocbuyback.com/sell/cell-phone/apple/iphone-15-pro-max/unlocked/256gb/good-condition,https://www.ocbuyback.com/sell/cell-phone/apple/iphone-15-pro-max/unlocked/256gb/fair,https://www.ocbuyback.com/sell/cell-phone/apple/iphone-15-pro-max/unlocked/256gb/minor-damage,https://www.ocbuyback.com/sell/cell-phone/apple/iphone-15-pro-max/unlocked/256gb/damaged
Apple,iPhone 15 Pro Max,512GB,AT&T,340.0,300.0,240.0,170.0,40.0,https://www.ocbuyback.com/sell/cell-phone/apple/iphone-15-pro-max/at-t/512gb/like-new,https://www.ocbuyback.com/sell/cell-phone/apple/iphone-15-pro-max/at-t/512gb/good-condition,https://www.ocbuyback.com/sell/cell-phone/apple/iphone-15-pro-max/at-t/512gb/fair,https://www.ocbuyback.com/sell/cell-phone/apple/iphone-15-pro-max/at-t/512gb/minor-damage,https://www.ocbuyback.com/sell/cell-phone/apple/iphone-15-pro-max/at-t/512gb/damaged
Apple,iPhone 15 Pro Max,512GB,T-Mobile,355.0,325.0,255.0,145.0,40.0,https://www.ocbuyback.com/sell/cell-phone/apple/iphone-15-pro-max/t-mobile/512gb/like-new,https://www.ocbuyback.com/sell/cell-phone/apple/iphone-15-pro-max/t-mobile/512gb/good-condition,https://www.ocbuyback.com/sell/cell-phone/apple/iphone-15-pro-max/t-mobile/512gb/fair,https://www.ocbuyback.com/sell/cell-phone/apple/iphone-15-pro-max/t-mobile/512gb/minor-damage,https://www.ocbuyback.com/sell/cell-phone/apple/iphone-15-pro-max/t-mobile/512gb/damaged
Apple,iPhone 15 Pro Max,512GB,Verizon,260.0,230.0,160.0,140.0,40.0,https://www.ocbuyback.com/sell/cell-phone/apple/iphone-15-pro-max/verizon/512gb/like-new,https://www.ocbuyback.com/sell/cell-phone/apple/iphone-15-pro-max/verizon/512gb/good-condition,https://www.ocbuyback.com/sell/cell-phone/apple/iphone-15-pro-max/verizon/512gb/fair,https://www.ocbuyback.com/sell/cell-phone/apple/iphone-15-pro-max/verizon/512gb/minor-damage,https://www.ocbuyback.com/sell/cell-phone/apple/iphone-15-pro-max/verizon/512gb/damaged
Apple,iPhone 15 Pro Max,512GB,Other,160.0,135.0,90.0,60.0,40.0,https://www.ocbuyback.com/sell/cell-phone/apple/iphone-15-pro-max/other/512gb/like-new,https://www.ocbuyback.com/sell/cell-phone/apple/iphone-15-pro-max/other/512gb/good-condition,https://www.ocbuyback.com/sell/cell-phone/apple/iphone-15-pro-max/other/512gb/fair,https://www.ocbuyback.com/sell/cell-phone/apple/iphone-15-pro-max/other/512gb/minor-damage,https://www.ocbuyback.com/sell/cell-phone/apple/iphone-15-pro-max/other/512gb/damaged
Apple,iPhone 15 Pro Max,512GB,Unlocked,460.0,430.0,360.0,220.0,40.0,https://www.ocbuyback.com/sell/cell-phone/apple/iphone-15-pro-max/unlocked/512gb/like-new,https://www.ocbuyback.com/sell/cell-phone/apple/iphone-15-pro-max/unlocked/512gb/good-condition,https://www.ocbuyback.com/sell/cell-phone/apple/iphone-15-pro-max/unlocked/512gb/fair,https://www.ocbuyback.com/sell/cell-phone/apple/iphone-15-pro-max/unlocked/512gb/minor-damage,https://www.ocbuyback.com/sell/cell-phone/apple/iphone-15-pro-max/unlocked/512gb/damaged
Apple,iPhone 15 Pro Max,1TB,AT&T,380.0,350.0,280.0,200.0,40.0,https://www.ocbuyback.com/sell/cell-phone/apple/iphone-15-pro-max/at-t/1tb/like-new,https://www.ocbuyback.com/sell/cell-phone/apple/iphone-15-pro-max/at-t/1tb/good-condition,https://www.ocbuyback.com/sell/cell-phone/apple/iphone-15-pro-max/at-t/1tb/fair,https://www.ocbuyback.com/sell/cell-phone/apple/iphone-15-pro-max/at-t/1tb/minor-damage,https://www.ocbuyback.com/sell/cell-phone/apple/iphone-15-pro-max/at-t/1tb/damaged
Apple,iPhone 15 Pro Max,1TB,T-Mobile,395.0,355.0,295.0,175.0,40.0,https://www.ocbuyback.com/sell/cell-phone/apple/iphone-15-pro-max/t-mobile/1tb/like-new,https://www.ocbuyback.com/sell/cell-phone/apple/iphone-15-pro-max/t-mobile/1tb/good-condition,https://www.ocbuyback.com/sell/cell-phone/apple/iphone-15-pro-max/t-mobile/1tb/fair,https://www.ocbuyback.com/sell/cell-phone/apple/iphone-15-pro-max/t-mobile/1tb/minor-damage,https://www.ocbuyback.com/sell/cell-phone/apple/iphone-15-pro-max/t-mobile/1tb/damaged
Apple,iPhone 15 Pro Max,1TB,Verizon,300.0,270.0,200.0,170.0,40.0,https://www.ocbuyback.com/sell/cell-phone/apple/iphone-15-pro-max/verizon/1tb/like-new,https://www.ocbuyback.com/sell/cell-phone/apple/iphone-15-pro-max/verizon/1tb/good-condition,https://www.ocbuyback.com/sell/cell-phone/apple/iphone-15-pro-max/verizon/1tb/fair,https://www.ocbuyback.com/sell/cell-phone/apple/iphone-15-pro-max/verizon/1tb/minor-damage,https://www.ocbuyback.com/sell/cell-phone/apple/iphone-15-pro-max/verizon/1tb/damaged
Apple,iPhone 15 Pro Max,1TB,Other,205.0,165.0,110.0,80.0,40.0,https://www.ocbuyback.com/sell/cell-phone/apple/iphone-15-pro-max/other/1tb/like-new,https://www.ocbuyback.com/sell/cell-phone/apple/iphone-15-pro-max/other/1tb/good-condition,https://www.ocbuyback.com/sell/cell-phone/apple/iphone-15-pro-max/other/1tb/fair,https://www.ocbuyback.com/sell/cell-phone/apple/iphone-15-pro-max/other/1tb/minor-damage,https://www.ocbuyback.com/sell/cell-phone/apple/iphone-15-pro-max/other/1tb/damaged
Apple,iPhone 15 Pro Max,1TB,Unlocked,500.0,470.0,400.0,250.0,40.0,https://www.ocbuyback.com/sell/cell-phone/apple/iphone-15-pro-max/unlocked/1tb/like-new,https://www.ocbuyback.com/sell/cell-phone/apple/iphone-15-pro-max/unlocked/1tb/good-condition,https://www.ocbuyback.com/sell/cell-phone/apple/iphone-15-pro-max/unlocked/1tb/fair,https://www.ocbuyback.com/sell/cell-phone/apple/iphone-15-pro-max/unlocked/1tb/minor-damage,https://www.ocbuyback.com/sell/cell-phone/apple/iphone-15-pro-max/unlocked/1tb/damaged
Apple,iPhone 16,128GB,AT&T,300.0,265.0,205.0,130.0,30.0,https://www.ocbuyback.com/sell/cell-phone/apple/iphone-16/at-t/128gb/like-new,https://www.ocbuyback.com/sell/cell-phone/apple/iphone-16/at-t/128gb/good-condition,https://www.ocbuyback.com/sell/cell-phone/apple/iphone-16/at-t/128gb/fair,https://www.ocbuyback.com/sell/cell-phone/apple/iphone-16/at-t/128gb/minor-damage,https://www.ocbuyback.com/sell/cell-phone/apple/iphone-16/at-t/128gb/damaged
Apple,iPhone 16,128GB,T-Mobile,275.0,240.0,180.0,105.0,30.0,https://www.ocbuyback.com/sell/cell-phone/apple/iphone-16/t-mobile/128gb/like-new,https://www.ocbuyback.com/sell/cell-phone/apple/iphone-16/t-mobile/128gb/good-condition,https://www.ocbuyback.com/sell/cell-phone/apple/iphone-16/t-mobile/128gb/fair,https://www.ocbuyback.com/sell/cell-phone/apple/iphone-16/t-mobile/128gb/minor-damage,https://www.ocbuyback.com/sell/cell-phone/apple/iphone-16/t-mobile/128gb/damaged
Apple,iPhone 16,128GB,Verizon,300.0,265.0,205.0,130.0,30.0,https://www.ocbuyback.com/sell/cell-phone/apple/iphone-16/verizon/128gb/like-new,https://www.ocbuyback.com/sell/cell-phone/apple/iphone-16/verizon/128gb/good-condition,https://www.ocbuyback.com/sell/cell-phone/apple/iphone-16/verizon/128gb/fair,https://www.ocbuyback.com/sell/cell-phone/apple/iphone-16/verizon/128gb/minor-damage,https://www.ocbuyback.com/sell/cell-phone/apple/iphone-16/verizon/128gb/damaged
Apple,iPhone 16,128GB,Other,195.0,155.0,100.0,65.0,30.0,https://www.ocbuyback.com/sell/cell-phone/apple/iphone-16/other/128gb/like-new,https://www.ocbuyback.com/sell/cell-phone/apple/iphone-16/other/128gb/good-condition,https://www.ocbuyback.com/sell/cell-phone/apple/iphone-16/other/128gb/fair,https://www.ocbuyback.com/sell/cell-phone/apple/iphone-16/other/128gb/minor-damage,https://www.ocbuyback.com/sell/cell-phone/apple/iphone-16/other/128gb/damaged
Apple,iPhone 16,128GB,Unlocked,400.0,365.0,305.0,185.0,30.0,https://www.ocbuyback.com/sell/cell-phone/apple/iphone-16/unlocked/128gb/like-new,https://www.ocbuyback.com/sell/cell-phone/apple/iphone-16/unlocked/128gb/good-condition,https://www.ocbuyback.com/sell/cell-phone/apple/iphone-16/unlocked/128gb/fair,https://www.ocbuyback.com/sell/cell-phone/apple/iphone-16/unlocked/128gb/minor-damage,https://www.ocbuyback.com/sell/cell-phone/apple/iphone-16/unlocked/128gb/damaged
Apple,iPhone 16,256GB,AT&T,330.0,290.0,245.0,175.0,30.0,https://www.ocbuyback.com/sell/cell-phone/apple/iphone-16/at-t/256gb/like-new,https://www.ocbuyback.com/sell/cell-phone/apple/iphone-16/at-t/256gb/good-condition,https://www.ocbuyback.com/sell/cell-phone/apple/iphone-16/at-t/256gb/fair,https://www.ocbuyback.com/sell/cell-phone/apple/iphone-16/at-t/256gb/minor-damage,https://www.ocbuyback.com/sell/cell-phone/apple/iphone-16/at-t/256gb/damaged
Apple,iPhone 16,256GB,T-Mobile,305.0,265.0,220.0,150.0,30.0,https://www.ocbuyback.com/sell/cell-phone/apple/iphone-16/t-mobile/256gb/like-new,https://www.ocbuyback.com/sell/cell-phone/apple/iphone-16/t-mobile/256gb/good-condition,https://www.ocbuyback.com/sell/cell-phone/apple/iphone-16/t-mobile/256gb/fair,https://www.ocbuyback.com/sell/cell-phone/apple/iphone-16/t-mobile/256gb/minor-damage,https://www.ocbuyback.com/sell/cell-phone/apple/iphone-16/t-mobile/256gb/damaged
Apple,iPhone 16,256GB,Verizon,330.0,290.0,245.0,175.0,30.0,https://www.ocbuyback.com/sell/cell-phone/apple/iphone-16/verizon/256gb/like-new,https://www.ocbuyback.com/sell/cell-phone/apple/iphone-16/verizon/256gb/good-condition,https://www.ocbuyback.com/sell/cell-phone/apple/iphone-16/verizon/256gb/fair,https://www.ocbuyback.com/sell/cell-phone/apple/iphone-16/verizon/256gb/minor-damage,https://www.ocbuyback.com/sell/cell-phone/apple/iphone-16/verizon/256gb/damaged
Apple,iPhone 16,256GB,Other,245.0,200.0,110.0,80.0,30.0,https://www.ocbuyback.com/sell/cell-phone/apple/iphone-16/other/256gb/like-new,https://www.ocbuyback.com/sell/cell-phone/apple/iphone-16/other/256gb/good-condition,https://www.ocbuyback.com/sell/cell-phone/apple/iphone-16/other/256gb/fair,https://www.ocbuyback.com/sell/cell-phone/apple/iphone-16/other/256gb/minor-damage,https://www.ocbuyback.com/sell/cell-phone/apple/iphone-16/other/256gb/damaged
Apple,iPhone 16,256GB,Unlocked,440.0,390.0,345.0,220.0,30.0,https://www.ocbuyback.com/sell/cell-phone/apple/iphone-16/unlocked/256gb/like-new,https://www.ocbuyback.com/sell/cell-phone/apple/iphone-16/unlocked/256gb/good-condition,https://www.ocbuyback.com/sell/cell-phone/apple/iphone-16/unlocked/256gb/fair,https://www.ocbuyback.com/sell/cell-phone/apple/iphone-16/unlocked/256gb/minor-damage,https://www.ocbuyback.com/sell/cell-phone/apple/iphone-16/unlocked/256gb/damaged
Apple,iPhone 16,512GB,AT&T,360.0,325.0,265.0,210.0,30.0,https://www.ocbuyback.com/sell/cell-phone/apple/iphone-16/at-t/512gb/like-new,https://www.ocbuyback.com/sell/cell-phone/apple/iphone-16/at-t/512gb/good-condition,https://www.ocbuyback.com/sell/cell-phone/apple/iphone-16/at-t/512gb/fair,https://www.ocbuyback.com/sell/cell-phone/apple/iphone-16/at-t/512gb/minor-damage,https://www.ocbuyback.com/sell/cell-phone/apple/iphone-16/at-t/512gb/damaged
Apple,iPhone 16,512GB,T-Mobile,335.0,300.0,240.0,185.0,30.0,https://www.ocbuyback.com/sell/cell-phone/apple/iphone-16/t-mobile/512gb/like-new,https://www.ocbuyback.com/sell/cell-phone/apple/iphone-16/t-mobile/512gb/good-condition,https://www.ocbuyback.com/sell/cell-phone/apple/iphone-16/t-mobile/512gb/fair,https://www.ocbuyback.com/sell/cell-phone/apple/iphone-16/t-mobile/512gb/minor-damage,https://www.ocbuyback.com/sell/cell-phone/apple/iphone-16/t-mobile/512gb/damaged
Apple,iPhone 16,512GB,Verizon,360.0,325.0,265.0,210.0,30.0,https://www.ocbuyback.com/sell/cell-phone/apple/iphone-16/verizon/512gb/like-new,https://www.ocbuyback.com/sell/cell-phone/apple/iphone-16/verizon/512gb/good-condition,https://www.ocbuyback.com/sell/cell-phone/apple/iphone-16/verizon/512gb/fair,https://www.ocbuyback.com/sell/cell-phone/apple/iphone-16/verizon/512gb/minor-damage,https://www.ocbuyback.com/sell/cell-phone/apple/iphone-16/verizon/512gb/damaged
Apple,iPhone 16,512GB,Other,285.0,230.0,160.0,135.0,30.0,https://www.ocbuyback.com/sell/cell-phone/apple/iphone-16/other/512gb/like-new,https://www.ocbuyback.com/sell/cell-phone/apple/iphone-16/other/512gb/good-condition,https://www.ocbuyback.com/sell/cell-phone/apple/iphone-16/other/512gb/fair,https://www.ocbuyback.com/sell/cell-phone/apple/iphone-16/other/512gb/minor-damage,https://www.ocbuyback.com/sell/cell-phone/apple/iphone-16/other/512gb/damaged
Apple,iPhone 16,512GB,Unlocked,460.0,425.0,365.0,260.0,30.0,https://www.ocbuyback.com/sell/cell-phone/apple/iphone-16/unlocked/512gb/like-new,https://www.ocbuyback.com/sell/cell-phone/apple/iphone-16/unlocked/512gb/good-condition,https://www.ocbuyback.com/sell/cell-phone/apple/iphone-16/unlocked/512gb/fair,https://www.ocbuyback.com/sell/cell-phone/apple/iphone-16/unlocked/512gb/minor-damage,https://www.ocbuyback.com/sell/cell-phone/apple/iphone-16/unlocked/512gb/damaged
Apple,iPhone 16 Plus,128GB,T-Mobile,310.0,280.0,210.0,165.0,40.0,https://www.ocbuyback.com/sell/cell-phone/apple/iphone-16-plus/t-mobile/128gb/like-new,https://www.ocbuyback.com/sell/cell-phone/apple/iphone-16-plus/t-mobile/128gb/good-condition,https://www.ocbuyback.com/sell/cell-phone/apple/iphone-16-plus/t-mobile/128gb/fair,https://www.ocbuyback.com/sell/cell-phone/apple/iphone-16-plus/t-mobile/128gb/minor-damage,https://www.ocbuyback.com/sell/cell-phone/apple/iphone-16-plus/t-mobile/128gb/damaged
Apple,iPhone 16 Plus,128GB,Verizon,360.0,330.0,260.0,190.0,30.0,https://www.ocbuyback.com/sell/cell-phone/apple/iphone-16-plus/verizon/128gb/like-new,https://www.ocbuyback.com/sell/cell-phone/apple/iphone-16-plus/verizon/128gb/good-condition,https://www.ocbuyback.com/sell/cell-phone/apple/iphone-16-plus/verizon/128gb/fair,https://www.ocbuyback.com/sell/cell-phone/apple/iphone-16-plus/verizon/128gb/minor-damage,https://www.ocbuyback.com/sell/cell-phone/apple/iphone-16-plus/verizon/128gb/damaged
Apple,iPhone 16 Plus,128GB,Other,185.0,155.0,90.0,45.0,30.0,https://www.ocbuyback.com/sell/cell-phone/apple/iphone-16-plus/other/128gb/like-new,https://www.ocbuyback.com/sell/cell-phone/apple/iphone-16-plus/other/128gb/good-condition,https://www.ocbuyback.com/sell/cell-phone/apple/iphone-16-plus/other/128gb/fair,https://www.ocbuyback.com/sell/cell-phone/apple/iphone-16-plus/other/128gb/minor-damage,https://www.ocbuyback.com/sell/cell-phone/apple/iphone-16-plus/other/128gb/damaged
Apple,iPhone 16 Plus,128GB,Unlocked,460.0,430.0,360.0,240.0,30.0,https://www.ocbuyback.com/sell/cell-phone/apple/iphone-16-plus/unlocked/128gb/like-new,https://www.ocbuyback.com/sell/cell-phone/apple/iphone-16-plus/unlocked/128gb/good-condition,https://www.ocbuyback.com/sell/cell-phone/apple/iphone-16-plus/unlocked/128gb/fair,https://www.ocbuyback.com/sell/cell-phone/apple/iphone-16-plus/unlocked/128gb/minor-damage,https://www.ocbuyback.com/sell/cell-phone/apple/iphone-16-plus/unlocked/128gb/damaged
Apple,iPhone 16 Plus,256GB,AT&T,350.0,320.0,250.0,230.0,30.0,https://www.ocbuyback.com/sell/cell-phone/apple/iphone-16-plus/at-t/256gb/like-new,https://www.ocbuyback.com/sell/cell-phone/apple/iphone-16-plus/at-t/256gb/good-condition,https://www.ocbuyback.com/sell/cell-phone/apple/iphone-16-plus/at-t/256gb/fair,https://www.ocbuyback.com/sell/cell-phone/apple/iphone-16-plus/at-t/256gb/minor-damage,https://www.ocbuyback.com/sell/cell-phone/apple/iphone-16-plus/at-t/256gb/damaged
Apple,iPhone 16 Plus,256GB,T-Mobile,350.0,320.0,250.0,205.0,30.0,https://www.ocbuyback.com/sell/cell-phone/apple/iphone-16-plus/t-mobile/256gb/like-new,https://www.ocbuyback.com/sell/cell-phone/apple/iphone-16-plus/t-mobile/256gb/good-condition,https://www.ocbuyback.com/sell/cell-phone/apple/iphone-16-plus/t-mobile/256gb/fair,https://www.ocbuyback.com/sell/cell-phone/apple/iphone-16-plus/t-mobile/256gb/minor-damage,https://www.ocbuyback.com/sell/cell-phone/apple/iphone-16-plus/t-mobile/256gb/damaged
Apple,iPhone 16 Plus,256GB,Verizon,400.0,370.0,300.0,230.0,30.0,https://www.ocbuyback.com/sell/cell-phone/apple/iphone-16-plus/verizon/256gb/like-new,https://www.ocbuyback.com/sell/cell-phone/apple/iphone-16-plus/verizon/256gb/good-condition,https://www.ocbuyback.com/sell/cell-phone/apple/iphone-16-plus/verizon/256gb/fair,https://www.ocbuyback.com/sell/cell-phone/apple/iphone-16-plus/verizon/256gb/minor-damage,https://www.ocbuyback.com/sell/cell-phone/apple/iphone-16-plus/verizon/256gb/damaged
Apple,iPhone 16 Plus,256GB,Other,225.0,195.0,125.0,80.0,30.0,https://www.ocbuyback.com/sell/cell-phone/apple/iphone-16-plus/other/256gb/like-new,https://www.ocbuyback.com/sell/cell-phone/apple/iphone-16-plus/other/256gb/good-condition,https://www.ocbuyback.com/sell/cell-phone/apple/iphone-16-plus/other/256gb/fair,https://www.ocbuyback.com/sell/cell-phone/apple/iphone-16-plus/other/256gb/minor-damage,https://www.ocbuyback.com/sell/cell-phone/apple/iphone-16-plus/other/256gb/damaged
Apple,iPhone 16 Plus,256GB,Unlocked,500.0,470.0,400.0,280.0,30.0,https://www.ocbuyback.com/sell/cell-phone/apple/iphone-16-plus/unlocked/256gb/like-new,https://www.ocbuyback.com/sell/cell-phone/apple/iphone-16-plus/unlocked/256gb/good-condition,https://www.ocbuyback.com/sell/cell-phone/apple/iphone-16-plus/unlocked/256gb/fair,https://www.ocbuyback.com/sell/cell-phone/apple/iphone-16-plus/unlocked/256gb/minor-damage,https://www.ocbuyback.com/sell/cell-phone/apple/iphone-16-plus/unlocked/256gb/damaged
Apple,iPhone 16 Plus,512GB,AT&T,385.0,355.0,285.0,270.0,30.0,https://www.ocbuyback.com/sell/cell-phone/apple/iphone-16-plus/at-t/512gb/like-new,https://www.ocbuyback.com/sell/cell-phone/apple/iphone-16-plus/at-t/512gb/good-condition,https://www.ocbuyback.com/sell/cell-phone/apple/iphone-16-plus/at-t/512gb/fair,https://www.ocbuyback.com/sell/cell-phone/apple/iphone-16-plus/at-t/512gb/minor-damage,https://www.ocbuyback.com/sell/cell-phone/apple/iphone-16-plus/at-t/512gb/damaged
Apple,iPhone 16 Plus,512GB,T-Mobile,385.0,355.0,285.0,245.0,30.0,https://www.ocbuyback.com/sell/cell-phone/apple/iphone-16-plus/t-mobile/512gb/like-new,https://www.ocbuyback.com/sell/cell-phone/apple/iphone-16-plus/t-mobile/512gb/good-condition,https://www.ocbuyback.com/sell/cell-phone/apple/iphone-16-plus/t-mobile/512gb/fair,https://www.ocbuyback.com/sell/cell-phone/apple/iphone-16-plus/t-mobile/512gb/minor-damage,https://www.ocbuyback.com/sell/cell-phone/apple/iphone-16-plus/t-mobile/512gb/damaged
Apple,iPhone 16 Plus,512GB,Verizon,435.0,405.0,335.0,270.0,30.0,https://www.ocbuyback.com/sell/cell-phone/apple/iphone-16-plus/verizon/512gb/like-new,https://www.ocbuyback.com/sell/cell-phone/apple/iphone-16-plus/verizon/512gb/good-condition,https://www.ocbuyback.com/sell/cell-phone/apple/iphone-16-plus/verizon/512gb/fair,https://www.ocbuyback.com/sell/cell-phone/apple/iphone-16-plus/verizon/512gb/minor-damage,https://www.ocbuyback.com/sell/cell-phone/apple/iphone-16-plus/verizon/512gb/damaged
Apple,iPhone 16 Plus,512GB,Other,260.0,230.0,160.0,120.0,30.0,https://www.ocbuyback.com/sell/cell-phone/apple/iphone-16-plus/other/512gb/like-new,https://www.ocbuyback.com/sell/cell-phone/apple/iphone-16-plus/other/512gb/good-condition,https://www.ocbuyback.com/sell/cell-phone/apple/iphone-16-plus/other/512gb/fair,https://www.ocbuyback.com/sell/cell-phone/apple/iphone-16-plus/other/512gb/minor-damage,https://www.ocbuyback.com/sell/cell-phone/apple/iphone-16-plus/other/512gb/damaged
Apple,iPhone 16 Plus,512GB,Unlocked,535.0,505.0,435.0,320.0,30.0,https://www.ocbuyback.com/sell/cell-phone/apple/iphone-16-plus/unlocked/512gb/like-new,https://www.ocbuyback.com/sell/cell-phone/apple/iphone-16-plus/unlocked/512gb/good-condition,https://www.ocbuyback.com/sell/cell-phone/apple/iphone-16-plus/unlocked/512gb/fair,https://www.ocbuyback.com/sell/cell-phone/apple/iphone-16-plus/unlocked/512gb/minor-damage,https://www.ocbuyback.com/sell/cell-phone/apple/iphone-16-plus/unlocked/512gb/damaged
Apple,iPhone 16 Plus,128GB,AT&T,290.0,260.0,190.0,170.0,40.0,https://www.ocbuyback.com/sell/cell-phone/apple/iphone-16-plus/at-t/128gb/like-new,https://www.ocbuyback.com/sell/cell-phone/apple/iphone-16-plus/at-t/128gb/good-condition,https://www.ocbuyback.com/sell/cell-phone/apple/iphone-16-plus/at-t/128gb/fair,https://www.ocbuyback.com/sell/cell-phone/apple/iphone-16-plus/at-t/128gb/minor-damage,https://www.ocbuyback.com/sell/cell-phone/apple/iphone-16-plus/at-t/128gb/damaged
Apple,iPhone 16 Pro,128GB,T-Mobile,385.0,345.0,290.0,180.0,40.0,https://www.ocbuyback.com/sell/cell-phone/apple/iphone-16-pro/t-mobile/128gb/like-new,https://www.ocbuyback.com/sell/cell-phone/apple/iphone-16-pro/t-mobile/128gb/good-condition,https://www.ocbuyback.com/sell/cell-phone/apple/iphone-16-pro/t-mobile/128gb/fair,https://www.ocbuyback.com/sell/cell-phone/apple/iphone-16-pro/t-mobile/128gb/minor-damage,https://www.ocbuyback.com/sell/cell-phone/apple/iphone-16-pro/t-mobile/128gb/damaged
Apple,iPhone 16 Pro,128GB,Verizon,210.0,170.0,115.0,105.0,40.0,https://www.ocbuyback.com/sell/cell-phone/apple/iphone-16-pro/verizon/128gb/like-new,https://www.ocbuyback.com/sell/cell-phone/apple/iphone-16-pro/verizon/128gb/good-condition,https://www.ocbuyback.com/sell/cell-phone/apple/iphone-16-pro/verizon/128gb/fair,https://www.ocbuyback.com/sell/cell-phone/apple/iphone-16-pro/verizon/128gb/minor-damage,https://www.ocbuyback.com/sell/cell-phone/apple/iphone-16-pro/verizon/128gb/damaged
Apple,iPhone 16 Pro,128GB,Other,215.0,160.0,125.0,100.0,40.0,https://www.ocbuyback.com/sell/cell-phone/apple/iphone-16-pro/other/128gb/like-new,https://www.ocbuyback.com/sell/cell-phone/apple/iphone-16-pro/other/128gb/good-condition,https://www.ocbuyback.com/sell/cell-phone/apple/iphone-16-pro/other/128gb/fair,https://www.ocbuyback.com/sell/cell-phone/apple/iphone-16-pro/other/128gb/minor-damage,https://www.ocbuyback.com/sell/cell-phone/apple/iphone-16-pro/other/128gb/damaged
Apple,iPhone 16 Pro,128GB,Unlocked,460.0,420.0,365.0,275.0,40.0,https://www.ocbuyback.com/sell/cell-phone/apple/iphone-16-pro/unlocked/128gb/like-new,https://www.ocbuyback.com/sell/cell-phone/apple/iphone-16-pro/unlocked/128gb/good-condition,https://www.ocbuyback.com/sell/cell-phone/apple/iphone-16-pro/unlocked/128gb/fair,https://www.ocbuyback.com/sell/cell-phone/apple/iphone-16-pro/unlocked/128gb/minor-damage,https://www.ocbuyback.com/sell/cell-phone/apple/iphone-16-pro/unlocked/128gb/damaged
Apple,iPhone 16 Pro,256GB,AT&T,410.0,385.0,330.0,235.0,40.0,https://www.ocbuyback.com/sell/cell-phone/apple/iphone-16-pro/at-t/256gb/like-new,https://www.ocbuyback.com/sell/cell-phone/apple/iphone-16-pro/at-t/256gb/good-condition,https://www.ocbuyback.com/sell/cell-phone/apple/iphone-16-pro/at-t/256gb/fair,https://www.ocbuyback.com/sell/cell-phone/apple/iphone-16-pro/at-t/256gb/minor-damage,https://www.ocbuyback.com/sell/cell-phone/apple/iphone-16-pro/at-t/256gb/damaged
Apple,iPhone 16 Pro,256GB,T-Mobile,445.0,415.0,340.0,210.0,40.0,https://www.ocbuyback.com/sell/cell-phone/apple/iphone-16-pro/t-mobile/256gb/like-new,https://www.ocbuyback.com/sell/cell-phone/apple/iphone-16-pro/t-mobile/256gb/good-condition,https://www.ocbuyback.com/sell/cell-phone/apple/iphone-16-pro/t-mobile/256gb/fair,https://www.ocbuyback.com/sell/cell-phone/apple/iphone-16-pro/t-mobile/256gb/minor-damage,https://www.ocbuyback.com/sell/cell-phone/apple/iphone-16-pro/t-mobile/256gb/damaged
Apple,iPhone 16 Pro,256GB,Verizon,260.0,230.0,175.0,165.0,40.0,https://www.ocbuyback.com/sell/cell-phone/apple/iphone-16-pro/verizon/256gb/like-new,https://www.ocbuyback.com/sell/cell-phone/apple/iphone-16-pro/verizon/256gb/good-condition,https://www.ocbuyback.com/sell/cell-phone/apple/iphone-16-pro/verizon/256gb/fair,https://www.ocbuyback.com/sell/cell-phone/apple/iphone-16-pro/verizon/256gb/minor-damage,https://www.ocbuyback.com/sell/cell-phone/apple/iphone-16-pro/verizon/256gb/damaged
Apple,iPhone 16 Pro,256GB,Other,265.0,220.0,135.0,85.0,40.0,https://www.ocbuyback.com/sell/cell-phone/apple/iphone-16-pro/other/256gb/like-new,https://www.ocbuyback.com/sell/cell-phone/apple/iphone-16-pro/other/256gb/good-condition,https://www.ocbuyback.com/sell/cell-phone/apple/iphone-16-pro/other/256gb/fair,https://www.ocbuyback.com/sell/cell-phone/apple/iphone-16-pro/other/256gb/minor-damage,https://www.ocbuyback.com/sell/cell-phone/apple/iphone-16-pro/other/256gb/damaged
Apple,iPhone 16 Pro,256GB,Unlocked,510.0,480.0,415.0,285.0,40.0,https://www.ocbuyback.com/sell/cell-phone/apple/iphone-16-pro/unlocked/256gb/like-new,https://www.ocbuyback.com/sell/cell-phone/apple/iphone-16-pro/unlocked/256gb/good-condition,https://www.ocbuyback.com/sell/cell-phone/apple/iphone-16-pro/unlocked/256gb/fair,https://www.ocbuyback.com/sell/cell-phone/apple/iphone-16-pro/unlocked/256gb/minor-damage,https://www.ocbuyback.com/sell/cell-phone/apple/iphone-16-pro/unlocked/256gb/damaged
Apple,iPhone 16 Pro,512GB,AT&T,450.0,425.0,370.0,275.0,40.0,https://www.ocbuyback.com/sell/cell-phone/apple/iphone-16-pro/at-t/512gb/like-new,https://www.ocbuyback.com/sell/cell-phone/apple/iphone-16-pro/at-t/512gb/good-condition,https://www.ocbuyback.com/sell/cell-phone/apple/iphone-16-pro/at-t/512gb/fair,https://www.ocbuyback.com/sell/cell-phone/apple/iphone-16-pro/at-t/512gb/minor-damage,https://www.ocbuyback.com/sell/cell-phone/apple/iphone-16-pro/at-t/512gb/damaged
Apple,iPhone 16 Pro,512GB,T-Mobile,475.0,445.0,395.0,250.0,40.0,https://www.ocbuyback.com/sell/cell-phone/apple/iphone-16-pro/t-mobile/512gb/like-new,https://www.ocbuyback.com/sell/cell-phone/apple/iphone-16-pro/t-mobile/512gb/good-condition,https://www.ocbuyback.com/sell/cell-phone/apple/iphone-16-pro/t-mobile/512gb/fair,https://www.ocbuyback.com/sell/cell-phone/apple/iphone-16-pro/t-mobile/512gb/minor-damage,https://www.ocbuyback.com/sell/cell-phone/apple/iphone-16-pro/t-mobile/512gb/damaged
Apple,iPhone 16 Pro,512GB,Verizon,300.0,270.0,220.0,205.0,40.0,https://www.ocbuyback.com/sell/cell-phone/apple/iphone-16-pro/verizon/512gb/like-new,https://www.ocbuyback.com/sell/cell-phone/apple/iphone-16-pro/verizon/512gb/good-condition,https://www.ocbuyback.com/sell/cell-phone/apple/iphone-16-pro/verizon/512gb/fair,https://www.ocbuyback.com/sell/cell-phone/apple/iphone-16-pro/verizon/512gb/minor-damage,https://www.ocbuyback.com/sell/cell-phone/apple/iphone-16-pro/verizon/512gb/damaged
Apple,iPhone 16 Pro,512GB,Other,250.0,165.0,155.0,125.0,40.0,https://www.ocbuyback.com/sell/cell-phone/apple/iphone-16-pro/other/512gb/like-new,https://www.ocbuyback.com/sell/cell-phone/apple/iphone-16-pro/other/512gb/good-condition,https://www.ocbuyback.com/sell/cell-phone/apple/iphone-16-pro/other/512gb/fair,https://www.ocbuyback.com/sell/cell-phone/apple/iphone-16-pro/other/512gb/minor-damage,https://www.ocbuyback.com/sell/cell-phone/apple/iphone-16-pro/other/512gb/damaged
Apple,iPhone 16 Pro,512GB,Unlocked,550.0,520.0,470.0,325.0,40.0,https://www.ocbuyback.com/sell/cell-phone/apple/iphone-16-pro/unlocked/512gb/like-new,https://www.ocbuyback.com/sell/cell-phone/apple/iphone-16-pro/unlocked/512gb/good-condition,https://www.ocbuyback.com/sell/cell-phone/apple/iphone-16-pro/unlocked/512gb/fair,https://www.ocbuyback.com/sell/cell-phone/apple/iphone-16-pro/unlocked/512gb/minor-damage,https://www.ocbuyback.com/sell/cell-phone/apple/iphone-16-pro/unlocked/512gb/damaged
Apple,iPhone 16 Pro,1TB,AT&T,510.0,485.0,430.0,300.0,40.0,https://www.ocbuyback.com/sell/cell-phone/apple/iphone-16-pro/at-t/1tb/like-new,https://www.ocbuyback.com/sell/cell-phone/apple/iphone-16-pro/at-t/1tb/good-condition,https://www.ocbuyback.com/sell/cell-phone/apple/iphone-16-pro/at-t/1tb/fair,https://www.ocbuyback.com/sell/cell-phone/apple/iphone-16-pro/at-t/1tb/minor-damage,https://www.ocbuyback.com/sell/cell-phone/apple/iphone-16-pro/at-t/1tb/damaged
Apple,iPhone 16 Pro,1TB,T-Mobile,535.0,505.0,455.0,275.0,40.0,https://www.ocbuyback.com/sell/cell-phone/apple/iphone-16-pro/t-mobile/1tb/like-new,https://www.ocbuyback.com/sell/cell-phone/apple/iphone-16-pro/t-mobile/1tb/good-condition,https://www.ocbuyback.com/sell/cell-phone/apple/iphone-16-pro/t-mobile/1tb/fair,https://www.ocbuyback.com/sell/cell-phone/apple/iphone-16-pro/t-mobile/1tb/minor-damage,https://www.ocbuyback.com/sell/cell-phone/apple/iphone-16-pro/t-mobile/1tb/damaged
Apple,iPhone 16 Pro,1TB,Verizon,360.0,330.0,280.0,230.0,40.0,https://www.ocbuyback.com/sell/cell-phone/apple/iphone-16-pro/verizon/1tb/like-new,https://www.ocbuyback.com/sell/cell-phone/apple/iphone-16-pro/verizon/1tb/good-condition,https://www.ocbuyback.com/sell/cell-phone/apple/iphone-16-pro/verizon/1tb/fair,https://www.ocbuyback.com/sell/cell-phone/apple/iphone-16-pro/verizon/1tb/minor-damage,https://www.ocbuyback.com/sell/cell-phone/apple/iphone-16-pro/verizon/1tb/damaged
Apple,iPhone 16 Pro,1TB,Other,280.0,250.0,130.0,110.0,40.0,https://www.ocbuyback.com/sell/cell-phone/apple/iphone-16-pro/other/1tb/like-new,https://www.ocbuyback.com/sell/cell-phone/apple/iphone-16-pro/other/1tb/good-condition,https://www.ocbuyback.com/sell/cell-phone/apple/iphone-16-pro/other/1tb/fair,https://www.ocbuyback.com/sell/cell-phone/apple/iphone-16-pro/other/1tb/minor-damage,https://www.ocbuyback.com/sell/cell-phone/apple/iphone-16-pro/other/1tb/damaged
Apple,iPhone 16 Pro,1TB,Unlocked,610.0,580.0,530.0,350.0,40.0,https://www.ocbuyback.com/sell/cell-phone/apple/iphone-16-pro/unlocked/1tb/like-new,https://www.ocbuyback.com/sell/cell-phone/apple/iphone-16-pro/unlocked/1tb/good-condition,https://www.ocbuyback.com/sell/cell-phone/apple/iphone-16-pro/unlocked/1tb/fair,https://www.ocbuyback.com/sell/cell-phone/apple/iphone-16-pro/unlocked/1tb/minor-damage,https://www.ocbuyback.com/sell/cell-phone/apple/iphone-16-pro/unlocked/1tb/damaged
Apple,iPhone 16 Pro Max,256GB,AT&T,480.0,440.0,350.0,230.0,40.0,https://www.ocbuyback.com/sell/cell-phone/apple/iphone-16-pro-max/at-t/256gb/like-new,https://www.ocbuyback.com/sell/cell-phone/apple/iphone-16-pro-max/at-t/256gb/good-condition,https://www.ocbuyback.com/sell/cell-phone/apple/iphone-16-pro-max/at-t/256gb/fair,https://www.ocbuyback.com/sell/cell-phone/apple/iphone-16-pro-max/at-t/256gb/minor-damage,https://www.ocbuyback.com/sell/cell-phone/apple/iphone-16-pro-max/at-t/256gb/damaged
Apple,iPhone 16 Pro Max,256GB,T-Mobile,495.0,455.0,365.0,205.0,40.0,https://www.ocbuyback.com/sell/cell-phone/apple/iphone-16-pro-max/t-mobile/256gb/like-new,https://www.ocbuyback.com/sell/cell-phone/apple/iphone-16-pro-max/t-mobile/256gb/good-condition,https://www.ocbuyback.com/sell/cell-phone/apple/iphone-16-pro-max/t-mobile/256gb/fair,https://www.ocbuyback.com/sell/cell-phone/apple/iphone-16-pro-max/t-mobile/256gb/minor-damage,https://www.ocbuyback.com/sell/cell-phone/apple/iphone-16-pro-max/t-mobile/256gb/damaged
Apple,iPhone 16 Pro Max,256GB,Verizon,400.0,360.0,270.0,230.0,40.0,https://www.ocbuyback.com/sell/cell-phone/apple/iphone-16-pro-max/verizon/256gb/like-new,https://www.ocbuyback.com/sell/cell-phone/apple/iphone-16-pro-max/verizon/256gb/good-condition,https://www.ocbuyback.com/sell/cell-phone/apple/iphone-16-pro-max/verizon/256gb/fair,https://www.ocbuyback.com/sell/cell-phone/apple/iphone-16-pro-max/verizon/256gb/minor-damage,https://www.ocbuyback.com/sell/cell-phone/apple/iphone-16-pro-max/verizon/256gb/damaged
Apple,iPhone 16 Pro Max,256GB,Other,310.0,245.0,190.0,105.0,40.0,https://www.ocbuyback.com/sell/cell-phone/apple/iphone-16-pro-max/other/256gb/like-new,https://www.ocbuyback.com/sell/cell-phone/apple/iphone-16-pro-max/other/256gb/good-condition,https://www.ocbuyback.com/sell/cell-phone/apple/iphone-16-pro-max/other/256gb/fair,https://www.ocbuyback.com/sell/cell-phone/apple/iphone-16-pro-max/other/256gb/minor-damage,https://www.ocbuyback.com/sell/cell-phone/apple/iphone-16-pro-max/other/256gb/damaged
Apple,iPhone 16 Pro Max,256GB,Unlocked,600.0,560.0,470.0,280.0,40.0,https://www.ocbuyback.com/sell/cell-phone/apple/iphone-16-pro-max/unlocked/256gb/like-new,https://www.ocbuyback.com/sell/cell-phone/apple/iphone-16-pro-max/unlocked/256gb/good-condition,https://www.ocbuyback.com/sell/cell-phone/apple/iphone-16-pro-max/unlocked/256gb/fair,https://www.ocbuyback.com/sell/cell-phone/apple/iphone-16-pro-max/unlocked/256gb/minor-damage,https://www.ocbuyback.com/sell/cell-phone/apple/iphone-16-pro-max/unlocked/256gb/damaged
Apple,iPhone 16 Pro Max,512GB,AT&T,540.0,500.0,440.0,255.0,40.0,https://www.ocbuyback.com/sell/cell-phone/apple/iphone-16-pro-max/at-t/512gb/like-new,https://www.ocbuyback.com/sell/cell-phone/apple/iphone-16-pro-max/at-t/512gb/good-condition,https://www.ocbuyback.com/sell/cell-phone/apple/iphone-16-pro-max/at-t/512gb/fair,https://www.ocbuyback.com/sell/cell-phone/apple/iphone-16-pro-max/at-t/512gb/minor-damage,https://www.ocbuyback.com/sell/cell-phone/apple/iphone-16-pro-max/at-t/512gb/damaged
Apple,iPhone 16 Pro Max,512GB,T-Mobile,555.0,515.0,455.0,230.0,40.0,https://www.ocbuyback.com/sell/cell-phone/apple/iphone-16-pro-max/t-mobile/512gb/like-new,https://www.ocbuyback.com/sell/cell-phone/apple/iphone-16-pro-max/t-mobile/512gb/good-condition,https://www.ocbuyback.com/sell/cell-phone/apple/iphone-16-pro-max/t-mobile/512gb/fair,https://www.ocbuyback.com/sell/cell-phone/apple/iphone-16-pro-max/t-mobile/512gb/minor-damage,https://www.ocbuyback.com/sell/cell-phone/apple/iphone-16-pro-max/t-mobile/512gb/damaged
Apple,iPhone 16 Pro Max,512GB,Verizon,460.0,420.0,360.0,255.0,40.0,https://www.ocbuyback.com/sell/cell-phone/apple/iphone-16-pro-max/verizon/512gb/like-new,https://www.ocbuyback.com/sell/cell-phone/apple/iphone-16-pro-max/verizon/512gb/good-condition,https://www.ocbuyback.com/sell/cell-phone/apple/iphone-16-pro-max/verizon/512gb/fair,https://www.ocbuyback.com/sell/cell-phone/apple/iphone-16-pro-max/verizon/512gb/minor-damage,https://www.ocbuyback.com/sell/cell-phone/apple/iphone-16-pro-max/verizon/512gb/damaged
Apple,iPhone 16 Pro Max,512GB,Other,320.0,255.0,170.0,60.0,40.0,https://www.ocbuyback.com/sell/cell-phone/apple/iphone-16-pro-max/other/512gb/like-new,https://www.ocbuyback.com/sell/cell-phone/apple/iphone-16-pro-max/other/512gb/good-condition,https://www.ocbuyback.com/sell/cell-phone/apple/iphone-16-pro-max/other/512gb/fair,https://www.ocbuyback.com/sell/cell-phone/apple/iphone-16-pro-max/other/512gb/minor-damage,https://www.ocbuyback.com/sell/cell-phone/apple/iphone-16-pro-max/other/512gb/damaged
Apple,iPhone 16 Pro Max,512GB,Unlocked,660.0,610.0,560.0,305.0,40.0,https://www.ocbuyback.com/sell/cell-phone/apple/iphone-16-pro-max/unlocked/512gb/like-new,https://www.ocbuyback.com/sell/cell-phone/apple/iphone-16-pro-max/unlocked/512gb/good-condition,https://www.ocbuyback.com/sell/cell-phone/apple/iphone-16-pro-max/unlocked/512gb/fair,https://www.ocbuyback.com/sell/cell-phone/apple/iphone-16-pro-max/unlocked/512gb/minor-damage,https://www.ocbuyback.com/sell/cell-phone/apple/iphone-16-pro-max/unlocked/512gb/damaged
Apple,iPhone 16 Pro Max,1TB,AT&T,630.0,590.0,520.0,305.0,40.0,https://www.ocbuyback.com/sell/cell-phone/apple/iphone-16-pro-max/at-t/1tb/like-new,https://www.ocbuyback.com/sell/cell-phone/apple/iphone-16-pro-max/at-t/1tb/good-condition,https://www.ocbuyback.com/sell/cell-phone/apple/iphone-16-pro-max/at-t/1tb/fair,https://www.ocbuyback.com/sell/cell-phone/apple/iphone-16-pro-max/at-t/1tb/minor-damage,https://www.ocbuyback.com/sell/cell-phone/apple/iphone-16-pro-max/at-t/1tb/damaged
Apple,iPhone 16 Pro Max,1TB,T-Mobile,645.0,605.0,535.0,280.0,40.0,https://www.ocbuyback.com/sell/cell-phone/apple/iphone-16-pro-max/t-mobile/1tb/like-new,https://www.ocbuyback.com/sell/cell-phone/apple/iphone-16-pro-max/t-mobile/1tb/good-condition,https://www.ocbuyback.com/sell/cell-phone/apple/iphone-16-pro-max/t-mobile/1tb/fair,https://www.ocbuyback.com/sell/cell-phone/apple/iphone-16-pro-max/t-mobile/1tb/minor-damage,https://www.ocbuyback.com/sell/cell-phone/apple/iphone-16-pro-max/t-mobile/1tb/damaged
Apple,iPhone 16 Pro Max,1TB,Verizon,550.0,510.0,440.0,305.0,40.0,https://www.ocbuyback.com/sell/cell-phone/apple/iphone-16-pro-max/verizon/1tb/like-new,https://www.ocbuyback.com/sell/cell-phone/apple/iphone-16-pro-max/verizon/1tb/good-condition,https://www.ocbuyback.com/sell/cell-phone/apple/iphone-16-pro-max/verizon/1tb/fair,https://www.ocbuyback.com/sell/cell-phone/apple/iphone-16-pro-max/verizon/1tb/minor-damage,https://www.ocbuyback.com/sell/cell-phone/apple/iphone-16-pro-max/verizon/1tb/damaged
Apple,iPhone 16 Pro Max,1TB,Other,365.0,280.0,175.0,105.0,40.0,https://www.ocbuyback.com/sell/cell-phone/apple/iphone-16-pro-max/other/1tb/like-new,https://www.ocbuyback.com/sell/cell-phone/apple/iphone-16-pro-max/other/1tb/good-condition,https://www.ocbuyback.com/sell/cell-phone/apple/iphone-16-pro-max/other/1tb/fair,https://www.ocbuyback.com/sell/cell-phone/apple/iphone-16-pro-max/other/1tb/minor-damage,https://www.ocbuyback.com/sell/cell-phone/apple/iphone-16-pro-max/other/1tb/damaged
Apple,iPhone 16 Pro Max,1TB,Unlocked,750.0,710.0,660.0,355.0,40.0,https://www.ocbuyback.com/sell/cell-phone/apple/iphone-16-pro-max/unlocked/1tb/like-new,https://www.ocbuyback.com/sell/cell-phone/apple/iphone-16-pro-max/unlocked/1tb/good-condition,https://www.ocbuyback.com/sell/cell-phone/apple/iphone-16-pro-max/unlocked/1tb/fair,https://www.ocbuyback.com/sell/cell-phone/apple/iphone-16-pro-max/unlocked/1tb/minor-damage,https://www.ocbuyback.com/sell/cell-phone/apple/iphone-16-pro-max/unlocked/1tb/damaged
Apple,iPhone 16e,128GB,AT&T,170.0,130.0,85.0,25.0,20.0,https://www.ocbuyback.com/sell/cell-phone/apple/iphone-16e/at-t/128gb/like-new,https://www.ocbuyback.com/sell/cell-phone/apple/iphone-16e/at-t/128gb/good-condition,https://www.ocbuyback.com/sell/cell-phone/apple/iphone-16e/at-t/128gb/fair,https://www.ocbuyback.com/sell/cell-phone/apple/iphone-16e/at-t/128gb/minor-damage,https://www.ocbuyback.com/sell/cell-phone/apple/iphone-16e/at-t/128gb/damaged
Apple,iPhone 16e,128GB,T-Mobile,145.0,105.0,80.0,25.0,20.0,https://www.ocbuyback.com/sell/cell-phone/apple/iphone-16e/t-mobile/128gb/like-new,https://www.ocbuyback.com/sell/cell-phone/apple/iphone-16e/t-mobile/128gb/good-condition,https://www.ocbuyback.com/sell/cell-phone/apple/iphone-16e/t-mobile/128gb/fair,https://www.ocbuyback.com/sell/cell-phone/apple/iphone-16e/t-mobile/128gb/minor-damage,https://www.ocbuyback.com/sell/cell-phone/apple/iphone-16e/t-mobile/128gb/damaged
Apple,iPhone 16e,128GB,Verizon,170.0,130.0,85.0,25.0,20.0,https://www.ocbuyback.com/sell/cell-phone/apple/iphone-16e/verizon/128gb/like-new,https://www.ocbuyback.com/sell/cell-phone/apple/iphone-16e/verizon/128gb/good-condition,https://www.ocbuyback.com/sell/cell-phone/apple/iphone-16e/verizon/128gb/fair,https://www.ocbuyback.com/sell/cell-phone/apple/iphone-16e/verizon/128gb/minor-damage,https://www.ocbuyback.com/sell/cell-phone/apple/iphone-16e/verizon/128gb/damaged
Apple,iPhone 16e,128GB,Unlocked,270.0,230.0,185.0,35.0,20.0,https://www.ocbuyback.com/sell/cell-phone/apple/iphone-16e/unlocked/128gb/like-new,https://www.ocbuyback.com/sell/cell-phone/apple/iphone-16e/unlocked/128gb/good-condition,https://www.ocbuyback.com/sell/cell-phone/apple/iphone-16e/unlocked/128gb/fair,https://www.ocbuyback.com/sell/cell-phone/apple/iphone-16e/unlocked/128gb/minor-damage,https://www.ocbuyback.com/sell/cell-phone/apple/iphone-16e/unlocked/128gb/damaged
Apple,iPhone 16e,256GB,AT&T,240.0,200.0,155.0,25.0,20.0,https://www.ocbuyback.com/sell/cell-phone/apple/iphone-16e/at-t/256gb/like-new,https://www.ocbuyback.com/sell/cell-phone/apple/iphone-16e/at-t/256gb/good-condition,https://www.ocbuyback.com/sell/cell-phone/apple/iphone-16e/at-t/256gb/fair,https://www.ocbuyback.com/sell/cell-phone/apple/iphone-16e/at-t/256gb/minor-damage,https://www.ocbuyback.com/sell/cell-phone/apple/iphone-16e/at-t/256gb/damaged
Apple,iPhone 16e,256GB,T-Mobile,215.0,175.0,130.0,25.0,20.0,https://www.ocbuyback.com/sell/cell-phone/apple/iphone-16e/t-mobile/256gb/like-new,https://www.ocbuyback.com/sell/cell-phone/apple/iphone-16e/t-mobile/256gb/good-condition,https://www.ocbuyback.com/sell/cell-phone/apple/iphone-16e/t-mobile/256gb/fair,https://www.ocbuyback.com/sell/cell-phone/apple/iphone-16e/t-mobile/256gb/minor-damage,https://www.ocbuyback.com/sell/cell-phone/apple/iphone-16e/t-mobile/256gb/damaged
Apple,iPhone 16e,256GB,Verizon,240.0,200.0,155.0,25.0,20.0,https://www.ocbuyback.com/sell/cell-phone/apple/iphone-16e/verizon/256gb/like-new,https://www.ocbuyback.com/sell/cell-phone/apple/iphone-16e/verizon/256gb/good-condition,https://www.ocbuyback.com/sell/cell-phone/apple/iphone-16e/verizon/256gb/fair,https://www.ocbuyback.com/sell/cell-phone/apple/iphone-16e/verizon/256gb/minor-damage,https://www.ocbuyback.com/sell/cell-phone/apple/iphone-16e/verizon/256gb/damaged
Apple,iPhone 16e,256GB,Unlocked,340.0,300.0,255.0,75.0,20.0,https://www.ocbuyback.com/sell/cell-phone/apple/iphone-16e/unlocked/256gb/like-new,https://www.ocbuyback.com/sell/cell-phone/apple/iphone-16e/unlocked/256gb/good-condition,https://www.ocbuyback.com/sell/cell-phone/apple/iphone-16e/unlocked/256gb/fair,https://www.ocbuyback.com/sell/cell-phone/apple/iphone-16e/unlocked/256gb/minor-damage,https://www.ocbuyback.com/sell/cell-phone/apple/iphone-16e/unlocked/256gb/damaged
Apple,iPhone 16e,512GB,AT&T,290.0,250.0,205.0,65.0,20.0,https://www.ocbuyback.com/sell/cell-phone/apple/iphone-16e/at-t/512gb/like-new,https://www.ocbuyback.com/sell/cell-phone/apple/iphone-16e/at-t/512gb/good-condition,https://www.ocbuyback.com/sell/cell-phone/apple/iphone-16e/at-t/512gb/fair,https://www.ocbuyback.com/sell/cell-phone/apple/iphone-16e/at-t/512gb/minor-damage,https://www.ocbuyback.com/sell/cell-phone/apple/iphone-16e/at-t/512gb/damaged
Apple,iPhone 16e,512GB,T-Mobile,265.0,225.0,180.0,40.0,20.0,https://www.ocbuyback.com/sell/cell-phone/apple/iphone-16e/t-mobile/512gb/like-new,https://www.ocbuyback.com/sell/cell-phone/apple/iphone-16e/t-mobile/512gb/good-condition,https://www.ocbuyback.com/sell/cell-phone/apple/iphone-16e/t-mobile/512gb/fair,https://www.ocbuyback.com/sell/cell-phone/apple/iphone-16e/t-mobile/512gb/minor-damage,https://www.ocbuyback.com/sell/cell-phone/apple/iphone-16e/t-mobile/512gb/damaged
Apple,iPhone 16e,512GB,Verizon,290.0,250.0,205.0,65.0,20.0,https://www.ocbuyback.com/sell/cell-phone/apple/iphone-16e/verizon/512gb/like-new,https://www.ocbuyback.com/sell/cell-phone/apple/iphone-16e/verizon/512gb/good-condition,https://www.ocbuyback.com/sell/cell-phone/apple/iphone-16e/verizon/512gb/fair,https://www.ocbuyback.com/sell/cell-phone/apple/iphone-16e/verizon/512gb/minor-damage,https://www.ocbuyback.com/sell/cell-phone/apple/iphone-16e/verizon/512gb/damaged
Apple,iPhone 16e,512GB,Unlocked,390.0,350.0,305.0,115.0,20.0,https://www.ocbuyback.com/sell/cell-phone/apple/iphone-16e/unlocked/512gb/like-new,https://www.ocbuyback.com/sell/cell-phone/apple/iphone-16e/unlocked/512gb/good-condition,https://www.ocbuyback.com/sell/cell-phone/apple/iphone-16e/unlocked/512gb/fair,https://www.ocbuyback.com/sell/cell-phone/apple/iphone-16e/unlocked/512gb/minor-damage,https://www.ocbuyback.com/sell/cell-phone/apple/iphone-16e/unlocked/512gb/damaged
Apple,iPhone 17e,256GB,T-Mobile,245.0,190.0,125.0,70.0,10.0,https://www.ocbuyback.com/sell/cell-phone/apple/iphone-17e/t-mobile/256gb/like-new,https://www.ocbuyback.com/sell/cell-phone/apple/iphone-17e/t-mobile/256gb/good-condition,https://www.ocbuyback.com/sell/cell-phone/apple/iphone-17e/t-mobile/256gb/fair,https://www.ocbuyback.com/sell/cell-phone/apple/iphone-17e/t-mobile/256gb/minor-damage,https://www.ocbuyback.com/sell/cell-phone/apple/iphone-17e/t-mobile/256gb/damaged
Apple,iPhone 17e,256GB,Verizon,260.0,215.0,150.0,55.0,10.0,https://www.ocbuyback.com/sell/cell-phone/apple/iphone-17e/verizon/256gb/like-new,https://www.ocbuyback.com/sell/cell-phone/apple/iphone-17e/verizon/256gb/good-condition,https://www.ocbuyback.com/sell/cell-phone/apple/iphone-17e/verizon/256gb/fair,https://www.ocbuyback.com/sell/cell-phone/apple/iphone-17e/verizon/256gb/minor-damage,https://www.ocbuyback.com/sell/cell-phone/apple/iphone-17e/verizon/256gb/damaged
Apple,iPhone 17e,256GB,Other,210.0,165.0,100.0,55.0,10.0,https://www.ocbuyback.com/sell/cell-phone/apple/iphone-17e/other/256gb/like-new,https://www.ocbuyback.com/sell/cell-phone/apple/iphone-17e/other/256gb/good-condition,https://www.ocbuyback.com/sell/cell-phone/apple/iphone-17e/other/256gb/fair,https://www.ocbuyback.com/sell/cell-phone/apple/iphone-17e/other/256gb/minor-damage,https://www.ocbuyback.com/sell/cell-phone/apple/iphone-17e/other/256gb/damaged
Apple,iPhone 17e,256GB,Unlocked,360.0,325.0,250.0,100.0,10.0,https://www.ocbuyback.com/sell/cell-phone/apple/iphone-17e/unlocked/256gb/like-new,https://www.ocbuyback.com/sell/cell-phone/apple/iphone-17e/unlocked/256gb/good-condition,https://www.ocbuyback.com/sell/cell-phone/apple/iphone-17e/unlocked/256gb/fair,https://www.ocbuyback.com/sell/cell-phone/apple/iphone-17e/unlocked/256gb/minor-damage,https://www.ocbuyback.com/sell/cell-phone/apple/iphone-17e/unlocked/256gb/damaged
Apple,iPhone 17e,512GB,AT&T,310.0,265.0,200.0,90.0,10.0,https://www.ocbuyback.com/sell/cell-phone/apple/iphone-17e/at-t/512gb/like-new,https://www.ocbuyback.com/sell/cell-phone/apple/iphone-17e/at-t/512gb/good-condition,https://www.ocbuyback.com/sell/cell-phone/apple/iphone-17e/at-t/512gb/fair,https://www.ocbuyback.com/sell/cell-phone/apple/iphone-17e/at-t/512gb/minor-damage,https://www.ocbuyback.com/sell/cell-phone/apple/iphone-17e/at-t/512gb/damaged
Apple,iPhone 17e,512GB,T-Mobile,285.0,240.0,175.0,95.0,10.0,https://www.ocbuyback.com/sell/cell-phone/apple/iphone-17e/t-mobile/512gb/like-new,https://www.ocbuyback.com/sell/cell-phone/apple/iphone-17e/t-mobile/512gb/good-condition,https://www.ocbuyback.com/sell/cell-phone/apple/iphone-17e/t-mobile/512gb/fair,https://www.ocbuyback.com/sell/cell-phone/apple/iphone-17e/t-mobile/512gb/minor-damage,https://www.ocbuyback.com/sell/cell-phone/apple/iphone-17e/t-mobile/512gb/damaged
Apple,iPhone 17e,512GB,Verizon,310.0,265.0,200.0,70.0,10.0,https://www.ocbuyback.com/sell/cell-phone/apple/iphone-17e/verizon/512gb/like-new,https://www.ocbuyback.com/sell/cell-phone/apple/iphone-17e/verizon/512gb/good-condition,https://www.ocbuyback.com/sell/cell-phone/apple/iphone-17e/verizon/512gb/fair,https://www.ocbuyback.com/sell/cell-phone/apple/iphone-17e/verizon/512gb/minor-damage,https://www.ocbuyback.com/sell/cell-phone/apple/iphone-17e/verizon/512gb/damaged
Apple,iPhone 17e,512GB,Other,260.0,225.0,150.0,70.0,10.0,https://www.ocbuyback.com/sell/cell-phone/apple/iphone-17e/other/512gb/like-new,https://www.ocbuyback.com/sell/cell-phone/apple/iphone-17e/other/512gb/good-condition,https://www.ocbuyback.com/sell/cell-phone/apple/iphone-17e/other/512gb/fair,https://www.ocbuyback.com/sell/cell-phone/apple/iphone-17e/other/512gb/minor-damage,https://www.ocbuyback.com/sell/cell-phone/apple/iphone-17e/other/512gb/damaged
Apple,iPhone 17e,512GB,Unlocked,410.0,365.0,300.0,120.0,10.0,https://www.ocbuyback.com/sell/cell-phone/apple/iphone-17e/unlocked/512gb/like-new,https://www.ocbuyback.com/sell/cell-phone/apple/iphone-17e/unlocked/512gb/good-condition,https://www.ocbuyback.com/sell/cell-phone/apple/iphone-17e/unlocked/512gb/fair,https://www.ocbuyback.com/sell/cell-phone/apple/iphone-17e/unlocked/512gb/minor-damage,https://www.ocbuyback.com/sell/cell-phone/apple/iphone-17e/unlocked/512gb/damaged
Apple,iPhone 17,256GB,AT&T,475.0,420.0,340.0,210.0,30.0,https://www.ocbuyback.com/sell/cell-phone/apple/iphone-17/at-t/256gb/like-new,https://www.ocbuyback.com/sell/cell-phone/apple/iphone-17/at-t/256gb/good-condition,https://www.ocbuyback.com/sell/cell-phone/apple/iphone-17/at-t/256gb/fair,https://www.ocbuyback.com/sell/cell-phone/apple/iphone-17/at-t/256gb/minor-damage,https://www.ocbuyback.com/sell/cell-phone/apple/iphone-17/at-t/256gb/damaged
Apple,iPhone 17,256GB,T-Mobile,450.0,395.0,315.0,185.0,30.0,https://www.ocbuyback.com/sell/cell-phone/apple/iphone-17/t-mobile/256gb/like-new,https://www.ocbuyback.com/sell/cell-phone/apple/iphone-17/t-mobile/256gb/good-condition,https://www.ocbuyback.com/sell/cell-phone/apple/iphone-17/t-mobile/256gb/fair,https://www.ocbuyback.com/sell/cell-phone/apple/iphone-17/t-mobile/256gb/minor-damage,https://www.ocbuyback.com/sell/cell-phone/apple/iphone-17/t-mobile/256gb/damaged
Apple,iPhone 17,256GB,Verizon,475.0,420.0,340.0,210.0,30.0,https://www.ocbuyback.com/sell/cell-phone/apple/iphone-17/verizon/256gb/like-new,https://www.ocbuyback.com/sell/cell-phone/apple/iphone-17/verizon/256gb/good-condition,https://www.ocbuyback.com/sell/cell-phone/apple/iphone-17/verizon/256gb/fair,https://www.ocbuyback.com/sell/cell-phone/apple/iphone-17/verizon/256gb/minor-damage,https://www.ocbuyback.com/sell/cell-phone/apple/iphone-17/verizon/256gb/damaged
Apple,iPhone 17,256GB,Other,225.0,170.0,160.0,90.0,30.0,https://www.ocbuyback.com/sell/cell-phone/apple/iphone-17/other/256gb/like-new,https://www.ocbuyback.com/sell/cell-phone/apple/iphone-17/other/256gb/good-condition,https://www.ocbuyback.com/sell/cell-phone/apple/iphone-17/other/256gb/fair,https://www.ocbuyback.com/sell/cell-phone/apple/iphone-17/other/256gb/minor-damage,https://www.ocbuyback.com/sell/cell-phone/apple/iphone-17/other/256gb/damaged
Apple,iPhone 17,256GB,Unlocked,575.0,520.0,440.0,260.0,30.0,https://www.ocbuyback.com/sell/cell-phone/apple/iphone-17/unlocked/256gb/like-new,https://www.ocbuyback.com/sell/cell-phone/apple/iphone-17/unlocked/256gb/good-condition,https://www.ocbuyback.com/sell/cell-phone/apple/iphone-17/unlocked/256gb/fair,https://www.ocbuyback.com/sell/cell-phone/apple/iphone-17/unlocked/256gb/minor-damage,https://www.ocbuyback.com/sell/cell-phone/apple/iphone-17/unlocked/256gb/damaged
Apple,iPhone 17,512GB,AT&T,575.0,520.0,440.0,290.0,30.0,https://www.ocbuyback.com/sell/cell-phone/apple/iphone-17/at-t/512gb/like-new,https://www.ocbuyback.com/sell/cell-phone/apple/iphone-17/at-t/512gb/good-condition,https://www.ocbuyback.com/sell/cell-phone/apple/iphone-17/at-t/512gb/fair,https://www.ocbuyback.com/sell/cell-phone/apple/iphone-17/at-t/512gb/minor-damage,https://www.ocbuyback.com/sell/cell-phone/apple/iphone-17/at-t/512gb/damaged
Apple,iPhone 17,512GB,T-Mobile,550.0,495.0,415.0,265.0,30.0,https://www.ocbuyback.com/sell/cell-phone/apple/iphone-17/t-mobile/512gb/like-new,https://www.ocbuyback.com/sell/cell-phone/apple/iphone-17/t-mobile/512gb/good-condition,https://www.ocbuyback.com/sell/cell-phone/apple/iphone-17/t-mobile/512gb/fair,https://www.ocbuyback.com/sell/cell-phone/apple/iphone-17/t-mobile/512gb/minor-damage,https://www.ocbuyback.com/sell/cell-phone/apple/iphone-17/t-mobile/512gb/damaged
Apple,iPhone 17,512GB,Verizon,575.0,520.0,440.0,290.0,30.0,https://www.ocbuyback.com/sell/cell-phone/apple/iphone-17/verizon/512gb/like-new,https://www.ocbuyback.com/sell/cell-phone/apple/iphone-17/verizon/512gb/good-condition,https://www.ocbuyback.com/sell/cell-phone/apple/iphone-17/verizon/512gb/fair,https://www.ocbuyback.com/sell/cell-phone/apple/iphone-17/verizon/512gb/minor-damage,https://www.ocbuyback.com/sell/cell-phone/apple/iphone-17/verizon/512gb/damaged
Apple,iPhone 17,512GB,Other,325.0,270.0,240.0,190.0,30.0,https://www.ocbuyback.com/sell/cell-phone/apple/iphone-17/other/512gb/like-new,https://www.ocbuyback.com/sell/cell-phone/apple/iphone-17/other/512gb/good-condition,https://www.ocbuyback.com/sell/cell-phone/apple/iphone-17/other/512gb/fair,https://www.ocbuyback.com/sell/cell-phone/apple/iphone-17/other/512gb/minor-damage,https://www.ocbuyback.com/sell/cell-phone/apple/iphone-17/other/512gb/damaged
Apple,iPhone 17,512GB,Unlocked,675.0,620.0,540.0,340.0,30.0,https://www.ocbuyback.com/sell/cell-phone/apple/iphone-17/unlocked/512gb/like-new,https://www.ocbuyback.com/sell/cell-phone/apple/iphone-17/unlocked/512gb/good-condition,https://www.ocbuyback.com/sell/cell-phone/apple/iphone-17/unlocked/512gb/fair,https://www.ocbuyback.com/sell/cell-phone/apple/iphone-17/unlocked/512gb/minor-damage,https://www.ocbuyback.com/sell/cell-phone/apple/iphone-17/unlocked/512gb/damaged
Apple,iPhone 17 Pro,256GB,AT&T,645.0,565.0,425.0,250.0,40.0,https://www.ocbuyback.com/sell/cell-phone/apple/iphone-17-pro/at-t/256gb/like-new,https://www.ocbuyback.com/sell/cell-phone/apple/iphone-17-pro/at-t/256gb/good-condition,https://www.ocbuyback.com/sell/cell-phone/apple/iphone-17-pro/at-t/256gb/fair,https://www.ocbuyback.com/sell/cell-phone/apple/iphone-17-pro/at-t/256gb/minor-damage,https://www.ocbuyback.com/sell/cell-phone/apple/iphone-17-pro/at-t/256gb/damaged
Apple,iPhone 17 Pro,256GB,T-Mobile,720.0,640.0,500.0,225.0,40.0,https://www.ocbuyback.com/sell/cell-phone/apple/iphone-17-pro/t-mobile/256gb/like-new,https://www.ocbuyback.com/sell/cell-phone/apple/iphone-17-pro/t-mobile/256gb/good-condition,https://www.ocbuyback.com/sell/cell-phone/apple/iphone-17-pro/t-mobile/256gb/fair,https://www.ocbuyback.com/sell/cell-phone/apple/iphone-17-pro/t-mobile/256gb/minor-damage,https://www.ocbuyback.com/sell/cell-phone/apple/iphone-17-pro/t-mobile/256gb/damaged
Apple,iPhone 17 Pro,256GB,Verizon,545.0,465.0,325.0,200.0,40.0,https://www.ocbuyback.com/sell/cell-phone/apple/iphone-17-pro/verizon/256gb/like-new,https://www.ocbuyback.com/sell/cell-phone/apple/iphone-17-pro/verizon/256gb/good-condition,https://www.ocbuyback.com/sell/cell-phone/apple/iphone-17-pro/verizon/256gb/fair,https://www.ocbuyback.com/sell/cell-phone/apple/iphone-17-pro/verizon/256gb/minor-damage,https://www.ocbuyback.com/sell/cell-phone/apple/iphone-17-pro/verizon/256gb/damaged
Apple,iPhone 17 Pro,256GB,Other,345.0,265.0,125.0,100.0,40.0,https://www.ocbuyback.com/sell/cell-phone/apple/iphone-17-pro/other/256gb/like-new,https://www.ocbuyback.com/sell/cell-phone/apple/iphone-17-pro/other/256gb/good-condition,https://www.ocbuyback.com/sell/cell-phone/apple/iphone-17-pro/other/256gb/fair,https://www.ocbuyback.com/sell/cell-phone/apple/iphone-17-pro/other/256gb/minor-damage,https://www.ocbuyback.com/sell/cell-phone/apple/iphone-17-pro/other/256gb/damaged
Apple,iPhone 17 Pro,256GB,Unlocked,795.0,715.0,575.0,300.0,40.0,https://www.ocbuyback.com/sell/cell-phone/apple/iphone-17-pro/unlocked/256gb/like-new,https://www.ocbuyback.com/sell/cell-phone/apple/iphone-17-pro/unlocked/256gb/good-condition,https://www.ocbuyback.com/sell/cell-phone/apple/iphone-17-pro/unlocked/256gb/fair,https://www.ocbuyback.com/sell/cell-phone/apple/iphone-17-pro/unlocked/256gb/minor-damage,https://www.ocbuyback.com/sell/cell-phone/apple/iphone-17-pro/unlocked/256gb/damaged
Apple,iPhone 17 Pro,512GB,AT&T,745.0,665.0,525.0,370.0,40.0,https://www.ocbuyback.com/sell/cell-phone/apple/iphone-17-pro/at-t/512gb/like-new,https://www.ocbuyback.com/sell/cell-phone/apple/iphone-17-pro/at-t/512gb/good-condition,https://www.ocbuyback.com/sell/cell-phone/apple/iphone-17-pro/at-t/512gb/fair,https://www.ocbuyback.com/sell/cell-phone/apple/iphone-17-pro/at-t/512gb/minor-damage,https://www.ocbuyback.com/sell/cell-phone/apple/iphone-17-pro/at-t/512gb/damaged
Apple,iPhone 17 Pro,512GB,T-Mobile,820.0,740.0,600.0,345.0,40.0,https://www.ocbuyback.com/sell/cell-phone/apple/iphone-17-pro/t-mobile/512gb/like-new,https://www.ocbuyback.com/sell/cell-phone/apple/iphone-17-pro/t-mobile/512gb/good-condition,https://www.ocbuyback.com/sell/cell-phone/apple/iphone-17-pro/t-mobile/512gb/fair,https://www.ocbuyback.com/sell/cell-phone/apple/iphone-17-pro/t-mobile/512gb/minor-damage,https://www.ocbuyback.com/sell/cell-phone/apple/iphone-17-pro/t-mobile/512gb/damaged
Apple,iPhone 17 Pro,512GB,Verizon,645.0,565.0,425.0,320.0,40.0,https://www.ocbuyback.com/sell/cell-phone/apple/iphone-17-pro/verizon/512gb/like-new,https://www.ocbuyback.com/sell/cell-phone/apple/iphone-17-pro/verizon/512gb/good-condition,https://www.ocbuyback.com/sell/cell-phone/apple/iphone-17-pro/verizon/512gb/fair,https://www.ocbuyback.com/sell/cell-phone/apple/iphone-17-pro/verizon/512gb/minor-damage,https://www.ocbuyback.com/sell/cell-phone/apple/iphone-17-pro/verizon/512gb/damaged
Apple,iPhone 17 Pro,512GB,Other,445.0,365.0,225.0,200.0,40.0,https://www.ocbuyback.com/sell/cell-phone/apple/iphone-17-pro/other/512gb/like-new,https://www.ocbuyback.com/sell/cell-phone/apple/iphone-17-pro/other/512gb/good-condition,https://www.ocbuyback.com/sell/cell-phone/apple/iphone-17-pro/other/512gb/fair,https://www.ocbuyback.com/sell/cell-phone/apple/iphone-17-pro/other/512gb/minor-damage,https://www.ocbuyback.com/sell/cell-phone/apple/iphone-17-pro/other/512gb/damaged
Apple,iPhone 17 Pro,512GB,Unlocked,895.0,815.0,675.0,420.0,40.0,https://www.ocbuyback.com/sell/cell-phone/apple/iphone-17-pro/unlocked/512gb/like-new,https://www.ocbuyback.com/sell/cell-phone/apple/iphone-17-pro/unlocked/512gb/good-condition,https://www.ocbuyback.com/sell/cell-phone/apple/iphone-17-pro/unlocked/512gb/fair,https://www.ocbuyback.com/sell/cell-phone/apple/iphone-17-pro/unlocked/512gb/minor-damage,https://www.ocbuyback.com/sell/cell-phone/apple/iphone-17-pro/unlocked/512gb/damaged
Apple,iPhone 17 Pro,1TB,AT&T,795.0,715.0,575.0,410.0,40.0,https://www.ocbuyback.com/sell/cell-phone/apple/iphone-17-pro/at-t/1tb/like-new,https://www.ocbuyback.com/sell/cell-phone/apple/iphone-17-pro/at-t/1tb/good-condition,https://www.ocbuyback.com/sell/cell-phone/apple/iphone-17-pro/at-t/1tb/fair,https://www.ocbuyback.com/sell/cell-phone/apple/iphone-17-pro/at-t/1tb/minor-damage,https://www.ocbuyback.com/sell/cell-phone/apple/iphone-17-pro/at-t/1tb/damaged
Apple,iPhone 17 Pro,1TB,T-Mobile,870.0,790.0,650.0,385.0,40.0,https://www.ocbuyback.com/sell/cell-phone/apple/iphone-17-pro/t-mobile/1tb/like-new,https://www.ocbuyback.com/sell/cell-phone/apple/iphone-17-pro/t-mobile/1tb/good-condition,https://www.ocbuyback.com/sell/cell-phone/apple/iphone-17-pro/t-mobile/1tb/fair,https://www.ocbuyback.com/sell/cell-phone/apple/iphone-17-pro/t-mobile/1tb/minor-damage,https://www.ocbuyback.com/sell/cell-phone/apple/iphone-17-pro/t-mobile/1tb/damaged
Apple,iPhone 17 Pro,1TB,Verizon,695.0,615.0,475.0,360.0,40.0,https://www.ocbuyback.com/sell/cell-phone/apple/iphone-17-pro/verizon/1tb/like-new,https://www.ocbuyback.com/sell/cell-phone/apple/iphone-17-pro/verizon/1tb/good-condition,https://www.ocbuyback.com/sell/cell-phone/apple/iphone-17-pro/verizon/1tb/fair,https://www.ocbuyback.com/sell/cell-phone/apple/iphone-17-pro/verizon/1tb/minor-damage,https://www.ocbuyback.com/sell/cell-phone/apple/iphone-17-pro/verizon/1tb/damaged
Apple,iPhone 17 Pro,1TB,Other,495.0,415.0,275.0,260.0,40.0,https://www.ocbuyback.com/sell/cell-phone/apple/iphone-17-pro/other/1tb/like-new,https://www.ocbuyback.com/sell/cell-phone/apple/iphone-17-pro/other/1tb/good-condition,https://www.ocbuyback.com/sell/cell-phone/apple/iphone-17-pro/other/1tb/fair,https://www.ocbuyback.com/sell/cell-phone/apple/iphone-17-pro/other/1tb/minor-damage,https://www.ocbuyback.com/sell/cell-phone/apple/iphone-17-pro/other/1tb/damaged
Apple,iPhone 17 Pro,1TB,Unlocked,945.0,865.0,725.0,460.0,40.0,https://www.ocbuyback.com/sell/cell-phone/apple/iphone-17-pro/unlocked/1tb/like-new,https://www.ocbuyback.com/sell/cell-phone/apple/iphone-17-pro/unlocked/1tb/good-condition,https://www.ocbuyback.com/sell/cell-phone/apple/iphone-17-pro/unlocked/1tb/fair,https://www.ocbuyback.com/sell/cell-phone/apple/iphone-17-pro/unlocked/1tb/minor-damage,https://www.ocbuyback.com/sell/cell-phone/apple/iphone-17-pro/unlocked/1tb/damaged
Apple,iPhone 17 Pro Max,256GB,AT&T,785.0,735.0,635.0,250.0,50.0,https://www.ocbuyback.com/sell/cell-phone/apple/iphone-17-pro-max/at-t/256gb/like-new,https://www.ocbuyback.com/sell/cell-phone/apple/iphone-17-pro-max/at-t/256gb/good-condition,https://www.ocbuyback.com/sell/cell-phone/apple/iphone-17-pro-max/at-t/256gb/fair,https://www.ocbuyback.com/sell/cell-phone/apple/iphone-17-pro-max/at-t/256gb/minor-damage,https://www.ocbuyback.com/sell/cell-phone/apple/iphone-17-pro-max/at-t/256gb/damaged
Apple,iPhone 17 Pro Max,256GB,T-Mobile,800.0,750.0,650.0,275.0,50.0,https://www.ocbuyback.com/sell/cell-phone/apple/iphone-17-pro-max/t-mobile/256gb/like-new,https://www.ocbuyback.com/sell/cell-phone/apple/iphone-17-pro-max/t-mobile/256gb/good-condition,https://www.ocbuyback.com/sell/cell-phone/apple/iphone-17-pro-max/t-mobile/256gb/fair,https://www.ocbuyback.com/sell/cell-phone/apple/iphone-17-pro-max/t-mobile/256gb/minor-damage,https://www.ocbuyback.com/sell/cell-phone/apple/iphone-17-pro-max/t-mobile/256gb/damaged
Apple,iPhone 17 Pro Max,256GB,Verizon,705.0,655.0,555.0,300.0,50.0,https://www.ocbuyback.com/sell/cell-phone/apple/iphone-17-pro-max/verizon/256gb/like-new,https://www.ocbuyback.com/sell/cell-phone/apple/iphone-17-pro-max/verizon/256gb/good-condition,https://www.ocbuyback.com/sell/cell-phone/apple/iphone-17-pro-max/verizon/256gb/fair,https://www.ocbuyback.com/sell/cell-phone/apple/iphone-17-pro-max/verizon/256gb/minor-damage,https://www.ocbuyback.com/sell/cell-phone/apple/iphone-17-pro-max/verizon/256gb/damaged
Apple,iPhone 17 Pro Max,256GB,Other,405.0,355.0,255.0,100.0,50.0,https://www.ocbuyback.com/sell/cell-phone/apple/iphone-17-pro-max/other/256gb/like-new,https://www.ocbuyback.com/sell/cell-phone/apple/iphone-17-pro-max/other/256gb/good-condition,https://www.ocbuyback.com/sell/cell-phone/apple/iphone-17-pro-max/other/256gb/fair,https://www.ocbuyback.com/sell/cell-phone/apple/iphone-17-pro-max/other/256gb/minor-damage,https://www.ocbuyback.com/sell/cell-phone/apple/iphone-17-pro-max/other/256gb/damaged
Apple,iPhone 17 Pro Max,256GB,Unlocked,905.0,855.0,755.0,350.0,50.0,https://www.ocbuyback.com/sell/cell-phone/apple/iphone-17-pro-max/unlocked/256gb/like-new,https://www.ocbuyback.com/sell/cell-phone/apple/iphone-17-pro-max/unlocked/256gb/good-condition,https://www.ocbuyback.com/sell/cell-phone/apple/iphone-17-pro-max/unlocked/256gb/fair,https://www.ocbuyback.com/sell/cell-phone/apple/iphone-17-pro-max/unlocked/256gb/minor-damage,https://www.ocbuyback.com/sell/cell-phone/apple/iphone-17-pro-max/unlocked/256gb/damaged
Apple,iPhone 17 Pro Max,512GB,AT&T,885.0,835.0,735.0,280.0,50.0,https://www.ocbuyback.com/sell/cell-phone/apple/iphone-17-pro-max/at-t/512gb/like-new,https://www.ocbuyback.com/sell/cell-phone/apple/iphone-17-pro-max/at-t/512gb/good-condition,https://www.ocbuyback.com/sell/cell-phone/apple/iphone-17-pro-max/at-t/512gb/fair,https://www.ocbuyback.com/sell/cell-phone/apple/iphone-17-pro-max/at-t/512gb/minor-damage,https://www.ocbuyback.com/sell/cell-phone/apple/iphone-17-pro-max/at-t/512gb/damaged
Apple,iPhone 17 Pro Max,512GB,T-Mobile,900.0,850.0,750.0,305.0,50.0,https://www.ocbuyback.com/sell/cell-phone/apple/iphone-17-pro-max/t-mobile/512gb/like-new,https://www.ocbuyback.com/sell/cell-phone/apple/iphone-17-pro-max/t-mobile/512gb/good-condition,https://www.ocbuyback.com/sell/cell-phone/apple/iphone-17-pro-max/t-mobile/512gb/fair,https://www.ocbuyback.com/sell/cell-phone/apple/iphone-17-pro-max/t-mobile/512gb/minor-damage,https://www.ocbuyback.com/sell/cell-phone/apple/iphone-17-pro-max/t-mobile/512gb/damaged
Apple,iPhone 17 Pro Max,512GB,Verizon,805.0,755.0,655.0,330.0,50.0,https://www.ocbuyback.com/sell/cell-phone/apple/iphone-17-pro-max/verizon/512gb/like-new,https://www.ocbuyback.com/sell/cell-phone/apple/iphone-17-pro-max/verizon/512gb/good-condition,https://www.ocbuyback.com/sell/cell-phone/apple/iphone-17-pro-max/verizon/512gb/fair,https://www.ocbuyback.com/sell/cell-phone/apple/iphone-17-pro-max/verizon/512gb/minor-damage,https://www.ocbuyback.com/sell/cell-phone/apple/iphone-17-pro-max/verizon/512gb/damaged
Apple,iPhone 17 Pro Max,512GB,Other,505.0,455.0,355.0,130.0,50.0,https://www.ocbuyback.com/sell/cell-phone/apple/iphone-17-pro-max/other/512gb/like-new,https://www.ocbuyback.com/sell/cell-phone/apple/iphone-17-pro-max/other/512gb/good-condition,https://www.ocbuyback.com/sell/cell-phone/apple/iphone-17-pro-max/other/512gb/fair,https://www.ocbuyback.com/sell/cell-phone/apple/iphone-17-pro-max/other/512gb/minor-damage,https://www.ocbuyback.com/sell/cell-phone/apple/iphone-17-pro-max/other/512gb/damaged
Apple,iPhone 17 Pro Max,512GB,Unlocked,1005.0,955.0,855.0,380.0,50.0,https://www.ocbuyback.com/sell/cell-phone/apple/iphone-17-pro-max/unlocked/512gb/like-new,https://www.ocbuyback.com/sell/cell-phone/apple/iphone-17-pro-max/unlocked/512gb/good-condition,https://www.ocbuyback.com/sell/cell-phone/apple/iphone-17-pro-max/unlocked/512gb/fair,https://www.ocbuyback.com/sell/cell-phone/apple/iphone-17-pro-max/unlocked/512gb/minor-damage,https://www.ocbuyback.com/sell/cell-phone/apple/iphone-17-pro-max/unlocked/512gb/damaged
Apple,iPhone 17 Pro Max,1TB,AT&T,950.0,900.0,800.0,320.0,50.0,https://www.ocbuyback.com/sell/cell-phone/apple/iphone-17-pro-max/at-t/1tb/like-new,https://www.ocbuyback.com/sell/cell-phone/apple/iphone-17-pro-max/at-t/1tb/good-condition,https://www.ocbuyback.com/sell/cell-phone/apple/iphone-17-pro-max/at-t/1tb/fair,https://www.ocbuyback.com/sell/cell-phone/apple/iphone-17-pro-max/at-t/1tb/minor-damage,https://www.ocbuyback.com/sell/cell-phone/apple/iphone-17-pro-max/at-t/1tb/damaged
Apple,iPhone 17 Pro Max,1TB,T-Mobile,965.0,915.0,815.0,345.0,50.0,https://www.ocbuyback.com/sell/cell-phone/apple/iphone-17-pro-max/t-mobile/1tb/like-new,https://www.ocbuyback.com/sell/cell-phone/apple/iphone-17-pro-max/t-mobile/1tb/good-condition,https://www.ocbuyback.com/sell/cell-phone/apple/iphone-17-pro-max/t-mobile/1tb/fair,https://www.ocbuyback.com/sell/cell-phone/apple/iphone-17-pro-max/t-mobile/1tb/minor-damage,https://www.ocbuyback.com/sell/cell-phone/apple/iphone-17-pro-max/t-mobile/1tb/damaged
Apple,iPhone 17 Pro Max,1TB,Verizon,870.0,820.0,720.0,370.0,50.0,https://www.ocbuyback.com/sell/cell-phone/apple/iphone-17-pro-max/verizon/1tb/like-new,https://www.ocbuyback.com/sell/cell-phone/apple/iphone-17-pro-max/verizon/1tb/good-condition,https://www.ocbuyback.com/sell/cell-phone/apple/iphone-17-pro-max/verizon/1tb/fair,https://www.ocbuyback.com/sell/cell-phone/apple/iphone-17-pro-max/verizon/1tb/minor-damage,https://www.ocbuyback.com/sell/cell-phone/apple/iphone-17-pro-max/verizon/1tb/damaged
Apple,iPhone 17 Pro Max,1TB,Other,570.0,520.0,420.0,170.0,50.0,https://www.ocbuyback.com/sell/cell-phone/apple/iphone-17-pro-max/other/1tb/like-new,https://www.ocbuyback.com/sell/cell-phone/apple/iphone-17-pro-max/other/1tb/good-condition,https://www.ocbuyback.com/sell/cell-phone/apple/iphone-17-pro-max/other/1tb/fair,https://www.ocbuyback.com/sell/cell-phone/apple/iphone-17-pro-max/other/1tb/minor-damage,https://www.ocbuyback.com/sell/cell-phone/apple/iphone-17-pro-max/other/1tb/damaged
Apple,iPhone 17 Pro Max,1TB,Unlocked,1070.0,1020.0,920.0,420.0,50.0,https://www.ocbuyback.com/sell/cell-phone/apple/iphone-17-pro-max/unlocked/1tb/like-new,https://www.ocbuyback.com/sell/cell-phone/apple/iphone-17-pro-max/unlocked/1tb/good-condition,https://www.ocbuyback.com/sell/cell-phone/apple/iphone-17-pro-max/unlocked/1tb/fair,https://www.ocbuyback.com/sell/cell-phone/apple/iphone-17-pro-max/unlocked/1tb/minor-damage,https://www.ocbuyback.com/sell/cell-phone/apple/iphone-17-pro-max/unlocked/1tb/damaged
Apple,iPhone 17 Pro Max,2TB,AT&T,985.0,935.0,835.0,400.0,50.0,https://www.ocbuyback.com/sell/cell-phone/apple/iphone-17-pro-max/at-t/2tb/like-new,https://www.ocbuyback.com/sell/cell-phone/apple/iphone-17-pro-max/at-t/2tb/good-condition,https://www.ocbuyback.com/sell/cell-phone/apple/iphone-17-pro-max/at-t/2tb/fair,https://www.ocbuyback.com/sell/cell-phone/apple/iphone-17-pro-max/at-t/2tb/minor-damage,https://www.ocbuyback.com/sell/cell-phone/apple/iphone-17-pro-max/at-t/2tb/damaged
Apple,iPhone 17 Pro Max,2TB,T-Mobile,1000.0,950.0,850.0,425.0,50.0,https://www.ocbuyback.com/sell/cell-phone/apple/iphone-17-pro-max/t-mobile/2tb/like-new,https://www.ocbuyback.com/sell/cell-phone/apple/iphone-17-pro-max/t-mobile/2tb/good-condition,https://www.ocbuyback.com/sell/cell-phone/apple/iphone-17-pro-max/t-mobile/2tb/fair,https://www.ocbuyback.com/sell/cell-phone/apple/iphone-17-pro-max/t-mobile/2tb/minor-damage,https://www.ocbuyback.com/sell/cell-phone/apple/iphone-17-pro-max/t-mobile/2tb/damaged
Apple,iPhone 17 Pro Max,2TB,Verizon,905.0,855.0,755.0,450.0,50.0,https://www.ocbuyback.com/sell/cell-phone/apple/iphone-17-pro-max/verizon/2tb/like-new,https://www.ocbuyback.com/sell/cell-phone/apple/iphone-17-pro-max/verizon/2tb/good-condition,https://www.ocbuyback.com/sell/cell-phone/apple/iphone-17-pro-max/verizon/2tb/fair,https://www.ocbuyback.com/sell/cell-phone/apple/iphone-17-pro-max/verizon/2tb/minor-damage,https://www.ocbuyback.com/sell/cell-phone/apple/iphone-17-pro-max/verizon/2tb/damaged
Apple,iPhone 17 Pro Max,2TB,Other,605.0,555.0,455.0,250.0,50.0,https://www.ocbuyback.com/sell/cell-phone/apple/iphone-17-pro-max/other/2tb/like-new,https://www.ocbuyback.com/sell/cell-phone/apple/iphone-17-pro-max/other/2tb/good-condition,https://www.ocbuyback.com/sell/cell-phone/apple/iphone-17-pro-max/other/2tb/fair,https://www.ocbuyback.com/sell/cell-phone/apple/iphone-17-pro-max/other/2tb/minor-damage,https://www.ocbuyback.com/sell/cell-phone/apple/iphone-17-pro-max/other/2tb/damaged
Apple,iPhone 17 Pro Max,2TB,Unlocked,1105.0,1055.0,955.0,500.0,50.0,https://www.ocbuyback.com/sell/cell-phone/apple/iphone-17-pro-max/unlocked/2tb/like-new,https://www.ocbuyback.com/sell/cell-phone/apple/iphone-17-pro-max/unlocked/2tb/good-condition,https://www.ocbuyback.com/sell/cell-phone/apple/iphone-17-pro-max/unlocked/2tb/fair,https://www.ocbuyback.com/sell/cell-phone/apple/iphone-17-pro-max/unlocked/2tb/minor-damage,https://www.ocbuyback.com/sell/cell-phone/apple/iphone-17-pro-max/unlocked/2tb/damaged
Apple,iPhone Air,256GB,AT&T,500.0,430.0,350.0,180.0,30.0,https://www.ocbuyback.com/sell/cell-phone/apple/iphone-air/at-t/256gb/like-new,https://www.ocbuyback.com/sell/cell-phone/apple/iphone-air/at-t/256gb/good-condition,https://www.ocbuyback.com/sell/cell-phone/apple/iphone-air/at-t/256gb/fair,https://www.ocbuyback.com/sell/cell-phone/apple/iphone-air/at-t/256gb/minor-damage,https://www.ocbuyback.com/sell/cell-phone/apple/iphone-air/at-t/256gb/damaged
Apple,iPhone Air,256GB,T-Mobile,475.0,405.0,325.0,155.0,30.0,https://www.ocbuyback.com/sell/cell-phone/apple/iphone-air/t-mobile/256gb/like-new,https://www.ocbuyback.com/sell/cell-phone/apple/iphone-air/t-mobile/256gb/good-condition,https://www.ocbuyback.com/sell/cell-phone/apple/iphone-air/t-mobile/256gb/fair,https://www.ocbuyback.com/sell/cell-phone/apple/iphone-air/t-mobile/256gb/minor-damage,https://www.ocbuyback.com/sell/cell-phone/apple/iphone-air/t-mobile/256gb/damaged
Apple,iPhone Air,256GB,Verizon,500.0,430.0,350.0,180.0,30.0,https://www.ocbuyback.com/sell/cell-phone/apple/iphone-air/verizon/256gb/like-new,https://www.ocbuyback.com/sell/cell-phone/apple/iphone-air/verizon/256gb/good-condition,https://www.ocbuyback.com/sell/cell-phone/apple/iphone-air/verizon/256gb/fair,https://www.ocbuyback.com/sell/cell-phone/apple/iphone-air/verizon/256gb/minor-damage,https://www.ocbuyback.com/sell/cell-phone/apple/iphone-air/verizon/256gb/damaged
Apple,iPhone Air,256GB,Other,250.0,180.0,100.0,90.0,30.0,https://www.ocbuyback.com/sell/cell-phone/apple/iphone-air/other/256gb/like-new,https://www.ocbuyback.com/sell/cell-phone/apple/iphone-air/other/256gb/good-condition,https://www.ocbuyback.com/sell/cell-phone/apple/iphone-air/other/256gb/fair,https://www.ocbuyback.com/sell/cell-phone/apple/iphone-air/other/256gb/minor-damage,https://www.ocbuyback.com/sell/cell-phone/apple/iphone-air/other/256gb/damaged
Apple,iPhone Air,256GB,Unlocked,600.0,530.0,450.0,230.0,30.0,https://www.ocbuyback.com/sell/cell-phone/apple/iphone-air/unlocked/256gb/like-new,https://www.ocbuyback.com/sell/cell-phone/apple/iphone-air/unlocked/256gb/good-condition,https://www.ocbuyback.com/sell/cell-phone/apple/iphone-air/unlocked/256gb/fair,https://www.ocbuyback.com/sell/cell-phone/apple/iphone-air/unlocked/256gb/minor-damage,https://www.ocbuyback.com/sell/cell-phone/apple/iphone-air/unlocked/256gb/damaged
Apple,iPhone Air,512GB,AT&T,560.0,490.0,410.0,260.0,30.0,https://www.ocbuyback.com/sell/cell-phone/apple/iphone-air/at-t/512gb/like-new,https://www.ocbuyback.com/sell/cell-phone/apple/iphone-air/at-t/512gb/good-condition,https://www.ocbuyback.com/sell/cell-phone/apple/iphone-air/at-t/512gb/fair,https://www.ocbuyback.com/sell/cell-phone/apple/iphone-air/at-t/512gb/minor-damage,https://www.ocbuyback.com/sell/cell-phone/apple/iphone-air/at-t/512gb/damaged
Apple,iPhone Air,512GB,T-Mobile,535.0,465.0,385.0,235.0,30.0,https://www.ocbuyback.com/sell/cell-phone/apple/iphone-air/t-mobile/512gb/like-new,https://www.ocbuyback.com/sell/cell-phone/apple/iphone-air/t-mobile/512gb/good-condition,https://www.ocbuyback.com/sell/cell-phone/apple/iphone-air/t-mobile/512gb/fair,https://www.ocbuyback.com/sell/cell-phone/apple/iphone-air/t-mobile/512gb/minor-damage,https://www.ocbuyback.com/sell/cell-phone/apple/iphone-air/t-mobile/512gb/damaged
Apple,iPhone Air,512GB,Verizon,560.0,490.0,410.0,260.0,30.0,https://www.ocbuyback.com/sell/cell-phone/apple/iphone-air/verizon/512gb/like-new,https://www.ocbuyback.com/sell/cell-phone/apple/iphone-air/verizon/512gb/good-condition,https://www.ocbuyback.com/sell/cell-phone/apple/iphone-air/verizon/512gb/fair,https://www.ocbuyback.com/sell/cell-phone/apple/iphone-air/verizon/512gb/minor-damage,https://www.ocbuyback.com/sell/cell-phone/apple/iphone-air/verizon/512gb/damaged
Apple,iPhone Air,512GB,Other,310.0,240.0,160.0,155.0,30.0,https://www.ocbuyback.com/sell/cell-phone/apple/iphone-air/other/512gb/like-new,https://www.ocbuyback.com/sell/cell-phone/apple/iphone-air/other/512gb/good-condition,https://www.ocbuyback.com/sell/cell-phone/apple/iphone-air/other/512gb/fair,https://www.ocbuyback.com/sell/cell-phone/apple/iphone-air/other/512gb/minor-damage,https://www.ocbuyback.com/sell/cell-phone/apple/iphone-air/other/512gb/damaged
Apple,iPhone Air,512GB,Unlocked,660.0,590.0,510.0,310.0,30.0,https://www.ocbuyback.com/sell/cell-phone/apple/iphone-air/unlocked/512gb/like-new,https://www.ocbuyback.com/sell/cell-phone/apple/iphone-air/unlocked/512gb/good-condition,https://www.ocbuyback.com/sell/cell-phone/apple/iphone-air/unlocked/512gb/fair,https://www.ocbuyback.com/sell/cell-phone/apple/iphone-air/unlocked/512gb/minor-damage,https://www.ocbuyback.com/sell/cell-phone/apple/iphone-air/unlocked/512gb/damaged
Apple,iPhone Air,1TB,AT&T,635.0,565.0,485.0,300.0,30.0,https://www.ocbuyback.com/sell/cell-phone/apple/iphone-air/at-t/1tb/like-new,https://www.ocbuyback.com/sell/cell-phone/apple/iphone-air/at-t/1tb/good-condition,https://www.ocbuyback.com/sell/cell-phone/apple/iphone-air/at-t/1tb/fair,https://www.ocbuyback.com/sell/cell-phone/apple/iphone-air/at-t/1tb/minor-damage,https://www.ocbuyback.com/sell/cell-phone/apple/iphone-air/at-t/1tb/damaged
Apple,iPhone Air,1TB,T-Mobile,610.0,540.0,460.0,275.0,30.0,https://www.ocbuyback.com/sell/cell-phone/apple/iphone-air/t-mobile/1tb/like-new,https://www.ocbuyback.com/sell/cell-phone/apple/iphone-air/t-mobile/1tb/good-condition,https://www.ocbuyback.com/sell/cell-phone/apple/iphone-air/t-mobile/1tb/fair,https://www.ocbuyback.com/sell/cell-phone/apple/iphone-air/t-mobile/1tb/minor-damage,https://www.ocbuyback.com/sell/cell-phone/apple/iphone-air/t-mobile/1tb/damaged
Apple,iPhone Air,1TB,Verizon,635.0,565.0,485.0,300.0,30.0,https://www.ocbuyback.com/sell/cell-phone/apple/iphone-air/verizon/1tb/like-new,https://www.ocbuyback.com/sell/cell-phone/apple/iphone-air/verizon/1tb/good-condition,https://www.ocbuyback.com/sell/cell-phone/apple/iphone-air/verizon/1tb/fair,https://www.ocbuyback.com/sell/cell-phone/apple/iphone-air/verizon/1tb/minor-damage,https://www.ocbuyback.com/sell/cell-phone/apple/iphone-air/verizon/1tb/damaged
Apple,iPhone Air,1TB,Other,385.0,315.0,235.0,235.0,30.0,https://www.ocbuyback.com/sell/cell-phone/apple/iphone-air/other/1tb/like-new,https://www.ocbuyback.com/sell/cell-phone/apple/iphone-air/other/1tb/good-condition,https://www.ocbuyback.com/sell/cell-phone/apple/iphone-air/other/1tb/fair,https://www.ocbuyback.com/sell/cell-phone/apple/iphone-air/other/1tb/minor-damage,https://www.ocbuyback.com/sell/cell-phone/apple/iphone-air/other/1tb/damaged
Apple,iPhone Air,1TB,Unlocked,735.0,665.0,585.0,350.0,30.0,https://www.ocbuyback.com/sell/cell-phone/apple/iphone-air/unlocked/1tb/like-new,https://www.ocbuyback.com/sell/cell-phone/apple/iphone-air/unlocked/1tb/good-condition,https://www.ocbuyback.com/sell/cell-phone/apple/iphone-air/unlocked/1tb/fair,https://www.ocbuyback.com/sell/cell-phone/apple/iphone-air/unlocked/1tb/minor-damage,https://www.ocbuyback.com/sell/cell-phone/apple/iphone-air/unlocked/1tb/damaged
Samsung,Galaxy Note 20,128GB,AT&T,95.0,75.0,60.0,15.0,,https://www.ocbuyback.com/sell/cell-phone/samsung/galaxy-note-20/at-t/128gb/like-new,https://www.ocbuyback.com/sell/cell-phone/samsung/galaxy-note-20/at-t/128gb/good-condition,https://www.ocbuyback.com/sell/cell-phone/samsung/galaxy-note-20/at-t/128gb/fair,https://www.ocbuyback.com/sell/cell-phone/samsung/galaxy-note-20/at-t/128gb/minor-damage,https://www.ocbuyback.com/sell/cell-phone/samsung/galaxy-note-20/at-t/128gb/damaged
Samsung,Galaxy Note 20,128GB,T-Mobile,95.0,75.0,60.0,15.0,,https://www.ocbuyback.com/sell/cell-phone/samsung/galaxy-note-20/t-mobile/128gb/like-new,https://www.ocbuyback.com/sell/cell-phone/samsung/galaxy-note-20/t-mobile/128gb/good-condition,https://www.ocbuyback.com/sell/cell-phone/samsung/galaxy-note-20/t-mobile/128gb/fair,https://www.ocbuyback.com/sell/cell-phone/samsung/galaxy-note-20/t-mobile/128gb/minor-damage,https://www.ocbuyback.com/sell/cell-phone/samsung/galaxy-note-20/t-mobile/128gb/damaged
Samsung,Galaxy Note 20,128GB,Verizon,60.0,40.0,25.0,15.0,,https://www.ocbuyback.com/sell/cell-phone/samsung/galaxy-note-20/verizon/128gb/like-new,https://www.ocbuyback.com/sell/cell-phone/samsung/galaxy-note-20/verizon/128gb/good-condition,https://www.ocbuyback.com/sell/cell-phone/samsung/galaxy-note-20/verizon/128gb/fair,https://www.ocbuyback.com/sell/cell-phone/samsung/galaxy-note-20/verizon/128gb/minor-damage,https://www.ocbuyback.com/sell/cell-phone/samsung/galaxy-note-20/verizon/128gb/damaged
Samsung,Galaxy Note 20,128GB,Unlocked,110.0,90.0,75.0,25.0,,https://www.ocbuyback.com/sell/cell-phone/samsung/galaxy-note-20/unlocked/128gb/like-new,https://www.ocbuyback.com/sell/cell-phone/samsung/galaxy-note-20/unlocked/128gb/good-condition,https://www.ocbuyback.com/sell/cell-phone/samsung/galaxy-note-20/unlocked/128gb/fair,https://www.ocbuyback.com/sell/cell-phone/samsung/galaxy-note-20/unlocked/128gb/minor-damage,https://www.ocbuyback.com/sell/cell-phone/samsung/galaxy-note-20/unlocked/128gb/damaged
Samsung,Galaxy Note 20 Ultra,128GB,AT&T,155.0,135.0,85.0,25.0,,https://www.ocbuyback.com/sell/cell-phone/samsung/galaxy-note-20-ultra/at-t/128gb/like-new,https://www.ocbuyback.com/sell/cell-phone/samsung/galaxy-note-20-ultra/at-t/128gb/good-condition,https://www.ocbuyback.com/sell/cell-phone/samsung/galaxy-note-20-ultra/at-t/128gb/fair,https://www.ocbuyback.com/sell/cell-phone/samsung/galaxy-note-20-ultra/at-t/128gb/minor-damage,https://www.ocbuyback.com/sell/cell-phone/samsung/galaxy-note-20-ultra/at-t/128gb/damaged
Samsung,Galaxy Note 20 Ultra,128GB,T-Mobile,105.0,85.0,35.0,25.0,,https://www.ocbuyback.com/sell/cell-phone/samsung/galaxy-note-20-ultra/t-mobile/128gb/like-new,https://www.ocbuyback.com/sell/cell-phone/samsung/galaxy-note-20-ultra/t-mobile/128gb/good-condition,https://www.ocbuyback.com/sell/cell-phone/samsung/galaxy-note-20-ultra/t-mobile/128gb/fair,https://www.ocbuyback.com/sell/cell-phone/samsung/galaxy-note-20-ultra/t-mobile/128gb/minor-damage,https://www.ocbuyback.com/sell/cell-phone/samsung/galaxy-note-20-ultra/t-mobile/128gb/damaged
Samsung,Galaxy Note 20 Ultra,128GB,Verizon,80.0,60.0,30.0,10.0,,https://www.ocbuyback.com/sell/cell-phone/samsung/galaxy-note-20-ultra/verizon/128gb/like-new,https://www.ocbuyback.com/sell/cell-phone/samsung/galaxy-note-20-ultra/verizon/128gb/good-condition,https://www.ocbuyback.com/sell/cell-phone/samsung/galaxy-note-20-ultra/verizon/128gb/fair,https://www.ocbuyback.com/sell/cell-phone/samsung/galaxy-note-20-ultra/verizon/128gb/minor-damage,https://www.ocbuyback.com/sell/cell-phone/samsung/galaxy-note-20-ultra/verizon/128gb/damaged
Samsung,Galaxy Note 20 Ultra,128GB,Unlocked,170.0,150.0,100.0,30.0,,https://www.ocbuyback.com/sell/cell-phone/samsung/galaxy-note-20-ultra/unlocked/128gb/like-new,https://www.ocbuyback.com/sell/cell-phone/samsung/galaxy-note-20-ultra/unlocked/128gb/good-condition,https://www.ocbuyback.com/sell/cell-phone/samsung/galaxy-note-20-ultra/unlocked/128gb/fair,https://www.ocbuyback.com/sell/cell-phone/samsung/galaxy-note-20-ultra/unlocked/128gb/minor-damage,https://www.ocbuyback.com/sell/cell-phone/samsung/galaxy-note-20-ultra/unlocked/128gb/damaged
Samsung,Galaxy Note 20 Ultra,512GB,AT&T,165.0,145.0,95.0,27.0,,https://www.ocbuyback.com/sell/cell-phone/samsung/galaxy-note-20-ultra/at-t/512gb/like-new,https://www.ocbuyback.com/sell/cell-phone/samsung/galaxy-note-20-ultra/at-t/512gb/good-condition,https://www.ocbuyback.com/sell/cell-phone/samsung/galaxy-note-20-ultra/at-t/512gb/fair,https://www.ocbuyback.com/sell/cell-phone/samsung/galaxy-note-20-ultra/at-t/512gb/minor-damage,https://www.ocbuyback.com/sell/cell-phone/samsung/galaxy-note-20-ultra/at-t/512gb/damaged
Samsung,Galaxy Note 20 Ultra,512GB,T-Mobile,115.0,95.0,45.0,25.0,,https://www.ocbuyback.com/sell/cell-phone/samsung/galaxy-note-20-ultra/t-mobile/512gb/like-new,https://www.ocbuyback.com/sell/cell-phone/samsung/galaxy-note-20-ultra/t-mobile/512gb/good-condition,https://www.ocbuyback.com/sell/cell-phone/samsung/galaxy-note-20-ultra/t-mobile/512gb/fair,https://www.ocbuyback.com/sell/cell-phone/samsung/galaxy-note-20-ultra/t-mobile/512gb/minor-damage,https://www.ocbuyback.com/sell/cell-phone/samsung/galaxy-note-20-ultra/t-mobile/512gb/damaged
Samsung,Galaxy Note 20 Ultra,512GB,Verizon,90.0,70.0,30.0,10.0,,https://www.ocbuyback.com/sell/cell-phone/samsung/galaxy-note-20-ultra/verizon/512gb/like-new,https://www.ocbuyback.com/sell/cell-phone/samsung/galaxy-note-20-ultra/verizon/512gb/good-condition,https://www.ocbuyback.com/sell/cell-phone/samsung/galaxy-note-20-ultra/verizon/512gb/fair,https://www.ocbuyback.com/sell/cell-phone/samsung/galaxy-note-20-ultra/verizon/512gb/minor-damage,https://www.ocbuyback.com/sell/cell-phone/samsung/galaxy-note-20-ultra/verizon/512gb/damaged
Samsung,Galaxy Note 20 Ultra,512GB,Unlocked,190.0,170.0,120.0,30.0,,https://www.ocbuyback.com/sell/cell-phone/samsung/galaxy-note-20-ultra/unlocked/512gb/like-new,https://www.ocbuyback.com/sell/cell-phone/samsung/galaxy-note-20-ultra/unlocked/512gb/good-condition,https://www.ocbuyback.com/sell/cell-phone/samsung/galaxy-note-20-ultra/unlocked/512gb/fair,https://www.ocbuyback.com/sell/cell-phone/samsung/galaxy-note-20-ultra/unlocked/512gb/minor-damage,https://www.ocbuyback.com/sell/cell-phone/samsung/galaxy-note-20-ultra/unlocked/512gb/damaged
Samsung,Galaxy S21,128GB,AT&T,50.0,35.0,25.0,10.0,5.0,https://www.ocbuyback.com/sell/cell-phone/samsung/galaxy-s21/at-t/128gb/like-new,https://www.ocbuyback.com/sell/cell-phone/samsung/galaxy-s21/at-t/128gb/good-condition,https://www.ocbuyback.com/sell/cell-phone/samsung/galaxy-s21/at-t/128gb/fair,https://www.ocbuyback.com/sell/cell-phone/samsung/galaxy-s21/at-t/128gb/minor-damage,https://www.ocbuyback.com/sell/cell-phone/samsung/galaxy-s21/at-t/128gb/damaged
Samsung,Galaxy S21,128GB,T-Mobile,30.0,15.0,5.0,5.0,5.0,https://www.ocbuyback.com/sell/cell-phone/samsung/galaxy-s21/t-mobile/128gb/like-new,https://www.ocbuyback.com/sell/cell-phone/samsung/galaxy-s21/t-mobile/128gb/good-condition,https://www.ocbuyback.com/sell/cell-phone/samsung/galaxy-s21/t-mobile/128gb/fair,https://www.ocbuyback.com/sell/cell-phone/samsung/galaxy-s21/t-mobile/128gb/minor-damage,https://www.ocbuyback.com/sell/cell-phone/samsung/galaxy-s21/t-mobile/128gb/damaged
Samsung,Galaxy S21,128GB,Verizon,30.0,15.0,5.0,5.0,5.0,https://www.ocbuyback.com/sell/cell-phone/samsung/galaxy-s21/verizon/128gb/like-new,https://www.ocbuyback.com/sell/cell-phone/samsung/galaxy-s21/verizon/128gb/good-condition,https://www.ocbuyback.com/sell/cell-phone/samsung/galaxy-s21/verizon/128gb/fair,https://www.ocbuyback.com/sell/cell-phone/samsung/galaxy-s21/verizon/128gb/minor-damage,https://www.ocbuyback.com/sell/cell-phone/samsung/galaxy-s21/verizon/128gb/damaged
Samsung,Galaxy S21,128GB,Unlocked,60.0,45.0,35.0,10.0,5.0,https://www.ocbuyback.com/sell/cell-phone/samsung/galaxy-s21/unlocked/128gb/like-new,https://www.ocbuyback.com/sell/cell-phone/samsung/galaxy-s21/unlocked/128gb/good-condition,https://www.ocbuyback.com/sell/cell-phone/samsung/galaxy-s21/unlocked/128gb/fair,https://www.ocbuyback.com/sell/cell-phone/samsung/galaxy-s21/unlocked/128gb/minor-damage,https://www.ocbuyback.com/sell/cell-phone/samsung/galaxy-s21/unlocked/128gb/damaged
Samsung,Galaxy S21 FE,128GB,AT&T,45.0,35.0,10.0,5.0,,https://www.ocbuyback.com/sell/cell-phone/samsung/galaxy-s21-fe/at-t/128gb/like-new,https://www.ocbuyback.com/sell/cell-phone/samsung/galaxy-s21-fe/at-t/128gb/good-condition,https://www.ocbuyback.com/sell/cell-phone/samsung/galaxy-s21-fe/at-t/128gb/fair,https://www.ocbuyback.com/sell/cell-phone/samsung/galaxy-s21-fe/at-t/128gb/minor-damage,https://www.ocbuyback.com/sell/cell-phone/samsung/galaxy-s21-fe/at-t/128gb/damaged
Samsung,Galaxy S21 FE,128GB,T-Mobile,25.0,15.0,10.0,5.0,,https://www.ocbuyback.com/sell/cell-phone/samsung/galaxy-s21-fe/t-mobile/128gb/like-new,https://www.ocbuyback.com/sell/cell-phone/samsung/galaxy-s21-fe/t-mobile/128gb/good-condition,https://www.ocbuyback.com/sell/cell-phone/samsung/galaxy-s21-fe/t-mobile/128gb/fair,https://www.ocbuyback.com/sell/cell-phone/samsung/galaxy-s21-fe/t-mobile/128gb/minor-damage,https://www.ocbuyback.com/sell/cell-phone/samsung/galaxy-s21-fe/t-mobile/128gb/damaged
Samsung,Galaxy S21 FE,128GB,Verizon,20.0,10.0,5.0,5.0,,https://www.ocbuyback.com/sell/cell-phone/samsung/galaxy-s21-fe/verizon/128gb/like-new,https://www.ocbuyback.com/sell/cell-phone/samsung/galaxy-s21-fe/verizon/128gb/good-condition,https://www.ocbuyback.com/sell/cell-phone/samsung/galaxy-s21-fe/verizon/128gb/fair,https://www.ocbuyback.com/sell/cell-phone/samsung/galaxy-s21-fe/verizon/128gb/minor-damage,https://www.ocbuyback.com/sell/cell-phone/samsung/galaxy-s21-fe/verizon/128gb/damaged
Samsung,Galaxy S21 FE,128GB,Unlocked,65.0,55.0,20.0,10.0,,https://www.ocbuyback.com/sell/cell-phone/samsung/galaxy-s21-fe/unlocked/128gb/like-new,https://www.ocbuyback.com/sell/cell-phone/samsung/galaxy-s21-fe/unlocked/128gb/good-condition,https://www.ocbuyback.com/sell/cell-phone/samsung/galaxy-s21-fe/unlocked/128gb/fair,https://www.ocbuyback.com/sell/cell-phone/samsung/galaxy-s21-fe/unlocked/128gb/minor-damage,https://www.ocbuyback.com/sell/cell-phone/samsung/galaxy-s21-fe/unlocked/128gb/damaged
Samsung,Galaxy S21 FE,256GB,AT&T,65.0,55.0,20.0,15.0,,https://www.ocbuyback.com/sell/cell-phone/samsung/galaxy-s21-fe/at-t/256gb/like-new,https://www.ocbuyback.com/sell/cell-phone/samsung/galaxy-s21-fe/at-t/256gb/good-condition,https://www.ocbuyback.com/sell/cell-phone/samsung/galaxy-s21-fe/at-t/256gb/fair,https://www.ocbuyback.com/sell/cell-phone/samsung/galaxy-s21-fe/at-t/256gb/minor-damage,https://www.ocbuyback.com/sell/cell-phone/samsung/galaxy-s21-fe/at-t/256gb/damaged
Samsung,Galaxy S21 FE,256GB,T-Mobile,45.0,35.0,10.0,5.0,,https://www.ocbuyback.com/sell/cell-phone/samsung/galaxy-s21-fe/t-mobile/256gb/like-new,https://www.ocbuyback.com/sell/cell-phone/samsung/galaxy-s21-fe/t-mobile/256gb/good-condition,https://www.ocbuyback.com/sell/cell-phone/samsung/galaxy-s21-fe/t-mobile/256gb/fair,https://www.ocbuyback.com/sell/cell-phone/samsung/galaxy-s21-fe/t-mobile/256gb/minor-damage,https://www.ocbuyback.com/sell/cell-phone/samsung/galaxy-s21-fe/t-mobile/256gb/damaged
Samsung,Galaxy S21 FE,256GB,Verizon,30.0,20.0,10.0,5.0,,https://www.ocbuyback.com/sell/cell-phone/samsung/galaxy-s21-fe/verizon/256gb/like-new,https://www.ocbuyback.com/sell/cell-phone/samsung/galaxy-s21-fe/verizon/256gb/good-condition,https://www.ocbuyback.com/sell/cell-phone/samsung/galaxy-s21-fe/verizon/256gb/fair,https://www.ocbuyback.com/sell/cell-phone/samsung/galaxy-s21-fe/verizon/256gb/minor-damage,https://www.ocbuyback.com/sell/cell-phone/samsung/galaxy-s21-fe/verizon/256gb/damaged
Samsung,Galaxy S21 FE,256GB,Unlocked,85.0,75.0,40.0,15.0,,https://www.ocbuyback.com/sell/cell-phone/samsung/galaxy-s21-fe/unlocked/256gb/like-new,https://www.ocbuyback.com/sell/cell-phone/samsung/galaxy-s21-fe/unlocked/256gb/good-condition,https://www.ocbuyback.com/sell/cell-phone/samsung/galaxy-s21-fe/unlocked/256gb/fair,https://www.ocbuyback.com/sell/cell-phone/samsung/galaxy-s21-fe/unlocked/256gb/minor-damage,https://www.ocbuyback.com/sell/cell-phone/samsung/galaxy-s21-fe/unlocked/256gb/damaged
Samsung,Galaxy S21 Plus,128GB,AT&T,55.0,45.0,25.0,15.0,,https://www.ocbuyback.com/sell/cell-phone/samsung/galaxy-s21-plus/at-t/128gb/like-new,https://www.ocbuyback.com/sell/cell-phone/samsung/galaxy-s21-plus/at-t/128gb/good-condition,https://www.ocbuyback.com/sell/cell-phone/samsung/galaxy-s21-plus/at-t/128gb/fair,https://www.ocbuyback.com/sell/cell-phone/samsung/galaxy-s21-plus/at-t/128gb/minor-damage,https://www.ocbuyback.com/sell/cell-phone/samsung/galaxy-s21-plus/at-t/128gb/damaged
Samsung,Galaxy S21 Plus,128GB,T-Mobile,55.0,45.0,25.0,10.0,,https://www.ocbuyback.com/sell/cell-phone/samsung/galaxy-s21-plus/t-mobile/128gb/like-new,https://www.ocbuyback.com/sell/cell-phone/samsung/galaxy-s21-plus/t-mobile/128gb/good-condition,https://www.ocbuyback.com/sell/cell-phone/samsung/galaxy-s21-plus/t-mobile/128gb/fair,https://www.ocbuyback.com/sell/cell-phone/samsung/galaxy-s21-plus/t-mobile/128gb/minor-damage,https://www.ocbuyback.com/sell/cell-phone/samsung/galaxy-s21-plus/t-mobile/128gb/damaged
Samsung,Galaxy S21 Plus,128GB,Verizon,30.0,20.0,10.0,5.0,,https://www.ocbuyback.com/sell/cell-phone/samsung/galaxy-s21-plus/verizon/128gb/like-new,https://www.ocbuyback.com/sell/cell-phone/samsung/galaxy-s21-plus/verizon/128gb/good-condition,https://www.ocbuyback.com/sell/cell-phone/samsung/galaxy-s21-plus/verizon/128gb/fair,https://www.ocbuyback.com/sell/cell-phone/samsung/galaxy-s21-plus/verizon/128gb/minor-damage,https://www.ocbuyback.com/sell/cell-phone/samsung/galaxy-s21-plus/verizon/128gb/damaged
Samsung,Galaxy S21 Plus,128GB,Unlocked,70.0,60.0,40.0,20.0,,https://www.ocbuyback.com/sell/cell-phone/samsung/galaxy-s21-plus/unlocked/128gb/like-new,https://www.ocbuyback.com/sell/cell-phone/samsung/galaxy-s21-plus/unlocked/128gb/good-condition,https://www.ocbuyback.com/sell/cell-phone/samsung/galaxy-s21-plus/unlocked/128gb/fair,https://www.ocbuyback.com/sell/cell-phone/samsung/galaxy-s21-plus/unlocked/128gb/minor-damage,https://www.ocbuyback.com/sell/cell-phone/samsung/galaxy-s21-plus/unlocked/128gb/damaged
Samsung,Galaxy S21 Plus,256GB,AT&T,65.0,55.0,35.0,16.0,,https://www.ocbuyback.com/sell/cell-phone/samsung/galaxy-s21-plus/at-t/256gb/like-new,https://www.ocbuyback.com/sell/cell-phone/samsung/galaxy-s21-plus/at-t/256gb/good-condition,https://www.ocbuyback.com/sell/cell-phone/samsung/galaxy-s21-plus/at-t/256gb/fair,https://www.ocbuyback.com/sell/cell-phone/samsung/galaxy-s21-plus/at-t/256gb/minor-damage,https://www.ocbuyback.com/sell/cell-phone/samsung/galaxy-s21-plus/at-t/256gb/damaged
Samsung,Galaxy S21 Plus,256GB,T-Mobile,65.0,55.0,35.0,11.0,,https://www.ocbuyback.com/sell/cell-phone/samsung/galaxy-s21-plus/t-mobile/256gb/like-new,https://www.ocbuyback.com/sell/cell-phone/samsung/galaxy-s21-plus/t-mobile/256gb/good-condition,https://www.ocbuyback.com/sell/cell-phone/samsung/galaxy-s21-plus/t-mobile/256gb/fair,https://www.ocbuyback.com/sell/cell-phone/samsung/galaxy-s21-plus/t-mobile/256gb/minor-damage,https://www.ocbuyback.com/sell/cell-phone/samsung/galaxy-s21-plus/t-mobile/256gb/damaged
Samsung,Galaxy S21 Plus,256GB,Verizon,40.0,30.0,20.0,10.0,,https://www.ocbuyback.com/sell/cell-phone/samsung/galaxy-s21-plus/verizon/256gb/like-new,https://www.ocbuyback.com/sell/cell-phone/samsung/galaxy-s21-plus/verizon/256gb/good-condition,https://www.ocbuyback.com/sell/cell-phone/samsung/galaxy-s21-plus/verizon/256gb/fair,https://www.ocbuyback.com/sell/cell-phone/samsung/galaxy-s21-plus/verizon/256gb/minor-damage,https://www.ocbuyback.com/sell/cell-phone/samsung/galaxy-s21-plus/verizon/256gb/damaged
Samsung,Galaxy S21 Plus,256GB,Unlocked,80.0,70.0,50.0,21.0,,https://www.ocbuyback.com/sell/cell-phone/samsung/galaxy-s21-plus/unlocked/256gb/like-new,https://www.ocbuyback.com/sell/cell-phone/samsung/galaxy-s21-plus/unlocked/256gb/good-condition,https://www.ocbuyback.com/sell/cell-phone/samsung/galaxy-s21-plus/unlocked/256gb/fair,https://www.ocbuyback.com/sell/cell-phone/samsung/galaxy-s21-plus/unlocked/256gb/minor-damage,https://www.ocbuyback.com/sell/cell-phone/samsung/galaxy-s21-plus/unlocked/256gb/damaged
Samsung,Galaxy S21 Ultra,128GB,AT&T,90.0,70.0,55.0,20.0,5.0,https://www.ocbuyback.com/sell/cell-phone/samsung/galaxy-s21-ultra/at-t/128gb/like-new,https://www.ocbuyback.com/sell/cell-phone/samsung/galaxy-s21-ultra/at-t/128gb/good-condition,https://www.ocbuyback.com/sell/cell-phone/samsung/galaxy-s21-ultra/at-t/128gb/fair,https://www.ocbuyback.com/sell/cell-phone/samsung/galaxy-s21-ultra/at-t/128gb/minor-damage,https://www.ocbuyback.com/sell/cell-phone/samsung/galaxy-s21-ultra/at-t/128gb/damaged
Samsung,Galaxy S21 Ultra,128GB,T-Mobile,60.0,40.0,25.0,10.0,5.0,https://www.ocbuyback.com/sell/cell-phone/samsung/galaxy-s21-ultra/t-mobile/128gb/like-new,https://www.ocbuyback.com/sell/cell-phone/samsung/galaxy-s21-ultra/t-mobile/128gb/good-condition,https://www.ocbuyback.com/sell/cell-phone/samsung/galaxy-s21-ultra/t-mobile/128gb/fair,https://www.ocbuyback.com/sell/cell-phone/samsung/galaxy-s21-ultra/t-mobile/128gb/minor-damage,https://www.ocbuyback.com/sell/cell-phone/samsung/galaxy-s21-ultra/t-mobile/128gb/damaged
Samsung,Galaxy S21 Ultra,128GB,Verizon,60.0,40.0,25.0,10.0,5.0,https://www.ocbuyback.com/sell/cell-phone/samsung/galaxy-s21-ultra/verizon/128gb/like-new,https://www.ocbuyback.com/sell/cell-phone/samsung/galaxy-s21-ultra/verizon/128gb/good-condition,https://www.ocbuyback.com/sell/cell-phone/samsung/galaxy-s21-ultra/verizon/128gb/fair,https://www.ocbuyback.com/sell/cell-phone/samsung/galaxy-s21-ultra/verizon/128gb/minor-damage,https://www.ocbuyback.com/sell/cell-phone/samsung/galaxy-s21-ultra/verizon/128gb/damaged
Samsung,Galaxy S21 Ultra,128GB,Unlocked,100.0,80.0,65.0,30.0,5.0,https://www.ocbuyback.com/sell/cell-phone/samsung/galaxy-s21-ultra/unlocked/128gb/like-new,https://www.ocbuyback.com/sell/cell-phone/samsung/galaxy-s21-ultra/unlocked/128gb/good-condition,https://www.ocbuyback.com/sell/cell-phone/samsung/galaxy-s21-ultra/unlocked/128gb/fair,https://www.ocbuyback.com/sell/cell-phone/samsung/galaxy-s21-ultra/unlocked/128gb/minor-damage,https://www.ocbuyback.com/sell/cell-phone/samsung/galaxy-s21-ultra/unlocked/128gb/damaged
Samsung,Galaxy S21 Ultra,256GB,AT&T,100.0,80.0,65.0,20.0,5.0,https://www.ocbuyback.com/sell/cell-phone/samsung/galaxy-s21-ultra/at-t/256gb/like-new,https://www.ocbuyback.com/sell/cell-phone/samsung/galaxy-s21-ultra/at-t/256gb/good-condition,https://www.ocbuyback.com/sell/cell-phone/samsung/galaxy-s21-ultra/at-t/256gb/fair,https://www.ocbuyback.com/sell/cell-phone/samsung/galaxy-s21-ultra/at-t/256gb/minor-damage,https://www.ocbuyback.com/sell/cell-phone/samsung/galaxy-s21-ultra/at-t/256gb/damaged
Samsung,Galaxy S21 Ultra,256GB,T-Mobile,70.0,50.0,35.0,10.0,5.0,https://www.ocbuyback.com/sell/cell-phone/samsung/galaxy-s21-ultra/t-mobile/256gb/like-new,https://www.ocbuyback.com/sell/cell-phone/samsung/galaxy-s21-ultra/t-mobile/256gb/good-condition,https://www.ocbuyback.com/sell/cell-phone/samsung/galaxy-s21-ultra/t-mobile/256gb/fair,https://www.ocbuyback.com/sell/cell-phone/samsung/galaxy-s21-ultra/t-mobile/256gb/minor-damage,https://www.ocbuyback.com/sell/cell-phone/samsung/galaxy-s21-ultra/t-mobile/256gb/damaged
Samsung,Galaxy S21 Ultra,256GB,Verizon,70.0,50.0,35.0,10.0,5.0,https://www.ocbuyback.com/sell/cell-phone/samsung/galaxy-s21-ultra/verizon/256gb/like-new,https://www.ocbuyback.com/sell/cell-phone/samsung/galaxy-s21-ultra/verizon/256gb/good-condition,https://www.ocbuyback.com/sell/cell-phone/samsung/galaxy-s21-ultra/verizon/256gb/fair,https://www.ocbuyback.com/sell/cell-phone/samsung/galaxy-s21-ultra/verizon/256gb/minor-damage,https://www.ocbuyback.com/sell/cell-phone/samsung/galaxy-s21-ultra/verizon/256gb/damaged
Samsung,Galaxy S21 Ultra,256GB,Unlocked,110.0,90.0,75.0,30.0,5.0,https://www.ocbuyback.com/sell/cell-phone/samsung/galaxy-s21-ultra/unlocked/256gb/like-new,https://www.ocbuyback.com/sell/cell-phone/samsung/galaxy-s21-ultra/unlocked/256gb/good-condition,https://www.ocbuyback.com/sell/cell-phone/samsung/galaxy-s21-ultra/unlocked/256gb/fair,https://www.ocbuyback.com/sell/cell-phone/samsung/galaxy-s21-ultra/unlocked/256gb/minor-damage,https://www.ocbuyback.com/sell/cell-phone/samsung/galaxy-s21-ultra/unlocked/256gb/damaged
Samsung,Galaxy S21 Ultra,512GB,AT&T,105.0,85.0,70.0,25.0,5.0,https://www.ocbuyback.com/sell/cell-phone/samsung/galaxy-s21-ultra/at-t/512gb/like-new,https://www.ocbuyback.com/sell/cell-phone/samsung/galaxy-s21-ultra/at-t/512gb/good-condition,https://www.ocbuyback.com/sell/cell-phone/samsung/galaxy-s21-ultra/at-t/512gb/fair,https://www.ocbuyback.com/sell/cell-phone/samsung/galaxy-s21-ultra/at-t/512gb/minor-damage,https://www.ocbuyback.com/sell/cell-phone/samsung/galaxy-s21-ultra/at-t/512gb/damaged
Samsung,Galaxy S21 Ultra,512GB,T-Mobile,75.0,55.0,40.0,10.0,5.0,https://www.ocbuyback.com/sell/cell-phone/samsung/galaxy-s21-ultra/t-mobile/512gb/like-new,https://www.ocbuyback.com/sell/cell-phone/samsung/galaxy-s21-ultra/t-mobile/512gb/good-condition,https://www.ocbuyback.com/sell/cell-phone/samsung/galaxy-s21-ultra/t-mobile/512gb/fair,https://www.ocbuyback.com/sell/cell-phone/samsung/galaxy-s21-ultra/t-mobile/512gb/minor-damage,https://www.ocbuyback.com/sell/cell-phone/samsung/galaxy-s21-ultra/t-mobile/512gb/damaged
Samsung,Galaxy S21 Ultra,512GB,Verizon,75.0,55.0,40.0,10.0,5.0,https://www.ocbuyback.com/sell/cell-phone/samsung/galaxy-s21-ultra/verizon/512gb/like-new,https://www.ocbuyback.com/sell/cell-phone/samsung/galaxy-s21-ultra/verizon/512gb/good-condition,https://www.ocbuyback.com/sell/cell-phone/samsung/galaxy-s21-ultra/verizon/512gb/fair,https://www.ocbuyback.com/sell/cell-phone/samsung/galaxy-s21-ultra/verizon/512gb/minor-damage,https://www.ocbuyback.com/sell/cell-phone/samsung/galaxy-s21-ultra/verizon/512gb/damaged
Samsung,Galaxy S21 Ultra,512GB,Unlocked,115.0,95.0,80.0,30.0,5.0,https://www.ocbuyback.com/sell/cell-phone/samsung/galaxy-s21-ultra/unlocked/512gb/like-new,https://www.ocbuyback.com/sell/cell-phone/samsung/galaxy-s21-ultra/unlocked/512gb/good-condition,https://www.ocbuyback.com/sell/cell-phone/samsung/galaxy-s21-ultra/unlocked/512gb/fair,https://www.ocbuyback.com/sell/cell-phone/samsung/galaxy-s21-ultra/unlocked/512gb/minor-damage,https://www.ocbuyback.com/sell/cell-phone/samsung/galaxy-s21-ultra/unlocked/512gb/damaged
Samsung,Galaxy S22,128GB,AT&T,70.0,55.0,35.0,20.0,5.0,https://www.ocbuyback.com/sell/cell-phone/samsung/galaxy-s22/at-t/128gb/like-new,https://www.ocbuyback.com/sell/cell-phone/samsung/galaxy-s22/at-t/128gb/good-condition,https://www.ocbuyback.com/sell/cell-phone/samsung/galaxy-s22/at-t/128gb/fair,https://www.ocbuyback.com/sell/cell-phone/samsung/galaxy-s22/at-t/128gb/minor-damage,https://www.ocbuyback.com/sell/cell-phone/samsung/galaxy-s22/at-t/128gb/damaged
Samsung,Galaxy S22,128GB,T-Mobile,50.0,45.0,20.0,10.0,,https://www.ocbuyback.com/sell/cell-phone/samsung/galaxy-s22/t-mobile/128gb/like-new,https://www.ocbuyback.com/sell/cell-phone/samsung/galaxy-s22/t-mobile/128gb/good-condition,https://www.ocbuyback.com/sell/cell-phone/samsung/galaxy-s22/t-mobile/128gb/fair,https://www.ocbuyback.com/sell/cell-phone/samsung/galaxy-s22/t-mobile/128gb/minor-damage,https://www.ocbuyback.com/sell/cell-phone/samsung/galaxy-s22/t-mobile/128gb/damaged
Samsung,Galaxy S22,128GB,Verizon,30.0,15.0,5.0,5.0,,https://www.ocbuyback.com/sell/cell-phone/samsung/galaxy-s22/verizon/128gb/like-new,https://www.ocbuyback.com/sell/cell-phone/samsung/galaxy-s22/verizon/128gb/good-condition,https://www.ocbuyback.com/sell/cell-phone/samsung/galaxy-s22/verizon/128gb/fair,https://www.ocbuyback.com/sell/cell-phone/samsung/galaxy-s22/verizon/128gb/minor-damage,https://www.ocbuyback.com/sell/cell-phone/samsung/galaxy-s22/verizon/128gb/damaged
Samsung,Galaxy S22,128GB,Unlocked,90.0,75.0,45.0,25.0,,https://www.ocbuyback.com/sell/cell-phone/samsung/galaxy-s22/unlocked/128gb/like-new,https://www.ocbuyback.com/sell/cell-phone/samsung/galaxy-s22/unlocked/128gb/good-condition,https://www.ocbuyback.com/sell/cell-phone/samsung/galaxy-s22/unlocked/128gb/fair,https://www.ocbuyback.com/sell/cell-phone/samsung/galaxy-s22/unlocked/128gb/minor-damage,https://www.ocbuyback.com/sell/cell-phone/samsung/galaxy-s22/unlocked/128gb/damaged
Samsung,Galaxy S22,256GB,AT&T,80.0,65.0,35.0,25.0,,https://www.ocbuyback.com/sell/cell-phone/samsung/galaxy-s22/at-t/256gb/like-new,https://www.ocbuyback.com/sell/cell-phone/samsung/galaxy-s22/at-t/256gb/good-condition,https://www.ocbuyback.com/sell/cell-phone/samsung/galaxy-s22/at-t/256gb/fair,https://www.ocbuyback.com/sell/cell-phone/samsung/galaxy-s22/at-t/256gb/minor-damage,https://www.ocbuyback.com/sell/cell-phone/samsung/galaxy-s22/at-t/256gb/damaged
Samsung,Galaxy S22,256GB,T-Mobile,60.0,45.0,20.0,15.0,,https://www.ocbuyback.com/sell/cell-phone/samsung/galaxy-s22/t-mobile/256gb/like-new,https://www.ocbuyback.com/sell/cell-phone/samsung/galaxy-s22/t-mobile/256gb/good-condition,https://www.ocbuyback.com/sell/cell-phone/samsung/galaxy-s22/t-mobile/256gb/fair,https://www.ocbuyback.com/sell/cell-phone/samsung/galaxy-s22/t-mobile/256gb/minor-damage,https://www.ocbuyback.com/sell/cell-phone/samsung/galaxy-s22/t-mobile/256gb/damaged
Samsung,Galaxy S22,256GB,Verizon,40.0,25.0,10.0,5.0,,https://www.ocbuyback.com/sell/cell-phone/samsung/galaxy-s22/verizon/256gb/like-new,https://www.ocbuyback.com/sell/cell-phone/samsung/galaxy-s22/verizon/256gb/good-condition,https://www.ocbuyback.com/sell/cell-phone/samsung/galaxy-s22/verizon/256gb/fair,https://www.ocbuyback.com/sell/cell-phone/samsung/galaxy-s22/verizon/256gb/minor-damage,https://www.ocbuyback.com/sell/cell-phone/samsung/galaxy-s22/verizon/256gb/damaged
Samsung,Galaxy S22,256GB,Unlocked,100.0,85.0,55.0,30.0,,https://www.ocbuyback.com/sell/cell-phone/samsung/galaxy-s22/unlocked/256gb/like-new,https://www.ocbuyback.com/sell/cell-phone/samsung/galaxy-s22/unlocked/256gb/good-condition,https://www.ocbuyback.com/sell/cell-phone/samsung/galaxy-s22/unlocked/256gb/fair,https://www.ocbuyback.com/sell/cell-phone/samsung/galaxy-s22/unlocked/256gb/minor-damage,https://www.ocbuyback.com/sell/cell-phone/samsung/galaxy-s22/unlocked/256gb/damaged
Samsung,Galaxy S22 Plus,128GB,AT&T,80.0,65.0,40.0,25.0,,https://www.ocbuyback.com/sell/cell-phone/samsung/galaxy-s22-plus/at-t/128gb/like-new,https://www.ocbuyback.com/sell/cell-phone/samsung/galaxy-s22-plus/at-t/128gb/good-condition,https://www.ocbuyback.com/sell/cell-phone/samsung/galaxy-s22-plus/at-t/128gb/fair,https://www.ocbuyback.com/sell/cell-phone/samsung/galaxy-s22-plus/at-t/128gb/minor-damage,https://www.ocbuyback.com/sell/cell-phone/samsung/galaxy-s22-plus/at-t/128gb/damaged
Samsung,Galaxy S22 Plus,128GB,T-Mobile,50.0,35.0,10.0,5.0,,https://www.ocbuyback.com/sell/cell-phone/samsung/galaxy-s22-plus/t-mobile/128gb/like-new,https://www.ocbuyback.com/sell/cell-phone/samsung/galaxy-s22-plus/t-mobile/128gb/good-condition,https://www.ocbuyback.com/sell/cell-phone/samsung/galaxy-s22-plus/t-mobile/128gb/fair,https://www.ocbuyback.com/sell/cell-phone/samsung/galaxy-s22-plus/t-mobile/128gb/minor-damage,https://www.ocbuyback.com/sell/cell-phone/samsung/galaxy-s22-plus/t-mobile/128gb/damaged
Samsung,Galaxy S22 Plus,128GB,Verizon,35.0,20.0,10.0,5.0,,https://www.ocbuyback.com/sell/cell-phone/samsung/galaxy-s22-plus/verizon/128gb/like-new,https://www.ocbuyback.com/sell/cell-phone/samsung/galaxy-s22-plus/verizon/128gb/good-condition,https://www.ocbuyback.com/sell/cell-phone/samsung/galaxy-s22-plus/verizon/128gb/fair,https://www.ocbuyback.com/sell/cell-phone/samsung/galaxy-s22-plus/verizon/128gb/minor-damage,https://www.ocbuyback.com/sell/cell-phone/samsung/galaxy-s22-plus/verizon/128gb/damaged
Samsung,Galaxy S22 Plus,128GB,Unlocked,110.0,95.0,70.0,30.0,,https://www.ocbuyback.com/sell/cell-phone/samsung/galaxy-s22-plus/unlocked/128gb/like-new,https://www.ocbuyback.com/sell/cell-phone/samsung/galaxy-s22-plus/unlocked/128gb/good-condition,https://www.ocbuyback.com/sell/cell-phone/samsung/galaxy-s22-plus/unlocked/128gb/fair,https://www.ocbuyback.com/sell/cell-phone/samsung/galaxy-s22-plus/unlocked/128gb/minor-damage,https://www.ocbuyback.com/sell/cell-phone/samsung/galaxy-s22-plus/unlocked/128gb/damaged
Samsung,Galaxy S22 Plus,256GB,AT&T,90.0,75.0,50.0,30.0,,https://www.ocbuyback.com/sell/cell-phone/samsung/galaxy-s22-plus/at-t/256gb/like-new,https://www.ocbuyback.com/sell/cell-phone/samsung/galaxy-s22-plus/at-t/256gb/good-condition,https://www.ocbuyback.com/sell/cell-phone/samsung/galaxy-s22-plus/at-t/256gb/fair,https://www.ocbuyback.com/sell/cell-phone/samsung/galaxy-s22-plus/at-t/256gb/minor-damage,https://www.ocbuyback.com/sell/cell-phone/samsung/galaxy-s22-plus/at-t/256gb/damaged
Samsung,Galaxy S22 Plus,256GB,T-Mobile,60.0,45.0,20.0,10.0,,https://www.ocbuyback.com/sell/cell-phone/samsung/galaxy-s22-plus/t-mobile/256gb/like-new,https://www.ocbuyback.com/sell/cell-phone/samsung/galaxy-s22-plus/t-mobile/256gb/good-condition,https://www.ocbuyback.com/sell/cell-phone/samsung/galaxy-s22-plus/t-mobile/256gb/fair,https://www.ocbuyback.com/sell/cell-phone/samsung/galaxy-s22-plus/t-mobile/256gb/minor-damage,https://www.ocbuyback.com/sell/cell-phone/samsung/galaxy-s22-plus/t-mobile/256gb/damaged
Samsung,Galaxy S22 Plus,256GB,Verizon,45.0,30.0,10.0,5.0,,https://www.ocbuyback.com/sell/cell-phone/samsung/galaxy-s22-plus/verizon/256gb/like-new,https://www.ocbuyback.com/sell/cell-phone/samsung/galaxy-s22-plus/verizon/256gb/good-condition,https://www.ocbuyback.com/sell/cell-phone/samsung/galaxy-s22-plus/verizon/256gb/fair,https://www.ocbuyback.com/sell/cell-phone/samsung/galaxy-s22-plus/verizon/256gb/minor-damage,https://www.ocbuyback.com/sell/cell-phone/samsung/galaxy-s22-plus/verizon/256gb/damaged
Samsung,Galaxy S22 Plus,256GB,Unlocked,120.0,105.0,80.0,35.0,,https://www.ocbuyback.com/sell/cell-phone/samsung/galaxy-s22-plus/unlocked/256gb/like-new,https://www.ocbuyback.com/sell/cell-phone/samsung/galaxy-s22-plus/unlocked/256gb/good-condition,https://www.ocbuyback.com/sell/cell-phone/samsung/galaxy-s22-plus/unlocked/256gb/fair,https://www.ocbuyback.com/sell/cell-phone/samsung/galaxy-s22-plus/unlocked/256gb/minor-damage,https://www.ocbuyback.com/sell/cell-phone/samsung/galaxy-s22-plus/unlocked/256gb/damaged
Samsung,Galaxy S22 Ultra,128GB,AT&T,115.0,95.0,55.0,20.0,5.0,https://www.ocbuyback.com/sell/cell-phone/samsung/galaxy-s22-ultra/at-t/128gb/like-new,https://www.ocbuyback.com/sell/cell-phone/samsung/galaxy-s22-ultra/at-t/128gb/good-condition,https://www.ocbuyback.com/sell/cell-phone/samsung/galaxy-s22-ultra/at-t/128gb/fair,https://www.ocbuyback.com/sell/cell-phone/samsung/galaxy-s22-ultra/at-t/128gb/minor-damage,https://www.ocbuyback.com/sell/cell-phone/samsung/galaxy-s22-ultra/at-t/128gb/damaged
Samsung,Galaxy S22 Ultra,128GB,T-Mobile,110.0,90.0,50.0,20.0,5.0,https://www.ocbuyback.com/sell/cell-phone/samsung/galaxy-s22-ultra/t-mobile/128gb/like-new,https://www.ocbuyback.com/sell/cell-phone/samsung/galaxy-s22-ultra/t-mobile/128gb/good-condition,https://www.ocbuyback.com/sell/cell-phone/samsung/galaxy-s22-ultra/t-mobile/128gb/fair,https://www.ocbuyback.com/sell/cell-phone/samsung/galaxy-s22-ultra/t-mobile/128gb/minor-damage,https://www.ocbuyback.com/sell/cell-phone/samsung/galaxy-s22-ultra/t-mobile/128gb/damaged
Samsung,Galaxy S22 Ultra,128GB,Verizon,60.0,40.0,20.0,10.0,5.0,https://www.ocbuyback.com/sell/cell-phone/samsung/galaxy-s22-ultra/verizon/128gb/like-new,https://www.ocbuyback.com/sell/cell-phone/samsung/galaxy-s22-ultra/verizon/128gb/good-condition,https://www.ocbuyback.com/sell/cell-phone/samsung/galaxy-s22-ultra/verizon/128gb/fair,https://www.ocbuyback.com/sell/cell-phone/samsung/galaxy-s22-ultra/verizon/128gb/minor-damage,https://www.ocbuyback.com/sell/cell-phone/samsung/galaxy-s22-ultra/verizon/128gb/damaged
Samsung,Galaxy S22 Ultra,128GB,Unlocked,145.0,125.0,85.0,30.0,5.0,https://www.ocbuyback.com/sell/cell-phone/samsung/galaxy-s22-ultra/unlocked/128gb/like-new,https://www.ocbuyback.com/sell/cell-phone/samsung/galaxy-s22-ultra/unlocked/128gb/good-condition,https://www.ocbuyback.com/sell/cell-phone/samsung/galaxy-s22-ultra/unlocked/128gb/fair,https://www.ocbuyback.com/sell/cell-phone/samsung/galaxy-s22-ultra/unlocked/128gb/minor-damage,https://www.ocbuyback.com/sell/cell-phone/samsung/galaxy-s22-ultra/unlocked/128gb/damaged
Samsung,Galaxy S22 Ultra,256GB,AT&T,130.0,110.0,70.0,20.0,5.0,https://www.ocbuyback.com/sell/cell-phone/samsung/galaxy-s22-ultra/at-t/256gb/like-new,https://www.ocbuyback.com/sell/cell-phone/samsung/galaxy-s22-ultra/at-t/256gb/good-condition,https://www.ocbuyback.com/sell/cell-phone/samsung/galaxy-s22-ultra/at-t/256gb/fair,https://www.ocbuyback.com/sell/cell-phone/samsung/galaxy-s22-ultra/at-t/256gb/minor-damage,https://www.ocbuyback.com/sell/cell-phone/samsung/galaxy-s22-ultra/at-t/256gb/damaged
Samsung,Galaxy S22 Ultra,256GB,T-Mobile,125.0,105.0,65.0,20.0,5.0,https://www.ocbuyback.com/sell/cell-phone/samsung/galaxy-s22-ultra/t-mobile/256gb/like-new,https://www.ocbuyback.com/sell/cell-phone/samsung/galaxy-s22-ultra/t-mobile/256gb/good-condition,https://www.ocbuyback.com/sell/cell-phone/samsung/galaxy-s22-ultra/t-mobile/256gb/fair,https://www.ocbuyback.com/sell/cell-phone/samsung/galaxy-s22-ultra/t-mobile/256gb/minor-damage,https://www.ocbuyback.com/sell/cell-phone/samsung/galaxy-s22-ultra/t-mobile/256gb/damaged
Samsung,Galaxy S22 Ultra,256GB,Verizon,75.0,55.0,30.0,20.0,5.0,https://www.ocbuyback.com/sell/cell-phone/samsung/galaxy-s22-ultra/verizon/256gb/like-new,https://www.ocbuyback.com/sell/cell-phone/samsung/galaxy-s22-ultra/verizon/256gb/good-condition,https://www.ocbuyback.com/sell/cell-phone/samsung/galaxy-s22-ultra/verizon/256gb/fair,https://www.ocbuyback.com/sell/cell-phone/samsung/galaxy-s22-ultra/verizon/256gb/minor-damage,https://www.ocbuyback.com/sell/cell-phone/samsung/galaxy-s22-ultra/verizon/256gb/damaged
Samsung,Galaxy S22 Ultra,256GB,Unlocked,160.0,140.0,100.0,30.0,5.0,https://www.ocbuyback.com/sell/cell-phone/samsung/galaxy-s22-ultra/unlocked/256gb/like-new,https://www.ocbuyback.com/sell/cell-phone/samsung/galaxy-s22-ultra/unlocked/256gb/good-condition,https://www.ocbuyback.com/sell/cell-phone/samsung/galaxy-s22-ultra/unlocked/256gb/fair,https://www.ocbuyback.com/sell/cell-phone/samsung/galaxy-s22-ultra/unlocked/256gb/minor-damage,https://www.ocbuyback.com/sell/cell-phone/samsung/galaxy-s22-ultra/unlocked/256gb/damaged
Samsung,Galaxy S22 Ultra,512GB,AT&T,135.0,115.0,75.0,25.0,5.0,https://www.ocbuyback.com/sell/cell-phone/samsung/galaxy-s22-ultra/at-t/512gb/like-new,https://www.ocbuyback.com/sell/cell-phone/samsung/galaxy-s22-ultra/at-t/512gb/good-condition,https://www.ocbuyback.com/sell/cell-phone/samsung/galaxy-s22-ultra/at-t/512gb/fair,https://www.ocbuyback.com/sell/cell-phone/samsung/galaxy-s22-ultra/at-t/512gb/minor-damage,https://www.ocbuyback.com/sell/cell-phone/samsung/galaxy-s22-ultra/at-t/512gb/damaged
Samsung,Galaxy S22 Ultra,512GB,T-Mobile,130.0,110.0,70.0,15.0,5.0,https://www.ocbuyback.com/sell/cell-phone/samsung/galaxy-s22-ultra/t-mobile/512gb/like-new,https://www.ocbuyback.com/sell/cell-phone/samsung/galaxy-s22-ultra/t-mobile/512gb/good-condition,https://www.ocbuyback.com/sell/cell-phone/samsung/galaxy-s22-ultra/t-mobile/512gb/fair,https://www.ocbuyback.com/sell/cell-phone/samsung/galaxy-s22-ultra/t-mobile/512gb/minor-damage,https://www.ocbuyback.com/sell/cell-phone/samsung/galaxy-s22-ultra/t-mobile/512gb/damaged
Samsung,Galaxy S22 Ultra,512GB,Verizon,80.0,60.0,30.0,20.0,5.0,https://www.ocbuyback.com/sell/cell-phone/samsung/galaxy-s22-ultra/verizon/512gb/like-new,https://www.ocbuyback.com/sell/cell-phone/samsung/galaxy-s22-ultra/verizon/512gb/good-condition,https://www.ocbuyback.com/sell/cell-phone/samsung/galaxy-s22-ultra/verizon/512gb/fair,https://www.ocbuyback.com/sell/cell-phone/samsung/galaxy-s22-ultra/verizon/512gb/minor-damage,https://www.ocbuyback.com/sell/cell-phone/samsung/galaxy-s22-ultra/verizon/512gb/damaged
Samsung,Galaxy S22 Ultra,512GB,Unlocked,165.0,145.0,105.0,30.0,5.0,https://www.ocbuyback.com/sell/cell-phone/samsung/galaxy-s22-ultra/unlocked/512gb/like-new,https://www.ocbuyback.com/sell/cell-phone/samsung/galaxy-s22-ultra/unlocked/512gb/good-condition,https://www.ocbuyback.com/sell/cell-phone/samsung/galaxy-s22-ultra/unlocked/512gb/fair,https://www.ocbuyback.com/sell/cell-phone/samsung/galaxy-s22-ultra/unlocked/512gb/minor-damage,https://www.ocbuyback.com/sell/cell-phone/samsung/galaxy-s22-ultra/unlocked/512gb/damaged
Samsung,Galaxy S22 Ultra,1TB,AT&T,140.0,120.0,80.0,25.0,5.0,https://www.ocbuyback.com/sell/cell-phone/samsung/galaxy-s22-ultra/at-t/1tb/like-new,https://www.ocbuyback.com/sell/cell-phone/samsung/galaxy-s22-ultra/at-t/1tb/good-condition,https://www.ocbuyback.com/sell/cell-phone/samsung/galaxy-s22-ultra/at-t/1tb/fair,https://www.ocbuyback.com/sell/cell-phone/samsung/galaxy-s22-ultra/at-t/1tb/minor-damage,https://www.ocbuyback.com/sell/cell-phone/samsung/galaxy-s22-ultra/at-t/1tb/damaged
Samsung,Galaxy S22 Ultra,1TB,T-Mobile,135.0,115.0,75.0,20.0,5.0,https://www.ocbuyback.com/sell/cell-phone/samsung/galaxy-s22-ultra/t-mobile/1tb/like-new,https://www.ocbuyback.com/sell/cell-phone/samsung/galaxy-s22-ultra/t-mobile/1tb/good-condition,https://www.ocbuyback.com/sell/cell-phone/samsung/galaxy-s22-ultra/t-mobile/1tb/fair,https://www.ocbuyback.com/sell/cell-phone/samsung/galaxy-s22-ultra/t-mobile/1tb/minor-damage,https://www.ocbuyback.com/sell/cell-phone/samsung/galaxy-s22-ultra/t-mobile/1tb/damaged
Samsung,Galaxy S22 Ultra,1TB,Verizon,85.0,65.0,35.0,20.0,5.0,https://www.ocbuyback.com/sell/cell-phone/samsung/galaxy-s22-ultra/verizon/1tb/like-new,https://www.ocbuyback.com/sell/cell-phone/samsung/galaxy-s22-ultra/verizon/1tb/good-condition,https://www.ocbuyback.com/sell/cell-phone/samsung/galaxy-s22-ultra/verizon/1tb/fair,https://www.ocbuyback.com/sell/cell-phone/samsung/galaxy-s22-ultra/verizon/1tb/minor-damage,https://www.ocbuyback.com/sell/cell-phone/samsung/galaxy-s22-ultra/verizon/1tb/damaged
Samsung,Galaxy S22 Ultra,1TB,Unlocked,170.0,150.0,110.0,30.0,5.0,https://www.ocbuyback.com/sell/cell-phone/samsung/galaxy-s22-ultra/unlocked/1tb/like-new,https://www.ocbuyback.com/sell/cell-phone/samsung/galaxy-s22-ultra/unlocked/1tb/good-condition,https://www.ocbuyback.com/sell/cell-phone/samsung/galaxy-s22-ultra/unlocked/1tb/fair,https://www.ocbuyback.com/sell/cell-phone/samsung/galaxy-s22-ultra/unlocked/1tb/minor-damage,https://www.ocbuyback.com/sell/cell-phone/samsung/galaxy-s22-ultra/unlocked/1tb/damaged
Samsung,Galaxy S23,128GB,AT&T,100.0,80.0,40.0,35.0,5.0,https://www.ocbuyback.com/sell/cell-phone/samsung/galaxy-s23/at-t/128gb/like-new,https://www.ocbuyback.com/sell/cell-phone/samsung/galaxy-s23/at-t/128gb/good-condition,https://www.ocbuyback.com/sell/cell-phone/samsung/galaxy-s23/at-t/128gb/fair,https://www.ocbuyback.com/sell/cell-phone/samsung/galaxy-s23/at-t/128gb/minor-damage,https://www.ocbuyback.com/sell/cell-phone/samsung/galaxy-s23/at-t/128gb/damaged
Samsung,Galaxy S23,128GB,T-Mobile,100.0,80.0,30.0,25.0,5.0,https://www.ocbuyback.com/sell/cell-phone/samsung/galaxy-s23/t-mobile/128gb/like-new,https://www.ocbuyback.com/sell/cell-phone/samsung/galaxy-s23/t-mobile/128gb/good-condition,https://www.ocbuyback.com/sell/cell-phone/samsung/galaxy-s23/t-mobile/128gb/fair,https://www.ocbuyback.com/sell/cell-phone/samsung/galaxy-s23/t-mobile/128gb/minor-damage,https://www.ocbuyback.com/sell/cell-phone/samsung/galaxy-s23/t-mobile/128gb/damaged
Samsung,Galaxy S23,128GB,Verizon,50.0,30.0,15.0,5.0,5.0,https://www.ocbuyback.com/sell/cell-phone/samsung/galaxy-s23/verizon/128gb/like-new,https://www.ocbuyback.com/sell/cell-phone/samsung/galaxy-s23/verizon/128gb/good-condition,https://www.ocbuyback.com/sell/cell-phone/samsung/galaxy-s23/verizon/128gb/fair,https://www.ocbuyback.com/sell/cell-phone/samsung/galaxy-s23/verizon/128gb/minor-damage,https://www.ocbuyback.com/sell/cell-phone/samsung/galaxy-s23/verizon/128gb/damaged
Samsung,Galaxy S23,128GB,Unlocked,150.0,130.0,80.0,25.0,5.0,https://www.ocbuyback.com/sell/cell-phone/samsung/galaxy-s23/unlocked/128gb/like-new,https://www.ocbuyback.com/sell/cell-phone/samsung/galaxy-s23/unlocked/128gb/good-condition,https://www.ocbuyback.com/sell/cell-phone/samsung/galaxy-s23/unlocked/128gb/fair,https://www.ocbuyback.com/sell/cell-phone/samsung/galaxy-s23/unlocked/128gb/minor-damage,https://www.ocbuyback.com/sell/cell-phone/samsung/galaxy-s23/unlocked/128gb/damaged
Samsung,Galaxy S23,256GB,AT&T,115.0,95.0,45.0,25.0,5.0,https://www.ocbuyback.com/sell/cell-phone/samsung/galaxy-s23/at-t/256gb/like-new,https://www.ocbuyback.com/sell/cell-phone/samsung/galaxy-s23/at-t/256gb/good-condition,https://www.ocbuyback.com/sell/cell-phone/samsung/galaxy-s23/at-t/256gb/fair,https://www.ocbuyback.com/sell/cell-phone/samsung/galaxy-s23/at-t/256gb/minor-damage,https://www.ocbuyback.com/sell/cell-phone/samsung/galaxy-s23/at-t/256gb/damaged
Samsung,Galaxy S23,256GB,T-Mobile,115.0,95.0,45.0,25.0,5.0,https://www.ocbuyback.com/sell/cell-phone/samsung/galaxy-s23/t-mobile/256gb/like-new,https://www.ocbuyback.com/sell/cell-phone/samsung/galaxy-s23/t-mobile/256gb/good-condition,https://www.ocbuyback.com/sell/cell-phone/samsung/galaxy-s23/t-mobile/256gb/fair,https://www.ocbuyback.com/sell/cell-phone/samsung/galaxy-s23/t-mobile/256gb/minor-damage,https://www.ocbuyback.com/sell/cell-phone/samsung/galaxy-s23/t-mobile/256gb/damaged
Samsung,Galaxy S23,256GB,Verizon,65.0,45.0,30.0,16.0,5.0,https://www.ocbuyback.com/sell/cell-phone/samsung/galaxy-s23/verizon/256gb/like-new,https://www.ocbuyback.com/sell/cell-phone/samsung/galaxy-s23/verizon/256gb/good-condition,https://www.ocbuyback.com/sell/cell-phone/samsung/galaxy-s23/verizon/256gb/fair,https://www.ocbuyback.com/sell/cell-phone/samsung/galaxy-s23/verizon/256gb/minor-damage,https://www.ocbuyback.com/sell/cell-phone/samsung/galaxy-s23/verizon/256gb/damaged
Samsung,Galaxy S23,256GB,Unlocked,165.0,145.0,95.0,50.0,5.0,https://www.ocbuyback.com/sell/cell-phone/samsung/galaxy-s23/unlocked/256gb/like-new,https://www.ocbuyback.com/sell/cell-phone/samsung/galaxy-s23/unlocked/256gb/good-condition,https://www.ocbuyback.com/sell/cell-phone/samsung/galaxy-s23/unlocked/256gb/fair,https://www.ocbuyback.com/sell/cell-phone/samsung/galaxy-s23/unlocked/256gb/minor-damage,https://www.ocbuyback.com/sell/cell-phone/samsung/galaxy-s23/unlocked/256gb/damaged
Samsung,Galaxy S23 FE,128GB,AT&T,35.0,25.0,15.0,5.0,,https://www.ocbuyback.com/sell/cell-phone/samsung/galaxy-s23-fe/at-t/128gb/like-new,https://www.ocbuyback.com/sell/cell-phone/samsung/galaxy-s23-fe/at-t/128gb/good-condition,https://www.ocbuyback.com/sell/cell-phone/samsung/galaxy-s23-fe/at-t/128gb/fair,https://www.ocbuyback.com/sell/cell-phone/samsung/galaxy-s23-fe/at-t/128gb/minor-damage,https://www.ocbuyback.com/sell/cell-phone/samsung/galaxy-s23-fe/at-t/128gb/damaged
Samsung,Galaxy S23 FE,128GB,T-Mobile,35.0,25.0,15.0,5.0,,https://www.ocbuyback.com/sell/cell-phone/samsung/galaxy-s23-fe/t-mobile/128gb/like-new,https://www.ocbuyback.com/sell/cell-phone/samsung/galaxy-s23-fe/t-mobile/128gb/good-condition,https://www.ocbuyback.com/sell/cell-phone/samsung/galaxy-s23-fe/t-mobile/128gb/fair,https://www.ocbuyback.com/sell/cell-phone/samsung/galaxy-s23-fe/t-mobile/128gb/minor-damage,https://www.ocbuyback.com/sell/cell-phone/samsung/galaxy-s23-fe/t-mobile/128gb/damaged
Samsung,Galaxy S23 FE,128GB,Verizon,35.0,25.0,15.0,5.0,,https://www.ocbuyback.com/sell/cell-phone/samsung/galaxy-s23-fe/verizon/128gb/like-new,https://www.ocbuyback.com/sell/cell-phone/samsung/galaxy-s23-fe/verizon/128gb/good-condition,https://www.ocbuyback.com/sell/cell-phone/samsung/galaxy-s23-fe/verizon/128gb/fair,https://www.ocbuyback.com/sell/cell-phone/samsung/galaxy-s23-fe/verizon/128gb/minor-damage,https://www.ocbuyback.com/sell/cell-phone/samsung/galaxy-s23-fe/verizon/128gb/damaged
Samsung,Galaxy S23 FE,128GB,Unlocked,95.0,85.0,55.0,15.0,,https://www.ocbuyback.com/sell/cell-phone/samsung/galaxy-s23-fe/unlocked/128gb/like-new,https://www.ocbuyback.com/sell/cell-phone/samsung/galaxy-s23-fe/unlocked/128gb/good-condition,https://www.ocbuyback.com/sell/cell-phone/samsung/galaxy-s23-fe/unlocked/128gb/fair,https://www.ocbuyback.com/sell/cell-phone/samsung/galaxy-s23-fe/unlocked/128gb/minor-damage,https://www.ocbuyback.com/sell/cell-phone/samsung/galaxy-s23-fe/unlocked/128gb/damaged
Samsung,Galaxy S23 FE,256GB,AT&T,45.0,35.0,15.0,10.0,,https://www.ocbuyback.com/sell/cell-phone/samsung/galaxy-s23-fe/at-t/256gb/like-new,https://www.ocbuyback.com/sell/cell-phone/samsung/galaxy-s23-fe/at-t/256gb/good-condition,https://www.ocbuyback.com/sell/cell-phone/samsung/galaxy-s23-fe/at-t/256gb/fair,https://www.ocbuyback.com/sell/cell-phone/samsung/galaxy-s23-fe/at-t/256gb/minor-damage,https://www.ocbuyback.com/sell/cell-phone/samsung/galaxy-s23-fe/at-t/256gb/damaged
Samsung,Galaxy S23 FE,256GB,T-Mobile,45.0,35.0,15.0,10.0,,https://www.ocbuyback.com/sell/cell-phone/samsung/galaxy-s23-fe/t-mobile/256gb/like-new,https://www.ocbuyback.com/sell/cell-phone/samsung/galaxy-s23-fe/t-mobile/256gb/good-condition,https://www.ocbuyback.com/sell/cell-phone/samsung/galaxy-s23-fe/t-mobile/256gb/fair,https://www.ocbuyback.com/sell/cell-phone/samsung/galaxy-s23-fe/t-mobile/256gb/minor-damage,https://www.ocbuyback.com/sell/cell-phone/samsung/galaxy-s23-fe/t-mobile/256gb/damaged
Samsung,Galaxy S23 FE,256GB,Verizon,45.0,35.0,15.0,10.0,,https://www.ocbuyback.com/sell/cell-phone/samsung/galaxy-s23-fe/verizon/256gb/like-new,https://www.ocbuyback.com/sell/cell-phone/samsung/galaxy-s23-fe/verizon/256gb/good-condition,https://www.ocbuyback.com/sell/cell-phone/samsung/galaxy-s23-fe/verizon/256gb/fair,https://www.ocbuyback.com/sell/cell-phone/samsung/galaxy-s23-fe/verizon/256gb/minor-damage,https://www.ocbuyback.com/sell/cell-phone/samsung/galaxy-s23-fe/verizon/256gb/damaged
Samsung,Galaxy S23 FE,256GB,Unlocked,105.0,95.0,65.0,15.0,,https://www.ocbuyback.com/sell/cell-phone/samsung/galaxy-s23-fe/unlocked/256gb/like-new,https://www.ocbuyback.com/sell/cell-phone/samsung/galaxy-s23-fe/unlocked/256gb/good-condition,https://www.ocbuyback.com/sell/cell-phone/samsung/galaxy-s23-fe/unlocked/256gb/fair,https://www.ocbuyback.com/sell/cell-phone/samsung/galaxy-s23-fe/unlocked/256gb/minor-damage,https://www.ocbuyback.com/sell/cell-phone/samsung/galaxy-s23-fe/unlocked/256gb/damaged
Samsung,Galaxy S23 Plus,256GB,AT&T,185.0,155.0,90.0,60.0,5.0,https://www.ocbuyback.com/sell/cell-phone/samsung/galaxy-s23-plus/at-t/256gb/like-new,https://www.ocbuyback.com/sell/cell-phone/samsung/galaxy-s23-plus/at-t/256gb/good-condition,https://www.ocbuyback.com/sell/cell-phone/samsung/galaxy-s23-plus/at-t/256gb/fair,https://www.ocbuyback.com/sell/cell-phone/samsung/galaxy-s23-plus/at-t/256gb/minor-damage,https://www.ocbuyback.com/sell/cell-phone/samsung/galaxy-s23-plus/at-t/256gb/damaged
Samsung,Galaxy S23 Plus,256GB,T-Mobile,110.0,80.0,45.0,30.0,5.0,https://www.ocbuyback.com/sell/cell-phone/samsung/galaxy-s23-plus/t-mobile/256gb/like-new,https://www.ocbuyback.com/sell/cell-phone/samsung/galaxy-s23-plus/t-mobile/256gb/good-condition,https://www.ocbuyback.com/sell/cell-phone/samsung/galaxy-s23-plus/t-mobile/256gb/fair,https://www.ocbuyback.com/sell/cell-phone/samsung/galaxy-s23-plus/t-mobile/256gb/minor-damage,https://www.ocbuyback.com/sell/cell-phone/samsung/galaxy-s23-plus/t-mobile/256gb/damaged
Samsung,Galaxy S23 Plus,256GB,Verizon,110.0,80.0,45.0,30.0,5.0,https://www.ocbuyback.com/sell/cell-phone/samsung/galaxy-s23-plus/verizon/256gb/like-new,https://www.ocbuyback.com/sell/cell-phone/samsung/galaxy-s23-plus/verizon/256gb/good-condition,https://www.ocbuyback.com/sell/cell-phone/samsung/galaxy-s23-plus/verizon/256gb/fair,https://www.ocbuyback.com/sell/cell-phone/samsung/galaxy-s23-plus/verizon/256gb/minor-damage,https://www.ocbuyback.com/sell/cell-phone/samsung/galaxy-s23-plus/verizon/256gb/damaged
Samsung,Galaxy S23 Plus,256GB,Unlocked,215.0,185.0,130.0,80.0,5.0,https://www.ocbuyback.com/sell/cell-phone/samsung/galaxy-s23-plus/unlocked/256gb/like-new,https://www.ocbuyback.com/sell/cell-phone/samsung/galaxy-s23-plus/unlocked/256gb/good-condition,https://www.ocbuyback.com/sell/cell-phone/samsung/galaxy-s23-plus/unlocked/256gb/fair,https://www.ocbuyback.com/sell/cell-phone/samsung/galaxy-s23-plus/unlocked/256gb/minor-damage,https://www.ocbuyback.com/sell/cell-phone/samsung/galaxy-s23-plus/unlocked/256gb/damaged
Samsung,Galaxy S23 Plus,512GB,AT&T,210.0,180.0,115.0,65.0,5.0,https://www.ocbuyback.com/sell/cell-phone/samsung/galaxy-s23-plus/at-t/512gb/like-new,https://www.ocbuyback.com/sell/cell-phone/samsung/galaxy-s23-plus/at-t/512gb/good-condition,https://www.ocbuyback.com/sell/cell-phone/samsung/galaxy-s23-plus/at-t/512gb/fair,https://www.ocbuyback.com/sell/cell-phone/samsung/galaxy-s23-plus/at-t/512gb/minor-damage,https://www.ocbuyback.com/sell/cell-phone/samsung/galaxy-s23-plus/at-t/512gb/damaged
Samsung,Galaxy S23 Plus,512GB,T-Mobile,135.0,105.0,65.0,35.0,5.0,https://www.ocbuyback.com/sell/cell-phone/samsung/galaxy-s23-plus/t-mobile/512gb/like-new,https://www.ocbuyback.com/sell/cell-phone/samsung/galaxy-s23-plus/t-mobile/512gb/good-condition,https://www.ocbuyback.com/sell/cell-phone/samsung/galaxy-s23-plus/t-mobile/512gb/fair,https://www.ocbuyback.com/sell/cell-phone/samsung/galaxy-s23-plus/t-mobile/512gb/minor-damage,https://www.ocbuyback.com/sell/cell-phone/samsung/galaxy-s23-plus/t-mobile/512gb/damaged
Samsung,Galaxy S23 Plus,512GB,Verizon,135.0,105.0,65.0,35.0,5.0,https://www.ocbuyback.com/sell/cell-phone/samsung/galaxy-s23-plus/verizon/512gb/like-new,https://www.ocbuyback.com/sell/cell-phone/samsung/galaxy-s23-plus/verizon/512gb/good-condition,https://www.ocbuyback.com/sell/cell-phone/samsung/galaxy-s23-plus/verizon/512gb/fair,https://www.ocbuyback.com/sell/cell-phone/samsung/galaxy-s23-plus/verizon/512gb/minor-damage,https://www.ocbuyback.com/sell/cell-phone/samsung/galaxy-s23-plus/verizon/512gb/damaged
Samsung,Galaxy S23 Plus,512GB,Unlocked,240.0,210.0,155.0,85.0,5.0,https://www.ocbuyback.com/sell/cell-phone/samsung/galaxy-s23-plus/unlocked/512gb/like-new,https://www.ocbuyback.com/sell/cell-phone/samsung/galaxy-s23-plus/unlocked/512gb/good-condition,https://www.ocbuyback.com/sell/cell-phone/samsung/galaxy-s23-plus/unlocked/512gb/fair,https://www.ocbuyback.com/sell/cell-phone/samsung/galaxy-s23-plus/unlocked/512gb/minor-damage,https://www.ocbuyback.com/sell/cell-phone/samsung/galaxy-s23-plus/unlocked/512gb/damaged
Samsung,Galaxy S23 Ultra,256GB,AT&T,180.0,140.0,80.0,20.0,10.0,https://www.ocbuyback.com/sell/cell-phone/samsung/galaxy-s23-ultra/at-t/256gb/like-new,https://www.ocbuyback.com/sell/cell-phone/samsung/galaxy-s23-ultra/at-t/256gb/good-condition,https://www.ocbuyback.com/sell/cell-phone/samsung/galaxy-s23-ultra/at-t/256gb/fair,https://www.ocbuyback.com/sell/cell-phone/samsung/galaxy-s23-ultra/at-t/256gb/minor-damage,https://www.ocbuyback.com/sell/cell-phone/samsung/galaxy-s23-ultra/at-t/256gb/damaged
Samsung,Galaxy S23 Ultra,256GB,T-Mobile,155.0,115.0,55.0,20.0,10.0,https://www.ocbuyback.com/sell/cell-phone/samsung/galaxy-s23-ultra/t-mobile/256gb/like-new,https://www.ocbuyback.com/sell/cell-phone/samsung/galaxy-s23-ultra/t-mobile/256gb/good-condition,https://www.ocbuyback.com/sell/cell-phone/samsung/galaxy-s23-ultra/t-mobile/256gb/fair,https://www.ocbuyback.com/sell/cell-phone/samsung/galaxy-s23-ultra/t-mobile/256gb/minor-damage,https://www.ocbuyback.com/sell/cell-phone/samsung/galaxy-s23-ultra/t-mobile/256gb/damaged
Samsung,Galaxy S23 Ultra,256GB,Verizon,155.0,115.0,55.0,20.0,10.0,https://www.ocbuyback.com/sell/cell-phone/samsung/galaxy-s23-ultra/verizon/256gb/like-new,https://www.ocbuyback.com/sell/cell-phone/samsung/galaxy-s23-ultra/verizon/256gb/good-condition,https://www.ocbuyback.com/sell/cell-phone/samsung/galaxy-s23-ultra/verizon/256gb/fair,https://www.ocbuyback.com/sell/cell-phone/samsung/galaxy-s23-ultra/verizon/256gb/minor-damage,https://www.ocbuyback.com/sell/cell-phone/samsung/galaxy-s23-ultra/verizon/256gb/damaged
Samsung,Galaxy S23 Ultra,256GB,Unlocked,230.0,190.0,130.0,30.0,10.0,https://www.ocbuyback.com/sell/cell-phone/samsung/galaxy-s23-ultra/unlocked/256gb/like-new,https://www.ocbuyback.com/sell/cell-phone/samsung/galaxy-s23-ultra/unlocked/256gb/good-condition,https://www.ocbuyback.com/sell/cell-phone/samsung/galaxy-s23-ultra/unlocked/256gb/fair,https://www.ocbuyback.com/sell/cell-phone/samsung/galaxy-s23-ultra/unlocked/256gb/minor-damage,https://www.ocbuyback.com/sell/cell-phone/samsung/galaxy-s23-ultra/unlocked/256gb/damaged
Samsung,Galaxy S23 Ultra,512GB,AT&T,200.0,160.0,100.0,20.0,10.0,https://www.ocbuyback.com/sell/cell-phone/samsung/galaxy-s23-ultra/at-t/512gb/like-new,https://www.ocbuyback.com/sell/cell-phone/samsung/galaxy-s23-ultra/at-t/512gb/good-condition,https://www.ocbuyback.com/sell/cell-phone/samsung/galaxy-s23-ultra/at-t/512gb/fair,https://www.ocbuyback.com/sell/cell-phone/samsung/galaxy-s23-ultra/at-t/512gb/minor-damage,https://www.ocbuyback.com/sell/cell-phone/samsung/galaxy-s23-ultra/at-t/512gb/damaged
Samsung,Galaxy S23 Ultra,512GB,T-Mobile,175.0,135.0,75.0,20.0,10.0,https://www.ocbuyback.com/sell/cell-phone/samsung/galaxy-s23-ultra/t-mobile/512gb/like-new,https://www.ocbuyback.com/sell/cell-phone/samsung/galaxy-s23-ultra/t-mobile/512gb/good-condition,https://www.ocbuyback.com/sell/cell-phone/samsung/galaxy-s23-ultra/t-mobile/512gb/fair,https://www.ocbuyback.com/sell/cell-phone/samsung/galaxy-s23-ultra/t-mobile/512gb/minor-damage,https://www.ocbuyback.com/sell/cell-phone/samsung/galaxy-s23-ultra/t-mobile/512gb/damaged
Samsung,Galaxy S23 Ultra,512GB,Verizon,175.0,135.0,75.0,20.0,10.0,https://www.ocbuyback.com/sell/cell-phone/samsung/galaxy-s23-ultra/verizon/512gb/like-new,https://www.ocbuyback.com/sell/cell-phone/samsung/galaxy-s23-ultra/verizon/512gb/good-condition,https://www.ocbuyback.com/sell/cell-phone/samsung/galaxy-s23-ultra/verizon/512gb/fair,https://www.ocbuyback.com/sell/cell-phone/samsung/galaxy-s23-ultra/verizon/512gb/minor-damage,https://www.ocbuyback.com/sell/cell-phone/samsung/galaxy-s23-ultra/verizon/512gb/damaged
Samsung,Galaxy S23 Ultra,512GB,Unlocked,250.0,210.0,150.0,30.0,10.0,https://www.ocbuyback.com/sell/cell-phone/samsung/galaxy-s23-ultra/unlocked/512gb/like-new,https://www.ocbuyback.com/sell/cell-phone/samsung/galaxy-s23-ultra/unlocked/512gb/good-condition,https://www.ocbuyback.com/sell/cell-phone/samsung/galaxy-s23-ultra/unlocked/512gb/fair,https://www.ocbuyback.com/sell/cell-phone/samsung/galaxy-s23-ultra/unlocked/512gb/minor-damage,https://www.ocbuyback.com/sell/cell-phone/samsung/galaxy-s23-ultra/unlocked/512gb/damaged
Samsung,Galaxy S23 Ultra,1TB,AT&T,240.0,200.0,140.0,20.0,10.0,https://www.ocbuyback.com/sell/cell-phone/samsung/galaxy-s23-ultra/at-t/1tb/like-new,https://www.ocbuyback.com/sell/cell-phone/samsung/galaxy-s23-ultra/at-t/1tb/good-condition,https://www.ocbuyback.com/sell/cell-phone/samsung/galaxy-s23-ultra/at-t/1tb/fair,https://www.ocbuyback.com/sell/cell-phone/samsung/galaxy-s23-ultra/at-t/1tb/minor-damage,https://www.ocbuyback.com/sell/cell-phone/samsung/galaxy-s23-ultra/at-t/1tb/damaged
Samsung,Galaxy S23 Ultra,1TB,T-Mobile,215.0,175.0,115.0,20.0,10.0,https://www.ocbuyback.com/sell/cell-phone/samsung/galaxy-s23-ultra/t-mobile/1tb/like-new,https://www.ocbuyback.com/sell/cell-phone/samsung/galaxy-s23-ultra/t-mobile/1tb/good-condition,https://www.ocbuyback.com/sell/cell-phone/samsung/galaxy-s23-ultra/t-mobile/1tb/fair,https://www.ocbuyback.com/sell/cell-phone/samsung/galaxy-s23-ultra/t-mobile/1tb/minor-damage,https://www.ocbuyback.com/sell/cell-phone/samsung/galaxy-s23-ultra/t-mobile/1tb/damaged
Samsung,Galaxy S23 Ultra,1TB,Verizon,215.0,175.0,115.0,20.0,10.0,https://www.ocbuyback.com/sell/cell-phone/samsung/galaxy-s23-ultra/verizon/1tb/like-new,https://www.ocbuyback.com/sell/cell-phone/samsung/galaxy-s23-ultra/verizon/1tb/good-condition,https://www.ocbuyback.com/sell/cell-phone/samsung/galaxy-s23-ultra/verizon/1tb/fair,https://www.ocbuyback.com/sell/cell-phone/samsung/galaxy-s23-ultra/verizon/1tb/minor-damage,https://www.ocbuyback.com/sell/cell-phone/samsung/galaxy-s23-ultra/verizon/1tb/damaged
Samsung,Galaxy S23 Ultra,1TB,Unlocked,290.0,250.0,190.0,30.0,10.0,https://www.ocbuyback.com/sell/cell-phone/samsung/galaxy-s23-ultra/unlocked/1tb/like-new,https://www.ocbuyback.com/sell/cell-phone/samsung/galaxy-s23-ultra/unlocked/1tb/good-condition,https://www.ocbuyback.com/sell/cell-phone/samsung/galaxy-s23-ultra/unlocked/1tb/fair,https://www.ocbuyback.com/sell/cell-phone/samsung/galaxy-s23-ultra/unlocked/1tb/minor-damage,https://www.ocbuyback.com/sell/cell-phone/samsung/galaxy-s23-ultra/unlocked/1tb/damaged
Samsung,Galaxy S24,128GB,AT&T,155.0,125.0,70.0,30.0,10.0,https://www.ocbuyback.com/sell/cell-phone/samsung/galaxy-s24/at-t/128gb/like-new,https://www.ocbuyback.com/sell/cell-phone/samsung/galaxy-s24/at-t/128gb/good-condition,https://www.ocbuyback.com/sell/cell-phone/samsung/galaxy-s24/at-t/128gb/fair,https://www.ocbuyback.com/sell/cell-phone/samsung/galaxy-s24/at-t/128gb/minor-damage,https://www.ocbuyback.com/sell/cell-phone/samsung/galaxy-s24/at-t/128gb/damaged
Samsung,Galaxy S24,128GB,T-Mobile,150.0,120.0,65.0,30.0,10.0,https://www.ocbuyback.com/sell/cell-phone/samsung/galaxy-s24/t-mobile/128gb/like-new,https://www.ocbuyback.com/sell/cell-phone/samsung/galaxy-s24/t-mobile/128gb/good-condition,https://www.ocbuyback.com/sell/cell-phone/samsung/galaxy-s24/t-mobile/128gb/fair,https://www.ocbuyback.com/sell/cell-phone/samsung/galaxy-s24/t-mobile/128gb/minor-damage,https://www.ocbuyback.com/sell/cell-phone/samsung/galaxy-s24/t-mobile/128gb/damaged
Samsung,Galaxy S24,128GB,Verizon,150.0,120.0,65.0,30.0,10.0,https://www.ocbuyback.com/sell/cell-phone/samsung/galaxy-s24/verizon/128gb/like-new,https://www.ocbuyback.com/sell/cell-phone/samsung/galaxy-s24/verizon/128gb/good-condition,https://www.ocbuyback.com/sell/cell-phone/samsung/galaxy-s24/verizon/128gb/fair,https://www.ocbuyback.com/sell/cell-phone/samsung/galaxy-s24/verizon/128gb/minor-damage,https://www.ocbuyback.com/sell/cell-phone/samsung/galaxy-s24/verizon/128gb/damaged
Samsung,Galaxy S24,128GB,Unlocked,230.0,200.0,145.0,80.0,10.0,https://www.ocbuyback.com/sell/cell-phone/samsung/galaxy-s24/unlocked/128gb/like-new,https://www.ocbuyback.com/sell/cell-phone/samsung/galaxy-s24/unlocked/128gb/good-condition,https://www.ocbuyback.com/sell/cell-phone/samsung/galaxy-s24/unlocked/128gb/fair,https://www.ocbuyback.com/sell/cell-phone/samsung/galaxy-s24/unlocked/128gb/minor-damage,https://www.ocbuyback.com/sell/cell-phone/samsung/galaxy-s24/unlocked/128gb/damaged
Samsung,Galaxy S24,256GB,AT&T,185.0,155.0,100.0,40.0,10.0,https://www.ocbuyback.com/sell/cell-phone/samsung/galaxy-s24/at-t/256gb/like-new,https://www.ocbuyback.com/sell/cell-phone/samsung/galaxy-s24/at-t/256gb/good-condition,https://www.ocbuyback.com/sell/cell-phone/samsung/galaxy-s24/at-t/256gb/fair,https://www.ocbuyback.com/sell/cell-phone/samsung/galaxy-s24/at-t/256gb/minor-damage,https://www.ocbuyback.com/sell/cell-phone/samsung/galaxy-s24/at-t/256gb/damaged
Samsung,Galaxy S24,256GB,T-Mobile,180.0,150.0,95.0,40.0,10.0,https://www.ocbuyback.com/sell/cell-phone/samsung/galaxy-s24/t-mobile/256gb/like-new,https://www.ocbuyback.com/sell/cell-phone/samsung/galaxy-s24/t-mobile/256gb/good-condition,https://www.ocbuyback.com/sell/cell-phone/samsung/galaxy-s24/t-mobile/256gb/fair,https://www.ocbuyback.com/sell/cell-phone/samsung/galaxy-s24/t-mobile/256gb/minor-damage,https://www.ocbuyback.com/sell/cell-phone/samsung/galaxy-s24/t-mobile/256gb/damaged
Samsung,Galaxy S24,256GB,Verizon,180.0,150.0,95.0,40.0,10.0,https://www.ocbuyback.com/sell/cell-phone/samsung/galaxy-s24/verizon/256gb/like-new,https://www.ocbuyback.com/sell/cell-phone/samsung/galaxy-s24/verizon/256gb/good-condition,https://www.ocbuyback.com/sell/cell-phone/samsung/galaxy-s24/verizon/256gb/fair,https://www.ocbuyback.com/sell/cell-phone/samsung/galaxy-s24/verizon/256gb/minor-damage,https://www.ocbuyback.com/sell/cell-phone/samsung/galaxy-s24/verizon/256gb/damaged
Samsung,Galaxy S24,256GB,Unlocked,260.0,230.0,175.0,90.0,10.0,https://www.ocbuyback.com/sell/cell-phone/samsung/galaxy-s24/unlocked/256gb/like-new,https://www.ocbuyback.com/sell/cell-phone/samsung/galaxy-s24/unlocked/256gb/good-condition,https://www.ocbuyback.com/sell/cell-phone/samsung/galaxy-s24/unlocked/256gb/fair,https://www.ocbuyback.com/sell/cell-phone/samsung/galaxy-s24/unlocked/256gb/minor-damage,https://www.ocbuyback.com/sell/cell-phone/samsung/galaxy-s24/unlocked/256gb/damaged
Samsung,Galaxy S24 Fe,128GB,AT&T,95.0,65.0,20.0,15.0,10.0,https://www.ocbuyback.com/sell/cell-phone/samsung/galaxy-s24-fe/at-t/128gb/like-new,https://www.ocbuyback.com/sell/cell-phone/samsung/galaxy-s24-fe/at-t/128gb/good-condition,https://www.ocbuyback.com/sell/cell-phone/samsung/galaxy-s24-fe/at-t/128gb/fair,https://www.ocbuyback.com/sell/cell-phone/samsung/galaxy-s24-fe/at-t/128gb/minor-damage,https://www.ocbuyback.com/sell/cell-phone/samsung/galaxy-s24-fe/at-t/128gb/damaged
Samsung,Galaxy S24 Fe,128GB,T-Mobile,75.0,45.0,30.0,20.0,10.0,https://www.ocbuyback.com/sell/cell-phone/samsung/galaxy-s24-fe/t-mobile/128gb/like-new,https://www.ocbuyback.com/sell/cell-phone/samsung/galaxy-s24-fe/t-mobile/128gb/good-condition,https://www.ocbuyback.com/sell/cell-phone/samsung/galaxy-s24-fe/t-mobile/128gb/fair,https://www.ocbuyback.com/sell/cell-phone/samsung/galaxy-s24-fe/t-mobile/128gb/minor-damage,https://www.ocbuyback.com/sell/cell-phone/samsung/galaxy-s24-fe/t-mobile/128gb/damaged
Samsung,Galaxy S24 Fe,128GB,Verizon,75.0,45.0,30.0,20.0,10.0,https://www.ocbuyback.com/sell/cell-phone/samsung/galaxy-s24-fe/verizon/128gb/like-new,https://www.ocbuyback.com/sell/cell-phone/samsung/galaxy-s24-fe/verizon/128gb/good-condition,https://www.ocbuyback.com/sell/cell-phone/samsung/galaxy-s24-fe/verizon/128gb/fair,https://www.ocbuyback.com/sell/cell-phone/samsung/galaxy-s24-fe/verizon/128gb/minor-damage,https://www.ocbuyback.com/sell/cell-phone/samsung/galaxy-s24-fe/verizon/128gb/damaged
Samsung,Galaxy S24 Fe,128GB,Unlocked,190.0,160.0,100.0,30.0,10.0,https://www.ocbuyback.com/sell/cell-phone/samsung/galaxy-s24-fe/unlocked/128gb/like-new,https://www.ocbuyback.com/sell/cell-phone/samsung/galaxy-s24-fe/unlocked/128gb/good-condition,https://www.ocbuyback.com/sell/cell-phone/samsung/galaxy-s24-fe/unlocked/128gb/fair,https://www.ocbuyback.com/sell/cell-phone/samsung/galaxy-s24-fe/unlocked/128gb/minor-damage,https://www.ocbuyback.com/sell/cell-phone/samsung/galaxy-s24-fe/unlocked/128gb/damaged
Samsung,Galaxy S24 Fe,256GB,AT&T,115.0,85.0,40.0,25.0,10.0,https://www.ocbuyback.com/sell/cell-phone/samsung/galaxy-s24-fe/at-t/256gb/like-new,https://www.ocbuyback.com/sell/cell-phone/samsung/galaxy-s24-fe/at-t/256gb/good-condition,https://www.ocbuyback.com/sell/cell-phone/samsung/galaxy-s24-fe/at-t/256gb/fair,https://www.ocbuyback.com/sell/cell-phone/samsung/galaxy-s24-fe/at-t/256gb/minor-damage,https://www.ocbuyback.com/sell/cell-phone/samsung/galaxy-s24-fe/at-t/256gb/damaged
Samsung,Galaxy S24 Fe,256GB,T-Mobile,95.0,65.0,30.0,20.0,10.0,https://www.ocbuyback.com/sell/cell-phone/samsung/galaxy-s24-fe/t-mobile/256gb/like-new,https://www.ocbuyback.com/sell/cell-phone/samsung/galaxy-s24-fe/t-mobile/256gb/good-condition,https://www.ocbuyback.com/sell/cell-phone/samsung/galaxy-s24-fe/t-mobile/256gb/fair,https://www.ocbuyback.com/sell/cell-phone/samsung/galaxy-s24-fe/t-mobile/256gb/minor-damage,https://www.ocbuyback.com/sell/cell-phone/samsung/galaxy-s24-fe/t-mobile/256gb/damaged
Samsung,Galaxy S24 Fe,256GB,Verizon,95.0,65.0,30.0,20.0,10.0,https://www.ocbuyback.com/sell/cell-phone/samsung/galaxy-s24-fe/verizon/256gb/like-new,https://www.ocbuyback.com/sell/cell-phone/samsung/galaxy-s24-fe/verizon/256gb/good-condition,https://www.ocbuyback.com/sell/cell-phone/samsung/galaxy-s24-fe/verizon/256gb/fair,https://www.ocbuyback.com/sell/cell-phone/samsung/galaxy-s24-fe/verizon/256gb/minor-damage,https://www.ocbuyback.com/sell/cell-phone/samsung/galaxy-s24-fe/verizon/256gb/damaged
Samsung,Galaxy S24 Fe,256GB,Unlocked,210.0,180.0,120.0,40.0,10.0,https://www.ocbuyback.com/sell/cell-phone/samsung/galaxy-s24-fe/unlocked/256gb/like-new,https://www.ocbuyback.com/sell/cell-phone/samsung/galaxy-s24-fe/unlocked/256gb/good-condition,https://www.ocbuyback.com/sell/cell-phone/samsung/galaxy-s24-fe/unlocked/256gb/fair,https://www.ocbuyback.com/sell/cell-phone/samsung/galaxy-s24-fe/unlocked/256gb/minor-damage,https://www.ocbuyback.com/sell/cell-phone/samsung/galaxy-s24-fe/unlocked/256gb/damaged
Samsung,Galaxy S24 Plus,256GB,AT&T,200.0,160.0,85.0,50.0,10.0,https://www.ocbuyback.com/sell/cell-phone/samsung/galaxy-s24-plus/at-t/256gb/like-new,https://www.ocbuyback.com/sell/cell-phone/samsung/galaxy-s24-plus/at-t/256gb/good-condition,https://www.ocbuyback.com/sell/cell-phone/samsung/galaxy-s24-plus/at-t/256gb/fair,https://www.ocbuyback.com/sell/cell-phone/samsung/galaxy-s24-plus/at-t/256gb/minor-damage,https://www.ocbuyback.com/sell/cell-phone/samsung/galaxy-s24-plus/at-t/256gb/damaged
Samsung,Galaxy S24 Plus,256GB,T-Mobile,175.0,135.0,60.0,50.0,10.0,https://www.ocbuyback.com/sell/cell-phone/samsung/galaxy-s24-plus/t-mobile/256gb/like-new,https://www.ocbuyback.com/sell/cell-phone/samsung/galaxy-s24-plus/t-mobile/256gb/good-condition,https://www.ocbuyback.com/sell/cell-phone/samsung/galaxy-s24-plus/t-mobile/256gb/fair,https://www.ocbuyback.com/sell/cell-phone/samsung/galaxy-s24-plus/t-mobile/256gb/minor-damage,https://www.ocbuyback.com/sell/cell-phone/samsung/galaxy-s24-plus/t-mobile/256gb/damaged
Samsung,Galaxy S24 Plus,256GB,Verizon,125.0,85.0,40.0,20.0,10.0,https://www.ocbuyback.com/sell/cell-phone/samsung/galaxy-s24-plus/verizon/256gb/like-new,https://www.ocbuyback.com/sell/cell-phone/samsung/galaxy-s24-plus/verizon/256gb/good-condition,https://www.ocbuyback.com/sell/cell-phone/samsung/galaxy-s24-plus/verizon/256gb/fair,https://www.ocbuyback.com/sell/cell-phone/samsung/galaxy-s24-plus/verizon/256gb/minor-damage,https://www.ocbuyback.com/sell/cell-phone/samsung/galaxy-s24-plus/verizon/256gb/damaged
Samsung,Galaxy S24 Plus,256GB,Unlocked,275.0,235.0,160.0,80.0,10.0,https://www.ocbuyback.com/sell/cell-phone/samsung/galaxy-s24-plus/unlocked/256gb/like-new,https://www.ocbuyback.com/sell/cell-phone/samsung/galaxy-s24-plus/unlocked/256gb/good-condition,https://www.ocbuyback.com/sell/cell-phone/samsung/galaxy-s24-plus/unlocked/256gb/fair,https://www.ocbuyback.com/sell/cell-phone/samsung/galaxy-s24-plus/unlocked/256gb/minor-damage,https://www.ocbuyback.com/sell/cell-phone/samsung/galaxy-s24-plus/unlocked/256gb/damaged
Samsung,Galaxy S24 Plus,512GB,AT&T,240.0,200.0,125.0,60.0,10.0,https://www.ocbuyback.com/sell/cell-phone/samsung/galaxy-s24-plus/at-t/512gb/like-new,https://www.ocbuyback.com/sell/cell-phone/samsung/galaxy-s24-plus/at-t/512gb/good-condition,https://www.ocbuyback.com/sell/cell-phone/samsung/galaxy-s24-plus/at-t/512gb/fair,https://www.ocbuyback.com/sell/cell-phone/samsung/galaxy-s24-plus/at-t/512gb/minor-damage,https://www.ocbuyback.com/sell/cell-phone/samsung/galaxy-s24-plus/at-t/512gb/damaged
Samsung,Galaxy S24 Plus,512GB,T-Mobile,215.0,175.0,100.0,60.0,10.0,https://www.ocbuyback.com/sell/cell-phone/samsung/galaxy-s24-plus/t-mobile/512gb/like-new,https://www.ocbuyback.com/sell/cell-phone/samsung/galaxy-s24-plus/t-mobile/512gb/good-condition,https://www.ocbuyback.com/sell/cell-phone/samsung/galaxy-s24-plus/t-mobile/512gb/fair,https://www.ocbuyback.com/sell/cell-phone/samsung/galaxy-s24-plus/t-mobile/512gb/minor-damage,https://www.ocbuyback.com/sell/cell-phone/samsung/galaxy-s24-plus/t-mobile/512gb/damaged
Samsung,Galaxy S24 Plus,512GB,Verizon,165.0,125.0,50.0,30.0,10.0,https://www.ocbuyback.com/sell/cell-phone/samsung/galaxy-s24-plus/verizon/512gb/like-new,https://www.ocbuyback.com/sell/cell-phone/samsung/galaxy-s24-plus/verizon/512gb/good-condition,https://www.ocbuyback.com/sell/cell-phone/samsung/galaxy-s24-plus/verizon/512gb/fair,https://www.ocbuyback.com/sell/cell-phone/samsung/galaxy-s24-plus/verizon/512gb/minor-damage,https://www.ocbuyback.com/sell/cell-phone/samsung/galaxy-s24-plus/verizon/512gb/damaged
Samsung,Galaxy S24 Plus,512GB,Unlocked,315.0,275.0,200.0,90.0,10.0,https://www.ocbuyback.com/sell/cell-phone/samsung/galaxy-s24-plus/unlocked/512gb/like-new,https://www.ocbuyback.com/sell/cell-phone/samsung/galaxy-s24-plus/unlocked/512gb/good-condition,https://www.ocbuyback.com/sell/cell-phone/samsung/galaxy-s24-plus/unlocked/512gb/fair,https://www.ocbuyback.com/sell/cell-phone/samsung/galaxy-s24-plus/unlocked/512gb/minor-damage,https://www.ocbuyback.com/sell/cell-phone/samsung/galaxy-s24-plus/unlocked/512gb/damaged
Samsung,Galaxy S24 Ultra,256GB,AT&T,320.0,270.0,210.0,100.0,20.0,https://www.ocbuyback.com/sell/cell-phone/samsung/galaxy-s24-ultra/at-t/256gb/like-new,https://www.ocbuyback.com/sell/cell-phone/samsung/galaxy-s24-ultra/at-t/256gb/good-condition,https://www.ocbuyback.com/sell/cell-phone/samsung/galaxy-s24-ultra/at-t/256gb/fair,https://www.ocbuyback.com/sell/cell-phone/samsung/galaxy-s24-ultra/at-t/256gb/minor-damage,https://www.ocbuyback.com/sell/cell-phone/samsung/galaxy-s24-ultra/at-t/256gb/damaged
Samsung,Galaxy S24 Ultra,256GB,T-Mobile,280.0,230.0,170.0,100.0,20.0,https://www.ocbuyback.com/sell/cell-phone/samsung/galaxy-s24-ultra/t-mobile/256gb/like-new,https://www.ocbuyback.com/sell/cell-phone/samsung/galaxy-s24-ultra/t-mobile/256gb/good-condition,https://www.ocbuyback.com/sell/cell-phone/samsung/galaxy-s24-ultra/t-mobile/256gb/fair,https://www.ocbuyback.com/sell/cell-phone/samsung/galaxy-s24-ultra/t-mobile/256gb/minor-damage,https://www.ocbuyback.com/sell/cell-phone/samsung/galaxy-s24-ultra/t-mobile/256gb/damaged
Samsung,Galaxy S24 Ultra,256GB,Verizon,280.0,230.0,170.0,100.0,20.0,https://www.ocbuyback.com/sell/cell-phone/samsung/galaxy-s24-ultra/verizon/256gb/like-new,https://www.ocbuyback.com/sell/cell-phone/samsung/galaxy-s24-ultra/verizon/256gb/good-condition,https://www.ocbuyback.com/sell/cell-phone/samsung/galaxy-s24-ultra/verizon/256gb/fair,https://www.ocbuyback.com/sell/cell-phone/samsung/galaxy-s24-ultra/verizon/256gb/minor-damage,https://www.ocbuyback.com/sell/cell-phone/samsung/galaxy-s24-ultra/verizon/256gb/damaged
Samsung,Galaxy S24 Ultra,256GB,Unlocked,410.0,360.0,300.0,150.0,20.0,https://www.ocbuyback.com/sell/cell-phone/samsung/galaxy-s24-ultra/unlocked/256gb/like-new,https://www.ocbuyback.com/sell/cell-phone/samsung/galaxy-s24-ultra/unlocked/256gb/good-condition,https://www.ocbuyback.com/sell/cell-phone/samsung/galaxy-s24-ultra/unlocked/256gb/fair,https://www.ocbuyback.com/sell/cell-phone/samsung/galaxy-s24-ultra/unlocked/256gb/minor-damage,https://www.ocbuyback.com/sell/cell-phone/samsung/galaxy-s24-ultra/unlocked/256gb/damaged
Samsung,Galaxy S24 Ultra,512GB,AT&T,340.0,290.0,225.0,110.0,20.0,https://www.ocbuyback.com/sell/cell-phone/samsung/galaxy-s24-ultra/at-t/512gb/like-new,https://www.ocbuyback.com/sell/cell-phone/samsung/galaxy-s24-ultra/at-t/512gb/good-condition,https://www.ocbuyback.com/sell/cell-phone/samsung/galaxy-s24-ultra/at-t/512gb/fair,https://www.ocbuyback.com/sell/cell-phone/samsung/galaxy-s24-ultra/at-t/512gb/minor-damage,https://www.ocbuyback.com/sell/cell-phone/samsung/galaxy-s24-ultra/at-t/512gb/damaged
Samsung,Galaxy S24 Ultra,512GB,T-Mobile,300.0,230.0,175.0,110.0,20.0,https://www.ocbuyback.com/sell/cell-phone/samsung/galaxy-s24-ultra/t-mobile/512gb/like-new,https://www.ocbuyback.com/sell/cell-phone/samsung/galaxy-s24-ultra/t-mobile/512gb/good-condition,https://www.ocbuyback.com/sell/cell-phone/samsung/galaxy-s24-ultra/t-mobile/512gb/fair,https://www.ocbuyback.com/sell/cell-phone/samsung/galaxy-s24-ultra/t-mobile/512gb/minor-damage,https://www.ocbuyback.com/sell/cell-phone/samsung/galaxy-s24-ultra/t-mobile/512gb/damaged
Samsung,Galaxy S24 Ultra,512GB,Verizon,300.0,230.0,175.0,110.0,20.0,https://www.ocbuyback.com/sell/cell-phone/samsung/galaxy-s24-ultra/verizon/512gb/like-new,https://www.ocbuyback.com/sell/cell-phone/samsung/galaxy-s24-ultra/verizon/512gb/good-condition,https://www.ocbuyback.com/sell/cell-phone/samsung/galaxy-s24-ultra/verizon/512gb/fair,https://www.ocbuyback.com/sell/cell-phone/samsung/galaxy-s24-ultra/verizon/512gb/minor-damage,https://www.ocbuyback.com/sell/cell-phone/samsung/galaxy-s24-ultra/verizon/512gb/damaged
Samsung,Galaxy S24 Ultra,512GB,Unlocked,430.0,380.0,320.0,160.0,20.0,https://www.ocbuyback.com/sell/cell-phone/samsung/galaxy-s24-ultra/unlocked/512gb/like-new,https://www.ocbuyback.com/sell/cell-phone/samsung/galaxy-s24-ultra/unlocked/512gb/good-condition,https://www.ocbuyback.com/sell/cell-phone/samsung/galaxy-s24-ultra/unlocked/512gb/fair,https://www.ocbuyback.com/sell/cell-phone/samsung/galaxy-s24-ultra/unlocked/512gb/minor-damage,https://www.ocbuyback.com/sell/cell-phone/samsung/galaxy-s24-ultra/unlocked/512gb/damaged
Samsung,Galaxy S24 Ultra,1TB,AT&T,400.0,350.0,290.0,120.0,20.0,https://www.ocbuyback.com/sell/cell-phone/samsung/galaxy-s24-ultra/at-t/1tb/like-new,https://www.ocbuyback.com/sell/cell-phone/samsung/galaxy-s24-ultra/at-t/1tb/good-condition,https://www.ocbuyback.com/sell/cell-phone/samsung/galaxy-s24-ultra/at-t/1tb/fair,https://www.ocbuyback.com/sell/cell-phone/samsung/galaxy-s24-ultra/at-t/1tb/minor-damage,https://www.ocbuyback.com/sell/cell-phone/samsung/galaxy-s24-ultra/at-t/1tb/damaged
Samsung,Galaxy S24 Ultra,1TB,T-Mobile,350.0,310.0,250.0,120.0,20.0,https://www.ocbuyback.com/sell/cell-phone/samsung/galaxy-s24-ultra/t-mobile/1tb/like-new,https://www.ocbuyback.com/sell/cell-phone/samsung/galaxy-s24-ultra/t-mobile/1tb/good-condition,https://www.ocbuyback.com/sell/cell-phone/samsung/galaxy-s24-ultra/t-mobile/1tb/fair,https://www.ocbuyback.com/sell/cell-phone/samsung/galaxy-s24-ultra/t-mobile/1tb/minor-damage,https://www.ocbuyback.com/sell/cell-phone/samsung/galaxy-s24-ultra/t-mobile/1tb/damaged
Samsung,Galaxy S24 Ultra,1TB,Verizon,360.0,310.0,250.0,120.0,20.0,https://www.ocbuyback.com/sell/cell-phone/samsung/galaxy-s24-ultra/verizon/1tb/like-new,https://www.ocbuyback.com/sell/cell-phone/samsung/galaxy-s24-ultra/verizon/1tb/good-condition,https://www.ocbuyback.com/sell/cell-phone/samsung/galaxy-s24-ultra/verizon/1tb/fair,https://www.ocbuyback.com/sell/cell-phone/samsung/galaxy-s24-ultra/verizon/1tb/minor-damage,https://www.ocbuyback.com/sell/cell-phone/samsung/galaxy-s24-ultra/verizon/1tb/damaged
Samsung,Galaxy S24 Ultra,1TB,Unlocked,490.0,440.0,380.0,170.0,20.0,https://www.ocbuyback.com/sell/cell-phone/samsung/galaxy-s24-ultra/unlocked/1tb/like-new,https://www.ocbuyback.com/sell/cell-phone/samsung/galaxy-s24-ultra/unlocked/1tb/good-condition,https://www.ocbuyback.com/sell/cell-phone/samsung/galaxy-s24-ultra/unlocked/1tb/fair,https://www.ocbuyback.com/sell/cell-phone/samsung/galaxy-s24-ultra/unlocked/1tb/minor-damage,https://www.ocbuyback.com/sell/cell-phone/samsung/galaxy-s24-ultra/unlocked/1tb/damaged
Samsung,Galaxy S25,128GB,AT&T,225.0,195.0,135.0,30.0,10.0,https://www.ocbuyback.com/sell/cell-phone/samsung/galaxy-s25/at-t/128gb/like-new,https://www.ocbuyback.com/sell/cell-phone/samsung/galaxy-s25/at-t/128gb/good-condition,https://www.ocbuyback.com/sell/cell-phone/samsung/galaxy-s25/at-t/128gb/fair,https://www.ocbuyback.com/sell/cell-phone/samsung/galaxy-s25/at-t/128gb/minor-damage,https://www.ocbuyback.com/sell/cell-phone/samsung/galaxy-s25/at-t/128gb/damaged
Samsung,Galaxy S25,128GB,T-Mobile,200.0,170.0,110.0,30.0,10.0,https://www.ocbuyback.com/sell/cell-phone/samsung/galaxy-s25/t-mobile/128gb/like-new,https://www.ocbuyback.com/sell/cell-phone/samsung/galaxy-s25/t-mobile/128gb/good-condition,https://www.ocbuyback.com/sell/cell-phone/samsung/galaxy-s25/t-mobile/128gb/fair,https://www.ocbuyback.com/sell/cell-phone/samsung/galaxy-s25/t-mobile/128gb/minor-damage,https://www.ocbuyback.com/sell/cell-phone/samsung/galaxy-s25/t-mobile/128gb/damaged
Samsung,Galaxy S25,128GB,Verizon,80.0,60.0,50.0,40.0,10.0,https://www.ocbuyback.com/sell/cell-phone/samsung/galaxy-s25/verizon/128gb/like-new,https://www.ocbuyback.com/sell/cell-phone/samsung/galaxy-s25/verizon/128gb/good-condition,https://www.ocbuyback.com/sell/cell-phone/samsung/galaxy-s25/verizon/128gb/fair,https://www.ocbuyback.com/sell/cell-phone/samsung/galaxy-s25/verizon/128gb/minor-damage,https://www.ocbuyback.com/sell/cell-phone/samsung/galaxy-s25/verizon/128gb/damaged
Samsung,Galaxy S25,128GB,Unlocked,300.0,270.0,210.0,80.0,10.0,https://www.ocbuyback.com/sell/cell-phone/samsung/galaxy-s25/unlocked/128gb/like-new,https://www.ocbuyback.com/sell/cell-phone/samsung/galaxy-s25/unlocked/128gb/good-condition,https://www.ocbuyback.com/sell/cell-phone/samsung/galaxy-s25/unlocked/128gb/fair,https://www.ocbuyback.com/sell/cell-phone/samsung/galaxy-s25/unlocked/128gb/minor-damage,https://www.ocbuyback.com/sell/cell-phone/samsung/galaxy-s25/unlocked/128gb/damaged
Samsung,Galaxy S25,256GB,AT&T,265.0,235.0,175.0,40.0,10.0,https://www.ocbuyback.com/sell/cell-phone/samsung/galaxy-s25/at-t/256gb/like-new,https://www.ocbuyback.com/sell/cell-phone/samsung/galaxy-s25/at-t/256gb/good-condition,https://www.ocbuyback.com/sell/cell-phone/samsung/galaxy-s25/at-t/256gb/fair,https://www.ocbuyback.com/sell/cell-phone/samsung/galaxy-s25/at-t/256gb/minor-damage,https://www.ocbuyback.com/sell/cell-phone/samsung/galaxy-s25/at-t/256gb/damaged
Samsung,Galaxy S25,256GB,T-Mobile,240.0,210.0,150.0,40.0,10.0,https://www.ocbuyback.com/sell/cell-phone/samsung/galaxy-s25/t-mobile/256gb/like-new,https://www.ocbuyback.com/sell/cell-phone/samsung/galaxy-s25/t-mobile/256gb/good-condition,https://www.ocbuyback.com/sell/cell-phone/samsung/galaxy-s25/t-mobile/256gb/fair,https://www.ocbuyback.com/sell/cell-phone/samsung/galaxy-s25/t-mobile/256gb/minor-damage,https://www.ocbuyback.com/sell/cell-phone/samsung/galaxy-s25/t-mobile/256gb/damaged
Samsung,Galaxy S25,256GB,Verizon,80.0,70.0,50.0,40.0,10.0,https://www.ocbuyback.com/sell/cell-phone/samsung/galaxy-s25/verizon/256gb/like-new,https://www.ocbuyback.com/sell/cell-phone/samsung/galaxy-s25/verizon/256gb/good-condition,https://www.ocbuyback.com/sell/cell-phone/samsung/galaxy-s25/verizon/256gb/fair,https://www.ocbuyback.com/sell/cell-phone/samsung/galaxy-s25/verizon/256gb/minor-damage,https://www.ocbuyback.com/sell/cell-phone/samsung/galaxy-s25/verizon/256gb/damaged
Samsung,Galaxy S25,256GB,Unlocked,340.0,310.0,250.0,90.0,10.0,https://www.ocbuyback.com/sell/cell-phone/samsung/galaxy-s25/unlocked/256gb/like-new,https://www.ocbuyback.com/sell/cell-phone/samsung/galaxy-s25/unlocked/256gb/good-condition,https://www.ocbuyback.com/sell/cell-phone/samsung/galaxy-s25/unlocked/256gb/fair,https://www.ocbuyback.com/sell/cell-phone/samsung/galaxy-s25/unlocked/256gb/minor-damage,https://www.ocbuyback.com/sell/cell-phone/samsung/galaxy-s25/unlocked/256gb/damaged
Samsung,Galaxy S25 FE,128GB,AT&T,170.0,140.0,65.0,20.0,10.0,https://www.ocbuyback.com/sell/cell-phone/samsung/galaxy-s25-fe/at-t/128gb/like-new,https://www.ocbuyback.com/sell/cell-phone/samsung/galaxy-s25-fe/at-t/128gb/good-condition,https://www.ocbuyback.com/sell/cell-phone/samsung/galaxy-s25-fe/at-t/128gb/fair,https://www.ocbuyback.com/sell/cell-phone/samsung/galaxy-s25-fe/at-t/128gb/minor-damage,https://www.ocbuyback.com/sell/cell-phone/samsung/galaxy-s25-fe/at-t/128gb/damaged
Samsung,Galaxy S25 FE,128GB,T-Mobile,150.0,120.0,60.0,20.0,10.0,https://www.ocbuyback.com/sell/cell-phone/samsung/galaxy-s25-fe/t-mobile/128gb/like-new,https://www.ocbuyback.com/sell/cell-phone/samsung/galaxy-s25-fe/t-mobile/128gb/good-condition,https://www.ocbuyback.com/sell/cell-phone/samsung/galaxy-s25-fe/t-mobile/128gb/fair,https://www.ocbuyback.com/sell/cell-phone/samsung/galaxy-s25-fe/t-mobile/128gb/minor-damage,https://www.ocbuyback.com/sell/cell-phone/samsung/galaxy-s25-fe/t-mobile/128gb/damaged
Samsung,Galaxy S25 FE,128GB,Verizon,180.0,140.0,65.0,20.0,10.0,https://www.ocbuyback.com/sell/cell-phone/samsung/galaxy-s25-fe/verizon/128gb/like-new,https://www.ocbuyback.com/sell/cell-phone/samsung/galaxy-s25-fe/verizon/128gb/good-condition,https://www.ocbuyback.com/sell/cell-phone/samsung/galaxy-s25-fe/verizon/128gb/fair,https://www.ocbuyback.com/sell/cell-phone/samsung/galaxy-s25-fe/verizon/128gb/minor-damage,https://www.ocbuyback.com/sell/cell-phone/samsung/galaxy-s25-fe/verizon/128gb/damaged
Samsung,Galaxy S25 FE,128GB,Unlocked,245.0,215.0,80.0,40.0,10.0,https://www.ocbuyback.com/sell/cell-phone/samsung/galaxy-s25-fe/unlocked/128gb/like-new,https://www.ocbuyback.com/sell/cell-phone/samsung/galaxy-s25-fe/unlocked/128gb/good-condition,https://www.ocbuyback.com/sell/cell-phone/samsung/galaxy-s25-fe/unlocked/128gb/fair,https://www.ocbuyback.com/sell/cell-phone/samsung/galaxy-s25-fe/unlocked/128gb/minor-damage,https://www.ocbuyback.com/sell/cell-phone/samsung/galaxy-s25-fe/unlocked/128gb/damaged
Samsung,Galaxy S25 FE,256GB,AT&T,190.0,160.0,70.0,35.0,10.0,https://www.ocbuyback.com/sell/cell-phone/samsung/galaxy-s25-fe/at-t/256gb/like-new,https://www.ocbuyback.com/sell/cell-phone/samsung/galaxy-s25-fe/at-t/256gb/good-condition,https://www.ocbuyback.com/sell/cell-phone/samsung/galaxy-s25-fe/at-t/256gb/fair,https://www.ocbuyback.com/sell/cell-phone/samsung/galaxy-s25-fe/at-t/256gb/minor-damage,https://www.ocbuyback.com/sell/cell-phone/samsung/galaxy-s25-fe/at-t/256gb/damaged
Samsung,Galaxy S25 FE,256GB,T-Mobile,170.0,140.0,60.0,20.0,5.0,https://www.ocbuyback.com/sell/cell-phone/samsung/galaxy-s25-fe/t-mobile/256gb/like-new,https://www.ocbuyback.com/sell/cell-phone/samsung/galaxy-s25-fe/t-mobile/256gb/good-condition,https://www.ocbuyback.com/sell/cell-phone/samsung/galaxy-s25-fe/t-mobile/256gb/fair,https://www.ocbuyback.com/sell/cell-phone/samsung/galaxy-s25-fe/t-mobile/256gb/minor-damage,https://www.ocbuyback.com/sell/cell-phone/samsung/galaxy-s25-fe/t-mobile/256gb/damaged
Samsung,Galaxy S25 FE,256GB,Verizon,200.0,160.0,70.0,25.0,10.0,https://www.ocbuyback.com/sell/cell-phone/samsung/galaxy-s25-fe/verizon/256gb/like-new,https://www.ocbuyback.com/sell/cell-phone/samsung/galaxy-s25-fe/verizon/256gb/good-condition,https://www.ocbuyback.com/sell/cell-phone/samsung/galaxy-s25-fe/verizon/256gb/fair,https://www.ocbuyback.com/sell/cell-phone/samsung/galaxy-s25-fe/verizon/256gb/minor-damage,https://www.ocbuyback.com/sell/cell-phone/samsung/galaxy-s25-fe/verizon/256gb/damaged
Samsung,Galaxy S25 FE,256GB,Unlocked,265.0,235.0,105.0,50.0,10.0,https://www.ocbuyback.com/sell/cell-phone/samsung/galaxy-s25-fe/unlocked/256gb/like-new,https://www.ocbuyback.com/sell/cell-phone/samsung/galaxy-s25-fe/unlocked/256gb/good-condition,https://www.ocbuyback.com/sell/cell-phone/samsung/galaxy-s25-fe/unlocked/256gb/fair,https://www.ocbuyback.com/sell/cell-phone/samsung/galaxy-s25-fe/unlocked/256gb/minor-damage,https://www.ocbuyback.com/sell/cell-phone/samsung/galaxy-s25-fe/unlocked/256gb/damaged
Samsung,Galaxy S25 Plus,256GB,AT&T,415.0,265.0,250.0,50.0,10.0,https://www.ocbuyback.com/sell/cell-phone/samsung/galaxy-s25-plus/at-t/256gb/like-new,https://www.ocbuyback.com/sell/cell-phone/samsung/galaxy-s25-plus/at-t/256gb/good-condition,https://www.ocbuyback.com/sell/cell-phone/samsung/galaxy-s25-plus/at-t/256gb/fair,https://www.ocbuyback.com/sell/cell-phone/samsung/galaxy-s25-plus/at-t/256gb/minor-damage,https://www.ocbuyback.com/sell/cell-phone/samsung/galaxy-s25-plus/at-t/256gb/damaged
Samsung,Galaxy S25 Plus,256GB,T-Mobile,350.0,310.0,225.0,50.0,10.0,https://www.ocbuyback.com/sell/cell-phone/samsung/galaxy-s25-plus/t-mobile/256gb/like-new,https://www.ocbuyback.com/sell/cell-phone/samsung/galaxy-s25-plus/t-mobile/256gb/good-condition,https://www.ocbuyback.com/sell/cell-phone/samsung/galaxy-s25-plus/t-mobile/256gb/fair,https://www.ocbuyback.com/sell/cell-phone/samsung/galaxy-s25-plus/t-mobile/256gb/minor-damage,https://www.ocbuyback.com/sell/cell-phone/samsung/galaxy-s25-plus/t-mobile/256gb/damaged
Samsung,Galaxy S25 Plus,256GB,Verizon,160.0,130.0,50.0,30.0,10.0,https://www.ocbuyback.com/sell/cell-phone/samsung/galaxy-s25-plus/verizon/256gb/like-new,https://www.ocbuyback.com/sell/cell-phone/samsung/galaxy-s25-plus/verizon/256gb/good-condition,https://www.ocbuyback.com/sell/cell-phone/samsung/galaxy-s25-plus/verizon/256gb/fair,https://www.ocbuyback.com/sell/cell-phone/samsung/galaxy-s25-plus/verizon/256gb/minor-damage,https://www.ocbuyback.com/sell/cell-phone/samsung/galaxy-s25-plus/verizon/256gb/damaged
Samsung,Galaxy S25 Plus,256GB,Unlocked,440.0,410.0,290.0,80.0,10.0,https://www.ocbuyback.com/sell/cell-phone/samsung/galaxy-s25-plus/unlocked/256gb/like-new,https://www.ocbuyback.com/sell/cell-phone/samsung/galaxy-s25-plus/unlocked/256gb/good-condition,https://www.ocbuyback.com/sell/cell-phone/samsung/galaxy-s25-plus/unlocked/256gb/fair,https://www.ocbuyback.com/sell/cell-phone/samsung/galaxy-s25-plus/unlocked/256gb/minor-damage,https://www.ocbuyback.com/sell/cell-phone/samsung/galaxy-s25-plus/unlocked/256gb/damaged
Samsung,Galaxy S25 Plus,512GB,AT&T,385.0,325.0,275.0,60.0,10.0,https://www.ocbuyback.com/sell/cell-phone/samsung/galaxy-s25-plus/at-t/512gb/like-new,https://www.ocbuyback.com/sell/cell-phone/samsung/galaxy-s25-plus/at-t/512gb/good-condition,https://www.ocbuyback.com/sell/cell-phone/samsung/galaxy-s25-plus/at-t/512gb/fair,https://www.ocbuyback.com/sell/cell-phone/samsung/galaxy-s25-plus/at-t/512gb/minor-damage,https://www.ocbuyback.com/sell/cell-phone/samsung/galaxy-s25-plus/at-t/512gb/damaged
Samsung,Galaxy S25 Plus,512GB,T-Mobile,360.0,300.0,250.0,60.0,10.0,https://www.ocbuyback.com/sell/cell-phone/samsung/galaxy-s25-plus/t-mobile/512gb/like-new,https://www.ocbuyback.com/sell/cell-phone/samsung/galaxy-s25-plus/t-mobile/512gb/good-condition,https://www.ocbuyback.com/sell/cell-phone/samsung/galaxy-s25-plus/t-mobile/512gb/fair,https://www.ocbuyback.com/sell/cell-phone/samsung/galaxy-s25-plus/t-mobile/512gb/minor-damage,https://www.ocbuyback.com/sell/cell-phone/samsung/galaxy-s25-plus/t-mobile/512gb/damaged
Samsung,Galaxy S25 Plus,512GB,Verizon,210.0,170.0,110.0,40.0,10.0,https://www.ocbuyback.com/sell/cell-phone/samsung/galaxy-s25-plus/verizon/512gb/like-new,https://www.ocbuyback.com/sell/cell-phone/samsung/galaxy-s25-plus/verizon/512gb/good-condition,https://www.ocbuyback.com/sell/cell-phone/samsung/galaxy-s25-plus/verizon/512gb/fair,https://www.ocbuyback.com/sell/cell-phone/samsung/galaxy-s25-plus/verizon/512gb/minor-damage,https://www.ocbuyback.com/sell/cell-phone/samsung/galaxy-s25-plus/verizon/512gb/damaged
Samsung,Galaxy S25 Plus,512GB,Unlocked,460.0,400.0,350.0,90.0,10.0,https://www.ocbuyback.com/sell/cell-phone/samsung/galaxy-s25-plus/unlocked/512gb/like-new,https://www.ocbuyback.com/sell/cell-phone/samsung/galaxy-s25-plus/unlocked/512gb/good-condition,https://www.ocbuyback.com/sell/cell-phone/samsung/galaxy-s25-plus/unlocked/512gb/fair,https://www.ocbuyback.com/sell/cell-phone/samsung/galaxy-s25-plus/unlocked/512gb/minor-damage,https://www.ocbuyback.com/sell/cell-phone/samsung/galaxy-s25-plus/unlocked/512gb/damaged
Samsung,Galaxy S25 Ultra,256GB,AT&T,470.0,410.0,340.0,100.0,30.0,https://www.ocbuyback.com/sell/cell-phone/samsung/galaxy-s25-ultra/at-t/256gb/like-new,https://www.ocbuyback.com/sell/cell-phone/samsung/galaxy-s25-ultra/at-t/256gb/good-condition,https://www.ocbuyback.com/sell/cell-phone/samsung/galaxy-s25-ultra/at-t/256gb/fair,https://www.ocbuyback.com/sell/cell-phone/samsung/galaxy-s25-ultra/at-t/256gb/minor-damage,https://www.ocbuyback.com/sell/cell-phone/samsung/galaxy-s25-ultra/at-t/256gb/damaged
Samsung,Galaxy S25 Ultra,256GB,T-Mobile,420.0,360.0,290.0,100.0,30.0,https://www.ocbuyback.com/sell/cell-phone/samsung/galaxy-s25-ultra/t-mobile/256gb/like-new,https://www.ocbuyback.com/sell/cell-phone/samsung/galaxy-s25-ultra/t-mobile/256gb/good-condition,https://www.ocbuyback.com/sell/cell-phone/samsung/galaxy-s25-ultra/t-mobile/256gb/fair,https://www.ocbuyback.com/sell/cell-phone/samsung/galaxy-s25-ultra/t-mobile/256gb/minor-damage,https://www.ocbuyback.com/sell/cell-phone/samsung/galaxy-s25-ultra/t-mobile/256gb/damaged
Samsung,Galaxy S25 Ultra,256GB,Verizon,150.0,110.0,70.0,50.0,30.0,https://www.ocbuyback.com/sell/cell-phone/samsung/galaxy-s25-ultra/verizon/256gb/like-new,https://www.ocbuyback.com/sell/cell-phone/samsung/galaxy-s25-ultra/verizon/256gb/good-condition,https://www.ocbuyback.com/sell/cell-phone/samsung/galaxy-s25-ultra/verizon/256gb/fair,https://www.ocbuyback.com/sell/cell-phone/samsung/galaxy-s25-ultra/verizon/256gb/minor-damage,https://www.ocbuyback.com/sell/cell-phone/samsung/galaxy-s25-ultra/verizon/256gb/damaged
Samsung,Galaxy S25 Ultra,256GB,Unlocked,570.0,510.0,440.0,150.0,30.0,https://www.ocbuyback.com/sell/cell-phone/samsung/galaxy-s25-ultra/unlocked/256gb/like-new,https://www.ocbuyback.com/sell/cell-phone/samsung/galaxy-s25-ultra/unlocked/256gb/good-condition,https://www.ocbuyback.com/sell/cell-phone/samsung/galaxy-s25-ultra/unlocked/256gb/fair,https://www.ocbuyback.com/sell/cell-phone/samsung/galaxy-s25-ultra/unlocked/256gb/minor-damage,https://www.ocbuyback.com/sell/cell-phone/samsung/galaxy-s25-ultra/unlocked/256gb/damaged
Samsung,Galaxy S25 Ultra,512GB,AT&T,495.0,435.0,365.0,110.0,30.0,https://www.ocbuyback.com/sell/cell-phone/samsung/galaxy-s25-ultra/at-t/512gb/like-new,https://www.ocbuyback.com/sell/cell-phone/samsung/galaxy-s25-ultra/at-t/512gb/good-condition,https://www.ocbuyback.com/sell/cell-phone/samsung/galaxy-s25-ultra/at-t/512gb/fair,https://www.ocbuyback.com/sell/cell-phone/samsung/galaxy-s25-ultra/at-t/512gb/minor-damage,https://www.ocbuyback.com/sell/cell-phone/samsung/galaxy-s25-ultra/at-t/512gb/damaged
Samsung,Galaxy S25 Ultra,512GB,T-Mobile,445.0,385.0,315.0,110.0,30.0,https://www.ocbuyback.com/sell/cell-phone/samsung/galaxy-s25-ultra/t-mobile/512gb/like-new,https://www.ocbuyback.com/sell/cell-phone/samsung/galaxy-s25-ultra/t-mobile/512gb/good-condition,https://www.ocbuyback.com/sell/cell-phone/samsung/galaxy-s25-ultra/t-mobile/512gb/fair,https://www.ocbuyback.com/sell/cell-phone/samsung/galaxy-s25-ultra/t-mobile/512gb/minor-damage,https://www.ocbuyback.com/sell/cell-phone/samsung/galaxy-s25-ultra/t-mobile/512gb/damaged
Samsung,Galaxy S25 Ultra,512GB,Verizon,205.0,165.0,125.0,60.0,30.0,https://www.ocbuyback.com/sell/cell-phone/samsung/galaxy-s25-ultra/verizon/512gb/like-new,https://www.ocbuyback.com/sell/cell-phone/samsung/galaxy-s25-ultra/verizon/512gb/good-condition,https://www.ocbuyback.com/sell/cell-phone/samsung/galaxy-s25-ultra/verizon/512gb/fair,https://www.ocbuyback.com/sell/cell-phone/samsung/galaxy-s25-ultra/verizon/512gb/minor-damage,https://www.ocbuyback.com/sell/cell-phone/samsung/galaxy-s25-ultra/verizon/512gb/damaged
Samsung,Galaxy S25 Ultra,512GB,Unlocked,595.0,535.0,465.0,160.0,30.0,https://www.ocbuyback.com/sell/cell-phone/samsung/galaxy-s25-ultra/unlocked/512gb/like-new,https://www.ocbuyback.com/sell/cell-phone/samsung/galaxy-s25-ultra/unlocked/512gb/good-condition,https://www.ocbuyback.com/sell/cell-phone/samsung/galaxy-s25-ultra/unlocked/512gb/fair,https://www.ocbuyback.com/sell/cell-phone/samsung/galaxy-s25-ultra/unlocked/512gb/minor-damage,https://www.ocbuyback.com/sell/cell-phone/samsung/galaxy-s25-ultra/unlocked/512gb/damaged
Samsung,Galaxy S25 Ultra,1TB,AT&T,545.0,485.0,415.0,120.0,30.0,https://www.ocbuyback.com/sell/cell-phone/samsung/galaxy-s25-ultra/at-t/1tb/like-new,https://www.ocbuyback.com/sell/cell-phone/samsung/galaxy-s25-ultra/at-t/1tb/good-condition,https://www.ocbuyback.com/sell/cell-phone/samsung/galaxy-s25-ultra/at-t/1tb/fair,https://www.ocbuyback.com/sell/cell-phone/samsung/galaxy-s25-ultra/at-t/1tb/minor-damage,https://www.ocbuyback.com/sell/cell-phone/samsung/galaxy-s25-ultra/at-t/1tb/damaged
Samsung,Galaxy S25 Ultra,1TB,T-Mobile,495.0,435.0,365.0,120.0,30.0,https://www.ocbuyback.com/sell/cell-phone/samsung/galaxy-s25-ultra/t-mobile/1tb/like-new,https://www.ocbuyback.com/sell/cell-phone/samsung/galaxy-s25-ultra/t-mobile/1tb/good-condition,https://www.ocbuyback.com/sell/cell-phone/samsung/galaxy-s25-ultra/t-mobile/1tb/fair,https://www.ocbuyback.com/sell/cell-phone/samsung/galaxy-s25-ultra/t-mobile/1tb/minor-damage,https://www.ocbuyback.com/sell/cell-phone/samsung/galaxy-s25-ultra/t-mobile/1tb/damaged
Samsung,Galaxy S25 Ultra,1TB,Verizon,255.0,215.0,150.0,70.0,30.0,https://www.ocbuyback.com/sell/cell-phone/samsung/galaxy-s25-ultra/verizon/1tb/like-new,https://www.ocbuyback.com/sell/cell-phone/samsung/galaxy-s25-ultra/verizon/1tb/good-condition,https://www.ocbuyback.com/sell/cell-phone/samsung/galaxy-s25-ultra/verizon/1tb/fair,https://www.ocbuyback.com/sell/cell-phone/samsung/galaxy-s25-ultra/verizon/1tb/minor-damage,https://www.ocbuyback.com/sell/cell-phone/samsung/galaxy-s25-ultra/verizon/1tb/damaged
Samsung,Galaxy S25 Ultra,1TB,Unlocked,645.0,585.0,515.0,170.0,30.0,https://www.ocbuyback.com/sell/cell-phone/samsung/galaxy-s25-ultra/unlocked/1tb/like-new,https://www.ocbuyback.com/sell/cell-phone/samsung/galaxy-s25-ultra/unlocked/1tb/good-condition,https://www.ocbuyback.com/sell/cell-phone/samsung/galaxy-s25-ultra/unlocked/1tb/fair,https://www.ocbuyback.com/sell/cell-phone/samsung/galaxy-s25-ultra/unlocked/1tb/minor-damage,https://www.ocbuyback.com/sell/cell-phone/samsung/galaxy-s25-ultra/unlocked/1tb/damaged
Samsung,Galaxy S25 Edge,256GB,AT&T,225.0,185.0,135.0,50.0,10.0,https://www.ocbuyback.com/sell/cell-phone/samsung/galaxy-s25-edge/at-t/256gb/like-new,https://www.ocbuyback.com/sell/cell-phone/samsung/galaxy-s25-edge/at-t/256gb/good-condition,https://www.ocbuyback.com/sell/cell-phone/samsung/galaxy-s25-edge/at-t/256gb/fair,https://www.ocbuyback.com/sell/cell-phone/samsung/galaxy-s25-edge/at-t/256gb/minor-damage,https://www.ocbuyback.com/sell/cell-phone/samsung/galaxy-s25-edge/at-t/256gb/damaged
Samsung,Galaxy S25 Edge,256GB,T-Mobile,250.0,210.0,160.0,50.0,10.0,https://www.ocbuyback.com/sell/cell-phone/samsung/galaxy-s25-edge/t-mobile/256gb/like-new,https://www.ocbuyback.com/sell/cell-phone/samsung/galaxy-s25-edge/t-mobile/256gb/good-condition,https://www.ocbuyback.com/sell/cell-phone/samsung/galaxy-s25-edge/t-mobile/256gb/fair,https://www.ocbuyback.com/sell/cell-phone/samsung/galaxy-s25-edge/t-mobile/256gb/minor-damage,https://www.ocbuyback.com/sell/cell-phone/samsung/galaxy-s25-edge/t-mobile/256gb/damaged
Samsung,Galaxy S25 Edge,256GB,Verizon,200.0,160.0,110.0,40.0,10.0,https://www.ocbuyback.com/sell/cell-phone/samsung/galaxy-s25-edge/verizon/256gb/like-new,https://www.ocbuyback.com/sell/cell-phone/samsung/galaxy-s25-edge/verizon/256gb/good-condition,https://www.ocbuyback.com/sell/cell-phone/samsung/galaxy-s25-edge/verizon/256gb/fair,https://www.ocbuyback.com/sell/cell-phone/samsung/galaxy-s25-edge/verizon/256gb/minor-damage,https://www.ocbuyback.com/sell/cell-phone/samsung/galaxy-s25-edge/verizon/256gb/damaged
Samsung,Galaxy S25 Edge,256GB,Unlocked,350.0,310.0,260.0,100.0,10.0,https://www.ocbuyback.com/sell/cell-phone/samsung/galaxy-s25-edge/unlocked/256gb/like-new,https://www.ocbuyback.com/sell/cell-phone/samsung/galaxy-s25-edge/unlocked/256gb/good-condition,https://www.ocbuyback.com/sell/cell-phone/samsung/galaxy-s25-edge/unlocked/256gb/fair,https://www.ocbuyback.com/sell/cell-phone/samsung/galaxy-s25-edge/unlocked/256gb/minor-damage,https://www.ocbuyback.com/sell/cell-phone/samsung/galaxy-s25-edge/unlocked/256gb/damaged
Samsung,Galaxy S25 Edge,512GB,AT&T,250.0,210.0,160.0,60.0,10.0,https://www.ocbuyback.com/sell/cell-phone/samsung/galaxy-s25-edge/at-t/512gb/like-new,https://www.ocbuyback.com/sell/cell-phone/samsung/galaxy-s25-edge/at-t/512gb/good-condition,https://www.ocbuyback.com/sell/cell-phone/samsung/galaxy-s25-edge/at-t/512gb/fair,https://www.ocbuyback.com/sell/cell-phone/samsung/galaxy-s25-edge/at-t/512gb/minor-damage,https://www.ocbuyback.com/sell/cell-phone/samsung/galaxy-s25-edge/at-t/512gb/damaged
Samsung,Galaxy S25 Edge,512GB,T-Mobile,275.0,235.0,185.0,60.0,10.0,https://www.ocbuyback.com/sell/cell-phone/samsung/galaxy-s25-edge/t-mobile/512gb/like-new,https://www.ocbuyback.com/sell/cell-phone/samsung/galaxy-s25-edge/t-mobile/512gb/good-condition,https://www.ocbuyback.com/sell/cell-phone/samsung/galaxy-s25-edge/t-mobile/512gb/fair,https://www.ocbuyback.com/sell/cell-phone/samsung/galaxy-s25-edge/t-mobile/512gb/minor-damage,https://www.ocbuyback.com/sell/cell-phone/samsung/galaxy-s25-edge/t-mobile/512gb/damaged
Samsung,Galaxy S25 Edge,512GB,Verizon,225.0,185.0,135.0,60.0,10.0,https://www.ocbuyback.com/sell/cell-phone/samsung/galaxy-s25-edge/verizon/512gb/like-new,https://www.ocbuyback.com/sell/cell-phone/samsung/galaxy-s25-edge/verizon/512gb/good-condition,https://www.ocbuyback.com/sell/cell-phone/samsung/galaxy-s25-edge/verizon/512gb/fair,https://www.ocbuyback.com/sell/cell-phone/samsung/galaxy-s25-edge/verizon/512gb/minor-damage,https://www.ocbuyback.com/sell/cell-phone/samsung/galaxy-s25-edge/verizon/512gb/damaged
Samsung,Galaxy S25 Edge,512GB,Unlocked,375.0,335.0,285.0,110.0,10.0,https://www.ocbuyback.com/sell/cell-phone/samsung/galaxy-s25-edge/unlocked/512gb/like-new,https://www.ocbuyback.com/sell/cell-phone/samsung/galaxy-s25-edge/unlocked/512gb/good-condition,https://www.ocbuyback.com/sell/cell-phone/samsung/galaxy-s25-edge/unlocked/512gb/fair,https://www.ocbuyback.com/sell/cell-phone/samsung/galaxy-s25-edge/unlocked/512gb/minor-damage,https://www.ocbuyback.com/sell/cell-phone/samsung/galaxy-s25-edge/unlocked/512gb/damaged
Samsung,Galaxy S26,256GB,AT&T,375.0,320.0,240.0,50.0,10.0,https://www.ocbuyback.com/sell/cell-phone/samsung/galaxy-s26/at-t/256gb/like-new,https://www.ocbuyback.com/sell/cell-phone/samsung/galaxy-s26/at-t/256gb/good-condition,https://www.ocbuyback.com/sell/cell-phone/samsung/galaxy-s26/at-t/256gb/fair,https://www.ocbuyback.com/sell/cell-phone/samsung/galaxy-s26/at-t/256gb/minor-damage,https://www.ocbuyback.com/sell/cell-phone/samsung/galaxy-s26/at-t/256gb/damaged
Samsung,Galaxy S26,256GB,T-Mobile,350.0,295.0,215.0,50.0,10.0,https://www.ocbuyback.com/sell/cell-phone/samsung/galaxy-s26/t-mobile/256gb/like-new,https://www.ocbuyback.com/sell/cell-phone/samsung/galaxy-s26/t-mobile/256gb/good-condition,https://www.ocbuyback.com/sell/cell-phone/samsung/galaxy-s26/t-mobile/256gb/fair,https://www.ocbuyback.com/sell/cell-phone/samsung/galaxy-s26/t-mobile/256gb/minor-damage,https://www.ocbuyback.com/sell/cell-phone/samsung/galaxy-s26/t-mobile/256gb/damaged
Samsung,Galaxy S26,256GB,Unlocked,450.0,395.0,315.0,100.0,10.0,https://www.ocbuyback.com/sell/cell-phone/samsung/galaxy-s26/unlocked/256gb/like-new,https://www.ocbuyback.com/sell/cell-phone/samsung/galaxy-s26/unlocked/256gb/good-condition,https://www.ocbuyback.com/sell/cell-phone/samsung/galaxy-s26/unlocked/256gb/fair,https://www.ocbuyback.com/sell/cell-phone/samsung/galaxy-s26/unlocked/256gb/minor-damage,https://www.ocbuyback.com/sell/cell-phone/samsung/galaxy-s26/unlocked/256gb/damaged
Samsung,Galaxy S26 Plus,256GB,AT&T,425.0,355.0,265.0,90.0,10.0,https://www.ocbuyback.com/sell/cell-phone/samsung/galaxy-s26-plus/at-t/256gb/like-new,https://www.ocbuyback.com/sell/cell-phone/samsung/galaxy-s26-plus/at-t/256gb/good-condition,https://www.ocbuyback.com/sell/cell-phone/samsung/galaxy-s26-plus/at-t/256gb/fair,https://www.ocbuyback.com/sell/cell-phone/samsung/galaxy-s26-plus/at-t/256gb/minor-damage,https://www.ocbuyback.com/sell/cell-phone/samsung/galaxy-s26-plus/at-t/256gb/damaged
Samsung,Galaxy S26 Plus,256GB,T-Mobile,400.0,330.0,240.0,90.0,10.0,https://www.ocbuyback.com/sell/cell-phone/samsung/galaxy-s26-plus/t-mobile/256gb/like-new,https://www.ocbuyback.com/sell/cell-phone/samsung/galaxy-s26-plus/t-mobile/256gb/good-condition,https://www.ocbuyback.com/sell/cell-phone/samsung/galaxy-s26-plus/t-mobile/256gb/fair,https://www.ocbuyback.com/sell/cell-phone/samsung/galaxy-s26-plus/t-mobile/256gb/minor-damage,https://www.ocbuyback.com/sell/cell-phone/samsung/galaxy-s26-plus/t-mobile/256gb/damaged
Samsung,Galaxy S26 Plus,256GB,Unlocked,500.0,430.0,340.0,120.0,10.0,https://www.ocbuyback.com/sell/cell-phone/samsung/galaxy-s26-plus/unlocked/256gb/like-new,https://www.ocbuyback.com/sell/cell-phone/samsung/galaxy-s26-plus/unlocked/256gb/good-condition,https://www.ocbuyback.com/sell/cell-phone/samsung/galaxy-s26-plus/unlocked/256gb/fair,https://www.ocbuyback.com/sell/cell-phone/samsung/galaxy-s26-plus/unlocked/256gb/minor-damage,https://www.ocbuyback.com/sell/cell-phone/samsung/galaxy-s26-plus/unlocked/256gb/damaged
Samsung,Galaxy S26 Plus,512GB,AT&T,465.0,395.0,305.0,100.0,10.0,https://www.ocbuyback.com/sell/cell-phone/samsung/galaxy-s26-plus/at-t/512gb/like-new,https://www.ocbuyback.com/sell/cell-phone/samsung/galaxy-s26-plus/at-t/512gb/good-condition,https://www.ocbuyback.com/sell/cell-phone/samsung/galaxy-s26-plus/at-t/512gb/fair,https://www.ocbuyback.com/sell/cell-phone/samsung/galaxy-s26-plus/at-t/512gb/minor-damage,https://www.ocbuyback.com/sell/cell-phone/samsung/galaxy-s26-plus/at-t/512gb/damaged
Samsung,Galaxy S26 Plus,512GB,T-Mobile,440.0,370.0,280.0,100.0,10.0,https://www.ocbuyback.com/sell/cell-phone/samsung/galaxy-s26-plus/t-mobile/512gb/like-new,https://www.ocbuyback.com/sell/cell-phone/samsung/galaxy-s26-plus/t-mobile/512gb/good-condition,https://www.ocbuyback.com/sell/cell-phone/samsung/galaxy-s26-plus/t-mobile/512gb/fair,https://www.ocbuyback.com/sell/cell-phone/samsung/galaxy-s26-plus/t-mobile/512gb/minor-damage,https://www.ocbuyback.com/sell/cell-phone/samsung/galaxy-s26-plus/t-mobile/512gb/damaged
Samsung,Galaxy S26 Plus,512GB,Unlocked,540.0,470.0,380.0,130.0,10.0,https://www.ocbuyback.com/sell/cell-phone/samsung/galaxy-s26-plus/unlocked/512gb/like-new,https://www.ocbuyback.com/sell/cell-phone/samsung/galaxy-s26-plus/unlocked/512gb/good-condition,https://www.ocbuyback.com/sell/cell-phone/samsung/galaxy-s26-plus/unlocked/512gb/fair,https://www.ocbuyback.com/sell/cell-phone/samsung/galaxy-s26-plus/unlocked/512gb/minor-damage,https://www.ocbuyback.com/sell/cell-phone/samsung/galaxy-s26-plus/unlocked/512gb/damaged
Samsung,Galaxy S26 Ultra,256GB,AT&T,550.0,460.0,340.0,90.0,20.0,https://www.ocbuyback.com/sell/cell-phone/samsung/galaxy-s26-ultra/at-t/256gb/like-new,https://www.ocbuyback.com/sell/cell-phone/samsung/galaxy-s26-ultra/at-t/256gb/good-condition,https://www.ocbuyback.com/sell/cell-phone/samsung/galaxy-s26-ultra/at-t/256gb/fair,https://www.ocbuyback.com/sell/cell-phone/samsung/galaxy-s26-ultra/at-t/256gb/minor-damage,https://www.ocbuyback.com/sell/cell-phone/samsung/galaxy-s26-ultra/at-t/256gb/damaged
Samsung,Galaxy S26 Ultra,256GB,T-Mobile,500.0,410.0,290.0,90.0,20.0,https://www.ocbuyback.com/sell/cell-phone/samsung/galaxy-s26-ultra/t-mobile/256gb/like-new,https://www.ocbuyback.com/sell/cell-phone/samsung/galaxy-s26-ultra/t-mobile/256gb/good-condition,https://www.ocbuyback.com/sell/cell-phone/samsung/galaxy-s26-ultra/t-mobile/256gb/fair,https://www.ocbuyback.com/sell/cell-phone/samsung/galaxy-s26-ultra/t-mobile/256gb/minor-damage,https://www.ocbuyback.com/sell/cell-phone/samsung/galaxy-s26-ultra/t-mobile/256gb/damaged
Samsung,Galaxy S26 Ultra,256GB,Verizon,500.0,410.0,290.0,90.0,20.0,https://www.ocbuyback.com/sell/cell-phone/samsung/galaxy-s26-ultra/verizon/256gb/like-new,https://www.ocbuyback.com/sell/cell-phone/samsung/galaxy-s26-ultra/verizon/256gb/good-condition,https://www.ocbuyback.com/sell/cell-phone/samsung/galaxy-s26-ultra/verizon/256gb/fair,https://www.ocbuyback.com/sell/cell-phone/samsung/galaxy-s26-ultra/verizon/256gb/minor-damage,https://www.ocbuyback.com/sell/cell-phone/samsung/galaxy-s26-ultra/verizon/256gb/damaged
Samsung,Galaxy S26 Ultra,256GB,Unlocked,650.0,560.0,440.0,140.0,20.0,https://www.ocbuyback.com/sell/cell-phone/samsung/galaxy-s26-ultra/unlocked/256gb/like-new,https://www.ocbuyback.com/sell/cell-phone/samsung/galaxy-s26-ultra/unlocked/256gb/good-condition,https://www.ocbuyback.com/sell/cell-phone/samsung/galaxy-s26-ultra/unlocked/256gb/fair,https://www.ocbuyback.com/sell/cell-phone/samsung/galaxy-s26-ultra/unlocked/256gb/minor-damage,https://www.ocbuyback.com/sell/cell-phone/samsung/galaxy-s26-ultra/unlocked/256gb/damaged
Samsung,Galaxy S26 Ultra,512GB,AT&T,590.0,500.0,380.0,100.0,20.0,https://www.ocbuyback.com/sell/cell-phone/samsung/galaxy-s26-ultra/at-t/512gb/like-new,https://www.ocbuyback.com/sell/cell-phone/samsung/galaxy-s26-ultra/at-t/512gb/good-condition,https://www.ocbuyback.com/sell/cell-phone/samsung/galaxy-s26-ultra/at-t/512gb/fair,https://www.ocbuyback.com/sell/cell-phone/samsung/galaxy-s26-ultra/at-t/512gb/minor-damage,https://www.ocbuyback.com/sell/cell-phone/samsung/galaxy-s26-ultra/at-t/512gb/damaged
Samsung,Galaxy S26 Ultra,512GB,T-Mobile,540.0,450.0,335.0,100.0,20.0,https://www.ocbuyback.com/sell/cell-phone/samsung/galaxy-s26-ultra/t-mobile/512gb/like-new,https://www.ocbuyback.com/sell/cell-phone/samsung/galaxy-s26-ultra/t-mobile/512gb/good-condition,https://www.ocbuyback.com/sell/cell-phone/samsung/galaxy-s26-ultra/t-mobile/512gb/fair,https://www.ocbuyback.com/sell/cell-phone/samsung/galaxy-s26-ultra/t-mobile/512gb/minor-damage,https://www.ocbuyback.com/sell/cell-phone/samsung/galaxy-s26-ultra/t-mobile/512gb/damaged
Samsung,Galaxy S26 Ultra,512GB,Verizon,540.0,450.0,335.0,100.0,20.0,https://www.ocbuyback.com/sell/cell-phone/samsung/galaxy-s26-ultra/verizon/512gb/like-new,https://www.ocbuyback.com/sell/cell-phone/samsung/galaxy-s26-ultra/verizon/512gb/good-condition,https://www.ocbuyback.com/sell/cell-phone/samsung/galaxy-s26-ultra/verizon/512gb/fair,https://www.ocbuyback.com/sell/cell-phone/samsung/galaxy-s26-ultra/verizon/512gb/minor-damage,https://www.ocbuyback.com/sell/cell-phone/samsung/galaxy-s26-ultra/verizon/512gb/damaged
Samsung,Galaxy S26 Ultra,512GB,Unlocked,690.0,600.0,480.0,150.0,20.0,https://www.ocbuyback.com/sell/cell-phone/samsung/galaxy-s26-ultra/unlocked/512gb/like-new,https://www.ocbuyback.com/sell/cell-phone/samsung/galaxy-s26-ultra/unlocked/512gb/good-condition,https://www.ocbuyback.com/sell/cell-phone/samsung/galaxy-s26-ultra/unlocked/512gb/fair,https://www.ocbuyback.com/sell/cell-phone/samsung/galaxy-s26-ultra/unlocked/512gb/minor-damage,https://www.ocbuyback.com/sell/cell-phone/samsung/galaxy-s26-ultra/unlocked/512gb/damaged
Samsung,Galaxy S26 Ultra,1TB,AT&T,630.0,540.0,420.0,110.0,20.0,https://www.ocbuyback.com/sell/cell-phone/samsung/galaxy-s26-ultra/at-t/1tb/like-new,https://www.ocbuyback.com/sell/cell-phone/samsung/galaxy-s26-ultra/at-t/1tb/good-condition,https://www.ocbuyback.com/sell/cell-phone/samsung/galaxy-s26-ultra/at-t/1tb/fair,https://www.ocbuyback.com/sell/cell-phone/samsung/galaxy-s26-ultra/at-t/1tb/minor-damage,https://www.ocbuyback.com/sell/cell-phone/samsung/galaxy-s26-ultra/at-t/1tb/damaged
Samsung,Galaxy S26 Ultra,1TB,T-Mobile,580.0,490.0,370.0,110.0,20.0,https://www.ocbuyback.com/sell/cell-phone/samsung/galaxy-s26-ultra/t-mobile/1tb/like-new,https://www.ocbuyback.com/sell/cell-phone/samsung/galaxy-s26-ultra/t-mobile/1tb/good-condition,https://www.ocbuyback.com/sell/cell-phone/samsung/galaxy-s26-ultra/t-mobile/1tb/fair,https://www.ocbuyback.com/sell/cell-phone/samsung/galaxy-s26-ultra/t-mobile/1tb/minor-damage,https://www.ocbuyback.com/sell/cell-phone/samsung/galaxy-s26-ultra/t-mobile/1tb/damaged
Samsung,Galaxy S26 Ultra,1TB,Verizon,580.0,490.0,370.0,85.0,20.0,https://www.ocbuyback.com/sell/cell-phone/samsung/galaxy-s26-ultra/verizon/1tb/like-new,https://www.ocbuyback.com/sell/cell-phone/samsung/galaxy-s26-ultra/verizon/1tb/good-condition,https://www.ocbuyback.com/sell/cell-phone/samsung/galaxy-s26-ultra/verizon/1tb/fair,https://www.ocbuyback.com/sell/cell-phone/samsung/galaxy-s26-ultra/verizon/1tb/minor-damage,https://www.ocbuyback.com/sell/cell-phone/samsung/galaxy-s26-ultra/verizon/1tb/damaged
Samsung,Galaxy S26 Ultra,1TB,Unlocked,730.0,640.0,520.0,160.0,20.0,https://www.ocbuyback.com/sell/cell-phone/samsung/galaxy-s26-ultra/unlocked/1tb/like-new,https://www.ocbuyback.com/sell/cell-phone/samsung/galaxy-s26-ultra/unlocked/1tb/good-condition,https://www.ocbuyback.com/sell/cell-phone/samsung/galaxy-s26-ultra/unlocked/1tb/fair,https://www.ocbuyback.com/sell/cell-phone/samsung/galaxy-s26-ultra/unlocked/1tb/minor-damage,https://www.ocbuyback.com/sell/cell-phone/samsung/galaxy-s26-ultra/unlocked/1tb/damaged
Samsung,Galaxy Z Flip4,128GB,AT&T,85.0,65.0,35.0,15.0,5.0,https://www.ocbuyback.com/sell/cell-phone/samsung/galaxy-z-flip4/at-t/128gb/like-new,https://www.ocbuyback.com/sell/cell-phone/samsung/galaxy-z-flip4/at-t/128gb/good-condition,https://www.ocbuyback.com/sell/cell-phone/samsung/galaxy-z-flip4/at-t/128gb/fair,https://www.ocbuyback.com/sell/cell-phone/samsung/galaxy-z-flip4/at-t/128gb/minor-damage,https://www.ocbuyback.com/sell/cell-phone/samsung/galaxy-z-flip4/at-t/128gb/damaged
Samsung,Galaxy Z Flip4,128GB,T-Mobile,85.0,65.0,35.0,15.0,5.0,https://www.ocbuyback.com/sell/cell-phone/samsung/galaxy-z-flip4/t-mobile/128gb/like-new,https://www.ocbuyback.com/sell/cell-phone/samsung/galaxy-z-flip4/t-mobile/128gb/good-condition,https://www.ocbuyback.com/sell/cell-phone/samsung/galaxy-z-flip4/t-mobile/128gb/fair,https://www.ocbuyback.com/sell/cell-phone/samsung/galaxy-z-flip4/t-mobile/128gb/minor-damage,https://www.ocbuyback.com/sell/cell-phone/samsung/galaxy-z-flip4/t-mobile/128gb/damaged
Samsung,Galaxy Z Flip4,128GB,Verizon,75.0,55.0,35.0,20.0,5.0,https://www.ocbuyback.com/sell/cell-phone/samsung/galaxy-z-flip4/verizon/128gb/like-new,https://www.ocbuyback.com/sell/cell-phone/samsung/galaxy-z-flip4/verizon/128gb/good-condition,https://www.ocbuyback.com/sell/cell-phone/samsung/galaxy-z-flip4/verizon/128gb/fair,https://www.ocbuyback.com/sell/cell-phone/samsung/galaxy-z-flip4/verizon/128gb/minor-damage,https://www.ocbuyback.com/sell/cell-phone/samsung/galaxy-z-flip4/verizon/128gb/damaged
Samsung,Galaxy Z Flip4,128GB,Unlocked,115.0,95.0,55.0,20.0,5.0,https://www.ocbuyback.com/sell/cell-phone/samsung/galaxy-z-flip4/unlocked/128gb/like-new,https://www.ocbuyback.com/sell/cell-phone/samsung/galaxy-z-flip4/unlocked/128gb/good-condition,https://www.ocbuyback.com/sell/cell-phone/samsung/galaxy-z-flip4/unlocked/128gb/fair,https://www.ocbuyback.com/sell/cell-phone/samsung/galaxy-z-flip4/unlocked/128gb/minor-damage,https://www.ocbuyback.com/sell/cell-phone/samsung/galaxy-z-flip4/unlocked/128gb/damaged
Samsung,Galaxy Z Flip4,256GB,AT&T,95.0,75.0,45.0,15.0,5.0,https://www.ocbuyback.com/sell/cell-phone/samsung/galaxy-z-flip4/at-t/256gb/like-new,https://www.ocbuyback.com/sell/cell-phone/samsung/galaxy-z-flip4/at-t/256gb/good-condition,https://www.ocbuyback.com/sell/cell-phone/samsung/galaxy-z-flip4/at-t/256gb/fair,https://www.ocbuyback.com/sell/cell-phone/samsung/galaxy-z-flip4/at-t/256gb/minor-damage,https://www.ocbuyback.com/sell/cell-phone/samsung/galaxy-z-flip4/at-t/256gb/damaged
Samsung,Galaxy Z Flip4,256GB,T-Mobile,95.0,75.0,45.0,15.0,5.0,https://www.ocbuyback.com/sell/cell-phone/samsung/galaxy-z-flip4/t-mobile/256gb/like-new,https://www.ocbuyback.com/sell/cell-phone/samsung/galaxy-z-flip4/t-mobile/256gb/good-condition,https://www.ocbuyback.com/sell/cell-phone/samsung/galaxy-z-flip4/t-mobile/256gb/fair,https://www.ocbuyback.com/sell/cell-phone/samsung/galaxy-z-flip4/t-mobile/256gb/minor-damage,https://www.ocbuyback.com/sell/cell-phone/samsung/galaxy-z-flip4/t-mobile/256gb/damaged
Samsung,Galaxy Z Flip4,256GB,Verizon,75.0,55.0,35.0,20.0,5.0,https://www.ocbuyback.com/sell/cell-phone/samsung/galaxy-z-flip4/verizon/256gb/like-new,https://www.ocbuyback.com/sell/cell-phone/samsung/galaxy-z-flip4/verizon/256gb/good-condition,https://www.ocbuyback.com/sell/cell-phone/samsung/galaxy-z-flip4/verizon/256gb/fair,https://www.ocbuyback.com/sell/cell-phone/samsung/galaxy-z-flip4/verizon/256gb/minor-damage,https://www.ocbuyback.com/sell/cell-phone/samsung/galaxy-z-flip4/verizon/256gb/damaged
Samsung,Galaxy Z Flip4,256GB,Unlocked,125.0,105.0,65.0,20.0,5.0,https://www.ocbuyback.com/sell/cell-phone/samsung/galaxy-z-flip4/unlocked/256gb/like-new,https://www.ocbuyback.com/sell/cell-phone/samsung/galaxy-z-flip4/unlocked/256gb/good-condition,https://www.ocbuyback.com/sell/cell-phone/samsung/galaxy-z-flip4/unlocked/256gb/fair,https://www.ocbuyback.com/sell/cell-phone/samsung/galaxy-z-flip4/unlocked/256gb/minor-damage,https://www.ocbuyback.com/sell/cell-phone/samsung/galaxy-z-flip4/unlocked/256gb/damaged
Samsung,Galaxy Z Flip4,512GB,AT&T,90.0,70.0,30.0,20.0,5.0,https://www.ocbuyback.com/sell/cell-phone/samsung/galaxy-z-flip4/at-t/512gb/like-new,https://www.ocbuyback.com/sell/cell-phone/samsung/galaxy-z-flip4/at-t/512gb/good-condition,https://www.ocbuyback.com/sell/cell-phone/samsung/galaxy-z-flip4/at-t/512gb/fair,https://www.ocbuyback.com/sell/cell-phone/samsung/galaxy-z-flip4/at-t/512gb/minor-damage,https://www.ocbuyback.com/sell/cell-phone/samsung/galaxy-z-flip4/at-t/512gb/damaged
Samsung,Galaxy Z Flip4,512GB,T-Mobile,80.0,60.0,40.0,20.0,5.0,https://www.ocbuyback.com/sell/cell-phone/samsung/galaxy-z-flip4/t-mobile/512gb/like-new,https://www.ocbuyback.com/sell/cell-phone/samsung/galaxy-z-flip4/t-mobile/512gb/good-condition,https://www.ocbuyback.com/sell/cell-phone/samsung/galaxy-z-flip4/t-mobile/512gb/fair,https://www.ocbuyback.com/sell/cell-phone/samsung/galaxy-z-flip4/t-mobile/512gb/minor-damage,https://www.ocbuyback.com/sell/cell-phone/samsung/galaxy-z-flip4/t-mobile/512gb/damaged
Samsung,Galaxy Z Flip4,512GB,Verizon,95.0,75.0,35.0,25.0,5.0,https://www.ocbuyback.com/sell/cell-phone/samsung/galaxy-z-flip4/verizon/512gb/like-new,https://www.ocbuyback.com/sell/cell-phone/samsung/galaxy-z-flip4/verizon/512gb/good-condition,https://www.ocbuyback.com/sell/cell-phone/samsung/galaxy-z-flip4/verizon/512gb/fair,https://www.ocbuyback.com/sell/cell-phone/samsung/galaxy-z-flip4/verizon/512gb/minor-damage,https://www.ocbuyback.com/sell/cell-phone/samsung/galaxy-z-flip4/verizon/512gb/damaged
Samsung,Galaxy Z Flip4,512GB,Unlocked,130.0,110.0,70.0,25.0,5.0,https://www.ocbuyback.com/sell/cell-phone/samsung/galaxy-z-flip4/unlocked/512gb/like-new,https://www.ocbuyback.com/sell/cell-phone/samsung/galaxy-z-flip4/unlocked/512gb/good-condition,https://www.ocbuyback.com/sell/cell-phone/samsung/galaxy-z-flip4/unlocked/512gb/fair,https://www.ocbuyback.com/sell/cell-phone/samsung/galaxy-z-flip4/unlocked/512gb/minor-damage,https://www.ocbuyback.com/sell/cell-phone/samsung/galaxy-z-flip4/unlocked/512gb/damaged
Samsung,Galaxy Z Flip5,256GB,AT&T,165.0,125.0,65.0,25.0,5.0,https://www.ocbuyback.com/sell/cell-phone/samsung/galaxy-z-flip5/at-t/256gb/like-new,https://www.ocbuyback.com/sell/cell-phone/samsung/galaxy-z-flip5/at-t/256gb/good-condition,https://www.ocbuyback.com/sell/cell-phone/samsung/galaxy-z-flip5/at-t/256gb/fair,https://www.ocbuyback.com/sell/cell-phone/samsung/galaxy-z-flip5/at-t/256gb/minor-damage,https://www.ocbuyback.com/sell/cell-phone/samsung/galaxy-z-flip5/at-t/256gb/damaged
Samsung,Galaxy Z Flip5,256GB,T-Mobile,155.0,115.0,55.0,15.0,5.0,https://www.ocbuyback.com/sell/cell-phone/samsung/galaxy-z-flip5/t-mobile/256gb/like-new,https://www.ocbuyback.com/sell/cell-phone/samsung/galaxy-z-flip5/t-mobile/256gb/good-condition,https://www.ocbuyback.com/sell/cell-phone/samsung/galaxy-z-flip5/t-mobile/256gb/fair,https://www.ocbuyback.com/sell/cell-phone/samsung/galaxy-z-flip5/t-mobile/256gb/minor-damage,https://www.ocbuyback.com/sell/cell-phone/samsung/galaxy-z-flip5/t-mobile/256gb/damaged
Samsung,Galaxy Z Flip5,256GB,Verizon,40.0,30.0,20.0,10.0,5.0,https://www.ocbuyback.com/sell/cell-phone/samsung/galaxy-z-flip5/verizon/256gb/like-new,https://www.ocbuyback.com/sell/cell-phone/samsung/galaxy-z-flip5/verizon/256gb/good-condition,https://www.ocbuyback.com/sell/cell-phone/samsung/galaxy-z-flip5/verizon/256gb/fair,https://www.ocbuyback.com/sell/cell-phone/samsung/galaxy-z-flip5/verizon/256gb/minor-damage,https://www.ocbuyback.com/sell/cell-phone/samsung/galaxy-z-flip5/verizon/256gb/damaged
Samsung,Galaxy Z Flip5,256GB,Unlocked,215.0,175.0,115.0,55.0,5.0,https://www.ocbuyback.com/sell/cell-phone/samsung/galaxy-z-flip5/unlocked/256gb/like-new,https://www.ocbuyback.com/sell/cell-phone/samsung/galaxy-z-flip5/unlocked/256gb/good-condition,https://www.ocbuyback.com/sell/cell-phone/samsung/galaxy-z-flip5/unlocked/256gb/fair,https://www.ocbuyback.com/sell/cell-phone/samsung/galaxy-z-flip5/unlocked/256gb/minor-damage,https://www.ocbuyback.com/sell/cell-phone/samsung/galaxy-z-flip5/unlocked/256gb/damaged
Samsung,Galaxy Z Flip5,512GB,AT&T,185.0,155.0,95.0,50.0,5.0,https://www.ocbuyback.com/sell/cell-phone/samsung/galaxy-z-flip5/at-t/512gb/like-new,https://www.ocbuyback.com/sell/cell-phone/samsung/galaxy-z-flip5/at-t/512gb/good-condition,https://www.ocbuyback.com/sell/cell-phone/samsung/galaxy-z-flip5/at-t/512gb/fair,https://www.ocbuyback.com/sell/cell-phone/samsung/galaxy-z-flip5/at-t/512gb/minor-damage,https://www.ocbuyback.com/sell/cell-phone/samsung/galaxy-z-flip5/at-t/512gb/damaged
Samsung,Galaxy Z Flip5,512GB,T-Mobile,175.0,145.0,85.0,30.0,5.0,https://www.ocbuyback.com/sell/cell-phone/samsung/galaxy-z-flip5/t-mobile/512gb/like-new,https://www.ocbuyback.com/sell/cell-phone/samsung/galaxy-z-flip5/t-mobile/512gb/good-condition,https://www.ocbuyback.com/sell/cell-phone/samsung/galaxy-z-flip5/t-mobile/512gb/fair,https://www.ocbuyback.com/sell/cell-phone/samsung/galaxy-z-flip5/t-mobile/512gb/minor-damage,https://www.ocbuyback.com/sell/cell-phone/samsung/galaxy-z-flip5/t-mobile/512gb/damaged
Samsung,Galaxy Z Flip5,512GB,Verizon,50.0,40.0,30.0,10.0,5.0,https://www.ocbuyback.com/sell/cell-phone/samsung/galaxy-z-flip5/verizon/512gb/like-new,https://www.ocbuyback.com/sell/cell-phone/samsung/galaxy-z-flip5/verizon/512gb/good-condition,https://www.ocbuyback.com/sell/cell-phone/samsung/galaxy-z-flip5/verizon/512gb/fair,https://www.ocbuyback.com/sell/cell-phone/samsung/galaxy-z-flip5/verizon/512gb/minor-damage,https://www.ocbuyback.com/sell/cell-phone/samsung/galaxy-z-flip5/verizon/512gb/damaged
Samsung,Galaxy Z Flip5,512GB,Unlocked,235.0,205.0,145.0,60.0,5.0,https://www.ocbuyback.com/sell/cell-phone/samsung/galaxy-z-flip5/unlocked/512gb/like-new,https://www.ocbuyback.com/sell/cell-phone/samsung/galaxy-z-flip5/unlocked/512gb/good-condition,https://www.ocbuyback.com/sell/cell-phone/samsung/galaxy-z-flip5/unlocked/512gb/fair,https://www.ocbuyback.com/sell/cell-phone/samsung/galaxy-z-flip5/unlocked/512gb/minor-damage,https://www.ocbuyback.com/sell/cell-phone/samsung/galaxy-z-flip5/unlocked/512gb/damaged
Samsung,Galaxy Z Flip6,256GB,AT&T,250.0,200.0,145.0,40.0,10.0,https://www.ocbuyback.com/sell/cell-phone/samsung/galaxy-z-flip6/at-t/256gb/like-new,https://www.ocbuyback.com/sell/cell-phone/samsung/galaxy-z-flip6/at-t/256gb/good-condition,https://www.ocbuyback.com/sell/cell-phone/samsung/galaxy-z-flip6/at-t/256gb/fair,https://www.ocbuyback.com/sell/cell-phone/samsung/galaxy-z-flip6/at-t/256gb/minor-damage,https://www.ocbuyback.com/sell/cell-phone/samsung/galaxy-z-flip6/at-t/256gb/damaged
Samsung,Galaxy Z Flip6,256GB,T-Mobile,240.0,190.0,135.0,40.0,10.0,https://www.ocbuyback.com/sell/cell-phone/samsung/galaxy-z-flip6/t-mobile/256gb/like-new,https://www.ocbuyback.com/sell/cell-phone/samsung/galaxy-z-flip6/t-mobile/256gb/good-condition,https://www.ocbuyback.com/sell/cell-phone/samsung/galaxy-z-flip6/t-mobile/256gb/fair,https://www.ocbuyback.com/sell/cell-phone/samsung/galaxy-z-flip6/t-mobile/256gb/minor-damage,https://www.ocbuyback.com/sell/cell-phone/samsung/galaxy-z-flip6/t-mobile/256gb/damaged
Samsung,Galaxy Z Flip6,256GB,Verizon,105.0,55.0,40.0,30.0,10.0,https://www.ocbuyback.com/sell/cell-phone/samsung/galaxy-z-flip6/verizon/256gb/like-new,https://www.ocbuyback.com/sell/cell-phone/samsung/galaxy-z-flip6/verizon/256gb/good-condition,https://www.ocbuyback.com/sell/cell-phone/samsung/galaxy-z-flip6/verizon/256gb/fair,https://www.ocbuyback.com/sell/cell-phone/samsung/galaxy-z-flip6/verizon/256gb/minor-damage,https://www.ocbuyback.com/sell/cell-phone/samsung/galaxy-z-flip6/verizon/256gb/damaged
Samsung,Galaxy Z Flip6,256GB,Unlocked,290.0,240.0,185.0,60.0,10.0,https://www.ocbuyback.com/sell/cell-phone/samsung/galaxy-z-flip6/unlocked/256gb/like-new,https://www.ocbuyback.com/sell/cell-phone/samsung/galaxy-z-flip6/unlocked/256gb/good-condition,https://www.ocbuyback.com/sell/cell-phone/samsung/galaxy-z-flip6/unlocked/256gb/fair,https://www.ocbuyback.com/sell/cell-phone/samsung/galaxy-z-flip6/unlocked/256gb/minor-damage,https://www.ocbuyback.com/sell/cell-phone/samsung/galaxy-z-flip6/unlocked/256gb/damaged
Samsung,Galaxy Z Flip6,512GB,AT&T,270.0,220.0,165.0,50.0,10.0,https://www.ocbuyback.com/sell/cell-phone/samsung/galaxy-z-flip6/at-t/512gb/like-new,https://www.ocbuyback.com/sell/cell-phone/samsung/galaxy-z-flip6/at-t/512gb/good-condition,https://www.ocbuyback.com/sell/cell-phone/samsung/galaxy-z-flip6/at-t/512gb/fair,https://www.ocbuyback.com/sell/cell-phone/samsung/galaxy-z-flip6/at-t/512gb/minor-damage,https://www.ocbuyback.com/sell/cell-phone/samsung/galaxy-z-flip6/at-t/512gb/damaged
Samsung,Galaxy Z Flip6,512GB,T-Mobile,260.0,210.0,155.0,50.0,10.0,https://www.ocbuyback.com/sell/cell-phone/samsung/galaxy-z-flip6/t-mobile/512gb/like-new,https://www.ocbuyback.com/sell/cell-phone/samsung/galaxy-z-flip6/t-mobile/512gb/good-condition,https://www.ocbuyback.com/sell/cell-phone/samsung/galaxy-z-flip6/t-mobile/512gb/fair,https://www.ocbuyback.com/sell/cell-phone/samsung/galaxy-z-flip6/t-mobile/512gb/minor-damage,https://www.ocbuyback.com/sell/cell-phone/samsung/galaxy-z-flip6/t-mobile/512gb/damaged
Samsung,Galaxy Z Flip6,512GB,Verizon,125.0,75.0,50.0,40.0,10.0,https://www.ocbuyback.com/sell/cell-phone/samsung/galaxy-z-flip6/verizon/512gb/like-new,https://www.ocbuyback.com/sell/cell-phone/samsung/galaxy-z-flip6/verizon/512gb/good-condition,https://www.ocbuyback.com/sell/cell-phone/samsung/galaxy-z-flip6/verizon/512gb/fair,https://www.ocbuyback.com/sell/cell-phone/samsung/galaxy-z-flip6/verizon/512gb/minor-damage,https://www.ocbuyback.com/sell/cell-phone/samsung/galaxy-z-flip6/verizon/512gb/damaged
Samsung,Galaxy Z Flip6,512GB,Unlocked,310.0,260.0,205.0,70.0,10.0,https://www.ocbuyback.com/sell/cell-phone/samsung/galaxy-z-flip6/unlocked/512gb/like-new,https://www.ocbuyback.com/sell/cell-phone/samsung/galaxy-z-flip6/unlocked/512gb/good-condition,https://www.ocbuyback.com/sell/cell-phone/samsung/galaxy-z-flip6/unlocked/512gb/fair,https://www.ocbuyback.com/sell/cell-phone/samsung/galaxy-z-flip6/unlocked/512gb/minor-damage,https://www.ocbuyback.com/sell/cell-phone/samsung/galaxy-z-flip6/unlocked/512gb/damaged
Samsung,Galaxy Z Flip7,256GB,AT&T,360.0,320.0,250.0,50.0,10.0,https://www.ocbuyback.com/sell/cell-phone/samsung/galaxy-z-flip7/at-t/256gb/like-new,https://www.ocbuyback.com/sell/cell-phone/samsung/galaxy-z-flip7/at-t/256gb/good-condition,https://www.ocbuyback.com/sell/cell-phone/samsung/galaxy-z-flip7/at-t/256gb/fair,https://www.ocbuyback.com/sell/cell-phone/samsung/galaxy-z-flip7/at-t/256gb/minor-damage,https://www.ocbuyback.com/sell/cell-phone/samsung/galaxy-z-flip7/at-t/256gb/damaged
Samsung,Galaxy Z Flip7,256GB,T-Mobile,360.0,320.0,250.0,20.0,10.0,https://www.ocbuyback.com/sell/cell-phone/samsung/galaxy-z-flip7/t-mobile/256gb/like-new,https://www.ocbuyback.com/sell/cell-phone/samsung/galaxy-z-flip7/t-mobile/256gb/good-condition,https://www.ocbuyback.com/sell/cell-phone/samsung/galaxy-z-flip7/t-mobile/256gb/fair,https://www.ocbuyback.com/sell/cell-phone/samsung/galaxy-z-flip7/t-mobile/256gb/minor-damage,https://www.ocbuyback.com/sell/cell-phone/samsung/galaxy-z-flip7/t-mobile/256gb/damaged
Samsung,Galaxy Z Flip7,256GB,Verizon,200.0,160.0,90.0,30.0,10.0,https://www.ocbuyback.com/sell/cell-phone/samsung/galaxy-z-flip7/verizon/256gb/like-new,https://www.ocbuyback.com/sell/cell-phone/samsung/galaxy-z-flip7/verizon/256gb/good-condition,https://www.ocbuyback.com/sell/cell-phone/samsung/galaxy-z-flip7/verizon/256gb/fair,https://www.ocbuyback.com/sell/cell-phone/samsung/galaxy-z-flip7/verizon/256gb/minor-damage,https://www.ocbuyback.com/sell/cell-phone/samsung/galaxy-z-flip7/verizon/256gb/damaged
Samsung,Galaxy Z Flip7,256GB,Unlocked,435.0,395.0,325.0,70.0,10.0,https://www.ocbuyback.com/sell/cell-phone/samsung/galaxy-z-flip7/unlocked/256gb/like-new,https://www.ocbuyback.com/sell/cell-phone/samsung/galaxy-z-flip7/unlocked/256gb/good-condition,https://www.ocbuyback.com/sell/cell-phone/samsung/galaxy-z-flip7/unlocked/256gb/fair,https://www.ocbuyback.com/sell/cell-phone/samsung/galaxy-z-flip7/unlocked/256gb/minor-damage,https://www.ocbuyback.com/sell/cell-phone/samsung/galaxy-z-flip7/unlocked/256gb/damaged
Samsung,Galaxy Z Flip7,512GB,AT&T,380.0,340.0,255.0,65.0,10.0,https://www.ocbuyback.com/sell/cell-phone/samsung/galaxy-z-flip7/at-t/512gb/like-new,https://www.ocbuyback.com/sell/cell-phone/samsung/galaxy-z-flip7/at-t/512gb/good-condition,https://www.ocbuyback.com/sell/cell-phone/samsung/galaxy-z-flip7/at-t/512gb/fair,https://www.ocbuyback.com/sell/cell-phone/samsung/galaxy-z-flip7/at-t/512gb/minor-damage,https://www.ocbuyback.com/sell/cell-phone/samsung/galaxy-z-flip7/at-t/512gb/damaged
Samsung,Galaxy Z Flip7,512GB,T-Mobile,380.0,340.0,255.0,35.0,10.0,https://www.ocbuyback.com/sell/cell-phone/samsung/galaxy-z-flip7/t-mobile/512gb/like-new,https://www.ocbuyback.com/sell/cell-phone/samsung/galaxy-z-flip7/t-mobile/512gb/good-condition,https://www.ocbuyback.com/sell/cell-phone/samsung/galaxy-z-flip7/t-mobile/512gb/fair,https://www.ocbuyback.com/sell/cell-phone/samsung/galaxy-z-flip7/t-mobile/512gb/minor-damage,https://www.ocbuyback.com/sell/cell-phone/samsung/galaxy-z-flip7/t-mobile/512gb/damaged
Samsung,Galaxy Z Flip7,512GB,Verizon,220.0,180.0,95.0,30.0,10.0,https://www.ocbuyback.com/sell/cell-phone/samsung/galaxy-z-flip7/verizon/512gb/like-new,https://www.ocbuyback.com/sell/cell-phone/samsung/galaxy-z-flip7/verizon/512gb/good-condition,https://www.ocbuyback.com/sell/cell-phone/samsung/galaxy-z-flip7/verizon/512gb/fair,https://www.ocbuyback.com/sell/cell-phone/samsung/galaxy-z-flip7/verizon/512gb/minor-damage,https://www.ocbuyback.com/sell/cell-phone/samsung/galaxy-z-flip7/verizon/512gb/damaged
Samsung,Galaxy Z Flip7,512GB,Unlocked,455.0,415.0,330.0,85.0,10.0,https://www.ocbuyback.com/sell/cell-phone/samsung/galaxy-z-flip7/unlocked/512gb/like-new,https://www.ocbuyback.com/sell/cell-phone/samsung/galaxy-z-flip7/unlocked/512gb/good-condition,https://www.ocbuyback.com/sell/cell-phone/samsung/galaxy-z-flip7/unlocked/512gb/fair,https://www.ocbuyback.com/sell/cell-phone/samsung/galaxy-z-flip7/unlocked/512gb/minor-damage,https://www.ocbuyback.com/sell/cell-phone/samsung/galaxy-z-flip7/unlocked/512gb/damaged
Samsung,Galaxy Z Flip7 FE,128GB,AT&T,285.0,240.0,195.0,50.0,10.0,https://www.ocbuyback.com/sell/cell-phone/samsung/galaxy-z-flip7-fe/at-t/128gb/like-new,https://www.ocbuyback.com/sell/cell-phone/samsung/galaxy-z-flip7-fe/at-t/128gb/good-condition,https://www.ocbuyback.com/sell/cell-phone/samsung/galaxy-z-flip7-fe/at-t/128gb/fair,https://www.ocbuyback.com/sell/cell-phone/samsung/galaxy-z-flip7-fe/at-t/128gb/minor-damage,https://www.ocbuyback.com/sell/cell-phone/samsung/galaxy-z-flip7-fe/at-t/128gb/damaged
Samsung,Galaxy Z Flip7 FE,128GB,T-Mobile,275.0,230.0,185.0,20.0,10.0,https://www.ocbuyback.com/sell/cell-phone/samsung/galaxy-z-flip7-fe/t-mobile/128gb/like-new,https://www.ocbuyback.com/sell/cell-phone/samsung/galaxy-z-flip7-fe/t-mobile/128gb/good-condition,https://www.ocbuyback.com/sell/cell-phone/samsung/galaxy-z-flip7-fe/t-mobile/128gb/fair,https://www.ocbuyback.com/sell/cell-phone/samsung/galaxy-z-flip7-fe/t-mobile/128gb/minor-damage,https://www.ocbuyback.com/sell/cell-phone/samsung/galaxy-z-flip7-fe/t-mobile/128gb/damaged
Samsung,Galaxy Z Flip7 FE,128GB,Verizon,145.0,105.0,45.0,30.0,10.0,https://www.ocbuyback.com/sell/cell-phone/samsung/galaxy-z-flip7-fe/verizon/128gb/like-new,https://www.ocbuyback.com/sell/cell-phone/samsung/galaxy-z-flip7-fe/verizon/128gb/good-condition,https://www.ocbuyback.com/sell/cell-phone/samsung/galaxy-z-flip7-fe/verizon/128gb/fair,https://www.ocbuyback.com/sell/cell-phone/samsung/galaxy-z-flip7-fe/verizon/128gb/minor-damage,https://www.ocbuyback.com/sell/cell-phone/samsung/galaxy-z-flip7-fe/verizon/128gb/damaged
Samsung,Galaxy Z Flip7 FE,128GB,Unlocked,325.0,280.0,235.0,70.0,10.0,https://www.ocbuyback.com/sell/cell-phone/samsung/galaxy-z-flip7-fe/unlocked/128gb/like-new,https://www.ocbuyback.com/sell/cell-phone/samsung/galaxy-z-flip7-fe/unlocked/128gb/good-condition,https://www.ocbuyback.com/sell/cell-phone/samsung/galaxy-z-flip7-fe/unlocked/128gb/fair,https://www.ocbuyback.com/sell/cell-phone/samsung/galaxy-z-flip7-fe/unlocked/128gb/minor-damage,https://www.ocbuyback.com/sell/cell-phone/samsung/galaxy-z-flip7-fe/unlocked/128gb/damaged
Samsung,Galaxy Z Flip7 FE,256GB,AT&T,300.0,255.0,210.0,65.0,10.0,https://www.ocbuyback.com/sell/cell-phone/samsung/galaxy-z-flip7-fe/at-t/256gb/like-new,https://www.ocbuyback.com/sell/cell-phone/samsung/galaxy-z-flip7-fe/at-t/256gb/good-condition,https://www.ocbuyback.com/sell/cell-phone/samsung/galaxy-z-flip7-fe/at-t/256gb/fair,https://www.ocbuyback.com/sell/cell-phone/samsung/galaxy-z-flip7-fe/at-t/256gb/minor-damage,https://www.ocbuyback.com/sell/cell-phone/samsung/galaxy-z-flip7-fe/at-t/256gb/damaged
Samsung,Galaxy Z Flip7 FE,256GB,T-Mobile,290.0,245.0,200.0,35.0,10.0,https://www.ocbuyback.com/sell/cell-phone/samsung/galaxy-z-flip7-fe/t-mobile/256gb/like-new,https://www.ocbuyback.com/sell/cell-phone/samsung/galaxy-z-flip7-fe/t-mobile/256gb/good-condition,https://www.ocbuyback.com/sell/cell-phone/samsung/galaxy-z-flip7-fe/t-mobile/256gb/fair,https://www.ocbuyback.com/sell/cell-phone/samsung/galaxy-z-flip7-fe/t-mobile/256gb/minor-damage,https://www.ocbuyback.com/sell/cell-phone/samsung/galaxy-z-flip7-fe/t-mobile/256gb/damaged
Samsung,Galaxy Z Flip7 FE,256GB,Verizon,160.0,120.0,60.0,20.0,10.0,https://www.ocbuyback.com/sell/cell-phone/samsung/galaxy-z-flip7-fe/verizon/256gb/like-new,https://www.ocbuyback.com/sell/cell-phone/samsung/galaxy-z-flip7-fe/verizon/256gb/good-condition,https://www.ocbuyback.com/sell/cell-phone/samsung/galaxy-z-flip7-fe/verizon/256gb/fair,https://www.ocbuyback.com/sell/cell-phone/samsung/galaxy-z-flip7-fe/verizon/256gb/minor-damage,https://www.ocbuyback.com/sell/cell-phone/samsung/galaxy-z-flip7-fe/verizon/256gb/damaged
Samsung,Galaxy Z Flip7 FE,256GB,Unlocked,340.0,295.0,250.0,80.0,10.0,https://www.ocbuyback.com/sell/cell-phone/samsung/galaxy-z-flip7-fe/unlocked/256gb/like-new,https://www.ocbuyback.com/sell/cell-phone/samsung/galaxy-z-flip7-fe/unlocked/256gb/good-condition,https://www.ocbuyback.com/sell/cell-phone/samsung/galaxy-z-flip7-fe/unlocked/256gb/fair,https://www.ocbuyback.com/sell/cell-phone/samsung/galaxy-z-flip7-fe/unlocked/256gb/minor-damage,https://www.ocbuyback.com/sell/cell-phone/samsung/galaxy-z-flip7-fe/unlocked/256gb/damaged
Samsung,Galaxy Z Fold5,256GB,AT&T,215.0,185.0,135.0,40.0,10.0,https://www.ocbuyback.com/sell/cell-phone/samsung/galaxy-z-fold5/at-t/256gb/like-new,https://www.ocbuyback.com/sell/cell-phone/samsung/galaxy-z-fold5/at-t/256gb/good-condition,https://www.ocbuyback.com/sell/cell-phone/samsung/galaxy-z-fold5/at-t/256gb/fair,https://www.ocbuyback.com/sell/cell-phone/samsung/galaxy-z-fold5/at-t/256gb/minor-damage,https://www.ocbuyback.com/sell/cell-phone/samsung/galaxy-z-fold5/at-t/256gb/damaged
Samsung,Galaxy Z Fold5,256GB,T-Mobile,165.0,135.0,85.0,20.0,10.0,https://www.ocbuyback.com/sell/cell-phone/samsung/galaxy-z-fold5/t-mobile/256gb/like-new,https://www.ocbuyback.com/sell/cell-phone/samsung/galaxy-z-fold5/t-mobile/256gb/good-condition,https://www.ocbuyback.com/sell/cell-phone/samsung/galaxy-z-fold5/t-mobile/256gb/fair,https://www.ocbuyback.com/sell/cell-phone/samsung/galaxy-z-fold5/t-mobile/256gb/minor-damage,https://www.ocbuyback.com/sell/cell-phone/samsung/galaxy-z-fold5/t-mobile/256gb/damaged
Samsung,Galaxy Z Fold5,256GB,Verizon,165.0,135.0,85.0,20.0,10.0,https://www.ocbuyback.com/sell/cell-phone/samsung/galaxy-z-fold5/verizon/256gb/like-new,https://www.ocbuyback.com/sell/cell-phone/samsung/galaxy-z-fold5/verizon/256gb/good-condition,https://www.ocbuyback.com/sell/cell-phone/samsung/galaxy-z-fold5/verizon/256gb/fair,https://www.ocbuyback.com/sell/cell-phone/samsung/galaxy-z-fold5/verizon/256gb/minor-damage,https://www.ocbuyback.com/sell/cell-phone/samsung/galaxy-z-fold5/verizon/256gb/damaged
Samsung,Galaxy Z Fold5,256GB,Unlocked,315.0,285.0,235.0,50.0,10.0,https://www.ocbuyback.com/sell/cell-phone/samsung/galaxy-z-fold5/unlocked/256gb/like-new,https://www.ocbuyback.com/sell/cell-phone/samsung/galaxy-z-fold5/unlocked/256gb/good-condition,https://www.ocbuyback.com/sell/cell-phone/samsung/galaxy-z-fold5/unlocked/256gb/fair,https://www.ocbuyback.com/sell/cell-phone/samsung/galaxy-z-fold5/unlocked/256gb/minor-damage,https://www.ocbuyback.com/sell/cell-phone/samsung/galaxy-z-fold5/unlocked/256gb/damaged
Samsung,Galaxy Z Fold5,512GB,AT&T,235.0,205.0,155.0,43.0,10.0,https://www.ocbuyback.com/sell/cell-phone/samsung/galaxy-z-fold5/at-t/512gb/like-new,https://www.ocbuyback.com/sell/cell-phone/samsung/galaxy-z-fold5/at-t/512gb/good-condition,https://www.ocbuyback.com/sell/cell-phone/samsung/galaxy-z-fold5/at-t/512gb/fair,https://www.ocbuyback.com/sell/cell-phone/samsung/galaxy-z-fold5/at-t/512gb/minor-damage,https://www.ocbuyback.com/sell/cell-phone/samsung/galaxy-z-fold5/at-t/512gb/damaged
Samsung,Galaxy Z Fold5,512GB,T-Mobile,185.0,155.0,105.0,23.0,10.0,https://www.ocbuyback.com/sell/cell-phone/samsung/galaxy-z-fold5/t-mobile/512gb/like-new,https://www.ocbuyback.com/sell/cell-phone/samsung/galaxy-z-fold5/t-mobile/512gb/good-condition,https://www.ocbuyback.com/sell/cell-phone/samsung/galaxy-z-fold5/t-mobile/512gb/fair,https://www.ocbuyback.com/sell/cell-phone/samsung/galaxy-z-fold5/t-mobile/512gb/minor-damage,https://www.ocbuyback.com/sell/cell-phone/samsung/galaxy-z-fold5/t-mobile/512gb/damaged
Samsung,Galaxy Z Fold5,512GB,Verizon,185.0,155.0,105.0,23.0,10.0,https://www.ocbuyback.com/sell/cell-phone/samsung/galaxy-z-fold5/verizon/512gb/like-new,https://www.ocbuyback.com/sell/cell-phone/samsung/galaxy-z-fold5/verizon/512gb/good-condition,https://www.ocbuyback.com/sell/cell-phone/samsung/galaxy-z-fold5/verizon/512gb/fair,https://www.ocbuyback.com/sell/cell-phone/samsung/galaxy-z-fold5/verizon/512gb/minor-damage,https://www.ocbuyback.com/sell/cell-phone/samsung/galaxy-z-fold5/verizon/512gb/damaged
Samsung,Galaxy Z Fold5,512GB,Unlocked,335.0,305.0,255.0,53.0,10.0,https://www.ocbuyback.com/sell/cell-phone/samsung/galaxy-z-fold5/unlocked/512gb/like-new,https://www.ocbuyback.com/sell/cell-phone/samsung/galaxy-z-fold5/unlocked/512gb/good-condition,https://www.ocbuyback.com/sell/cell-phone/samsung/galaxy-z-fold5/unlocked/512gb/fair,https://www.ocbuyback.com/sell/cell-phone/samsung/galaxy-z-fold5/unlocked/512gb/minor-damage,https://www.ocbuyback.com/sell/cell-phone/samsung/galaxy-z-fold5/unlocked/512gb/damaged
Samsung,Galaxy Z Fold5,1TB,AT&T,255.0,225.0,175.0,45.0,10.0,https://www.ocbuyback.com/sell/cell-phone/samsung/galaxy-z-fold5/at-t/1tb/like-new,https://www.ocbuyback.com/sell/cell-phone/samsung/galaxy-z-fold5/at-t/1tb/good-condition,https://www.ocbuyback.com/sell/cell-phone/samsung/galaxy-z-fold5/at-t/1tb/fair,https://www.ocbuyback.com/sell/cell-phone/samsung/galaxy-z-fold5/at-t/1tb/minor-damage,https://www.ocbuyback.com/sell/cell-phone/samsung/galaxy-z-fold5/at-t/1tb/damaged
Samsung,Galaxy Z Fold5,1TB,T-Mobile,205.0,175.0,130.0,25.0,10.0,https://www.ocbuyback.com/sell/cell-phone/samsung/galaxy-z-fold5/t-mobile/1tb/like-new,https://www.ocbuyback.com/sell/cell-phone/samsung/galaxy-z-fold5/t-mobile/1tb/good-condition,https://www.ocbuyback.com/sell/cell-phone/samsung/galaxy-z-fold5/t-mobile/1tb/fair,https://www.ocbuyback.com/sell/cell-phone/samsung/galaxy-z-fold5/t-mobile/1tb/minor-damage,https://www.ocbuyback.com/sell/cell-phone/samsung/galaxy-z-fold5/t-mobile/1tb/damaged
Samsung,Galaxy Z Fold5,1TB,Verizon,205.0,175.0,130.0,25.0,10.0,https://www.ocbuyback.com/sell/cell-phone/samsung/galaxy-z-fold5/verizon/1tb/like-new,https://www.ocbuyback.com/sell/cell-phone/samsung/galaxy-z-fold5/verizon/1tb/good-condition,https://www.ocbuyback.com/sell/cell-phone/samsung/galaxy-z-fold5/verizon/1tb/fair,https://www.ocbuyback.com/sell/cell-phone/samsung/galaxy-z-fold5/verizon/1tb/minor-damage,https://www.ocbuyback.com/sell/cell-phone/samsung/galaxy-z-fold5/verizon/1tb/damaged
Samsung,Galaxy Z Fold5,1TB,Unlocked,355.0,325.0,275.0,55.0,10.0,https://www.ocbuyback.com/sell/cell-phone/samsung/galaxy-z-fold5/unlocked/1tb/like-new,https://www.ocbuyback.com/sell/cell-phone/samsung/galaxy-z-fold5/unlocked/1tb/good-condition,https://www.ocbuyback.com/sell/cell-phone/samsung/galaxy-z-fold5/unlocked/1tb/fair,https://www.ocbuyback.com/sell/cell-phone/samsung/galaxy-z-fold5/unlocked/1tb/minor-damage,https://www.ocbuyback.com/sell/cell-phone/samsung/galaxy-z-fold5/unlocked/1tb/damaged
Samsung,Galaxy Z Fold6,256GB,AT&T,390.0,310.0,250.0,90.0,10.0,https://www.ocbuyback.com/sell/cell-phone/samsung/galaxy-z-fold6/at-t/256gb/like-new,https://www.ocbuyback.com/sell/cell-phone/samsung/galaxy-z-fold6/at-t/256gb/good-condition,https://www.ocbuyback.com/sell/cell-phone/samsung/galaxy-z-fold6/at-t/256gb/fair,https://www.ocbuyback.com/sell/cell-phone/samsung/galaxy-z-fold6/at-t/256gb/minor-damage,https://www.ocbuyback.com/sell/cell-phone/samsung/galaxy-z-fold6/at-t/256gb/damaged
Samsung,Galaxy Z Fold6,256GB,T-Mobile,340.0,260.0,200.0,90.0,10.0,https://www.ocbuyback.com/sell/cell-phone/samsung/galaxy-z-fold6/t-mobile/256gb/like-new,https://www.ocbuyback.com/sell/cell-phone/samsung/galaxy-z-fold6/t-mobile/256gb/good-condition,https://www.ocbuyback.com/sell/cell-phone/samsung/galaxy-z-fold6/t-mobile/256gb/fair,https://www.ocbuyback.com/sell/cell-phone/samsung/galaxy-z-fold6/t-mobile/256gb/minor-damage,https://www.ocbuyback.com/sell/cell-phone/samsung/galaxy-z-fold6/t-mobile/256gb/damaged
Samsung,Galaxy Z Fold6,256GB,Verizon,140.0,60.0,30.0,15.0,10.0,https://www.ocbuyback.com/sell/cell-phone/samsung/galaxy-z-fold6/verizon/256gb/like-new,https://www.ocbuyback.com/sell/cell-phone/samsung/galaxy-z-fold6/verizon/256gb/good-condition,https://www.ocbuyback.com/sell/cell-phone/samsung/galaxy-z-fold6/verizon/256gb/fair,https://www.ocbuyback.com/sell/cell-phone/samsung/galaxy-z-fold6/verizon/256gb/minor-damage,https://www.ocbuyback.com/sell/cell-phone/samsung/galaxy-z-fold6/verizon/256gb/damaged
Samsung,Galaxy Z Fold6,256GB,Unlocked,490.0,410.0,350.0,125.0,10.0,https://www.ocbuyback.com/sell/cell-phone/samsung/galaxy-z-fold6/unlocked/256gb/like-new,https://www.ocbuyback.com/sell/cell-phone/samsung/galaxy-z-fold6/unlocked/256gb/good-condition,https://www.ocbuyback.com/sell/cell-phone/samsung/galaxy-z-fold6/unlocked/256gb/fair,https://www.ocbuyback.com/sell/cell-phone/samsung/galaxy-z-fold6/unlocked/256gb/minor-damage,https://www.ocbuyback.com/sell/cell-phone/samsung/galaxy-z-fold6/unlocked/256gb/damaged
Samsung,Galaxy Z Fold6,512GB,AT&T,430.0,350.0,290.0,95.0,10.0,https://www.ocbuyback.com/sell/cell-phone/samsung/galaxy-z-fold6/at-t/512gb/like-new,https://www.ocbuyback.com/sell/cell-phone/samsung/galaxy-z-fold6/at-t/512gb/good-condition,https://www.ocbuyback.com/sell/cell-phone/samsung/galaxy-z-fold6/at-t/512gb/fair,https://www.ocbuyback.com/sell/cell-phone/samsung/galaxy-z-fold6/at-t/512gb/minor-damage,https://www.ocbuyback.com/sell/cell-phone/samsung/galaxy-z-fold6/at-t/512gb/damaged
Samsung,Galaxy Z Fold6,512GB,T-Mobile,380.0,300.0,240.0,95.0,10.0,https://www.ocbuyback.com/sell/cell-phone/samsung/galaxy-z-fold6/t-mobile/512gb/like-new,https://www.ocbuyback.com/sell/cell-phone/samsung/galaxy-z-fold6/t-mobile/512gb/good-condition,https://www.ocbuyback.com/sell/cell-phone/samsung/galaxy-z-fold6/t-mobile/512gb/fair,https://www.ocbuyback.com/sell/cell-phone/samsung/galaxy-z-fold6/t-mobile/512gb/minor-damage,https://www.ocbuyback.com/sell/cell-phone/samsung/galaxy-z-fold6/t-mobile/512gb/damaged
Samsung,Galaxy Z Fold6,512GB,Verizon,180.0,100.0,40.0,20.0,10.0,https://www.ocbuyback.com/sell/cell-phone/samsung/galaxy-z-fold6/verizon/512gb/like-new,https://www.ocbuyback.com/sell/cell-phone/samsung/galaxy-z-fold6/verizon/512gb/good-condition,https://www.ocbuyback.com/sell/cell-phone/samsung/galaxy-z-fold6/verizon/512gb/fair,https://www.ocbuyback.com/sell/cell-phone/samsung/galaxy-z-fold6/verizon/512gb/minor-damage,https://www.ocbuyback.com/sell/cell-phone/samsung/galaxy-z-fold6/verizon/512gb/damaged
Samsung,Galaxy Z Fold6,512GB,Unlocked,530.0,450.0,390.0,130.0,10.0,https://www.ocbuyback.com/sell/cell-phone/samsung/galaxy-z-fold6/unlocked/512gb/like-new,https://www.ocbuyback.com/sell/cell-phone/samsung/galaxy-z-fold6/unlocked/512gb/good-condition,https://www.ocbuyback.com/sell/cell-phone/samsung/galaxy-z-fold6/unlocked/512gb/fair,https://www.ocbuyback.com/sell/cell-phone/samsung/galaxy-z-fold6/unlocked/512gb/minor-damage,https://www.ocbuyback.com/sell/cell-phone/samsung/galaxy-z-fold6/unlocked/512gb/damaged
Samsung,Galaxy Z Fold6,1TB,AT&T,460.0,380.0,320.0,100.0,10.0,https://www.ocbuyback.com/sell/cell-phone/samsung/galaxy-z-fold6/at-t/1tb/like-new,https://www.ocbuyback.com/sell/cell-phone/samsung/galaxy-z-fold6/at-t/1tb/good-condition,https://www.ocbuyback.com/sell/cell-phone/samsung/galaxy-z-fold6/at-t/1tb/fair,https://www.ocbuyback.com/sell/cell-phone/samsung/galaxy-z-fold6/at-t/1tb/minor-damage,https://www.ocbuyback.com/sell/cell-phone/samsung/galaxy-z-fold6/at-t/1tb/damaged
Samsung,Galaxy Z Fold6,1TB,T-Mobile,410.0,330.0,270.0,100.0,10.0,https://www.ocbuyback.com/sell/cell-phone/samsung/galaxy-z-fold6/t-mobile/1tb/like-new,https://www.ocbuyback.com/sell/cell-phone/samsung/galaxy-z-fold6/t-mobile/1tb/good-condition,https://www.ocbuyback.com/sell/cell-phone/samsung/galaxy-z-fold6/t-mobile/1tb/fair,https://www.ocbuyback.com/sell/cell-phone/samsung/galaxy-z-fold6/t-mobile/1tb/minor-damage,https://www.ocbuyback.com/sell/cell-phone/samsung/galaxy-z-fold6/t-mobile/1tb/damaged
Samsung,Galaxy Z Fold6,1TB,Verizon,210.0,130.0,70.0,25.0,10.0,https://www.ocbuyback.com/sell/cell-phone/samsung/galaxy-z-fold6/verizon/1tb/like-new,https://www.ocbuyback.com/sell/cell-phone/samsung/galaxy-z-fold6/verizon/1tb/good-condition,https://www.ocbuyback.com/sell/cell-phone/samsung/galaxy-z-fold6/verizon/1tb/fair,https://www.ocbuyback.com/sell/cell-phone/samsung/galaxy-z-fold6/verizon/1tb/minor-damage,https://www.ocbuyback.com/sell/cell-phone/samsung/galaxy-z-fold6/verizon/1tb/damaged
Samsung,Galaxy Z Fold6,1TB,Unlocked,560.0,480.0,420.0,135.0,10.0,https://www.ocbuyback.com/sell/cell-phone/samsung/galaxy-z-fold6/unlocked/1tb/like-new,https://www.ocbuyback.com/sell/cell-phone/samsung/galaxy-z-fold6/unlocked/1tb/good-condition,https://www.ocbuyback.com/sell/cell-phone/samsung/galaxy-z-fold6/unlocked/1tb/fair,https://www.ocbuyback.com/sell/cell-phone/samsung/galaxy-z-fold6/unlocked/1tb/minor-damage,https://www.ocbuyback.com/sell/cell-phone/samsung/galaxy-z-fold6/unlocked/1tb/damaged
Samsung,Galaxy Z Fold7,256GB,AT&T,650.0,600.0,500.0,115.0,20.0,https://www.ocbuyback.com/sell/cell-phone/samsung/galaxy-z-fold7/at-t/256gb/like-new,https://www.ocbuyback.com/sell/cell-phone/samsung/galaxy-z-fold7/at-t/256gb/good-condition,https://www.ocbuyback.com/sell/cell-phone/samsung/galaxy-z-fold7/at-t/256gb/fair,https://www.ocbuyback.com/sell/cell-phone/samsung/galaxy-z-fold7/at-t/256gb/minor-damage,https://www.ocbuyback.com/sell/cell-phone/samsung/galaxy-z-fold7/at-t/256gb/damaged
Samsung,Galaxy Z Fold7,256GB,T-Mobile,600.0,550.0,450.0,115.0,20.0,https://www.ocbuyback.com/sell/cell-phone/samsung/galaxy-z-fold7/t-mobile/256gb/like-new,https://www.ocbuyback.com/sell/cell-phone/samsung/galaxy-z-fold7/t-mobile/256gb/good-condition,https://www.ocbuyback.com/sell/cell-phone/samsung/galaxy-z-fold7/t-mobile/256gb/fair,https://www.ocbuyback.com/sell/cell-phone/samsung/galaxy-z-fold7/t-mobile/256gb/minor-damage,https://www.ocbuyback.com/sell/cell-phone/samsung/galaxy-z-fold7/t-mobile/256gb/damaged
Samsung,Galaxy Z Fold7,256GB,Verizon,400.0,350.0,250.0,40.0,20.0,https://www.ocbuyback.com/sell/cell-phone/samsung/galaxy-z-fold7/verizon/256gb/like-new,https://www.ocbuyback.com/sell/cell-phone/samsung/galaxy-z-fold7/verizon/256gb/good-condition,https://www.ocbuyback.com/sell/cell-phone/samsung/galaxy-z-fold7/verizon/256gb/fair,https://www.ocbuyback.com/sell/cell-phone/samsung/galaxy-z-fold7/verizon/256gb/minor-damage,https://www.ocbuyback.com/sell/cell-phone/samsung/galaxy-z-fold7/verizon/256gb/damaged
Samsung,Galaxy Z Fold7,256GB,Unlocked,750.0,700.0,600.0,150.0,20.0,https://www.ocbuyback.com/sell/cell-phone/samsung/galaxy-z-fold7/unlocked/256gb/like-new,https://www.ocbuyback.com/sell/cell-phone/samsung/galaxy-z-fold7/unlocked/256gb/good-condition,https://www.ocbuyback.com/sell/cell-phone/samsung/galaxy-z-fold7/unlocked/256gb/fair,https://www.ocbuyback.com/sell/cell-phone/samsung/galaxy-z-fold7/unlocked/256gb/minor-damage,https://www.ocbuyback.com/sell/cell-phone/samsung/galaxy-z-fold7/unlocked/256gb/damaged
Samsung,Galaxy Z Fold7,512GB,AT&T,690.0,640.0,540.0,120.0,20.0,https://www.ocbuyback.com/sell/cell-phone/samsung/galaxy-z-fold7/at-t/512gb/like-new,https://www.ocbuyback.com/sell/cell-phone/samsung/galaxy-z-fold7/at-t/512gb/good-condition,https://www.ocbuyback.com/sell/cell-phone/samsung/galaxy-z-fold7/at-t/512gb/fair,https://www.ocbuyback.com/sell/cell-phone/samsung/galaxy-z-fold7/at-t/512gb/minor-damage,https://www.ocbuyback.com/sell/cell-phone/samsung/galaxy-z-fold7/at-t/512gb/damaged
Samsung,Galaxy Z Fold7,512GB,T-Mobile,640.0,590.0,490.0,120.0,20.0,https://www.ocbuyback.com/sell/cell-phone/samsung/galaxy-z-fold7/t-mobile/512gb/like-new,https://www.ocbuyback.com/sell/cell-phone/samsung/galaxy-z-fold7/t-mobile/512gb/good-condition,https://www.ocbuyback.com/sell/cell-phone/samsung/galaxy-z-fold7/t-mobile/512gb/fair,https://www.ocbuyback.com/sell/cell-phone/samsung/galaxy-z-fold7/t-mobile/512gb/minor-damage,https://www.ocbuyback.com/sell/cell-phone/samsung/galaxy-z-fold7/t-mobile/512gb/damaged
Samsung,Galaxy Z Fold7,512GB,Verizon,440.0,390.0,290.0,45.0,20.0,https://www.ocbuyback.com/sell/cell-phone/samsung/galaxy-z-fold7/verizon/512gb/like-new,https://www.ocbuyback.com/sell/cell-phone/samsung/galaxy-z-fold7/verizon/512gb/good-condition,https://www.ocbuyback.com/sell/cell-phone/samsung/galaxy-z-fold7/verizon/512gb/fair,https://www.ocbuyback.com/sell/cell-phone/samsung/galaxy-z-fold7/verizon/512gb/minor-damage,https://www.ocbuyback.com/sell/cell-phone/samsung/galaxy-z-fold7/verizon/512gb/damaged
Samsung,Galaxy Z Fold7,512GB,Unlocked,790.0,740.0,640.0,155.0,20.0,https://www.ocbuyback.com/sell/cell-phone/samsung/galaxy-z-fold7/unlocked/512gb/like-new,https://www.ocbuyback.com/sell/cell-phone/samsung/galaxy-z-fold7/unlocked/512gb/good-condition,https://www.ocbuyback.com/sell/cell-phone/samsung/galaxy-z-fold7/unlocked/512gb/fair,https://www.ocbuyback.com/sell/cell-phone/samsung/galaxy-z-fold7/unlocked/512gb/minor-damage,https://www.ocbuyback.com/sell/cell-phone/samsung/galaxy-z-fold7/unlocked/512gb/damaged
Samsung,Galaxy Z Fold7,1TB,AT&T,720.0,670.0,570.0,125.0,20.0,https://www.ocbuyback.com/sell/cell-phone/samsung/galaxy-z-fold7/at-t/1tb/like-new,https://www.ocbuyback.com/sell/cell-phone/samsung/galaxy-z-fold7/at-t/1tb/good-condition,https://www.ocbuyback.com/sell/cell-phone/samsung/galaxy-z-fold7/at-t/1tb/fair,https://www.ocbuyback.com/sell/cell-phone/samsung/galaxy-z-fold7/at-t/1tb/minor-damage,https://www.ocbuyback.com/sell/cell-phone/samsung/galaxy-z-fold7/at-t/1tb/damaged
Samsung,Galaxy Z Fold7,1TB,T-Mobile,670.0,620.0,520.0,125.0,20.0,https://www.ocbuyback.com/sell/cell-phone/samsung/galaxy-z-fold7/t-mobile/1tb/like-new,https://www.ocbuyback.com/sell/cell-phone/samsung/galaxy-z-fold7/t-mobile/1tb/good-condition,https://www.ocbuyback.com/sell/cell-phone/samsung/galaxy-z-fold7/t-mobile/1tb/fair,https://www.ocbuyback.com/sell/cell-phone/samsung/galaxy-z-fold7/t-mobile/1tb/minor-damage,https://www.ocbuyback.com/sell/cell-phone/samsung/galaxy-z-fold7/t-mobile/1tb/damaged
Samsung,Galaxy Z Fold7,1TB,Verizon,470.0,420.0,320.0,50.0,20.0,https://www.ocbuyback.com/sell/cell-phone/samsung/galaxy-z-fold7/verizon/1tb/like-new,https://www.ocbuyback.com/sell/cell-phone/samsung/galaxy-z-fold7/verizon/1tb/good-condition,https://www.ocbuyback.com/sell/cell-phone/samsung/galaxy-z-fold7/verizon/1tb/fair,https://www.ocbuyback.com/sell/cell-phone/samsung/galaxy-z-fold7/verizon/1tb/minor-damage,https://www.ocbuyback.com/sell/cell-phone/samsung/galaxy-z-fold7/verizon/1tb/damaged
Samsung,Galaxy Z Fold7,1TB,Unlocked,820.0,770.0,670.0,160.0,20.0,https://www.ocbuyback.com/sell/cell-phone/samsung/galaxy-z-fold7/unlocked/1tb/like-new,https://www.ocbuyback.com/sell/cell-phone/samsung/galaxy-z-fold7/unlocked/1tb/good-condition,https://www.ocbuyback.com/sell/cell-phone/samsung/galaxy-z-fold7/unlocked/1tb/fair,https://www.ocbuyback.com/sell/cell-phone/samsung/galaxy-z-fold7/unlocked/1tb/minor-damage,https://www.ocbuyback.com/sell/cell-phone/samsung/galaxy-z-fold7/unlocked/1tb/damaged
Google,Pixel 7,128GB,AT&T,40.0,25.0,10.0,5.0,,https://www.ocbuyback.com/sell/cell-phone/google/pixel-7/at-t/128gb/like-new,https://www.ocbuyback.com/sell/cell-phone/google/pixel-7/at-t/128gb/good-condition,https://www.ocbuyback.com/sell/cell-phone/google/pixel-7/at-t/128gb/fair,https://www.ocbuyback.com/sell/cell-phone/google/pixel-7/at-t/128gb/minor-damage,https://www.ocbuyback.com/sell/cell-phone/google/pixel-7/at-t/128gb/damaged
Google,Pixel 7,128GB,Verizon,40.0,25.0,5.0,5.0,,https://www.ocbuyback.com/sell/cell-phone/google/pixel-7/verizon/128gb/like-new,https://www.ocbuyback.com/sell/cell-phone/google/pixel-7/verizon/128gb/good-condition,https://www.ocbuyback.com/sell/cell-phone/google/pixel-7/verizon/128gb/fair,https://www.ocbuyback.com/sell/cell-phone/google/pixel-7/verizon/128gb/minor-damage,https://www.ocbuyback.com/sell/cell-phone/google/pixel-7/verizon/128gb/damaged
Google,Pixel 7,128GB,Unlocked,70.0,55.0,40.0,15.0,,https://www.ocbuyback.com/sell/cell-phone/google/pixel-7/unlocked/128gb/like-new,https://www.ocbuyback.com/sell/cell-phone/google/pixel-7/unlocked/128gb/good-condition,https://www.ocbuyback.com/sell/cell-phone/google/pixel-7/unlocked/128gb/fair,https://www.ocbuyback.com/sell/cell-phone/google/pixel-7/unlocked/128gb/minor-damage,https://www.ocbuyback.com/sell/cell-phone/google/pixel-7/unlocked/128gb/damaged
Google,Pixel 7,256GB,AT&T,60.0,45.0,30.0,10.0,,https://www.ocbuyback.com/sell/cell-phone/google/pixel-7/at-t/256gb/like-new,https://www.ocbuyback.com/sell/cell-phone/google/pixel-7/at-t/256gb/good-condition,https://www.ocbuyback.com/sell/cell-phone/google/pixel-7/at-t/256gb/fair,https://www.ocbuyback.com/sell/cell-phone/google/pixel-7/at-t/256gb/minor-damage,https://www.ocbuyback.com/sell/cell-phone/google/pixel-7/at-t/256gb/damaged
Google,Pixel 7,256GB,Verizon,40.0,25.0,10.0,5.0,,https://www.ocbuyback.com/sell/cell-phone/google/pixel-7/verizon/256gb/like-new,https://www.ocbuyback.com/sell/cell-phone/google/pixel-7/verizon/256gb/good-condition,https://www.ocbuyback.com/sell/cell-phone/google/pixel-7/verizon/256gb/fair,https://www.ocbuyback.com/sell/cell-phone/google/pixel-7/verizon/256gb/minor-damage,https://www.ocbuyback.com/sell/cell-phone/google/pixel-7/verizon/256gb/damaged
Google,Pixel 7,256GB,Unlocked,90.0,75.0,60.0,25.0,,https://www.ocbuyback.com/sell/cell-phone/google/pixel-7/unlocked/256gb/like-new,https://www.ocbuyback.com/sell/cell-phone/google/pixel-7/unlocked/256gb/good-condition,https://www.ocbuyback.com/sell/cell-phone/google/pixel-7/unlocked/256gb/fair,https://www.ocbuyback.com/sell/cell-phone/google/pixel-7/unlocked/256gb/minor-damage,https://www.ocbuyback.com/sell/cell-phone/google/pixel-7/unlocked/256gb/damaged
Google,Pixel 7 Pro,128GB,AT&T,55.0,40.0,10.0,5.0,,https://www.ocbuyback.com/sell/cell-phone/google/pixel-7-pro/at-t/128gb/like-new,https://www.ocbuyback.com/sell/cell-phone/google/pixel-7-pro/at-t/128gb/good-condition,https://www.ocbuyback.com/sell/cell-phone/google/pixel-7-pro/at-t/128gb/fair,https://www.ocbuyback.com/sell/cell-phone/google/pixel-7-pro/at-t/128gb/minor-damage,https://www.ocbuyback.com/sell/cell-phone/google/pixel-7-pro/at-t/128gb/damaged
Google,Pixel 7 Pro,128GB,Verizon,45.0,30.0,20.0,10.0,,https://www.ocbuyback.com/sell/cell-phone/google/pixel-7-pro/verizon/128gb/like-new,https://www.ocbuyback.com/sell/cell-phone/google/pixel-7-pro/verizon/128gb/good-condition,https://www.ocbuyback.com/sell/cell-phone/google/pixel-7-pro/verizon/128gb/fair,https://www.ocbuyback.com/sell/cell-phone/google/pixel-7-pro/verizon/128gb/minor-damage,https://www.ocbuyback.com/sell/cell-phone/google/pixel-7-pro/verizon/128gb/damaged
Google,Pixel 7 Pro,128GB,Unlocked,115.0,100.0,60.0,20.0,,https://www.ocbuyback.com/sell/cell-phone/google/pixel-7-pro/unlocked/128gb/like-new,https://www.ocbuyback.com/sell/cell-phone/google/pixel-7-pro/unlocked/128gb/good-condition,https://www.ocbuyback.com/sell/cell-phone/google/pixel-7-pro/unlocked/128gb/fair,https://www.ocbuyback.com/sell/cell-phone/google/pixel-7-pro/unlocked/128gb/minor-damage,https://www.ocbuyback.com/sell/cell-phone/google/pixel-7-pro/unlocked/128gb/damaged
Google,Pixel 7 Pro,256GB,AT&T,75.0,60.0,25.0,10.0,,https://www.ocbuyback.com/sell/cell-phone/google/pixel-7-pro/at-t/256gb/like-new,https://www.ocbuyback.com/sell/cell-phone/google/pixel-7-pro/at-t/256gb/good-condition,https://www.ocbuyback.com/sell/cell-phone/google/pixel-7-pro/at-t/256gb/fair,https://www.ocbuyback.com/sell/cell-phone/google/pixel-7-pro/at-t/256gb/minor-damage,https://www.ocbuyback.com/sell/cell-phone/google/pixel-7-pro/at-t/256gb/damaged
Google,Pixel 7 Pro,256GB,Verizon,55.0,40.0,15.0,10.0,,https://www.ocbuyback.com/sell/cell-phone/google/pixel-7-pro/verizon/256gb/like-new,https://www.ocbuyback.com/sell/cell-phone/google/pixel-7-pro/verizon/256gb/good-condition,https://www.ocbuyback.com/sell/cell-phone/google/pixel-7-pro/verizon/256gb/fair,https://www.ocbuyback.com/sell/cell-phone/google/pixel-7-pro/verizon/256gb/minor-damage,https://www.ocbuyback.com/sell/cell-phone/google/pixel-7-pro/verizon/256gb/damaged
Google,Pixel 7 Pro,256GB,Unlocked,135.0,120.0,80.0,20.0,,https://www.ocbuyback.com/sell/cell-phone/google/pixel-7-pro/unlocked/256gb/like-new,https://www.ocbuyback.com/sell/cell-phone/google/pixel-7-pro/unlocked/256gb/good-condition,https://www.ocbuyback.com/sell/cell-phone/google/pixel-7-pro/unlocked/256gb/fair,https://www.ocbuyback.com/sell/cell-phone/google/pixel-7-pro/unlocked/256gb/minor-damage,https://www.ocbuyback.com/sell/cell-phone/google/pixel-7-pro/unlocked/256gb/damaged
Google,Pixel 7 Pro,512GB,AT&T,80.0,65.0,25.0,10.0,,https://www.ocbuyback.com/sell/cell-phone/google/pixel-7-pro/at-t/512gb/like-new,https://www.ocbuyback.com/sell/cell-phone/google/pixel-7-pro/at-t/512gb/good-condition,https://www.ocbuyback.com/sell/cell-phone/google/pixel-7-pro/at-t/512gb/fair,https://www.ocbuyback.com/sell/cell-phone/google/pixel-7-pro/at-t/512gb/minor-damage,https://www.ocbuyback.com/sell/cell-phone/google/pixel-7-pro/at-t/512gb/damaged
Google,Pixel 7 Pro,512GB,Verizon,60.0,45.0,15.0,10.0,,https://www.ocbuyback.com/sell/cell-phone/google/pixel-7-pro/verizon/512gb/like-new,https://www.ocbuyback.com/sell/cell-phone/google/pixel-7-pro/verizon/512gb/good-condition,https://www.ocbuyback.com/sell/cell-phone/google/pixel-7-pro/verizon/512gb/fair,https://www.ocbuyback.com/sell/cell-phone/google/pixel-7-pro/verizon/512gb/minor-damage,https://www.ocbuyback.com/sell/cell-phone/google/pixel-7-pro/verizon/512gb/damaged
Google,Pixel 7 Pro,512GB,Unlocked,140.0,125.0,85.0,20.0,,https://www.ocbuyback.com/sell/cell-phone/google/pixel-7-pro/unlocked/512gb/like-new,https://www.ocbuyback.com/sell/cell-phone/google/pixel-7-pro/unlocked/512gb/good-condition,https://www.ocbuyback.com/sell/cell-phone/google/pixel-7-pro/unlocked/512gb/fair,https://www.ocbuyback.com/sell/cell-phone/google/pixel-7-pro/unlocked/512gb/minor-damage,https://www.ocbuyback.com/sell/cell-phone/google/pixel-7-pro/unlocked/512gb/damaged
Google,Pixel 7a,128GB,AT&T,90.0,70.0,35.0,10.0,,https://www.ocbuyback.com/sell/cell-phone/google/pixel-7a/at-t/128gb/like-new,https://www.ocbuyback.com/sell/cell-phone/google/pixel-7a/at-t/128gb/good-condition,https://www.ocbuyback.com/sell/cell-phone/google/pixel-7a/at-t/128gb/fair,https://www.ocbuyback.com/sell/cell-phone/google/pixel-7a/at-t/128gb/minor-damage,https://www.ocbuyback.com/sell/cell-phone/google/pixel-7a/at-t/128gb/damaged
Google,Pixel 7a,128GB,T-Mobile,65.0,45.0,20.0,10.0,,https://www.ocbuyback.com/sell/cell-phone/google/pixel-7a/t-mobile/128gb/like-new,https://www.ocbuyback.com/sell/cell-phone/google/pixel-7a/t-mobile/128gb/good-condition,https://www.ocbuyback.com/sell/cell-phone/google/pixel-7a/t-mobile/128gb/fair,https://www.ocbuyback.com/sell/cell-phone/google/pixel-7a/t-mobile/128gb/minor-damage,https://www.ocbuyback.com/sell/cell-phone/google/pixel-7a/t-mobile/128gb/damaged
Google,Pixel 7a,128GB,Verizon,55.0,35.0,15.0,5.0,,https://www.ocbuyback.com/sell/cell-phone/google/pixel-7a/verizon/128gb/like-new,https://www.ocbuyback.com/sell/cell-phone/google/pixel-7a/verizon/128gb/good-condition,https://www.ocbuyback.com/sell/cell-phone/google/pixel-7a/verizon/128gb/fair,https://www.ocbuyback.com/sell/cell-phone/google/pixel-7a/verizon/128gb/minor-damage,https://www.ocbuyback.com/sell/cell-phone/google/pixel-7a/verizon/128gb/damaged
Google,Pixel 7a,128GB,Unlocked,115.0,95.0,60.0,15.0,,https://www.ocbuyback.com/sell/cell-phone/google/pixel-7a/unlocked/128gb/like-new,https://www.ocbuyback.com/sell/cell-phone/google/pixel-7a/unlocked/128gb/good-condition,https://www.ocbuyback.com/sell/cell-phone/google/pixel-7a/unlocked/128gb/fair,https://www.ocbuyback.com/sell/cell-phone/google/pixel-7a/unlocked/128gb/minor-damage,https://www.ocbuyback.com/sell/cell-phone/google/pixel-7a/unlocked/128gb/damaged
Google,Pixel Fold,256GB,Unlocked,175.0,150.0,100.0,35.0,,https://www.ocbuyback.com/sell/cell-phone/google/pixel-fold/unlocked/256gb/like-new,https://www.ocbuyback.com/sell/cell-phone/google/pixel-fold/unlocked/256gb/good-condition,https://www.ocbuyback.com/sell/cell-phone/google/pixel-fold/unlocked/256gb/fair,https://www.ocbuyback.com/sell/cell-phone/google/pixel-fold/unlocked/256gb/minor-damage,https://www.ocbuyback.com/sell/cell-phone/google/pixel-fold/unlocked/256gb/damaged
Google,Pixel Fold,512GB,Unlocked,215.0,190.0,145.0,36.0,,https://www.ocbuyback.com/sell/cell-phone/google/pixel-fold/unlocked/512gb/like-new,https://www.ocbuyback.com/sell/cell-phone/google/pixel-fold/unlocked/512gb/good-condition,https://www.ocbuyback.com/sell/cell-phone/google/pixel-fold/unlocked/512gb/fair,https://www.ocbuyback.com/sell/cell-phone/google/pixel-fold/unlocked/512gb/minor-damage,https://www.ocbuyback.com/sell/cell-phone/google/pixel-fold/unlocked/512gb/damaged
Google,Pixel 8,128GB,AT&T,135.0,115.0,70.0,25.0,,https://www.ocbuyback.com/sell/cell-phone/google/pixel-8/at-t/128gb/like-new,https://www.ocbuyback.com/sell/cell-phone/google/pixel-8/at-t/128gb/good-condition,https://www.ocbuyback.com/sell/cell-phone/google/pixel-8/at-t/128gb/fair,https://www.ocbuyback.com/sell/cell-phone/google/pixel-8/at-t/128gb/minor-damage,https://www.ocbuyback.com/sell/cell-phone/google/pixel-8/at-t/128gb/damaged
Google,Pixel 8,128GB,T-Mobile,110.0,90.0,40.0,20.0,,https://www.ocbuyback.com/sell/cell-phone/google/pixel-8/t-mobile/128gb/like-new,https://www.ocbuyback.com/sell/cell-phone/google/pixel-8/t-mobile/128gb/good-condition,https://www.ocbuyback.com/sell/cell-phone/google/pixel-8/t-mobile/128gb/fair,https://www.ocbuyback.com/sell/cell-phone/google/pixel-8/t-mobile/128gb/minor-damage,https://www.ocbuyback.com/sell/cell-phone/google/pixel-8/t-mobile/128gb/damaged
Google,Pixel 8,128GB,Verizon,110.0,90.0,40.0,35.0,,https://www.ocbuyback.com/sell/cell-phone/google/pixel-8/verizon/128gb/like-new,https://www.ocbuyback.com/sell/cell-phone/google/pixel-8/verizon/128gb/good-condition,https://www.ocbuyback.com/sell/cell-phone/google/pixel-8/verizon/128gb/fair,https://www.ocbuyback.com/sell/cell-phone/google/pixel-8/verizon/128gb/minor-damage,https://www.ocbuyback.com/sell/cell-phone/google/pixel-8/verizon/128gb/damaged
Google,Pixel 8,128GB,Unlocked,160.0,140.0,90.0,50.0,,https://www.ocbuyback.com/sell/cell-phone/google/pixel-8/unlocked/128gb/like-new,https://www.ocbuyback.com/sell/cell-phone/google/pixel-8/unlocked/128gb/good-condition,https://www.ocbuyback.com/sell/cell-phone/google/pixel-8/unlocked/128gb/fair,https://www.ocbuyback.com/sell/cell-phone/google/pixel-8/unlocked/128gb/minor-damage,https://www.ocbuyback.com/sell/cell-phone/google/pixel-8/unlocked/128gb/damaged
Google,Pixel 8,256GB,AT&T,160.0,140.0,105.0,35.0,,https://www.ocbuyback.com/sell/cell-phone/google/pixel-8/at-t/256gb/like-new,https://www.ocbuyback.com/sell/cell-phone/google/pixel-8/at-t/256gb/good-condition,https://www.ocbuyback.com/sell/cell-phone/google/pixel-8/at-t/256gb/fair,https://www.ocbuyback.com/sell/cell-phone/google/pixel-8/at-t/256gb/minor-damage,https://www.ocbuyback.com/sell/cell-phone/google/pixel-8/at-t/256gb/damaged
Google,Pixel 8,256GB,T-Mobile,135.0,115.0,100.0,30.0,,https://www.ocbuyback.com/sell/cell-phone/google/pixel-8/t-mobile/256gb/like-new,https://www.ocbuyback.com/sell/cell-phone/google/pixel-8/t-mobile/256gb/good-condition,https://www.ocbuyback.com/sell/cell-phone/google/pixel-8/t-mobile/256gb/fair,https://www.ocbuyback.com/sell/cell-phone/google/pixel-8/t-mobile/256gb/minor-damage,https://www.ocbuyback.com/sell/cell-phone/google/pixel-8/t-mobile/256gb/damaged
Google,Pixel 8,256GB,Verizon,135.0,115.0,100.0,45.0,,https://www.ocbuyback.com/sell/cell-phone/google/pixel-8/verizon/256gb/like-new,https://www.ocbuyback.com/sell/cell-phone/google/pixel-8/verizon/256gb/good-condition,https://www.ocbuyback.com/sell/cell-phone/google/pixel-8/verizon/256gb/fair,https://www.ocbuyback.com/sell/cell-phone/google/pixel-8/verizon/256gb/minor-damage,https://www.ocbuyback.com/sell/cell-phone/google/pixel-8/verizon/256gb/damaged
Google,Pixel 8,256GB,Unlocked,185.0,165.0,100.0,60.0,,https://www.ocbuyback.com/sell/cell-phone/google/pixel-8/unlocked/256gb/like-new,https://www.ocbuyback.com/sell/cell-phone/google/pixel-8/unlocked/256gb/good-condition,https://www.ocbuyback.com/sell/cell-phone/google/pixel-8/unlocked/256gb/fair,https://www.ocbuyback.com/sell/cell-phone/google/pixel-8/unlocked/256gb/minor-damage,https://www.ocbuyback.com/sell/cell-phone/google/pixel-8/unlocked/256gb/damaged
Google,Pixel 8 Pro,128GB,AT&T,185.0,140.0,100.0,20.0,,https://www.ocbuyback.com/sell/cell-phone/google/pixel-8-pro/at-t/128gb/like-new,https://www.ocbuyback.com/sell/cell-phone/google/pixel-8-pro/at-t/128gb/good-condition,https://www.ocbuyback.com/sell/cell-phone/google/pixel-8-pro/at-t/128gb/fair,https://www.ocbuyback.com/sell/cell-phone/google/pixel-8-pro/at-t/128gb/minor-damage,https://www.ocbuyback.com/sell/cell-phone/google/pixel-8-pro/at-t/128gb/damaged
Google,Pixel 8 Pro,128GB,T-Mobile,165.0,120.0,80.0,20.0,,https://www.ocbuyback.com/sell/cell-phone/google/pixel-8-pro/t-mobile/128gb/like-new,https://www.ocbuyback.com/sell/cell-phone/google/pixel-8-pro/t-mobile/128gb/good-condition,https://www.ocbuyback.com/sell/cell-phone/google/pixel-8-pro/t-mobile/128gb/fair,https://www.ocbuyback.com/sell/cell-phone/google/pixel-8-pro/t-mobile/128gb/minor-damage,https://www.ocbuyback.com/sell/cell-phone/google/pixel-8-pro/t-mobile/128gb/damaged
Google,Pixel 8 Pro,128GB,Unlocked,215.0,170.0,130.0,40.0,,https://www.ocbuyback.com/sell/cell-phone/google/pixel-8-pro/unlocked/128gb/like-new,https://www.ocbuyback.com/sell/cell-phone/google/pixel-8-pro/unlocked/128gb/good-condition,https://www.ocbuyback.com/sell/cell-phone/google/pixel-8-pro/unlocked/128gb/fair,https://www.ocbuyback.com/sell/cell-phone/google/pixel-8-pro/unlocked/128gb/minor-damage,https://www.ocbuyback.com/sell/cell-phone/google/pixel-8-pro/unlocked/128gb/damaged
Google,Pixel 8 Pro,256GB,AT&T,195.0,150.0,110.0,22.0,,https://www.ocbuyback.com/sell/cell-phone/google/pixel-8-pro/at-t/256gb/like-new,https://www.ocbuyback.com/sell/cell-phone/google/pixel-8-pro/at-t/256gb/good-condition,https://www.ocbuyback.com/sell/cell-phone/google/pixel-8-pro/at-t/256gb/fair,https://www.ocbuyback.com/sell/cell-phone/google/pixel-8-pro/at-t/256gb/minor-damage,https://www.ocbuyback.com/sell/cell-phone/google/pixel-8-pro/at-t/256gb/damaged
Google,Pixel 8 Pro,256GB,T-Mobile,175.0,130.0,90.0,22.0,,https://www.ocbuyback.com/sell/cell-phone/google/pixel-8-pro/t-mobile/256gb/like-new,https://www.ocbuyback.com/sell/cell-phone/google/pixel-8-pro/t-mobile/256gb/good-condition,https://www.ocbuyback.com/sell/cell-phone/google/pixel-8-pro/t-mobile/256gb/fair,https://www.ocbuyback.com/sell/cell-phone/google/pixel-8-pro/t-mobile/256gb/minor-damage,https://www.ocbuyback.com/sell/cell-phone/google/pixel-8-pro/t-mobile/256gb/damaged
Google,Pixel 8 Pro,256GB,Unlocked,225.0,180.0,140.0,42.0,,https://www.ocbuyback.com/sell/cell-phone/google/pixel-8-pro/unlocked/256gb/like-new,https://www.ocbuyback.com/sell/cell-phone/google/pixel-8-pro/unlocked/256gb/good-condition,https://www.ocbuyback.com/sell/cell-phone/google/pixel-8-pro/unlocked/256gb/fair,https://www.ocbuyback.com/sell/cell-phone/google/pixel-8-pro/unlocked/256gb/minor-damage,https://www.ocbuyback.com/sell/cell-phone/google/pixel-8-pro/unlocked/256gb/damaged
Google,Pixel 8 Pro,512GB,AT&T,215.0,160.0,125.0,23.0,,https://www.ocbuyback.com/sell/cell-phone/google/pixel-8-pro/at-t/512gb/like-new,https://www.ocbuyback.com/sell/cell-phone/google/pixel-8-pro/at-t/512gb/good-condition,https://www.ocbuyback.com/sell/cell-phone/google/pixel-8-pro/at-t/512gb/fair,https://www.ocbuyback.com/sell/cell-phone/google/pixel-8-pro/at-t/512gb/minor-damage,https://www.ocbuyback.com/sell/cell-phone/google/pixel-8-pro/at-t/512gb/damaged
Google,Pixel 8 Pro,512GB,T-Mobile,195.0,150.0,110.0,23.0,,https://www.ocbuyback.com/sell/cell-phone/google/pixel-8-pro/t-mobile/512gb/like-new,https://www.ocbuyback.com/sell/cell-phone/google/pixel-8-pro/t-mobile/512gb/good-condition,https://www.ocbuyback.com/sell/cell-phone/google/pixel-8-pro/t-mobile/512gb/fair,https://www.ocbuyback.com/sell/cell-phone/google/pixel-8-pro/t-mobile/512gb/minor-damage,https://www.ocbuyback.com/sell/cell-phone/google/pixel-8-pro/t-mobile/512gb/damaged
Google,Pixel 8 Pro,512GB,Unlocked,215.0,170.0,130.0,23.0,,https://www.ocbuyback.com/sell/cell-phone/google/pixel-8-pro/unlocked/512gb/like-new,https://www.ocbuyback.com/sell/cell-phone/google/pixel-8-pro/unlocked/512gb/good-condition,https://www.ocbuyback.com/sell/cell-phone/google/pixel-8-pro/unlocked/512gb/fair,https://www.ocbuyback.com/sell/cell-phone/google/pixel-8-pro/unlocked/512gb/minor-damage,https://www.ocbuyback.com/sell/cell-phone/google/pixel-8-pro/unlocked/512gb/damaged
Google,Pixel 8 Pro,1TB,AT&T,225.0,170.0,140.0,25.0,,https://www.ocbuyback.com/sell/cell-phone/google/pixel-8-pro/at-t/1tb/like-new,https://www.ocbuyback.com/sell/cell-phone/google/pixel-8-pro/at-t/1tb/good-condition,https://www.ocbuyback.com/sell/cell-phone/google/pixel-8-pro/at-t/1tb/fair,https://www.ocbuyback.com/sell/cell-phone/google/pixel-8-pro/at-t/1tb/minor-damage,https://www.ocbuyback.com/sell/cell-phone/google/pixel-8-pro/at-t/1tb/damaged
Google,Pixel 8 Pro,1TB,T-Mobile,205.0,160.0,120.0,25.0,,https://www.ocbuyback.com/sell/cell-phone/google/pixel-8-pro/t-mobile/1tb/like-new,https://www.ocbuyback.com/sell/cell-phone/google/pixel-8-pro/t-mobile/1tb/good-condition,https://www.ocbuyback.com/sell/cell-phone/google/pixel-8-pro/t-mobile/1tb/fair,https://www.ocbuyback.com/sell/cell-phone/google/pixel-8-pro/t-mobile/1tb/minor-damage,https://www.ocbuyback.com/sell/cell-phone/google/pixel-8-pro/t-mobile/1tb/damaged
Google,Pixel 8 Pro,1TB,Unlocked,255.0,200.0,165.0,40.0,,https://www.ocbuyback.com/sell/cell-phone/google/pixel-8-pro/unlocked/1tb/like-new,https://www.ocbuyback.com/sell/cell-phone/google/pixel-8-pro/unlocked/1tb/good-condition,https://www.ocbuyback.com/sell/cell-phone/google/pixel-8-pro/unlocked/1tb/fair,https://www.ocbuyback.com/sell/cell-phone/google/pixel-8-pro/unlocked/1tb/minor-damage,https://www.ocbuyback.com/sell/cell-phone/google/pixel-8-pro/unlocked/1tb/damaged
Google,Pixel 8a,128GB,AT&T,115.0,95.0,55.0,10.0,5.0,https://www.ocbuyback.com/sell/cell-phone/google/pixel-8a/at-t/128gb/like-new,https://www.ocbuyback.com/sell/cell-phone/google/pixel-8a/at-t/128gb/good-condition,https://www.ocbuyback.com/sell/cell-phone/google/pixel-8a/at-t/128gb/fair,https://www.ocbuyback.com/sell/cell-phone/google/pixel-8a/at-t/128gb/minor-damage,https://www.ocbuyback.com/sell/cell-phone/google/pixel-8a/at-t/128gb/damaged
Google,Pixel 8a,128GB,Verizon,90.0,70.0,30.0,10.0,5.0,https://www.ocbuyback.com/sell/cell-phone/google/pixel-8a/verizon/128gb/like-new,https://www.ocbuyback.com/sell/cell-phone/google/pixel-8a/verizon/128gb/good-condition,https://www.ocbuyback.com/sell/cell-phone/google/pixel-8a/verizon/128gb/fair,https://www.ocbuyback.com/sell/cell-phone/google/pixel-8a/verizon/128gb/minor-damage,https://www.ocbuyback.com/sell/cell-phone/google/pixel-8a/verizon/128gb/damaged
Google,Pixel 8a,128GB,Unlocked,140.0,120.0,80.0,20.0,5.0,https://www.ocbuyback.com/sell/cell-phone/google/pixel-8a/unlocked/128gb/like-new,https://www.ocbuyback.com/sell/cell-phone/google/pixel-8a/unlocked/128gb/good-condition,https://www.ocbuyback.com/sell/cell-phone/google/pixel-8a/unlocked/128gb/fair,https://www.ocbuyback.com/sell/cell-phone/google/pixel-8a/unlocked/128gb/minor-damage,https://www.ocbuyback.com/sell/cell-phone/google/pixel-8a/unlocked/128gb/damaged
Google,Pixel 8a,256GB,AT&T,125.0,105.0,65.0,10.0,5.0,https://www.ocbuyback.com/sell/cell-phone/google/pixel-8a/at-t/256gb/like-new,https://www.ocbuyback.com/sell/cell-phone/google/pixel-8a/at-t/256gb/good-condition,https://www.ocbuyback.com/sell/cell-phone/google/pixel-8a/at-t/256gb/fair,https://www.ocbuyback.com/sell/cell-phone/google/pixel-8a/at-t/256gb/minor-damage,https://www.ocbuyback.com/sell/cell-phone/google/pixel-8a/at-t/256gb/damaged
Google,Pixel 8a,256GB,Verizon,100.0,80.0,40.0,10.0,5.0,https://www.ocbuyback.com/sell/cell-phone/google/pixel-8a/verizon/256gb/like-new,https://www.ocbuyback.com/sell/cell-phone/google/pixel-8a/verizon/256gb/good-condition,https://www.ocbuyback.com/sell/cell-phone/google/pixel-8a/verizon/256gb/fair,https://www.ocbuyback.com/sell/cell-phone/google/pixel-8a/verizon/256gb/minor-damage,https://www.ocbuyback.com/sell/cell-phone/google/pixel-8a/verizon/256gb/damaged
Google,Pixel 8a,256GB,Unlocked,150.0,130.0,90.0,20.0,5.0,https://www.ocbuyback.com/sell/cell-phone/google/pixel-8a/unlocked/256gb/like-new,https://www.ocbuyback.com/sell/cell-phone/google/pixel-8a/unlocked/256gb/good-condition,https://www.ocbuyback.com/sell/cell-phone/google/pixel-8a/unlocked/256gb/fair,https://www.ocbuyback.com/sell/cell-phone/google/pixel-8a/unlocked/256gb/minor-damage,https://www.ocbuyback.com/sell/cell-phone/google/pixel-8a/unlocked/256gb/damaged
Google,Pixel 9 Pro Fold,256GB,Unlocked,460.0,410.0,330.0,110.0,20.0,https://www.ocbuyback.com/sell/cell-phone/google/pixel-9-pro-fold/unlocked/256gb/like-new,https://www.ocbuyback.com/sell/cell-phone/google/pixel-9-pro-fold/unlocked/256gb/good-condition,https://www.ocbuyback.com/sell/cell-phone/google/pixel-9-pro-fold/unlocked/256gb/fair,https://www.ocbuyback.com/sell/cell-phone/google/pixel-9-pro-fold/unlocked/256gb/minor-damage,https://www.ocbuyback.com/sell/cell-phone/google/pixel-9-pro-fold/unlocked/256gb/damaged
Google,Pixel 9 Pro Fold,512GB,Unlocked,490.0,440.0,360.0,120.0,20.0,https://www.ocbuyback.com/sell/cell-phone/google/pixel-9-pro-fold/unlocked/512gb/like-new,https://www.ocbuyback.com/sell/cell-phone/google/pixel-9-pro-fold/unlocked/512gb/good-condition,https://www.ocbuyback.com/sell/cell-phone/google/pixel-9-pro-fold/unlocked/512gb/fair,https://www.ocbuyback.com/sell/cell-phone/google/pixel-9-pro-fold/unlocked/512gb/minor-damage,https://www.ocbuyback.com/sell/cell-phone/google/pixel-9-pro-fold/unlocked/512gb/damaged
Google,Pixel 9,128GB,Unlocked,235.0,185.0,130.0,50.0,10.0,https://www.ocbuyback.com/sell/cell-phone/google/pixel-9/unlocked/128gb/like-new,https://www.ocbuyback.com/sell/cell-phone/google/pixel-9/unlocked/128gb/good-condition,https://www.ocbuyback.com/sell/cell-phone/google/pixel-9/unlocked/128gb/fair,https://www.ocbuyback.com/sell/cell-phone/google/pixel-9/unlocked/128gb/minor-damage,https://www.ocbuyback.com/sell/cell-phone/google/pixel-9/unlocked/128gb/damaged
Google,Pixel 9,256GB,Unlocked,255.0,205.0,150.0,50.0,10.0,https://www.ocbuyback.com/sell/cell-phone/google/pixel-9/unlocked/256gb/like-new,https://www.ocbuyback.com/sell/cell-phone/google/pixel-9/unlocked/256gb/good-condition,https://www.ocbuyback.com/sell/cell-phone/google/pixel-9/unlocked/256gb/fair,https://www.ocbuyback.com/sell/cell-phone/google/pixel-9/unlocked/256gb/minor-damage,https://www.ocbuyback.com/sell/cell-phone/google/pixel-9/unlocked/256gb/damaged
Google,Pixel 9a,128GB,AT&T,150.0,120.0,75.0,25.0,10.0,https://www.ocbuyback.com/sell/cell-phone/google/pixel-9a/at-t/128gb/like-new,https://www.ocbuyback.com/sell/cell-phone/google/pixel-9a/at-t/128gb/good-condition,https://www.ocbuyback.com/sell/cell-phone/google/pixel-9a/at-t/128gb/fair,https://www.ocbuyback.com/sell/cell-phone/google/pixel-9a/at-t/128gb/minor-damage,https://www.ocbuyback.com/sell/cell-phone/google/pixel-9a/at-t/128gb/damaged
Google,Pixel 9a,128GB,T-Mobile,125.0,95.0,50.0,25.0,10.0,https://www.ocbuyback.com/sell/cell-phone/google/pixel-9a/t-mobile/128gb/like-new,https://www.ocbuyback.com/sell/cell-phone/google/pixel-9a/t-mobile/128gb/good-condition,https://www.ocbuyback.com/sell/cell-phone/google/pixel-9a/t-mobile/128gb/fair,https://www.ocbuyback.com/sell/cell-phone/google/pixel-9a/t-mobile/128gb/minor-damage,https://www.ocbuyback.com/sell/cell-phone/google/pixel-9a/t-mobile/128gb/damaged
Google,Pixel 9a,128GB,Unlocked,175.0,145.0,100.0,50.0,10.0,https://www.ocbuyback.com/sell/cell-phone/google/pixel-9a/unlocked/128gb/like-new,https://www.ocbuyback.com/sell/cell-phone/google/pixel-9a/unlocked/128gb/good-condition,https://www.ocbuyback.com/sell/cell-phone/google/pixel-9a/unlocked/128gb/fair,https://www.ocbuyback.com/sell/cell-phone/google/pixel-9a/unlocked/128gb/minor-damage,https://www.ocbuyback.com/sell/cell-phone/google/pixel-9a/unlocked/128gb/damaged
Google,Pixel 9a,256GB,AT&T,170.0,140.0,95.0,30.0,10.0,https://www.ocbuyback.com/sell/cell-phone/google/pixel-9a/at-t/256gb/like-new,https://www.ocbuyback.com/sell/cell-phone/google/pixel-9a/at-t/256gb/good-condition,https://www.ocbuyback.com/sell/cell-phone/google/pixel-9a/at-t/256gb/fair,https://www.ocbuyback.com/sell/cell-phone/google/pixel-9a/at-t/256gb/minor-damage,https://www.ocbuyback.com/sell/cell-phone/google/pixel-9a/at-t/256gb/damaged
Google,Pixel 9a,256GB,T-Mobile,145.0,115.0,70.0,10.0,10.0,https://www.ocbuyback.com/sell/cell-phone/google/pixel-9a/t-mobile/256gb/like-new,https://www.ocbuyback.com/sell/cell-phone/google/pixel-9a/t-mobile/256gb/good-condition,https://www.ocbuyback.com/sell/cell-phone/google/pixel-9a/t-mobile/256gb/fair,https://www.ocbuyback.com/sell/cell-phone/google/pixel-9a/t-mobile/256gb/minor-damage,https://www.ocbuyback.com/sell/cell-phone/google/pixel-9a/t-mobile/256gb/damaged
Google,Pixel 9a,256GB,Unlocked,195.0,165.0,120.0,55.0,10.0,https://www.ocbuyback.com/sell/cell-phone/google/pixel-9a/unlocked/256gb/like-new,https://www.ocbuyback.com/sell/cell-phone/google/pixel-9a/unlocked/256gb/good-condition,https://www.ocbuyback.com/sell/cell-phone/google/pixel-9a/unlocked/256gb/fair,https://www.ocbuyback.com/sell/cell-phone/google/pixel-9a/unlocked/256gb/minor-damage,https://www.ocbuyback.com/sell/cell-phone/google/pixel-9a/unlocked/256gb/damaged
Google,Pixel 9 Pro,128GB,Unlocked,270.0,230.0,165.0,55.0,10.0,https://www.ocbuyback.com/sell/cell-phone/google/pixel-9-pro/unlocked/128gb/like-new,https://www.ocbuyback.com/sell/cell-phone/google/pixel-9-pro/unlocked/128gb/good-condition,https://www.ocbuyback.com/sell/cell-phone/google/pixel-9-pro/unlocked/128gb/fair,https://www.ocbuyback.com/sell/cell-phone/google/pixel-9-pro/unlocked/128gb/minor-damage,https://www.ocbuyback.com/sell/cell-phone/google/pixel-9-pro/unlocked/128gb/damaged
Google,Pixel 9 Pro,256GB,Unlocked,300.0,260.0,195.0,57.0,10.0,https://www.ocbuyback.com/sell/cell-phone/google/pixel-9-pro/unlocked/256gb/like-new,https://www.ocbuyback.com/sell/cell-phone/google/pixel-9-pro/unlocked/256gb/good-condition,https://www.ocbuyback.com/sell/cell-phone/google/pixel-9-pro/unlocked/256gb/fair,https://www.ocbuyback.com/sell/cell-phone/google/pixel-9-pro/unlocked/256gb/minor-damage,https://www.ocbuyback.com/sell/cell-phone/google/pixel-9-pro/unlocked/256gb/damaged
Google,Pixel 9 Pro,512GB,Unlocked,320.0,280.0,215.0,60.0,10.0,https://www.ocbuyback.com/sell/cell-phone/google/pixel-9-pro/unlocked/512gb/like-new,https://www.ocbuyback.com/sell/cell-phone/google/pixel-9-pro/unlocked/512gb/good-condition,https://www.ocbuyback.com/sell/cell-phone/google/pixel-9-pro/unlocked/512gb/fair,https://www.ocbuyback.com/sell/cell-phone/google/pixel-9-pro/unlocked/512gb/minor-damage,https://www.ocbuyback.com/sell/cell-phone/google/pixel-9-pro/unlocked/512gb/damaged
Google,Pixel 9 Pro,1TB,Unlocked,345.0,305.0,240.0,65.0,10.0,https://www.ocbuyback.com/sell/cell-phone/google/pixel-9-pro/unlocked/1tb/like-new,https://www.ocbuyback.com/sell/cell-phone/google/pixel-9-pro/unlocked/1tb/good-condition,https://www.ocbuyback.com/sell/cell-phone/google/pixel-9-pro/unlocked/1tb/fair,https://www.ocbuyback.com/sell/cell-phone/google/pixel-9-pro/unlocked/1tb/minor-damage,https://www.ocbuyback.com/sell/cell-phone/google/pixel-9-pro/unlocked/1tb/damaged
Google,Pixel 9 Pro XL,128GB,Unlocked,330.0,280.0,215.0,75.0,10.0,https://www.ocbuyback.com/sell/cell-phone/google/pixel-9-pro-xl/unlocked/128gb/like-new,https://www.ocbuyback.com/sell/cell-phone/google/pixel-9-pro-xl/unlocked/128gb/good-condition,https://www.ocbuyback.com/sell/cell-phone/google/pixel-9-pro-xl/unlocked/128gb/fair,https://www.ocbuyback.com/sell/cell-phone/google/pixel-9-pro-xl/unlocked/128gb/minor-damage,https://www.ocbuyback.com/sell/cell-phone/google/pixel-9-pro-xl/unlocked/128gb/damaged
Google,Pixel 9 Pro XL,256GB,Unlocked,340.0,290.0,230.0,80.0,10.0,https://www.ocbuyback.com/sell/cell-phone/google/pixel-9-pro-xl/unlocked/256gb/like-new,https://www.ocbuyback.com/sell/cell-phone/google/pixel-9-pro-xl/unlocked/256gb/good-condition,https://www.ocbuyback.com/sell/cell-phone/google/pixel-9-pro-xl/unlocked/256gb/fair,https://www.ocbuyback.com/sell/cell-phone/google/pixel-9-pro-xl/unlocked/256gb/minor-damage,https://www.ocbuyback.com/sell/cell-phone/google/pixel-9-pro-xl/unlocked/256gb/damaged
Google,Pixel 9 Pro XL,512GB,Unlocked,370.0,320.0,255.0,85.0,10.0,https://www.ocbuyback.com/sell/cell-phone/google/pixel-9-pro-xl/unlocked/512gb/like-new,https://www.ocbuyback.com/sell/cell-phone/google/pixel-9-pro-xl/unlocked/512gb/good-condition,https://www.ocbuyback.com/sell/cell-phone/google/pixel-9-pro-xl/unlocked/512gb/fair,https://www.ocbuyback.com/sell/cell-phone/google/pixel-9-pro-xl/unlocked/512gb/minor-damage,https://www.ocbuyback.com/sell/cell-phone/google/pixel-9-pro-xl/unlocked/512gb/damaged
Google,Pixel 9 Pro XL,1TB,Unlocked,390.0,330.0,275.0,90.0,10.0,https://www.ocbuyback.com/sell/cell-phone/google/pixel-9-pro-xl/unlocked/1tb/like-new,https://www.ocbuyback.com/sell/cell-phone/google/pixel-9-pro-xl/unlocked/1tb/good-condition,https://www.ocbuyback.com/sell/cell-phone/google/pixel-9-pro-xl/unlocked/1tb/fair,https://www.ocbuyback.com/sell/cell-phone/google/pixel-9-pro-xl/unlocked/1tb/minor-damage,https://www.ocbuyback.com/sell/cell-phone/google/pixel-9-pro-xl/unlocked/1tb/damaged
Google,Pixel 10 Pro Fold,256GB,AT&T,510.0,470.0,380.0,90.0,20.0,https://www.ocbuyback.com/sell/cell-phone/google/pixel-10-pro-fold/at-t/256gb/like-new,https://www.ocbuyback.com/sell/cell-phone/google/pixel-10-pro-fold/at-t/256gb/good-condition,https://www.ocbuyback.com/sell/cell-phone/google/pixel-10-pro-fold/at-t/256gb/fair,https://www.ocbuyback.com/sell/cell-phone/google/pixel-10-pro-fold/at-t/256gb/minor-damage,https://www.ocbuyback.com/sell/cell-phone/google/pixel-10-pro-fold/at-t/256gb/damaged
Google,Pixel 10 Pro Fold,256GB,T-Mobile,460.0,420.0,330.0,65.0,20.0,https://www.ocbuyback.com/sell/cell-phone/google/pixel-10-pro-fold/t-mobile/256gb/like-new,https://www.ocbuyback.com/sell/cell-phone/google/pixel-10-pro-fold/t-mobile/256gb/good-condition,https://www.ocbuyback.com/sell/cell-phone/google/pixel-10-pro-fold/t-mobile/256gb/fair,https://www.ocbuyback.com/sell/cell-phone/google/pixel-10-pro-fold/t-mobile/256gb/minor-damage,https://www.ocbuyback.com/sell/cell-phone/google/pixel-10-pro-fold/t-mobile/256gb/damaged
Google,Pixel 10 Pro Fold,256GB,Verizon,260.0,220.0,130.0,25.0,20.0,https://www.ocbuyback.com/sell/cell-phone/google/pixel-10-pro-fold/verizon/256gb/like-new,https://www.ocbuyback.com/sell/cell-phone/google/pixel-10-pro-fold/verizon/256gb/good-condition,https://www.ocbuyback.com/sell/cell-phone/google/pixel-10-pro-fold/verizon/256gb/fair,https://www.ocbuyback.com/sell/cell-phone/google/pixel-10-pro-fold/verizon/256gb/minor-damage,https://www.ocbuyback.com/sell/cell-phone/google/pixel-10-pro-fold/verizon/256gb/damaged
Google,Pixel 10 Pro Fold,256GB,Unlocked,680.0,580.0,365.0,90.0,20.0,https://www.ocbuyback.com/sell/cell-phone/google/pixel-10-pro-fold/unlocked/256gb/like-new,https://www.ocbuyback.com/sell/cell-phone/google/pixel-10-pro-fold/unlocked/256gb/good-condition,https://www.ocbuyback.com/sell/cell-phone/google/pixel-10-pro-fold/unlocked/256gb/fair,https://www.ocbuyback.com/sell/cell-phone/google/pixel-10-pro-fold/unlocked/256gb/minor-damage,https://www.ocbuyback.com/sell/cell-phone/google/pixel-10-pro-fold/unlocked/256gb/damaged
Google,Pixel 10 Pro Fold,512GB,AT&T,540.0,500.0,410.0,105.0,20.0,https://www.ocbuyback.com/sell/cell-phone/google/pixel-10-pro-fold/at-t/512gb/like-new,https://www.ocbuyback.com/sell/cell-phone/google/pixel-10-pro-fold/at-t/512gb/good-condition,https://www.ocbuyback.com/sell/cell-phone/google/pixel-10-pro-fold/at-t/512gb/fair,https://www.ocbuyback.com/sell/cell-phone/google/pixel-10-pro-fold/at-t/512gb/minor-damage,https://www.ocbuyback.com/sell/cell-phone/google/pixel-10-pro-fold/at-t/512gb/damaged
Google,Pixel 10 Pro Fold,512GB,T-Mobile,490.0,450.0,360.0,80.0,20.0,https://www.ocbuyback.com/sell/cell-phone/google/pixel-10-pro-fold/t-mobile/512gb/like-new,https://www.ocbuyback.com/sell/cell-phone/google/pixel-10-pro-fold/t-mobile/512gb/good-condition,https://www.ocbuyback.com/sell/cell-phone/google/pixel-10-pro-fold/t-mobile/512gb/fair,https://www.ocbuyback.com/sell/cell-phone/google/pixel-10-pro-fold/t-mobile/512gb/minor-damage,https://www.ocbuyback.com/sell/cell-phone/google/pixel-10-pro-fold/t-mobile/512gb/damaged
Google,Pixel 10 Pro Fold,512GB,Verizon,290.0,250.0,160.0,40.0,20.0,https://www.ocbuyback.com/sell/cell-phone/google/pixel-10-pro-fold/verizon/512gb/like-new,https://www.ocbuyback.com/sell/cell-phone/google/pixel-10-pro-fold/verizon/512gb/good-condition,https://www.ocbuyback.com/sell/cell-phone/google/pixel-10-pro-fold/verizon/512gb/fair,https://www.ocbuyback.com/sell/cell-phone/google/pixel-10-pro-fold/verizon/512gb/minor-damage,https://www.ocbuyback.com/sell/cell-phone/google/pixel-10-pro-fold/verizon/512gb/damaged
Google,Pixel 10 Pro Fold,512GB,Unlocked,720.0,610.0,390.0,95.0,20.0,https://www.ocbuyback.com/sell/cell-phone/google/pixel-10-pro-fold/unlocked/512gb/like-new,https://www.ocbuyback.com/sell/cell-phone/google/pixel-10-pro-fold/unlocked/512gb/good-condition,https://www.ocbuyback.com/sell/cell-phone/google/pixel-10-pro-fold/unlocked/512gb/fair,https://www.ocbuyback.com/sell/cell-phone/google/pixel-10-pro-fold/unlocked/512gb/minor-damage,https://www.ocbuyback.com/sell/cell-phone/google/pixel-10-pro-fold/unlocked/512gb/damaged
Google,Pixel 10 Pro Fold,1TB,AT&T,570.0,530.0,440.0,120.0,20.0,https://www.ocbuyback.com/sell/cell-phone/google/pixel-10-pro-fold/at-t/1tb/like-new,https://www.ocbuyback.com/sell/cell-phone/google/pixel-10-pro-fold/at-t/1tb/good-condition,https://www.ocbuyback.com/sell/cell-phone/google/pixel-10-pro-fold/at-t/1tb/fair,https://www.ocbuyback.com/sell/cell-phone/google/pixel-10-pro-fold/at-t/1tb/minor-damage,https://www.ocbuyback.com/sell/cell-phone/google/pixel-10-pro-fold/at-t/1tb/damaged
Google,Pixel 10 Pro Fold,1TB,T-Mobile,520.0,480.0,390.0,95.0,20.0,https://www.ocbuyback.com/sell/cell-phone/google/pixel-10-pro-fold/t-mobile/1tb/like-new,https://www.ocbuyback.com/sell/cell-phone/google/pixel-10-pro-fold/t-mobile/1tb/good-condition,https://www.ocbuyback.com/sell/cell-phone/google/pixel-10-pro-fold/t-mobile/1tb/fair,https://www.ocbuyback.com/sell/cell-phone/google/pixel-10-pro-fold/t-mobile/1tb/minor-damage,https://www.ocbuyback.com/sell/cell-phone/google/pixel-10-pro-fold/t-mobile/1tb/damaged
Google,Pixel 10 Pro Fold,1TB,Verizon,320.0,280.0,190.0,55.0,20.0,https://www.ocbuyback.com/sell/cell-phone/google/pixel-10-pro-fold/verizon/1tb/like-new,https://www.ocbuyback.com/sell/cell-phone/google/pixel-10-pro-fold/verizon/1tb/good-condition,https://www.ocbuyback.com/sell/cell-phone/google/pixel-10-pro-fold/verizon/1tb/fair,https://www.ocbuyback.com/sell/cell-phone/google/pixel-10-pro-fold/verizon/1tb/minor-damage,https://www.ocbuyback.com/sell/cell-phone/google/pixel-10-pro-fold/verizon/1tb/damaged
Google,Pixel 10 Pro Fold,1TB,Unlocked,760.0,660.0,420.0,100.0,20.0,https://www.ocbuyback.com/sell/cell-phone/google/pixel-10-pro-fold/unlocked/1tb/like-new,https://www.ocbuyback.com/sell/cell-phone/google/pixel-10-pro-fold/unlocked/1tb/good-condition,https://www.ocbuyback.com/sell/cell-phone/google/pixel-10-pro-fold/unlocked/1tb/fair,https://www.ocbuyback.com/sell/cell-phone/google/pixel-10-pro-fold/unlocked/1tb/minor-damage,https://www.ocbuyback.com/sell/cell-phone/google/pixel-10-pro-fold/unlocked/1tb/damaged
Google,Pixel 10,128GB,AT&T,305.0,280.0,215.0,50.0,10.0,https://www.ocbuyback.com/sell/cell-phone/google/pixel-10/at-t/128gb/like-new,https://www.ocbuyback.com/sell/cell-phone/google/pixel-10/at-t/128gb/good-condition,https://www.ocbuyback.com/sell/cell-phone/google/pixel-10/at-t/128gb/fair,https://www.ocbuyback.com/sell/cell-phone/google/pixel-10/at-t/128gb/minor-damage,https://www.ocbuyback.com/sell/cell-phone/google/pixel-10/at-t/128gb/damaged
Google,Pixel 10,128GB,T-Mobile,280.0,255.0,190.0,25.0,10.0,https://www.ocbuyback.com/sell/cell-phone/google/pixel-10/t-mobile/128gb/like-new,https://www.ocbuyback.com/sell/cell-phone/google/pixel-10/t-mobile/128gb/good-condition,https://www.ocbuyback.com/sell/cell-phone/google/pixel-10/t-mobile/128gb/fair,https://www.ocbuyback.com/sell/cell-phone/google/pixel-10/t-mobile/128gb/minor-damage,https://www.ocbuyback.com/sell/cell-phone/google/pixel-10/t-mobile/128gb/damaged
Google,Pixel 10,128GB,Verizon,130.0,105.0,40.0,30.0,10.0,https://www.ocbuyback.com/sell/cell-phone/google/pixel-10/verizon/128gb/like-new,https://www.ocbuyback.com/sell/cell-phone/google/pixel-10/verizon/128gb/good-condition,https://www.ocbuyback.com/sell/cell-phone/google/pixel-10/verizon/128gb/fair,https://www.ocbuyback.com/sell/cell-phone/google/pixel-10/verizon/128gb/minor-damage,https://www.ocbuyback.com/sell/cell-phone/google/pixel-10/verizon/128gb/damaged
Google,Pixel 10,128GB,Unlocked,330.0,285.0,188.0,50.0,10.0,https://www.ocbuyback.com/sell/cell-phone/google/pixel-10/unlocked/128gb/like-new,https://www.ocbuyback.com/sell/cell-phone/google/pixel-10/unlocked/128gb/good-condition,https://www.ocbuyback.com/sell/cell-phone/google/pixel-10/unlocked/128gb/fair,https://www.ocbuyback.com/sell/cell-phone/google/pixel-10/unlocked/128gb/minor-damage,https://www.ocbuyback.com/sell/cell-phone/google/pixel-10/unlocked/128gb/damaged
Google,Pixel 10,256GB,AT&T,325.0,300.0,235.0,60.0,,https://www.ocbuyback.com/sell/cell-phone/google/pixel-10/at-t/256gb/like-new,https://www.ocbuyback.com/sell/cell-phone/google/pixel-10/at-t/256gb/good-condition,https://www.ocbuyback.com/sell/cell-phone/google/pixel-10/at-t/256gb/fair,https://www.ocbuyback.com/sell/cell-phone/google/pixel-10/at-t/256gb/minor-damage,https://www.ocbuyback.com/sell/cell-phone/google/pixel-10/at-t/256gb/damaged
Google,Pixel 10,256GB,T-Mobile,300.0,275.0,210.0,35.0,10.0,https://www.ocbuyback.com/sell/cell-phone/google/pixel-10/t-mobile/256gb/like-new,https://www.ocbuyback.com/sell/cell-phone/google/pixel-10/t-mobile/256gb/good-condition,https://www.ocbuyback.com/sell/cell-phone/google/pixel-10/t-mobile/256gb/fair,https://www.ocbuyback.com/sell/cell-phone/google/pixel-10/t-mobile/256gb/minor-damage,https://www.ocbuyback.com/sell/cell-phone/google/pixel-10/t-mobile/256gb/damaged
Google,Pixel 10,256GB,Verizon,150.0,125.0,60.0,44.0,10.0,https://www.ocbuyback.com/sell/cell-phone/google/pixel-10/verizon/256gb/like-new,https://www.ocbuyback.com/sell/cell-phone/google/pixel-10/verizon/256gb/good-condition,https://www.ocbuyback.com/sell/cell-phone/google/pixel-10/verizon/256gb/fair,https://www.ocbuyback.com/sell/cell-phone/google/pixel-10/verizon/256gb/minor-damage,https://www.ocbuyback.com/sell/cell-phone/google/pixel-10/verizon/256gb/damaged
Google,Pixel 10,256GB,Unlocked,350.0,305.0,204.0,47.0,10.0,https://www.ocbuyback.com/sell/cell-phone/google/pixel-10/unlocked/256gb/like-new,https://www.ocbuyback.com/sell/cell-phone/google/pixel-10/unlocked/256gb/good-condition,https://www.ocbuyback.com/sell/cell-phone/google/pixel-10/unlocked/256gb/fair,https://www.ocbuyback.com/sell/cell-phone/google/pixel-10/unlocked/256gb/minor-damage,https://www.ocbuyback.com/sell/cell-phone/google/pixel-10/unlocked/256gb/damaged
Google,Pixel 10 Pro,128GB,AT&T,350.0,330.0,250.0,50.0,10.0,https://www.ocbuyback.com/sell/cell-phone/google/pixel-10-pro/at-t/128gb/like-new,https://www.ocbuyback.com/sell/cell-phone/google/pixel-10-pro/at-t/128gb/good-condition,https://www.ocbuyback.com/sell/cell-phone/google/pixel-10-pro/at-t/128gb/fair,https://www.ocbuyback.com/sell/cell-phone/google/pixel-10-pro/at-t/128gb/minor-damage,https://www.ocbuyback.com/sell/cell-phone/google/pixel-10-pro/at-t/128gb/damaged
Google,Pixel 10 Pro,128GB,T-Mobile,350.0,330.0,250.0,50.0,10.0,https://www.ocbuyback.com/sell/cell-phone/google/pixel-10-pro/t-mobile/128gb/like-new,https://www.ocbuyback.com/sell/cell-phone/google/pixel-10-pro/t-mobile/128gb/good-condition,https://www.ocbuyback.com/sell/cell-phone/google/pixel-10-pro/t-mobile/128gb/fair,https://www.ocbuyback.com/sell/cell-phone/google/pixel-10-pro/t-mobile/128gb/minor-damage,https://www.ocbuyback.com/sell/cell-phone/google/pixel-10-pro/t-mobile/128gb/damaged
Google,Pixel 10 Pro,128GB,Verizon,200.0,180.0,100.0,47.0,10.0,https://www.ocbuyback.com/sell/cell-phone/google/pixel-10-pro/verizon/128gb/like-new,https://www.ocbuyback.com/sell/cell-phone/google/pixel-10-pro/verizon/128gb/good-condition,https://www.ocbuyback.com/sell/cell-phone/google/pixel-10-pro/verizon/128gb/fair,https://www.ocbuyback.com/sell/cell-phone/google/pixel-10-pro/verizon/128gb/minor-damage,https://www.ocbuyback.com/sell/cell-phone/google/pixel-10-pro/verizon/128gb/damaged
Google,Pixel 10 Pro,128GB,Unlocked,415.0,355.0,275.0,55.0,10.0,https://www.ocbuyback.com/sell/cell-phone/google/pixel-10-pro/unlocked/128gb/like-new,https://www.ocbuyback.com/sell/cell-phone/google/pixel-10-pro/unlocked/128gb/good-condition,https://www.ocbuyback.com/sell/cell-phone/google/pixel-10-pro/unlocked/128gb/fair,https://www.ocbuyback.com/sell/cell-phone/google/pixel-10-pro/unlocked/128gb/minor-damage,https://www.ocbuyback.com/sell/cell-phone/google/pixel-10-pro/unlocked/128gb/damaged
Google,Pixel 10 Pro,256GB,AT&T,415.0,395.0,315.0,60.0,10.0,https://www.ocbuyback.com/sell/cell-phone/google/pixel-10-pro/at-t/256gb/like-new,https://www.ocbuyback.com/sell/cell-phone/google/pixel-10-pro/at-t/256gb/good-condition,https://www.ocbuyback.com/sell/cell-phone/google/pixel-10-pro/at-t/256gb/fair,https://www.ocbuyback.com/sell/cell-phone/google/pixel-10-pro/at-t/256gb/minor-damage,https://www.ocbuyback.com/sell/cell-phone/google/pixel-10-pro/at-t/256gb/damaged
Google,Pixel 10 Pro,256GB,T-Mobile,415.0,395.0,315.0,60.0,10.0,https://www.ocbuyback.com/sell/cell-phone/google/pixel-10-pro/t-mobile/256gb/like-new,https://www.ocbuyback.com/sell/cell-phone/google/pixel-10-pro/t-mobile/256gb/good-condition,https://www.ocbuyback.com/sell/cell-phone/google/pixel-10-pro/t-mobile/256gb/fair,https://www.ocbuyback.com/sell/cell-phone/google/pixel-10-pro/t-mobile/256gb/minor-damage,https://www.ocbuyback.com/sell/cell-phone/google/pixel-10-pro/t-mobile/256gb/damaged
Google,Pixel 10 Pro,256GB,Verizon,265.0,245.0,165.0,50.0,10.0,https://www.ocbuyback.com/sell/cell-phone/google/pixel-10-pro/verizon/256gb/like-new,https://www.ocbuyback.com/sell/cell-phone/google/pixel-10-pro/verizon/256gb/good-condition,https://www.ocbuyback.com/sell/cell-phone/google/pixel-10-pro/verizon/256gb/fair,https://www.ocbuyback.com/sell/cell-phone/google/pixel-10-pro/verizon/256gb/minor-damage,https://www.ocbuyback.com/sell/cell-phone/google/pixel-10-pro/verizon/256gb/damaged
Google,Pixel 10 Pro,256GB,Unlocked,455.0,405.0,315.0,60.0,10.0,https://www.ocbuyback.com/sell/cell-phone/google/pixel-10-pro/unlocked/256gb/like-new,https://www.ocbuyback.com/sell/cell-phone/google/pixel-10-pro/unlocked/256gb/good-condition,https://www.ocbuyback.com/sell/cell-phone/google/pixel-10-pro/unlocked/256gb/fair,https://www.ocbuyback.com/sell/cell-phone/google/pixel-10-pro/unlocked/256gb/minor-damage,https://www.ocbuyback.com/sell/cell-phone/google/pixel-10-pro/unlocked/256gb/damaged
Google,Pixel 10 Pro,512GB,AT&T,435.0,415.0,335.0,70.0,10.0,https://www.ocbuyback.com/sell/cell-phone/google/pixel-10-pro/at-t/512gb/like-new,https://www.ocbuyback.com/sell/cell-phone/google/pixel-10-pro/at-t/512gb/good-condition,https://www.ocbuyback.com/sell/cell-phone/google/pixel-10-pro/at-t/512gb/fair,https://www.ocbuyback.com/sell/cell-phone/google/pixel-10-pro/at-t/512gb/minor-damage,https://www.ocbuyback.com/sell/cell-phone/google/pixel-10-pro/at-t/512gb/damaged
Google,Pixel 10 Pro,512GB,T-Mobile,435.0,415.0,335.0,70.0,10.0,https://www.ocbuyback.com/sell/cell-phone/google/pixel-10-pro/t-mobile/512gb/like-new,https://www.ocbuyback.com/sell/cell-phone/google/pixel-10-pro/t-mobile/512gb/good-condition,https://www.ocbuyback.com/sell/cell-phone/google/pixel-10-pro/t-mobile/512gb/fair,https://www.ocbuyback.com/sell/cell-phone/google/pixel-10-pro/t-mobile/512gb/minor-damage,https://www.ocbuyback.com/sell/cell-phone/google/pixel-10-pro/t-mobile/512gb/damaged
Google,Pixel 10 Pro,512GB,Verizon,285.0,265.0,185.0,55.0,10.0,https://www.ocbuyback.com/sell/cell-phone/google/pixel-10-pro/verizon/512gb/like-new,https://www.ocbuyback.com/sell/cell-phone/google/pixel-10-pro/verizon/512gb/good-condition,https://www.ocbuyback.com/sell/cell-phone/google/pixel-10-pro/verizon/512gb/fair,https://www.ocbuyback.com/sell/cell-phone/google/pixel-10-pro/verizon/512gb/minor-damage,https://www.ocbuyback.com/sell/cell-phone/google/pixel-10-pro/verizon/512gb/damaged
Google,Pixel 10 Pro,512GB,Unlocked,490.0,440.0,280.0,70.0,10.0,https://www.ocbuyback.com/sell/cell-phone/google/pixel-10-pro/unlocked/512gb/like-new,https://www.ocbuyback.com/sell/cell-phone/google/pixel-10-pro/unlocked/512gb/good-condition,https://www.ocbuyback.com/sell/cell-phone/google/pixel-10-pro/unlocked/512gb/fair,https://www.ocbuyback.com/sell/cell-phone/google/pixel-10-pro/unlocked/512gb/minor-damage,https://www.ocbuyback.com/sell/cell-phone/google/pixel-10-pro/unlocked/512gb/damaged
Google,Pixel 10 Pro,1TB,AT&T,450.0,430.0,350.0,85.0,10.0,https://www.ocbuyback.com/sell/cell-phone/google/pixel-10-pro/at-t/1tb/like-new,https://www.ocbuyback.com/sell/cell-phone/google/pixel-10-pro/at-t/1tb/good-condition,https://www.ocbuyback.com/sell/cell-phone/google/pixel-10-pro/at-t/1tb/fair,https://www.ocbuyback.com/sell/cell-phone/google/pixel-10-pro/at-t/1tb/minor-damage,https://www.ocbuyback.com/sell/cell-phone/google/pixel-10-pro/at-t/1tb/damaged
Google,Pixel 10 Pro,1TB,T-Mobile,450.0,430.0,350.0,85.0,10.0,https://www.ocbuyback.com/sell/cell-phone/google/pixel-10-pro/t-mobile/1tb/like-new,https://www.ocbuyback.com/sell/cell-phone/google/pixel-10-pro/t-mobile/1tb/good-condition,https://www.ocbuyback.com/sell/cell-phone/google/pixel-10-pro/t-mobile/1tb/fair,https://www.ocbuyback.com/sell/cell-phone/google/pixel-10-pro/t-mobile/1tb/minor-damage,https://www.ocbuyback.com/sell/cell-phone/google/pixel-10-pro/t-mobile/1tb/damaged
Google,Pixel 10 Pro,1TB,Verizon,300.0,280.0,200.0,60.0,10.0,https://www.ocbuyback.com/sell/cell-phone/google/pixel-10-pro/verizon/1tb/like-new,https://www.ocbuyback.com/sell/cell-phone/google/pixel-10-pro/verizon/1tb/good-condition,https://www.ocbuyback.com/sell/cell-phone/google/pixel-10-pro/verizon/1tb/fair,https://www.ocbuyback.com/sell/cell-phone/google/pixel-10-pro/verizon/1tb/minor-damage,https://www.ocbuyback.com/sell/cell-phone/google/pixel-10-pro/verizon/1tb/damaged
Google,Pixel 10 Pro,1TB,Unlocked,500.0,430.0,350.0,85.0,10.0,https://www.ocbuyback.com/sell/cell-phone/google/pixel-10-pro/unlocked/1tb/like-new,https://www.ocbuyback.com/sell/cell-phone/google/pixel-10-pro/unlocked/1tb/good-condition,https://www.ocbuyback.com/sell/cell-phone/google/pixel-10-pro/unlocked/1tb/fair,https://www.ocbuyback.com/sell/cell-phone/google/pixel-10-pro/unlocked/1tb/minor-damage,https://www.ocbuyback.com/sell/cell-phone/google/pixel-10-pro/unlocked/1tb/damaged
Google,Pixel 10 Pro XL,256GB,AT&T,390.0,370.0,310.0,65.0,10.0,https://www.ocbuyback.com/sell/cell-phone/google/pixel-10-pro-xl/at-t/256gb/like-new,https://www.ocbuyback.com/sell/cell-phone/google/pixel-10-pro-xl/at-t/256gb/good-condition,https://www.ocbuyback.com/sell/cell-phone/google/pixel-10-pro-xl/at-t/256gb/fair,https://www.ocbuyback.com/sell/cell-phone/google/pixel-10-pro-xl/at-t/256gb/minor-damage,https://www.ocbuyback.com/sell/cell-phone/google/pixel-10-pro-xl/at-t/256gb/damaged
Google,Pixel 10 Pro XL,256GB,T-Mobile,365.0,345.0,285.0,65.0,10.0,https://www.ocbuyback.com/sell/cell-phone/google/pixel-10-pro-xl/t-mobile/256gb/like-new,https://www.ocbuyback.com/sell/cell-phone/google/pixel-10-pro-xl/t-mobile/256gb/good-condition,https://www.ocbuyback.com/sell/cell-phone/google/pixel-10-pro-xl/t-mobile/256gb/fair,https://www.ocbuyback.com/sell/cell-phone/google/pixel-10-pro-xl/t-mobile/256gb/minor-damage,https://www.ocbuyback.com/sell/cell-phone/google/pixel-10-pro-xl/t-mobile/256gb/damaged
Google,Pixel 10 Pro XL,256GB,Verizon,250.0,230.0,170.0,50.0,10.0,https://www.ocbuyback.com/sell/cell-phone/google/pixel-10-pro-xl/verizon/256gb/like-new,https://www.ocbuyback.com/sell/cell-phone/google/pixel-10-pro-xl/verizon/256gb/good-condition,https://www.ocbuyback.com/sell/cell-phone/google/pixel-10-pro-xl/verizon/256gb/fair,https://www.ocbuyback.com/sell/cell-phone/google/pixel-10-pro-xl/verizon/256gb/minor-damage,https://www.ocbuyback.com/sell/cell-phone/google/pixel-10-pro-xl/verizon/256gb/damaged
Google,Pixel 10 Pro XL,256GB,Unlocked,475.0,405.0,265.0,65.0,10.0,https://www.ocbuyback.com/sell/cell-phone/google/pixel-10-pro-xl/unlocked/256gb/like-new,https://www.ocbuyback.com/sell/cell-phone/google/pixel-10-pro-xl/unlocked/256gb/good-condition,https://www.ocbuyback.com/sell/cell-phone/google/pixel-10-pro-xl/unlocked/256gb/fair,https://www.ocbuyback.com/sell/cell-phone/google/pixel-10-pro-xl/unlocked/256gb/minor-damage,https://www.ocbuyback.com/sell/cell-phone/google/pixel-10-pro-xl/unlocked/256gb/damaged
Google,Pixel 10 Pro XL,512GB,AT&T,425.0,405.0,345.0,75.0,10.0,https://www.ocbuyback.com/sell/cell-phone/google/pixel-10-pro-xl/at-t/512gb/like-new,https://www.ocbuyback.com/sell/cell-phone/google/pixel-10-pro-xl/at-t/512gb/good-condition,https://www.ocbuyback.com/sell/cell-phone/google/pixel-10-pro-xl/at-t/512gb/fair,https://www.ocbuyback.com/sell/cell-phone/google/pixel-10-pro-xl/at-t/512gb/minor-damage,https://www.ocbuyback.com/sell/cell-phone/google/pixel-10-pro-xl/at-t/512gb/damaged
Google,Pixel 10 Pro XL,512GB,T-Mobile,400.0,380.0,320.0,75.0,10.0,https://www.ocbuyback.com/sell/cell-phone/google/pixel-10-pro-xl/t-mobile/512gb/like-new,https://www.ocbuyback.com/sell/cell-phone/google/pixel-10-pro-xl/t-mobile/512gb/good-condition,https://www.ocbuyback.com/sell/cell-phone/google/pixel-10-pro-xl/t-mobile/512gb/fair,https://www.ocbuyback.com/sell/cell-phone/google/pixel-10-pro-xl/t-mobile/512gb/minor-damage,https://www.ocbuyback.com/sell/cell-phone/google/pixel-10-pro-xl/t-mobile/512gb/damaged
Google,Pixel 10 Pro XL,512GB,Verizon,285.0,265.0,205.0,50.0,10.0,https://www.ocbuyback.com/sell/cell-phone/google/pixel-10-pro-xl/verizon/512gb/like-new,https://www.ocbuyback.com/sell/cell-phone/google/pixel-10-pro-xl/verizon/512gb/good-condition,https://www.ocbuyback.com/sell/cell-phone/google/pixel-10-pro-xl/verizon/512gb/fair,https://www.ocbuyback.com/sell/cell-phone/google/pixel-10-pro-xl/verizon/512gb/minor-damage,https://www.ocbuyback.com/sell/cell-phone/google/pixel-10-pro-xl/verizon/512gb/damaged
Google,Pixel 10 Pro XL,512GB,Unlocked,500.0,430.0,285.0,95.0,10.0,https://www.ocbuyback.com/sell/cell-phone/google/pixel-10-pro-xl/unlocked/512gb/like-new,https://www.ocbuyback.com/sell/cell-phone/google/pixel-10-pro-xl/unlocked/512gb/good-condition,https://www.ocbuyback.com/sell/cell-phone/google/pixel-10-pro-xl/unlocked/512gb/fair,https://www.ocbuyback.com/sell/cell-phone/google/pixel-10-pro-xl/unlocked/512gb/minor-damage,https://www.ocbuyback.com/sell/cell-phone/google/pixel-10-pro-xl/unlocked/512gb/damaged
Google,Pixel 10 Pro XL,1TB,AT&T,440.0,420.0,360.0,90.0,10.0,https://www.ocbuyback.com/sell/cell-phone/google/pixel-10-pro-xl/at-t/1tb/like-new,https://www.ocbuyback.com/sell/cell-phone/google/pixel-10-pro-xl/at-t/1tb/good-condition,https://www.ocbuyback.com/sell/cell-phone/google/pixel-10-pro-xl/at-t/1tb/fair,https://www.ocbuyback.com/sell/cell-phone/google/pixel-10-pro-xl/at-t/1tb/minor-damage,https://www.ocbuyback.com/sell/cell-phone/google/pixel-10-pro-xl/at-t/1tb/damaged
Google,Pixel 10 Pro XL,1TB,T-Mobile,415.0,395.0,335.0,90.0,10.0,https://www.ocbuyback.com/sell/cell-phone/google/pixel-10-pro-xl/t-mobile/1tb/like-new,https://www.ocbuyback.com/sell/cell-phone/google/pixel-10-pro-xl/t-mobile/1tb/good-condition,https://www.ocbuyback.com/sell/cell-phone/google/pixel-10-pro-xl/t-mobile/1tb/fair,https://www.ocbuyback.com/sell/cell-phone/google/pixel-10-pro-xl/t-mobile/1tb/minor-damage,https://www.ocbuyback.com/sell/cell-phone/google/pixel-10-pro-xl/t-mobile/1tb/damaged
Google,Pixel 10 Pro XL,1TB,Verizon,300.0,280.0,220.0,50.0,10.0,https://www.ocbuyback.com/sell/cell-phone/google/pixel-10-pro-xl/verizon/1tb/like-new,https://www.ocbuyback.com/sell/cell-phone/google/pixel-10-pro-xl/verizon/1tb/good-condition,https://www.ocbuyback.com/sell/cell-phone/google/pixel-10-pro-xl/verizon/1tb/fair,https://www.ocbuyback.com/sell/cell-phone/google/pixel-10-pro-xl/verizon/1tb/minor-damage,https://www.ocbuyback.com/sell/cell-phone/google/pixel-10-pro-xl/verizon/1tb/damaged
Google,Pixel 10 Pro XL,1TB,Unlocked,525.0,450.0,310.0,110.0,10.0,https://www.ocbuyback.com/sell/cell-phone/google/pixel-10-pro-xl/unlocked/1tb/like-new,https://www.ocbuyback.com/sell/cell-phone/google/pixel-10-pro-xl/unlocked/1tb/good-condition,https://www.ocbuyback.com/sell/cell-phone/google/pixel-10-pro-xl/unlocked/1tb/fair,https://www.ocbuyback.com/sell/cell-phone/google/pixel-10-pro-xl/unlocked/1tb/minor-damage,https://www.ocbuyback.com/sell/cell-phone/google/pixel-10-pro-xl/unlocked/1tb/damaged
OnePlus,8 5G,256GB,Unlocked,90.0,80.0,50.0,15.0,5.0,https://www.ocbuyback.com/sell/cell-phone/oneplus/8-5g/unlocked/256gb/like-new,https://www.ocbuyback.com/sell/cell-phone/oneplus/8-5g/unlocked/256gb/good-condition,https://www.ocbuyback.com/sell/cell-phone/oneplus/8-5g/unlocked/256gb/fair,https://www.ocbuyback.com/sell/cell-phone/oneplus/8-5g/unlocked/256gb/minor-damage,https://www.ocbuyback.com/sell/cell-phone/oneplus/8-5g/unlocked/256gb/damaged
OnePlus,8 Pro,256GB,Unlocked,125.0,105.0,75.0,35.0,5.0,https://www.ocbuyback.com/sell/cell-phone/oneplus/8-pro/unlocked/256gb/like-new,https://www.ocbuyback.com/sell/cell-phone/oneplus/8-pro/unlocked/256gb/good-condition,https://www.ocbuyback.com/sell/cell-phone/oneplus/8-pro/unlocked/256gb/fair,https://www.ocbuyback.com/sell/cell-phone/oneplus/8-pro/unlocked/256gb/minor-damage,https://www.ocbuyback.com/sell/cell-phone/oneplus/8-pro/unlocked/256gb/damaged
OnePlus,9,128GB,T-Mobile,70.0,60.0,30.0,10.0,5.0,https://www.ocbuyback.com/sell/cell-phone/oneplus/9/t-mobile/128gb/like-new,https://www.ocbuyback.com/sell/cell-phone/oneplus/9/t-mobile/128gb/good-condition,https://www.ocbuyback.com/sell/cell-phone/oneplus/9/t-mobile/128gb/fair,https://www.ocbuyback.com/sell/cell-phone/oneplus/9/t-mobile/128gb/minor-damage,https://www.ocbuyback.com/sell/cell-phone/oneplus/9/t-mobile/128gb/damaged
OnePlus,9,128GB,Verizon,80.0,70.0,40.0,10.0,5.0,https://www.ocbuyback.com/sell/cell-phone/oneplus/9/verizon/128gb/like-new,https://www.ocbuyback.com/sell/cell-phone/oneplus/9/verizon/128gb/good-condition,https://www.ocbuyback.com/sell/cell-phone/oneplus/9/verizon/128gb/fair,https://www.ocbuyback.com/sell/cell-phone/oneplus/9/verizon/128gb/minor-damage,https://www.ocbuyback.com/sell/cell-phone/oneplus/9/verizon/128gb/damaged
OnePlus,9,128GB,Unlocked,90.0,80.0,50.0,15.0,5.0,https://www.ocbuyback.com/sell/cell-phone/oneplus/9/unlocked/128gb/like-new,https://www.ocbuyback.com/sell/cell-phone/oneplus/9/unlocked/128gb/good-condition,https://www.ocbuyback.com/sell/cell-phone/oneplus/9/unlocked/128gb/fair,https://www.ocbuyback.com/sell/cell-phone/oneplus/9/unlocked/128gb/minor-damage,https://www.ocbuyback.com/sell/cell-phone/oneplus/9/unlocked/128gb/damaged
OnePlus,9,256GB,T-Mobile,85.0,75.0,45.0,15.0,5.0,https://www.ocbuyback.com/sell/cell-phone/oneplus/9/t-mobile/256gb/like-new,https://www.ocbuyback.com/sell/cell-phone/oneplus/9/t-mobile/256gb/good-condition,https://www.ocbuyback.com/sell/cell-phone/oneplus/9/t-mobile/256gb/fair,https://www.ocbuyback.com/sell/cell-phone/oneplus/9/t-mobile/256gb/minor-damage,https://www.ocbuyback.com/sell/cell-phone/oneplus/9/t-mobile/256gb/damaged
OnePlus,9,256GB,Verizon,95.0,85.0,55.0,15.0,5.0,https://www.ocbuyback.com/sell/cell-phone/oneplus/9/verizon/256gb/like-new,https://www.ocbuyback.com/sell/cell-phone/oneplus/9/verizon/256gb/good-condition,https://www.ocbuyback.com/sell/cell-phone/oneplus/9/verizon/256gb/fair,https://www.ocbuyback.com/sell/cell-phone/oneplus/9/verizon/256gb/minor-damage,https://www.ocbuyback.com/sell/cell-phone/oneplus/9/verizon/256gb/damaged
OnePlus,9,256GB,Unlocked,105.0,95.0,65.0,20.0,5.0,https://www.ocbuyback.com/sell/cell-phone/oneplus/9/unlocked/256gb/like-new,https://www.ocbuyback.com/sell/cell-phone/oneplus/9/unlocked/256gb/good-condition,https://www.ocbuyback.com/sell/cell-phone/oneplus/9/unlocked/256gb/fair,https://www.ocbuyback.com/sell/cell-phone/oneplus/9/unlocked/256gb/minor-damage,https://www.ocbuyback.com/sell/cell-phone/oneplus/9/unlocked/256gb/damaged
OnePlus,9 Pro,128GB,T-Mobile,90.0,70.0,40.0,10.0,,https://www.ocbuyback.com/sell/cell-phone/oneplus/9-pro/t-mobile/128gb/like-new,https://www.ocbuyback.com/sell/cell-phone/oneplus/9-pro/t-mobile/128gb/good-condition,https://www.ocbuyback.com/sell/cell-phone/oneplus/9-pro/t-mobile/128gb/fair,https://www.ocbuyback.com/sell/cell-phone/oneplus/9-pro/t-mobile/128gb/minor-damage,https://www.ocbuyback.com/sell/cell-phone/oneplus/9-pro/t-mobile/128gb/damaged
OnePlus,9 Pro,128GB,Verizon,110.0,90.0,60.0,20.0,,https://www.ocbuyback.com/sell/cell-phone/oneplus/9-pro/verizon/128gb/like-new,https://www.ocbuyback.com/sell/cell-phone/oneplus/9-pro/verizon/128gb/good-condition,https://www.ocbuyback.com/sell/cell-phone/oneplus/9-pro/verizon/128gb/fair,https://www.ocbuyback.com/sell/cell-phone/oneplus/9-pro/verizon/128gb/minor-damage,https://www.ocbuyback.com/sell/cell-phone/oneplus/9-pro/verizon/128gb/damaged
OnePlus,9 Pro,128GB,Unlocked,110.0,90.0,60.0,20.0,,https://www.ocbuyback.com/sell/cell-phone/oneplus/9-pro/unlocked/128gb/like-new,https://www.ocbuyback.com/sell/cell-phone/oneplus/9-pro/unlocked/128gb/good-condition,https://www.ocbuyback.com/sell/cell-phone/oneplus/9-pro/unlocked/128gb/fair,https://www.ocbuyback.com/sell/cell-phone/oneplus/9-pro/unlocked/128gb/minor-damage,https://www.ocbuyback.com/sell/cell-phone/oneplus/9-pro/unlocked/128gb/damaged
OnePlus,9 Pro,256GB,T-Mobile,110.0,90.0,60.0,10.0,,https://www.ocbuyback.com/sell/cell-phone/oneplus/9-pro/t-mobile/256gb/like-new,https://www.ocbuyback.com/sell/cell-phone/oneplus/9-pro/t-mobile/256gb/good-condition,https://www.ocbuyback.com/sell/cell-phone/oneplus/9-pro/t-mobile/256gb/fair,https://www.ocbuyback.com/sell/cell-phone/oneplus/9-pro/t-mobile/256gb/minor-damage,https://www.ocbuyback.com/sell/cell-phone/oneplus/9-pro/t-mobile/256gb/damaged
OnePlus,9 Pro,256GB,Verizon,120.0,100.0,70.0,35.0,,https://www.ocbuyback.com/sell/cell-phone/oneplus/9-pro/verizon/256gb/like-new,https://www.ocbuyback.com/sell/cell-phone/oneplus/9-pro/verizon/256gb/good-condition,https://www.ocbuyback.com/sell/cell-phone/oneplus/9-pro/verizon/256gb/fair,https://www.ocbuyback.com/sell/cell-phone/oneplus/9-pro/verizon/256gb/minor-damage,https://www.ocbuyback.com/sell/cell-phone/oneplus/9-pro/verizon/256gb/damaged
OnePlus,9 Pro,256GB,Unlocked,130.0,110.0,80.0,35.0,,https://www.ocbuyback.com/sell/cell-phone/oneplus/9-pro/unlocked/256gb/like-new,https://www.ocbuyback.com/sell/cell-phone/oneplus/9-pro/unlocked/256gb/good-condition,https://www.ocbuyback.com/sell/cell-phone/oneplus/9-pro/unlocked/256gb/fair,https://www.ocbuyback.com/sell/cell-phone/oneplus/9-pro/unlocked/256gb/minor-damage,https://www.ocbuyback.com/sell/cell-phone/oneplus/9-pro/unlocked/256gb/damaged
OnePlus,10 Pro,128GB,T-Mobile,75.0,50.0,10.0,10.0,,https://www.ocbuyback.com/sell/cell-phone/oneplus/10-pro/t-mobile/128gb/like-new,https://www.ocbuyback.com/sell/cell-phone/oneplus/10-pro/t-mobile/128gb/good-condition,https://www.ocbuyback.com/sell/cell-phone/oneplus/10-pro/t-mobile/128gb/fair,https://www.ocbuyback.com/sell/cell-phone/oneplus/10-pro/t-mobile/128gb/minor-damage,https://www.ocbuyback.com/sell/cell-phone/oneplus/10-pro/t-mobile/128gb/damaged
OnePlus,10 Pro,128GB,Unlocked,125.0,100.0,100.0,70.0,,https://www.ocbuyback.com/sell/cell-phone/oneplus/10-pro/unlocked/128gb/like-new,https://www.ocbuyback.com/sell/cell-phone/oneplus/10-pro/unlocked/128gb/good-condition,https://www.ocbuyback.com/sell/cell-phone/oneplus/10-pro/unlocked/128gb/fair,https://www.ocbuyback.com/sell/cell-phone/oneplus/10-pro/unlocked/128gb/minor-damage,https://www.ocbuyback.com/sell/cell-phone/oneplus/10-pro/unlocked/128gb/damaged
OnePlus,10 Pro,256GB,T-Mobile,105.0,80.0,40.0,12.0,,https://www.ocbuyback.com/sell/cell-phone/oneplus/10-pro/t-mobile/256gb/like-new,https://www.ocbuyback.com/sell/cell-phone/oneplus/10-pro/t-mobile/256gb/good-condition,https://www.ocbuyback.com/sell/cell-phone/oneplus/10-pro/t-mobile/256gb/fair,https://www.ocbuyback.com/sell/cell-phone/oneplus/10-pro/t-mobile/256gb/minor-damage,https://www.ocbuyback.com/sell/cell-phone/oneplus/10-pro/t-mobile/256gb/damaged
OnePlus,10 Pro,256GB,Unlocked,210.0,205.0,155.0,22.0,,https://www.ocbuyback.com/sell/cell-phone/oneplus/10-pro/unlocked/256gb/like-new,https://www.ocbuyback.com/sell/cell-phone/oneplus/10-pro/unlocked/256gb/good-condition,https://www.ocbuyback.com/sell/cell-phone/oneplus/10-pro/unlocked/256gb/fair,https://www.ocbuyback.com/sell/cell-phone/oneplus/10-pro/unlocked/256gb/minor-damage,https://www.ocbuyback.com/sell/cell-phone/oneplus/10-pro/unlocked/256gb/damaged
OnePlus,10 Pro,512GB,T-Mobile,105.0,80.0,40.0,13.0,,https://www.ocbuyback.com/sell/cell-phone/oneplus/10-pro/t-mobile/512gb/like-new,https://www.ocbuyback.com/sell/cell-phone/oneplus/10-pro/t-mobile/512gb/good-condition,https://www.ocbuyback.com/sell/cell-phone/oneplus/10-pro/t-mobile/512gb/fair,https://www.ocbuyback.com/sell/cell-phone/oneplus/10-pro/t-mobile/512gb/minor-damage,https://www.ocbuyback.com/sell/cell-phone/oneplus/10-pro/t-mobile/512gb/damaged
OnePlus,10 Pro,512GB,Unlocked,155.0,130.0,90.0,23.0,,https://www.ocbuyback.com/sell/cell-phone/oneplus/10-pro/unlocked/512gb/like-new,https://www.ocbuyback.com/sell/cell-phone/oneplus/10-pro/unlocked/512gb/good-condition,https://www.ocbuyback.com/sell/cell-phone/oneplus/10-pro/unlocked/512gb/fair,https://www.ocbuyback.com/sell/cell-phone/oneplus/10-pro/unlocked/512gb/minor-damage,https://www.ocbuyback.com/sell/cell-phone/oneplus/10-pro/unlocked/512gb/damaged
OnePlus,11,128GB,T-Mobile,200.0,170.0,115.0,50.0,20.0,https://www.ocbuyback.com/sell/cell-phone/oneplus/11/t-mobile/128gb/like-new,https://www.ocbuyback.com/sell/cell-phone/oneplus/11/t-mobile/128gb/good-condition,https://www.ocbuyback.com/sell/cell-phone/oneplus/11/t-mobile/128gb/fair,https://www.ocbuyback.com/sell/cell-phone/oneplus/11/t-mobile/128gb/minor-damage,https://www.ocbuyback.com/sell/cell-phone/oneplus/11/t-mobile/128gb/damaged
OnePlus,11,128GB,Unlocked,250.0,220.0,165.0,75.0,20.0,https://www.ocbuyback.com/sell/cell-phone/oneplus/11/unlocked/128gb/like-new,https://www.ocbuyback.com/sell/cell-phone/oneplus/11/unlocked/128gb/good-condition,https://www.ocbuyback.com/sell/cell-phone/oneplus/11/unlocked/128gb/fair,https://www.ocbuyback.com/sell/cell-phone/oneplus/11/unlocked/128gb/minor-damage,https://www.ocbuyback.com/sell/cell-phone/oneplus/11/unlocked/128gb/damaged
OnePlus,11,256GB,T-Mobile,220.0,190.0,135.0,55.0,20.0,https://www.ocbuyback.com/sell/cell-phone/oneplus/11/t-mobile/256gb/like-new,https://www.ocbuyback.com/sell/cell-phone/oneplus/11/t-mobile/256gb/good-condition,https://www.ocbuyback.com/sell/cell-phone/oneplus/11/t-mobile/256gb/fair,https://www.ocbuyback.com/sell/cell-phone/oneplus/11/t-mobile/256gb/minor-damage,https://www.ocbuyback.com/sell/cell-phone/oneplus/11/t-mobile/256gb/damaged
OnePlus,11,256GB,Unlocked,270.0,240.0,185.0,80.0,20.0,https://www.ocbuyback.com/sell/cell-phone/oneplus/11/unlocked/256gb/like-new,https://www.ocbuyback.com/sell/cell-phone/oneplus/11/unlocked/256gb/good-condition,https://www.ocbuyback.com/sell/cell-phone/oneplus/11/unlocked/256gb/fair,https://www.ocbuyback.com/sell/cell-phone/oneplus/11/unlocked/256gb/minor-damage,https://www.ocbuyback.com/sell/cell-phone/oneplus/11/unlocked/256gb/damaged
OnePlus,11,512GB,T-Mobile,240.0,210.0,155.0,65.0,20.0,https://www.ocbuyback.com/sell/cell-phone/oneplus/11/t-mobile/512gb/like-new,https://www.ocbuyback.com/sell/cell-phone/oneplus/11/t-mobile/512gb/good-condition,https://www.ocbuyback.com/sell/cell-phone/oneplus/11/t-mobile/512gb/fair,https://www.ocbuyback.com/sell/cell-phone/oneplus/11/t-mobile/512gb/minor-damage,https://www.ocbuyback.com/sell/cell-phone/oneplus/11/t-mobile/512gb/damaged
OnePlus,11,512GB,Unlocked,290.0,260.0,205.0,90.0,20.0,https://www.ocbuyback.com/sell/cell-phone/oneplus/11/unlocked/512gb/like-new,https://www.ocbuyback.com/sell/cell-phone/oneplus/11/unlocked/512gb/good-condition,https://www.ocbuyback.com/sell/cell-phone/oneplus/11/unlocked/512gb/fair,https://www.ocbuyback.com/sell/cell-phone/oneplus/11/unlocked/512gb/minor-damage,https://www.ocbuyback.com/sell/cell-phone/oneplus/11/unlocked/512gb/damaged
OnePlus,Open,512GB,T-Mobile,485.0,415.0,335.0,100.0,20.0,https://www.ocbuyback.com/sell/cell-phone/oneplus/open/t-mobile/512gb/like-new,https://www.ocbuyback.com/sell/cell-phone/oneplus/open/t-mobile/512gb/good-condition,https://www.ocbuyback.com/sell/cell-phone/oneplus/open/t-mobile/512gb/fair,https://www.ocbuyback.com/sell/cell-phone/oneplus/open/t-mobile/512gb/minor-damage,https://www.ocbuyback.com/sell/cell-phone/oneplus/open/t-mobile/512gb/damaged
OnePlus,Open,512GB,Unlocked,550.0,480.0,400.0,150.0,20.0,https://www.ocbuyback.com/sell/cell-phone/oneplus/open/unlocked/512gb/like-new,https://www.ocbuyback.com/sell/cell-phone/oneplus/open/unlocked/512gb/good-condition,https://www.ocbuyback.com/sell/cell-phone/oneplus/open/unlocked/512gb/fair,https://www.ocbuyback.com/sell/cell-phone/oneplus/open/unlocked/512gb/minor-damage,https://www.ocbuyback.com/sell/cell-phone/oneplus/open/unlocked/512gb/damaged
OnePlus,12,256GB,Unlocked,340.0,295.0,250.0,70.0,10.0,https://www.ocbuyback.com/sell/cell-phone/oneplus/12/unlocked/256gb/like-new,https://www.ocbuyback.com/sell/cell-phone/oneplus/12/unlocked/256gb/good-condition,https://www.ocbuyback.com/sell/cell-phone/oneplus/12/unlocked/256gb/fair,https://www.ocbuyback.com/sell/cell-phone/oneplus/12/unlocked/256gb/minor-damage,https://www.ocbuyback.com/sell/cell-phone/oneplus/12/unlocked/256gb/damaged
OnePlus,12,512GB,Unlocked,370.0,325.0,280.0,85.0,10.0,https://www.ocbuyback.com/sell/cell-phone/oneplus/12/unlocked/512gb/like-new,https://www.ocbuyback.com/sell/cell-phone/oneplus/12/unlocked/512gb/good-condition,https://www.ocbuyback.com/sell/cell-phone/oneplus/12/unlocked/512gb/fair,https://www.ocbuyback.com/sell/cell-phone/oneplus/12/unlocked/512gb/minor-damage,https://www.ocbuyback.com/sell/cell-phone/oneplus/12/unlocked/512gb/damaged
OnePlus,12R,128GB,T-Mobile,170.0,140.0,75.0,50.0,10.0,https://www.ocbuyback.com/sell/cell-phone/oneplus/12r/t-mobile/128gb/like-new,https://www.ocbuyback.com/sell/cell-phone/oneplus/12r/t-mobile/128gb/good-condition,https://www.ocbuyback.com/sell/cell-phone/oneplus/12r/t-mobile/128gb/fair,https://www.ocbuyback.com/sell/cell-phone/oneplus/12r/t-mobile/128gb/minor-damage,https://www.ocbuyback.com/sell/cell-phone/oneplus/12r/t-mobile/128gb/damaged
OnePlus,12R,128GB,Unlocked,220.0,190.0,125.0,75.0,10.0,https://www.ocbuyback.com/sell/cell-phone/oneplus/12r/unlocked/128gb/like-new,https://www.ocbuyback.com/sell/cell-phone/oneplus/12r/unlocked/128gb/good-condition,https://www.ocbuyback.com/sell/cell-phone/oneplus/12r/unlocked/128gb/fair,https://www.ocbuyback.com/sell/cell-phone/oneplus/12r/unlocked/128gb/minor-damage,https://www.ocbuyback.com/sell/cell-phone/oneplus/12r/unlocked/128gb/damaged
OnePlus,12R,256GB,T-Mobile,205.0,175.0,110.0,55.0,10.0,https://www.ocbuyback.com/sell/cell-phone/oneplus/12r/t-mobile/256gb/like-new,https://www.ocbuyback.com/sell/cell-phone/oneplus/12r/t-mobile/256gb/good-condition,https://www.ocbuyback.com/sell/cell-phone/oneplus/12r/t-mobile/256gb/fair,https://www.ocbuyback.com/sell/cell-phone/oneplus/12r/t-mobile/256gb/minor-damage,https://www.ocbuyback.com/sell/cell-phone/oneplus/12r/t-mobile/256gb/damaged
OnePlus,12R,256GB,Unlocked,255.0,225.0,160.0,80.0,10.0,https://www.ocbuyback.com/sell/cell-phone/oneplus/12r/unlocked/256gb/like-new,https://www.ocbuyback.com/sell/cell-phone/oneplus/12r/unlocked/256gb/good-condition,https://www.ocbuyback.com/sell/cell-phone/oneplus/12r/unlocked/256gb/fair,https://www.ocbuyback.com/sell/cell-phone/oneplus/12r/unlocked/256gb/minor-damage,https://www.ocbuyback.com/sell/cell-phone/oneplus/12r/unlocked/256gb/damaged
OnePlus,13,256GB,Unlocked,440.0,380.0,300.0,150.0,10.0,https://www.ocbuyback.com/sell/cell-phone/oneplus/13/unlocked/256gb/like-new,https://www.ocbuyback.com/sell/cell-phone/oneplus/13/unlocked/256gb/good-condition,https://www.ocbuyback.com/sell/cell-phone/oneplus/13/unlocked/256gb/fair,https://www.ocbuyback.com/sell/cell-phone/oneplus/13/unlocked/256gb/minor-damage,https://www.ocbuyback.com/sell/cell-phone/oneplus/13/unlocked/256gb/damaged
OnePlus,13,512GB,Unlocked,475.0,415.0,335.0,165.0,10.0,https://www.ocbuyback.com/sell/cell-phone/oneplus/13/unlocked/512gb/like-new,https://www.ocbuyback.com/sell/cell-phone/oneplus/13/unlocked/512gb/good-condition,https://www.ocbuyback.com/sell/cell-phone/oneplus/13/unlocked/512gb/fair,https://www.ocbuyback.com/sell/cell-phone/oneplus/13/unlocked/512gb/minor-damage,https://www.ocbuyback.com/sell/cell-phone/oneplus/13/unlocked/512gb/damaged
OnePlus,13R,256GB,Unlocked,290.0,225.0,160.0,80.0,10.0,https://www.ocbuyback.com/sell/cell-phone/oneplus/13r/unlocked/256gb/like-new,https://www.ocbuyback.com/sell/cell-phone/oneplus/13r/unlocked/256gb/good-condition,https://www.ocbuyback.com/sell/cell-phone/oneplus/13r/unlocked/256gb/fair,https://www.ocbuyback.com/sell/cell-phone/oneplus/13r/unlocked/256gb/minor-damage,https://www.ocbuyback.com/sell/cell-phone/oneplus/13r/unlocked/256gb/damaged
OnePlus,13R,512GB,Unlocked,325.0,260.0,195.0,85.0,10.0,https://www.ocbuyback.com/sell/cell-phone/oneplus/13r/unlocked/512gb/like-new,https://www.ocbuyback.com/sell/cell-phone/oneplus/13r/unlocked/512gb/good-condition,https://www.ocbuyback.com/sell/cell-phone/oneplus/13r/unlocked/512gb/fair,https://www.ocbuyback.com/sell/cell-phone/oneplus/13r/unlocked/512gb/minor-damage,https://www.ocbuyback.com/sell/cell-phone/oneplus/13r/unlocked/512gb/damaged
Apple,iPod Touch 7th Gen,32GB,Other,30.0,25.0,15.0,,,https://www.ocbuyback.com/sell/ipod/apple/ipod-touch-7th-gen/other/32gb/like-new,https://www.ocbuyback.com/sell/ipod/apple/ipod-touch-7th-gen/other/32gb/good-condition,https://www.ocbuyback.com/sell/ipod/apple/ipod-touch-7th-gen/other/32gb/fair,https://www.ocbuyback.com/sell/ipod/apple/ipod-touch-7th-gen/other/32gb/minor-damage,https://www.ocbuyback.com/sell/ipod/apple/ipod-touch-7th-gen/other/32gb/damaged
Apple,iPod Touch 7th Gen,128GB,Other,60.0,40.0,20.0,,,https://www.ocbuyback.com/sell/ipod/apple/ipod-touch-7th-gen/other/128gb/like-new,https://www.ocbuyback.com/sell/ipod/apple/ipod-touch-7th-gen/other/128gb/good-condition,https://www.ocbuyback.com/sell/ipod/apple/ipod-touch-7th-gen/other/128gb/fair,https://www.ocbuyback.com/sell/ipod/apple/ipod-touch-7th-gen/other/128gb/minor-damage,https://www.ocbuyback.com/sell/ipod/apple/ipod-touch-7th-gen/other/128gb/damaged
Apple,iPod Touch 7th Gen,256GB,Other,70.0,50.0,30.0,,,https://www.ocbuyback.com/sell/ipod/apple/ipod-touch-7th-gen/other/256gb/like-new,https://www.ocbuyback.com/sell/ipod/apple/ipod-touch-7th-gen/other/256gb/good-condition,https://www.ocbuyback.com/sell/ipod/apple/ipod-touch-7th-gen/other/256gb/fair,https://www.ocbuyback.com/sell/ipod/apple/ipod-touch-7th-gen/other/256gb/minor-damage,https://www.ocbuyback.com/sell/ipod/apple/ipod-touch-7th-gen/other/256gb/damaged
GoPro,Max,0,-,60.0,50.0,40.0,,,https://www.ocbuyback.com/sell/gopro/gopro/max/d8d87d48-661f-4414-b0af-3e41c3952a25/0/like-new,https://www.ocbuyback.com/sell/gopro/gopro/max/d8d87d48-661f-4414-b0af-3e41c3952a25/0/good-condition,https://www.ocbuyback.com/sell/gopro/gopro/max/d8d87d48-661f-4414-b0af-3e41c3952a25/0/fair,https://www.ocbuyback.com/sell/gopro/gopro/max/d8d87d48-661f-4414-b0af-3e41c3952a25/0/minor-damage,https://www.ocbuyback.com/sell/gopro/gopro/max/d8d87d48-661f-4414-b0af-3e41c3952a25/0/damaged
GoPro,Hero 8 Black,0,-,50.0,30.0,10.0,,,https://www.ocbuyback.com/sell/gopro/gopro/hero-8-black/d8d87d48-661f-4414-b0af-3e41c3952a25/0/like-new,https://www.ocbuyback.com/sell/gopro/gopro/hero-8-black/d8d87d48-661f-4414-b0af-3e41c3952a25/0/good-condition,https://www.ocbuyback.com/sell/gopro/gopro/hero-8-black/d8d87d48-661f-4414-b0af-3e41c3952a25/0/fair,https://www.ocbuyback.com/sell/gopro/gopro/hero-8-black/d8d87d48-661f-4414-b0af-3e41c3952a25/0/minor-damage,https://www.ocbuyback.com/sell/gopro/gopro/hero-8-black/d8d87d48-661f-4414-b0af-3e41c3952a25/0/damaged
GoPro,Hero 9 Black,0,-,64.0,45.0,25.0,,,https://www.ocbuyback.com/sell/gopro/gopro/hero-9-black/d8d87d48-661f-4414-b0af-3e41c3952a25/0/like-new,https://www.ocbuyback.com/sell/gopro/gopro/hero-9-black/d8d87d48-661f-4414-b0af-3e41c3952a25/0/good-condition,https://www.ocbuyback.com/sell/gopro/gopro/hero-9-black/d8d87d48-661f-4414-b0af-3e41c3952a25/0/fair,https://www.ocbuyback.com/sell/gopro/gopro/hero-9-black/d8d87d48-661f-4414-b0af-3e41c3952a25/0/minor-damage,https://www.ocbuyback.com/sell/gopro/gopro/hero-9-black/d8d87d48-661f-4414-b0af-3e41c3952a25/0/damaged
GoPro,Hero 10,0,-,65.0,45.0,10.0,,,https://www.ocbuyback.com/sell/gopro/gopro/hero-10/d8d87d48-661f-4414-b0af-3e41c3952a25/0/like-new,https://www.ocbuyback.com/sell/gopro/gopro/hero-10/d8d87d48-661f-4414-b0af-3e41c3952a25/0/good-condition,https://www.ocbuyback.com/sell/gopro/gopro/hero-10/d8d87d48-661f-4414-b0af-3e41c3952a25/0/fair,https://www.ocbuyback.com/sell/gopro/gopro/hero-10/d8d87d48-661f-4414-b0af-3e41c3952a25/0/minor-damage,https://www.ocbuyback.com/sell/gopro/gopro/hero-10/d8d87d48-661f-4414-b0af-3e41c3952a25/0/damaged
GoPro,Hero 11 Black,0,-,85.0,55.0,25.0,,,https://www.ocbuyback.com/sell/gopro/gopro/hero-11-black/d8d87d48-661f-4414-b0af-3e41c3952a25/0/like-new,https://www.ocbuyback.com/sell/gopro/gopro/hero-11-black/d8d87d48-661f-4414-b0af-3e41c3952a25/0/good-condition,https://www.ocbuyback.com/sell/gopro/gopro/hero-11-black/d8d87d48-661f-4414-b0af-3e41c3952a25/0/fair,https://www.ocbuyback.com/sell/gopro/gopro/hero-11-black/d8d87d48-661f-4414-b0af-3e41c3952a25/0/minor-damage,https://www.ocbuyback.com/sell/gopro/gopro/hero-11-black/d8d87d48-661f-4414-b0af-3e41c3952a25/0/damaged
GoPro,Hero 11 Black Mini,0,-,50.0,40.0,15.0,,,https://www.ocbuyback.com/sell/gopro/gopro/hero-11-black-mini/d8d87d48-661f-4414-b0af-3e41c3952a25/0/like-new,https://www.ocbuyback.com/sell/gopro/gopro/hero-11-black-mini/d8d87d48-661f-4414-b0af-3e41c3952a25/0/good-condition,https://www.ocbuyback.com/sell/gopro/gopro/hero-11-black-mini/d8d87d48-661f-4414-b0af-3e41c3952a25/0/fair,https://www.ocbuyback.com/sell/gopro/gopro/hero-11-black-mini/d8d87d48-661f-4414-b0af-3e41c3952a25/0/minor-damage,https://www.ocbuyback.com/sell/gopro/gopro/hero-11-black-mini/d8d87d48-661f-4414-b0af-3e41c3952a25/0/damaged
GoPro,Hero 12 Black,0,-,100.0,80.0,50.0,,,https://www.ocbuyback.com/sell/gopro/gopro/hero-12-black/d8d87d48-661f-4414-b0af-3e41c3952a25/0/like-new,https://www.ocbuyback.com/sell/gopro/gopro/hero-12-black/d8d87d48-661f-4414-b0af-3e41c3952a25/0/good-condition,https://www.ocbuyback.com/sell/gopro/gopro/hero-12-black/d8d87d48-661f-4414-b0af-3e41c3952a25/0/fair,https://www.ocbuyback.com/sell/gopro/gopro/hero-12-black/d8d87d48-661f-4414-b0af-3e41c3952a25/0/minor-damage,https://www.ocbuyback.com/sell/gopro/gopro/hero-12-black/d8d87d48-661f-4414-b0af-3e41c3952a25/0/damaged
Apple,vision pro,1TB,-,1100.0,850.0,400.0,,,https://www.ocbuyback.com/sell/vr/apple/vision-pro/d8d87d48-661f-4414-b0af-3e41c3952a25/1tb/like-new,https://www.ocbuyback.com/sell/vr/apple/vision-pro/d8d87d48-661f-4414-b0af-3e41c3952a25/1tb/good-condition,https://www.ocbuyback.com/sell/vr/apple/vision-pro/d8d87d48-661f-4414-b0af-3e41c3952a25/1tb/fair,https://www.ocbuyback.com/sell/vr/apple/vision-pro/d8d87d48-661f-4414-b0af-3e41c3952a25/1tb/minor-damage,https://www.ocbuyback.com/sell/vr/apple/vision-pro/d8d87d48-661f-4414-b0af-3e41c3952a25/1tb/damaged
Apple,vision pro m5,256GB,-,1790.0,1490.0,1040.0,,,https://www.ocbuyback.com/sell/vr/apple/vision-pro-m5/d8d87d48-661f-4414-b0af-3e41c3952a25/256gb/like-new,https://www.ocbuyback.com/sell/vr/apple/vision-pro-m5/d8d87d48-661f-4414-b0af-3e41c3952a25/256gb/good-condition,https://www.ocbuyback.com/sell/vr/apple/vision-pro-m5/d8d87d48-661f-4414-b0af-3e41c3952a25/256gb/fair,https://www.ocbuyback.com/sell/vr/apple/vision-pro-m5/d8d87d48-661f-4414-b0af-3e41c3952a25/256gb/minor-damage,https://www.ocbuyback.com/sell/vr/apple/vision-pro-m5/d8d87d48-661f-4414-b0af-3e41c3952a25/256gb/damaged
Apple,vision pro m5,512GB,-,1940.0,1640.0,1190.0,,,https://www.ocbuyback.com/sell/vr/apple/vision-pro-m5/d8d87d48-661f-4414-b0af-3e41c3952a25/512gb/like-new,https://www.ocbuyback.com/sell/vr/apple/vision-pro-m5/d8d87d48-661f-4414-b0af-3e41c3952a25/512gb/good-condition,https://www.ocbuyback.com/sell/vr/apple/vision-pro-m5/d8d87d48-661f-4414-b0af-3e41c3952a25/512gb/fair,https://www.ocbuyback.com/sell/vr/apple/vision-pro-m5/d8d87d48-661f-4414-b0af-3e41c3952a25/512gb/minor-damage,https://www.ocbuyback.com/sell/vr/apple/vision-pro-m5/d8d87d48-661f-4414-b0af-3e41c3952a25/512gb/damaged
Apple,vision pro m5,1TB,-,2090.0,1790.0,1340.0,,,https://www.ocbuyback.com/sell/vr/apple/vision-pro-m5/d8d87d48-661f-4414-b0af-3e41c3952a25/1tb/like-new,https://www.ocbuyback.com/sell/vr/apple/vision-pro-m5/d8d87d48-661f-4414-b0af-3e41c3952a25/1tb/good-condition,https://www.ocbuyback.com/sell/vr/apple/vision-pro-m5/d8d87d48-661f-4414-b0af-3e41c3952a25/1tb/fair,https://www.ocbuyback.com/sell/vr/apple/vision-pro-m5/d8d87d48-661f-4414-b0af-3e41c3952a25/1tb/minor-damage,https://www.ocbuyback.com/sell/vr/apple/vision-pro-m5/d8d87d48-661f-4414-b0af-3e41c3952a25/1tb/damaged
Microsoft,Xbox One S,500GB,-,35.0,20.0,5.0,,,https://www.ocbuyback.com/sell/game-console/microsoft/xbox-one-s/d8d87d48-661f-4414-b0af-3e41c3952a25/500gb/like-new,https://www.ocbuyback.com/sell/game-console/microsoft/xbox-one-s/d8d87d48-661f-4414-b0af-3e41c3952a25/500gb/good-condition,https://www.ocbuyback.com/sell/game-console/microsoft/xbox-one-s/d8d87d48-661f-4414-b0af-3e41c3952a25/500gb/fair,https://www.ocbuyback.com/sell/game-console/microsoft/xbox-one-s/d8d87d48-661f-4414-b0af-3e41c3952a25/500gb/minor-damage,https://www.ocbuyback.com/sell/game-console/microsoft/xbox-one-s/d8d87d48-661f-4414-b0af-3e41c3952a25/500gb/damaged
Microsoft,Xbox One S,1TB,-,45.0,30.0,10.0,,,https://www.ocbuyback.com/sell/game-console/microsoft/xbox-one-s/d8d87d48-661f-4414-b0af-3e41c3952a25/1tb/like-new,https://www.ocbuyback.com/sell/game-console/microsoft/xbox-one-s/d8d87d48-661f-4414-b0af-3e41c3952a25/1tb/good-condition,https://www.ocbuyback.com/sell/game-console/microsoft/xbox-one-s/d8d87d48-661f-4414-b0af-3e41c3952a25/1tb/fair,https://www.ocbuyback.com/sell/game-console/microsoft/xbox-one-s/d8d87d48-661f-4414-b0af-3e41c3952a25/1tb/minor-damage,https://www.ocbuyback.com/sell/game-console/microsoft/xbox-one-s/d8d87d48-661f-4414-b0af-3e41c3952a25/1tb/damaged
Microsoft,Xbox One S,2TB,-,60.0,45.0,25.0,,,https://www.ocbuyback.com/sell/game-console/microsoft/xbox-one-s/d8d87d48-661f-4414-b0af-3e41c3952a25/2tb/like-new,https://www.ocbuyback.com/sell/game-console/microsoft/xbox-one-s/d8d87d48-661f-4414-b0af-3e41c3952a25/2tb/good-condition,https://www.ocbuyback.com/sell/game-console/microsoft/xbox-one-s/d8d87d48-661f-4414-b0af-3e41c3952a25/2tb/fair,https://www.ocbuyback.com/sell/game-console/microsoft/xbox-one-s/d8d87d48-661f-4414-b0af-3e41c3952a25/2tb/minor-damage,https://www.ocbuyback.com/sell/game-console/microsoft/xbox-one-s/d8d87d48-661f-4414-b0af-3e41c3952a25/2tb/damaged
Microsoft,Xbox Series S,512GB,-,120.0,85.0,55.0,,,https://www.ocbuyback.com/sell/game-console/microsoft/xbox-series-s/d8d87d48-661f-4414-b0af-3e41c3952a25/512gb/like-new,https://www.ocbuyback.com/sell/game-console/microsoft/xbox-series-s/d8d87d48-661f-4414-b0af-3e41c3952a25/512gb/good-condition,https://www.ocbuyback.com/sell/game-console/microsoft/xbox-series-s/d8d87d48-661f-4414-b0af-3e41c3952a25/512gb/fair,https://www.ocbuyback.com/sell/game-console/microsoft/xbox-series-s/d8d87d48-661f-4414-b0af-3e41c3952a25/512gb/minor-damage,https://www.ocbuyback.com/sell/game-console/microsoft/xbox-series-s/d8d87d48-661f-4414-b0af-3e41c3952a25/512gb/damaged
Microsoft,Xbox Series S,1TB,-,145.0,110.0,75.0,,,https://www.ocbuyback.com/sell/game-console/microsoft/xbox-series-s/d8d87d48-661f-4414-b0af-3e41c3952a25/1tb/like-new,https://www.ocbuyback.com/sell/game-console/microsoft/xbox-series-s/d8d87d48-661f-4414-b0af-3e41c3952a25/1tb/good-condition,https://www.ocbuyback.com/sell/game-console/microsoft/xbox-series-s/d8d87d48-661f-4414-b0af-3e41c3952a25/1tb/fair,https://www.ocbuyback.com/sell/game-console/microsoft/xbox-series-s/d8d87d48-661f-4414-b0af-3e41c3952a25/1tb/minor-damage,https://www.ocbuyback.com/sell/game-console/microsoft/xbox-series-s/d8d87d48-661f-4414-b0af-3e41c3952a25/1tb/damaged
Microsoft,Xbox Series X,1TB,-,295.0,240.0,170.0,,,https://www.ocbuyback.com/sell/game-console/microsoft/xbox-series-x/d8d87d48-661f-4414-b0af-3e41c3952a25/1tb/like-new,https://www.ocbuyback.com/sell/game-console/microsoft/xbox-series-x/d8d87d48-661f-4414-b0af-3e41c3952a25/1tb/good-condition,https://www.ocbuyback.com/sell/game-console/microsoft/xbox-series-x/d8d87d48-661f-4414-b0af-3e41c3952a25/1tb/fair,https://www.ocbuyback.com/sell/game-console/microsoft/xbox-series-x/d8d87d48-661f-4414-b0af-3e41c3952a25/1tb/minor-damage,https://www.ocbuyback.com/sell/game-console/microsoft/xbox-series-x/d8d87d48-661f-4414-b0af-3e41c3952a25/1tb/damaged
Microsoft,Xbox Series X,2TB,-,420.0,370.0,270.0,,,https://www.ocbuyback.com/sell/game-console/microsoft/xbox-series-x/d8d87d48-661f-4414-b0af-3e41c3952a25/2tb/like-new,https://www.ocbuyback.com/sell/game-console/microsoft/xbox-series-x/d8d87d48-661f-4414-b0af-3e41c3952a25/2tb/good-condition,https://www.ocbuyback.com/sell/game-console/microsoft/xbox-series-x/d8d87d48-661f-4414-b0af-3e41c3952a25/2tb/fair,https://www.ocbuyback.com/sell/game-console/microsoft/xbox-series-x/d8d87d48-661f-4414-b0af-3e41c3952a25/2tb/minor-damage,https://www.ocbuyback.com/sell/game-console/microsoft/xbox-series-x/d8d87d48-661f-4414-b0af-3e41c3952a25/2tb/damaged
Asus,rog ally,-,-,190.0,150.0,105.0,,,https://www.ocbuyback.com/sell/game-console/asus/rog-ally/d8d87d48-661f-4414-b0af-3e41c3952a25/51c7d593-70e4-4624-8f9d-d218edfa8331/like-new,https://www.ocbuyback.com/sell/game-console/asus/rog-ally/d8d87d48-661f-4414-b0af-3e41c3952a25/51c7d593-70e4-4624-8f9d-d218edfa8331/good-condition,https://www.ocbuyback.com/sell/game-console/asus/rog-ally/d8d87d48-661f-4414-b0af-3e41c3952a25/51c7d593-70e4-4624-8f9d-d218edfa8331/fair,https://www.ocbuyback.com/sell/game-console/asus/rog-ally/d8d87d48-661f-4414-b0af-3e41c3952a25/51c7d593-70e4-4624-8f9d-d218edfa8331/minor-damage,https://www.ocbuyback.com/sell/game-console/asus/rog-ally/d8d87d48-661f-4414-b0af-3e41c3952a25/51c7d593-70e4-4624-8f9d-d218edfa8331/damaged
Nintendo,Switch,-,-,80.0,60.0,30.0,,,https://www.ocbuyback.com/sell/game-console/nintendo/switch/d8d87d48-661f-4414-b0af-3e41c3952a25/51c7d593-70e4-4624-8f9d-d218edfa8331/like-new,https://www.ocbuyback.com/sell/game-console/nintendo/switch/d8d87d48-661f-4414-b0af-3e41c3952a25/51c7d593-70e4-4624-8f9d-d218edfa8331/good-condition,https://www.ocbuyback.com/sell/game-console/nintendo/switch/d8d87d48-661f-4414-b0af-3e41c3952a25/51c7d593-70e4-4624-8f9d-d218edfa8331/fair,https://www.ocbuyback.com/sell/game-console/nintendo/switch/d8d87d48-661f-4414-b0af-3e41c3952a25/51c7d593-70e4-4624-8f9d-d218edfa8331/minor-damage,https://www.ocbuyback.com/sell/game-console/nintendo/switch/d8d87d48-661f-4414-b0af-3e41c3952a25/51c7d593-70e4-4624-8f9d-d218edfa8331/damaged
Nintendo,Switch 2,-,-,275.0,250.0,170.0,,,https://www.ocbuyback.com/sell/game-console/nintendo/switch-2/d8d87d48-661f-4414-b0af-3e41c3952a25/51c7d593-70e4-4624-8f9d-d218edfa8331/like-new,https://www.ocbuyback.com/sell/game-console/nintendo/switch-2/d8d87d48-661f-4414-b0af-3e41c3952a25/51c7d593-70e4-4624-8f9d-d218edfa8331/good-condition,https://www.ocbuyback.com/sell/game-console/nintendo/switch-2/d8d87d48-661f-4414-b0af-3e41c3952a25/51c7d593-70e4-4624-8f9d-d218edfa8331/fair,https://www.ocbuyback.com/sell/game-console/nintendo/switch-2/d8d87d48-661f-4414-b0af-3e41c3952a25/51c7d593-70e4-4624-8f9d-d218edfa8331/minor-damage,https://www.ocbuyback.com/sell/game-console/nintendo/switch-2/d8d87d48-661f-4414-b0af-3e41c3952a25/51c7d593-70e4-4624-8f9d-d218edfa8331/damaged
Nintendo,Switch Lite,-,-,45.0,35.0,25.0,,,https://www.ocbuyback.com/sell/game-console/nintendo/switch-lite/d8d87d48-661f-4414-b0af-3e41c3952a25/51c7d593-70e4-4624-8f9d-d218edfa8331/like-new,https://www.ocbuyback.com/sell/game-console/nintendo/switch-lite/d8d87d48-661f-4414-b0af-3e41c3952a25/51c7d593-70e4-4624-8f9d-d218edfa8331/good-condition,https://www.ocbuyback.com/sell/game-console/nintendo/switch-lite/d8d87d48-661f-4414-b0af-3e41c3952a25/51c7d593-70e4-4624-8f9d-d218edfa8331/fair,https://www.ocbuyback.com/sell/game-console/nintendo/switch-lite/d8d87d48-661f-4414-b0af-3e41c3952a25/51c7d593-70e4-4624-8f9d-d218edfa8331/minor-damage,https://www.ocbuyback.com/sell/game-console/nintendo/switch-lite/d8d87d48-661f-4414-b0af-3e41c3952a25/51c7d593-70e4-4624-8f9d-d218edfa8331/damaged
Nintendo,Switch OLED,-,-,110.0,85.0,55.0,,,https://www.ocbuyback.com/sell/game-console/nintendo/switch-oled/d8d87d48-661f-4414-b0af-3e41c3952a25/51c7d593-70e4-4624-8f9d-d218edfa8331/like-new,https://www.ocbuyback.com/sell/game-console/nintendo/switch-oled/d8d87d48-661f-4414-b0af-3e41c3952a25/51c7d593-70e4-4624-8f9d-d218edfa8331/good-condition,https://www.ocbuyback.com/sell/game-console/nintendo/switch-oled/d8d87d48-661f-4414-b0af-3e41c3952a25/51c7d593-70e4-4624-8f9d-d218edfa8331/fair,https://www.ocbuyback.com/sell/game-console/nintendo/switch-oled/d8d87d48-661f-4414-b0af-3e41c3952a25/51c7d593-70e4-4624-8f9d-d218edfa8331/minor-damage,https://www.ocbuyback.com/sell/game-console/nintendo/switch-oled/d8d87d48-661f-4414-b0af-3e41c3952a25/51c7d593-70e4-4624-8f9d-d218edfa8331/damaged
Sony,ps4,500GB,-,25.0,15.0,5.0,,,https://www.ocbuyback.com/sell/game-console/sony/ps4/d8d87d48-661f-4414-b0af-3e41c3952a25/500gb/like-new,https://www.ocbuyback.com/sell/game-console/sony/ps4/d8d87d48-661f-4414-b0af-3e41c3952a25/500gb/good-condition,https://www.ocbuyback.com/sell/game-console/sony/ps4/d8d87d48-661f-4414-b0af-3e41c3952a25/500gb/fair,https://www.ocbuyback.com/sell/game-console/sony/ps4/d8d87d48-661f-4414-b0af-3e41c3952a25/500gb/minor-damage,https://www.ocbuyback.com/sell/game-console/sony/ps4/d8d87d48-661f-4414-b0af-3e41c3952a25/500gb/damaged
Sony,ps4,1TB,-,30.0,20.0,10.0,,,https://www.ocbuyback.com/sell/game-console/sony/ps4/d8d87d48-661f-4414-b0af-3e41c3952a25/1tb/like-new,https://www.ocbuyback.com/sell/game-console/sony/ps4/d8d87d48-661f-4414-b0af-3e41c3952a25/1tb/good-condition,https://www.ocbuyback.com/sell/game-console/sony/ps4/d8d87d48-661f-4414-b0af-3e41c3952a25/1tb/fair,https://www.ocbuyback.com/sell/game-console/sony/ps4/d8d87d48-661f-4414-b0af-3e41c3952a25/1tb/minor-damage,https://www.ocbuyback.com/sell/game-console/sony/ps4/d8d87d48-661f-4414-b0af-3e41c3952a25/1tb/damaged
Sony,ps4 slim,500GB,-,40.0,30.0,15.0,,,https://www.ocbuyback.com/sell/game-console/sony/ps4-slim/d8d87d48-661f-4414-b0af-3e41c3952a25/500gb/like-new,https://www.ocbuyback.com/sell/game-console/sony/ps4-slim/d8d87d48-661f-4414-b0af-3e41c3952a25/500gb/good-condition,https://www.ocbuyback.com/sell/game-console/sony/ps4-slim/d8d87d48-661f-4414-b0af-3e41c3952a25/500gb/fair,https://www.ocbuyback.com/sell/game-console/sony/ps4-slim/d8d87d48-661f-4414-b0af-3e41c3952a25/500gb/minor-damage,https://www.ocbuyback.com/sell/game-console/sony/ps4-slim/d8d87d48-661f-4414-b0af-3e41c3952a25/500gb/damaged
Sony,ps4 slim,1TB,-,50.0,40.0,25.0,,,https://www.ocbuyback.com/sell/game-console/sony/ps4-slim/d8d87d48-661f-4414-b0af-3e41c3952a25/1tb/like-new,https://www.ocbuyback.com/sell/game-console/sony/ps4-slim/d8d87d48-661f-4414-b0af-3e41c3952a25/1tb/good-condition,https://www.ocbuyback.com/sell/game-console/sony/ps4-slim/d8d87d48-661f-4414-b0af-3e41c3952a25/1tb/fair,https://www.ocbuyback.com/sell/game-console/sony/ps4-slim/d8d87d48-661f-4414-b0af-3e41c3952a25/1tb/minor-damage,https://www.ocbuyback.com/sell/game-console/sony/ps4-slim/d8d87d48-661f-4414-b0af-3e41c3952a25/1tb/damaged
Sony,ps4 pro,1TB,-,55.0,35.0,20.0,,,https://www.ocbuyback.com/sell/game-console/sony/ps4-pro/d8d87d48-661f-4414-b0af-3e41c3952a25/1tb/like-new,https://www.ocbuyback.com/sell/game-console/sony/ps4-pro/d8d87d48-661f-4414-b0af-3e41c3952a25/1tb/good-condition,https://www.ocbuyback.com/sell/game-console/sony/ps4-pro/d8d87d48-661f-4414-b0af-3e41c3952a25/1tb/fair,https://www.ocbuyback.com/sell/game-console/sony/ps4-pro/d8d87d48-661f-4414-b0af-3e41c3952a25/1tb/minor-damage,https://www.ocbuyback.com/sell/game-console/sony/ps4-pro/d8d87d48-661f-4414-b0af-3e41c3952a25/1tb/damaged
Sony,ps4 pro,2TB,-,80.0,60.0,40.0,,,https://www.ocbuyback.com/sell/game-console/sony/ps4-pro/d8d87d48-661f-4414-b0af-3e41c3952a25/2tb/like-new,https://www.ocbuyback.com/sell/game-console/sony/ps4-pro/d8d87d48-661f-4414-b0af-3e41c3952a25/2tb/good-condition,https://www.ocbuyback.com/sell/game-console/sony/ps4-pro/d8d87d48-661f-4414-b0af-3e41c3952a25/2tb/fair,https://www.ocbuyback.com/sell/game-console/sony/ps4-pro/d8d87d48-661f-4414-b0af-3e41c3952a25/2tb/minor-damage,https://www.ocbuyback.com/sell/game-console/sony/ps4-pro/d8d87d48-661f-4414-b0af-3e41c3952a25/2tb/damaged
Sony,ps5,-,-,230.0,180.0,90.0,,,https://www.ocbuyback.com/sell/game-console/sony/ps5/d8d87d48-661f-4414-b0af-3e41c3952a25/51c7d593-70e4-4624-8f9d-d218edfa8331/like-new,https://www.ocbuyback.com/sell/game-console/sony/ps5/d8d87d48-661f-4414-b0af-3e41c3952a25/51c7d593-70e4-4624-8f9d-d218edfa8331/good-condition,https://www.ocbuyback.com/sell/game-console/sony/ps5/d8d87d48-661f-4414-b0af-3e41c3952a25/51c7d593-70e4-4624-8f9d-d218edfa8331/fair,https://www.ocbuyback.com/sell/game-console/sony/ps5/d8d87d48-661f-4414-b0af-3e41c3952a25/51c7d593-70e4-4624-8f9d-d218edfa8331/minor-damage,https://www.ocbuyback.com/sell/game-console/sony/ps5/d8d87d48-661f-4414-b0af-3e41c3952a25/51c7d593-70e4-4624-8f9d-d218edfa8331/damaged
Sony,ps5 digital edition,-,-,260.0,200.0,105.0,,,https://www.ocbuyback.com/sell/game-console/sony/ps5-digital-edition/d8d87d48-661f-4414-b0af-3e41c3952a25/51c7d593-70e4-4624-8f9d-d218edfa8331/like-new,https://www.ocbuyback.com/sell/game-console/sony/ps5-digital-edition/d8d87d48-661f-4414-b0af-3e41c3952a25/51c7d593-70e4-4624-8f9d-d218edfa8331/good-condition,https://www.ocbuyback.com/sell/game-console/sony/ps5-digital-edition/d8d87d48-661f-4414-b0af-3e41c3952a25/51c7d593-70e4-4624-8f9d-d218edfa8331/fair,https://www.ocbuyback.com/sell/game-console/sony/ps5-digital-edition/d8d87d48-661f-4414-b0af-3e41c3952a25/51c7d593-70e4-4624-8f9d-d218edfa8331/minor-damage,https://www.ocbuyback.com/sell/game-console/sony/ps5-digital-edition/d8d87d48-661f-4414-b0af-3e41c3952a25/51c7d593-70e4-4624-8f9d-d218edfa8331/damaged
Sony,ps5 slim,-,-,275.0,215.0,125.0,,,https://www.ocbuyback.com/sell/game-console/sony/ps5-slim/d8d87d48-661f-4414-b0af-3e41c3952a25/51c7d593-70e4-4624-8f9d-d218edfa8331/like-new,https://www.ocbuyback.com/sell/game-console/sony/ps5-slim/d8d87d48-661f-4414-b0af-3e41c3952a25/51c7d593-70e4-4624-8f9d-d218edfa8331/good-condition,https://www.ocbuyback.com/sell/game-console/sony/ps5-slim/d8d87d48-661f-4414-b0af-3e41c3952a25/51c7d593-70e4-4624-8f9d-d218edfa8331/fair,https://www.ocbuyback.com/sell/game-console/sony/ps5-slim/d8d87d48-661f-4414-b0af-3e41c3952a25/51c7d593-70e4-4624-8f9d-d218edfa8331/minor-damage,https://www.ocbuyback.com/sell/game-console/sony/ps5-slim/d8d87d48-661f-4414-b0af-3e41c3952a25/51c7d593-70e4-4624-8f9d-d218edfa8331/damaged
Sony,ps5 slim digital edition,-,-,205.0,160.0,105.0,,,https://www.ocbuyback.com/sell/game-console/sony/ps5-slim-digital-edition/d8d87d48-661f-4414-b0af-3e41c3952a25/51c7d593-70e4-4624-8f9d-d218edfa8331/like-new,https://www.ocbuyback.com/sell/game-console/sony/ps5-slim-digital-edition/d8d87d48-661f-4414-b0af-3e41c3952a25/51c7d593-70e4-4624-8f9d-d218edfa8331/good-condition,https://www.ocbuyback.com/sell/game-console/sony/ps5-slim-digital-edition/d8d87d48-661f-4414-b0af-3e41c3952a25/51c7d593-70e4-4624-8f9d-d218edfa8331/fair,https://www.ocbuyback.com/sell/game-console/sony/ps5-slim-digital-edition/d8d87d48-661f-4414-b0af-3e41c3952a25/51c7d593-70e4-4624-8f9d-d218edfa8331/minor-damage,https://www.ocbuyback.com/sell/game-console/sony/ps5-slim-digital-edition/d8d87d48-661f-4414-b0af-3e41c3952a25/51c7d593-70e4-4624-8f9d-d218edfa8331/damaged
Sony,ps5 pro,-,-,440.0,370.0,250.0,,,https://www.ocbuyback.com/sell/game-console/sony/ps5-pro/d8d87d48-661f-4414-b0af-3e41c3952a25/51c7d593-70e4-4624-8f9d-d218edfa8331/like-new,https://www.ocbuyback.com/sell/game-console/sony/ps5-pro/d8d87d48-661f-4414-b0af-3e41c3952a25/51c7d593-70e4-4624-8f9d-d218edfa8331/good-condition,https://www.ocbuyback.com/sell/game-console/sony/ps5-pro/d8d87d48-661f-4414-b0af-3e41c3952a25/51c7d593-70e4-4624-8f9d-d218edfa8331/fair,https://www.ocbuyback.com/sell/game-console/sony/ps5-pro/d8d87d48-661f-4414-b0af-3e41c3952a25/51c7d593-70e4-4624-8f9d-d218edfa8331/minor-damage,https://www.ocbuyback.com/sell/game-console/sony/ps5-pro/d8d87d48-661f-4414-b0af-3e41c3952a25/51c7d593-70e4-4624-8f9d-d218edfa8331/damaged
Sony,playstation portal,-,-,40.0,20.0,10.0,,,https://www.ocbuyback.com/sell/game-console/sony/playstation-portal/d8d87d48-661f-4414-b0af-3e41c3952a25/51c7d593-70e4-4624-8f9d-d218edfa8331/like-new,https://www.ocbuyback.com/sell/game-console/sony/playstation-portal/d8d87d48-661f-4414-b0af-3e41c3952a25/51c7d593-70e4-4624-8f9d-d218edfa8331/good-condition,https://www.ocbuyback.com/sell/game-console/sony/playstation-portal/d8d87d48-661f-4414-b0af-3e41c3952a25/51c7d593-70e4-4624-8f9d-d218edfa8331/fair,https://www.ocbuyback.com/sell/game-console/sony/playstation-portal/d8d87d48-661f-4414-b0af-3e41c3952a25/51c7d593-70e4-4624-8f9d-d218edfa8331/minor-damage,https://www.ocbuyback.com/sell/game-console/sony/playstation-portal/d8d87d48-661f-4414-b0af-3e41c3952a25/51c7d593-70e4-4624-8f9d-d218edfa8331/damaged
Valve,Steam Deck OLED,512GB,-,345.0,290.0,235.0,,,https://www.ocbuyback.com/sell/game-console/valve/steam-deck-oled/d8d87d48-661f-4414-b0af-3e41c3952a25/512gb/like-new,https://www.ocbuyback.com/sell/game-console/valve/steam-deck-oled/d8d87d48-661f-4414-b0af-3e41c3952a25/512gb/good-condition,https://www.ocbuyback.com/sell/game-console/valve/steam-deck-oled/d8d87d48-661f-4414-b0af-3e41c3952a25/512gb/fair,https://www.ocbuyback.com/sell/game-console/valve/steam-deck-oled/d8d87d48-661f-4414-b0af-3e41c3952a25/512gb/minor-damage,https://www.ocbuyback.com/sell/game-console/valve/steam-deck-oled/d8d87d48-661f-4414-b0af-3e41c3952a25/512gb/damaged
Valve,Steam Deck OLED,1TB,-,375.0,315.0,215.0,,,https://www.ocbuyback.com/sell/game-console/valve/steam-deck-oled/d8d87d48-661f-4414-b0af-3e41c3952a25/1tb/like-new,https://www.ocbuyback.com/sell/game-console/valve/steam-deck-oled/d8d87d48-661f-4414-b0af-3e41c3952a25/1tb/good-condition,https://www.ocbuyback.com/sell/game-console/valve/steam-deck-oled/d8d87d48-661f-4414-b0af-3e41c3952a25/1tb/fair,https://www.ocbuyback.com/sell/game-console/valve/steam-deck-oled/d8d87d48-661f-4414-b0af-3e41c3952a25/1tb/minor-damage,https://www.ocbuyback.com/sell/game-console/valve/steam-deck-oled/d8d87d48-661f-4414-b0af-3e41c3952a25/1tb/damaged
Asus,ROG Ally X,-,-,475.0,415.0,285.0,,,https://www.ocbuyback.com/sell/game-console/asus/rog-ally-x/d8d87d48-661f-4414-b0af-3e41c3952a25/51c7d593-70e4-4624-8f9d-d218edfa8331/like-new,https://www.ocbuyback.com/sell/game-console/asus/rog-ally-x/d8d87d48-661f-4414-b0af-3e41c3952a25/51c7d593-70e4-4624-8f9d-d218edfa8331/good-condition,https://www.ocbuyback.com/sell/game-console/asus/rog-ally-x/d8d87d48-661f-4414-b0af-3e41c3952a25/51c7d593-70e4-4624-8f9d-d218edfa8331/fair,https://www.ocbuyback.com/sell/game-console/asus/rog-ally-x/d8d87d48-661f-4414-b0af-3e41c3952a25/51c7d593-70e4-4624-8f9d-d218edfa8331/minor-damage,https://www.ocbuyback.com/sell/game-console/asus/rog-ally-x/d8d87d48-661f-4414-b0af-3e41c3952a25/51c7d593-70e4-4624-8f9d-d218edfa8331/damaged
Apple,AirPods Max,-,-,165.0,125.0,75.0,,,https://www.ocbuyback.com/sell/headphones/apple/airpods-max/d8d87d48-661f-4414-b0af-3e41c3952a25/51c7d593-70e4-4624-8f9d-d218edfa8331/like-new,https://www.ocbuyback.com/sell/headphones/apple/airpods-max/d8d87d48-661f-4414-b0af-3e41c3952a25/51c7d593-70e4-4624-8f9d-d218edfa8331/good-condition,https://www.ocbuyback.com/sell/headphones/apple/airpods-max/d8d87d48-661f-4414-b0af-3e41c3952a25/51c7d593-70e4-4624-8f9d-d218edfa8331/fair,https://www.ocbuyback.com/sell/headphones/apple/airpods-max/d8d87d48-661f-4414-b0af-3e41c3952a25/51c7d593-70e4-4624-8f9d-d218edfa8331/minor-damage,https://www.ocbuyback.com/sell/headphones/apple/airpods-max/d8d87d48-661f-4414-b0af-3e41c3952a25/51c7d593-70e4-4624-8f9d-d218edfa8331/damaged
Apple,vision pro,256GB,-,950.0,700.0,250.0,,,https://www.ocbuyback.com/sell/vr/apple/vision-pro/d8d87d48-661f-4414-b0af-3e41c3952a25/256gb/like-new,https://www.ocbuyback.com/sell/vr/apple/vision-pro/d8d87d48-661f-4414-b0af-3e41c3952a25/256gb/good-condition,https://www.ocbuyback.com/sell/vr/apple/vision-pro/d8d87d48-661f-4414-b0af-3e41c3952a25/256gb/fair,https://www.ocbuyback.com/sell/vr/apple/vision-pro/d8d87d48-661f-4414-b0af-3e41c3952a25/256gb/minor-damage,https://www.ocbuyback.com/sell/vr/apple/vision-pro/d8d87d48-661f-4414-b0af-3e41c3952a25/256gb/damaged
Apple,vision pro,512GB,-,1000.0,750.0,300.0,,,https://www.ocbuyback.com/sell/vr/apple/vision-pro/d8d87d48-661f-4414-b0af-3e41c3952a25/512gb/like-new,https://www.ocbuyback.com/sell/vr/apple/vision-pro/d8d87d48-661f-4414-b0af-3e41c3952a25/512gb/good-condition,https://www.ocbuyback.com/sell/vr/apple/vision-pro/d8d87d48-661f-4414-b0af-3e41c3952a25/512gb/fair,https://www.ocbuyback.com/sell/vr/apple/vision-pro/d8d87d48-661f-4414-b0af-3e41c3952a25/512gb/minor-damage,https://www.ocbuyback.com/sell/vr/apple/vision-pro/d8d87d48-661f-4414-b0af-3e41c3952a25/512gb/damaged
Apple,iPad Pro 13 M5 Standard Glass (2025),256GB,Wi-Fi,710.0,630.0,570.0,275.0,20.0,https://www.ocbuyback.com/sell/tablet/apple/ipad-pro-13-m5-standard-glass-2025/wi-fi/256gb/like-new,https://www.ocbuyback.com/sell/tablet/apple/ipad-pro-13-m5-standard-glass-2025/wi-fi/256gb/good-condition,https://www.ocbuyback.com/sell/tablet/apple/ipad-pro-13-m5-standard-glass-2025/wi-fi/256gb/fair,https://www.ocbuyback.com/sell/tablet/apple/ipad-pro-13-m5-standard-glass-2025/wi-fi/256gb/minor-damage,https://www.ocbuyback.com/sell/tablet/apple/ipad-pro-13-m5-standard-glass-2025/wi-fi/256gb/damaged
Apple,iPad Pro 13 M5 Standard Glass (2025),256GB,Wi-Fi+Cellular,710.0,660.0,600.0,325.0,20.0,https://www.ocbuyback.com/sell/tablet/apple/ipad-pro-13-m5-standard-glass-2025/wi-fi-cellular/256gb/like-new,https://www.ocbuyback.com/sell/tablet/apple/ipad-pro-13-m5-standard-glass-2025/wi-fi-cellular/256gb/good-condition,https://www.ocbuyback.com/sell/tablet/apple/ipad-pro-13-m5-standard-glass-2025/wi-fi-cellular/256gb/fair,https://www.ocbuyback.com/sell/tablet/apple/ipad-pro-13-m5-standard-glass-2025/wi-fi-cellular/256gb/minor-damage,https://www.ocbuyback.com/sell/tablet/apple/ipad-pro-13-m5-standard-glass-2025/wi-fi-cellular/256gb/damaged
Apple,iPad Pro 13 M5 Standard Glass (2025),512GB,Wi-Fi,760.0,680.0,620.0,300.0,20.0,https://www.ocbuyback.com/sell/tablet/apple/ipad-pro-13-m5-standard-glass-2025/wi-fi/512gb/like-new,https://www.ocbuyback.com/sell/tablet/apple/ipad-pro-13-m5-standard-glass-2025/wi-fi/512gb/good-condition,https://www.ocbuyback.com/sell/tablet/apple/ipad-pro-13-m5-standard-glass-2025/wi-fi/512gb/fair,https://www.ocbuyback.com/sell/tablet/apple/ipad-pro-13-m5-standard-glass-2025/wi-fi/512gb/minor-damage,https://www.ocbuyback.com/sell/tablet/apple/ipad-pro-13-m5-standard-glass-2025/wi-fi/512gb/damaged
Apple,iPad Pro 13 M5 Standard Glass (2025),512GB,Wi-Fi+Cellular,790.0,710.0,650.0,350.0,20.0,https://www.ocbuyback.com/sell/tablet/apple/ipad-pro-13-m5-standard-glass-2025/wi-fi-cellular/512gb/like-new,https://www.ocbuyback.com/sell/tablet/apple/ipad-pro-13-m5-standard-glass-2025/wi-fi-cellular/512gb/good-condition,https://www.ocbuyback.com/sell/tablet/apple/ipad-pro-13-m5-standard-glass-2025/wi-fi-cellular/512gb/fair,https://www.ocbuyback.com/sell/tablet/apple/ipad-pro-13-m5-standard-glass-2025/wi-fi-cellular/512gb/minor-damage,https://www.ocbuyback.com/sell/tablet/apple/ipad-pro-13-m5-standard-glass-2025/wi-fi-cellular/512gb/damaged
Apple,iPad Pro 13 M5 Standard Glass (2025),1TB,Wi-Fi,960.0,880.0,820.0,350.0,20.0,https://www.ocbuyback.com/sell/tablet/apple/ipad-pro-13-m5-standard-glass-2025/wi-fi/1tb/like-new,https://www.ocbuyback.com/sell/tablet/apple/ipad-pro-13-m5-standard-glass-2025/wi-fi/1tb/good-condition,https://www.ocbuyback.com/sell/tablet/apple/ipad-pro-13-m5-standard-glass-2025/wi-fi/1tb/fair,https://www.ocbuyback.com/sell/tablet/apple/ipad-pro-13-m5-standard-glass-2025/wi-fi/1tb/minor-damage,https://www.ocbuyback.com/sell/tablet/apple/ipad-pro-13-m5-standard-glass-2025/wi-fi/1tb/damaged
Apple,iPad Pro 13 M5 Standard Glass (2025),1TB,Wi-Fi+Cellular,990.0,910.0,850.0,400.0,20.0,https://www.ocbuyback.com/sell/tablet/apple/ipad-pro-13-m5-standard-glass-2025/wi-fi-cellular/1tb/like-new,https://www.ocbuyback.com/sell/tablet/apple/ipad-pro-13-m5-standard-glass-2025/wi-fi-cellular/1tb/good-condition,https://www.ocbuyback.com/sell/tablet/apple/ipad-pro-13-m5-standard-glass-2025/wi-fi-cellular/1tb/fair,https://www.ocbuyback.com/sell/tablet/apple/ipad-pro-13-m5-standard-glass-2025/wi-fi-cellular/1tb/minor-damage,https://www.ocbuyback.com/sell/tablet/apple/ipad-pro-13-m5-standard-glass-2025/wi-fi-cellular/1tb/damaged
Apple,iPad Pro 13 M5 Standard Glass (2025),2TB,Wi-Fi,1110.0,1030.0,970.0,375.0,20.0,https://www.ocbuyback.com/sell/tablet/apple/ipad-pro-13-m5-standard-glass-2025/wi-fi/2tb/like-new,https://www.ocbuyback.com/sell/tablet/apple/ipad-pro-13-m5-standard-glass-2025/wi-fi/2tb/good-condition,https://www.ocbuyback.com/sell/tablet/apple/ipad-pro-13-m5-standard-glass-2025/wi-fi/2tb/fair,https://www.ocbuyback.com/sell/tablet/apple/ipad-pro-13-m5-standard-glass-2025/wi-fi/2tb/minor-damage,https://www.ocbuyback.com/sell/tablet/apple/ipad-pro-13-m5-standard-glass-2025/wi-fi/2tb/damaged
Apple,iPad Pro 13 M5 Standard Glass (2025),2TB,Wi-Fi+Cellular,1140.0,1060.0,1000.0,425.0,20.0,https://www.ocbuyback.com/sell/tablet/apple/ipad-pro-13-m5-standard-glass-2025/wi-fi-cellular/2tb/like-new,https://www.ocbuyback.com/sell/tablet/apple/ipad-pro-13-m5-standard-glass-2025/wi-fi-cellular/2tb/good-condition,https://www.ocbuyback.com/sell/tablet/apple/ipad-pro-13-m5-standard-glass-2025/wi-fi-cellular/2tb/fair,https://www.ocbuyback.com/sell/tablet/apple/ipad-pro-13-m5-standard-glass-2025/wi-fi-cellular/2tb/minor-damage,https://www.ocbuyback.com/sell/tablet/apple/ipad-pro-13-m5-standard-glass-2025/wi-fi-cellular/2tb/damaged
Apple,iPad Pro 13 M5 Nano-texture Glass (2025),1TB,Wi-Fi,995.0,915.0,855.0,365.0,20.0,https://www.ocbuyback.com/sell/tablet/apple/ipad-pro-13-m5-nanominustexture-glass-2025/wi-fi/1tb/like-new,https://www.ocbuyback.com/sell/tablet/apple/ipad-pro-13-m5-nanominustexture-glass-2025/wi-fi/1tb/good-condition,https://www.ocbuyback.com/sell/tablet/apple/ipad-pro-13-m5-nanominustexture-glass-2025/wi-fi/1tb/fair,https://www.ocbuyback.com/sell/tablet/apple/ipad-pro-13-m5-nanominustexture-glass-2025/wi-fi/1tb/minor-damage,https://www.ocbuyback.com/sell/tablet/apple/ipad-pro-13-m5-nanominustexture-glass-2025/wi-fi/1tb/damaged
Apple,iPad Pro 13 M5 Nano-texture Glass (2025),1TB,Wi-Fi+Cellular,1025.0,945.0,885.0,415.0,20.0,https://www.ocbuyback.com/sell/tablet/apple/ipad-pro-13-m5-nanominustexture-glass-2025/wi-fi-cellular/1tb/like-new,https://www.ocbuyback.com/sell/tablet/apple/ipad-pro-13-m5-nanominustexture-glass-2025/wi-fi-cellular/1tb/good-condition,https://www.ocbuyback.com/sell/tablet/apple/ipad-pro-13-m5-nanominustexture-glass-2025/wi-fi-cellular/1tb/fair,https://www.ocbuyback.com/sell/tablet/apple/ipad-pro-13-m5-nanominustexture-glass-2025/wi-fi-cellular/1tb/minor-damage,https://www.ocbuyback.com/sell/tablet/apple/ipad-pro-13-m5-nanominustexture-glass-2025/wi-fi-cellular/1tb/damaged
Apple,iPad Pro 13 M5 Nano-texture Glass (2025),2TB,Wi-Fi,1145.0,1065.0,1005.0,390.0,20.0,https://www.ocbuyback.com/sell/tablet/apple/ipad-pro-13-m5-nanominustexture-glass-2025/wi-fi/2tb/like-new,https://www.ocbuyback.com/sell/tablet/apple/ipad-pro-13-m5-nanominustexture-glass-2025/wi-fi/2tb/good-condition,https://www.ocbuyback.com/sell/tablet/apple/ipad-pro-13-m5-nanominustexture-glass-2025/wi-fi/2tb/fair,https://www.ocbuyback.com/sell/tablet/apple/ipad-pro-13-m5-nanominustexture-glass-2025/wi-fi/2tb/minor-damage,https://www.ocbuyback.com/sell/tablet/apple/ipad-pro-13-m5-nanominustexture-glass-2025/wi-fi/2tb/damaged
Apple,iPad Pro 13 M5 Nano-texture Glass (2025),2TB,Wi-Fi+Cellular,1175.0,1095.0,1035.0,440.0,20.0,https://www.ocbuyback.com/sell/tablet/apple/ipad-pro-13-m5-nanominustexture-glass-2025/wi-fi-cellular/2tb/like-new,https://www.ocbuyback.com/sell/tablet/apple/ipad-pro-13-m5-nanominustexture-glass-2025/wi-fi-cellular/2tb/good-condition,https://www.ocbuyback.com/sell/tablet/apple/ipad-pro-13-m5-nanominustexture-glass-2025/wi-fi-cellular/2tb/fair,https://www.ocbuyback.com/sell/tablet/apple/ipad-pro-13-m5-nanominustexture-glass-2025/wi-fi-cellular/2tb/minor-damage,https://www.ocbuyback.com/sell/tablet/apple/ipad-pro-13-m5-nanominustexture-glass-2025/wi-fi-cellular/2tb/damaged
Apple,iPad Pro 11 M5 Standard Glass (2025),256GB,Wi-Fi,600.0,540.0,490.0,175.0,20.0,https://www.ocbuyback.com/sell/tablet/apple/ipad-pro-11-m5-standard-glass-2025/wi-fi/256gb/like-new,https://www.ocbuyback.com/sell/tablet/apple/ipad-pro-11-m5-standard-glass-2025/wi-fi/256gb/good-condition,https://www.ocbuyback.com/sell/tablet/apple/ipad-pro-11-m5-standard-glass-2025/wi-fi/256gb/fair,https://www.ocbuyback.com/sell/tablet/apple/ipad-pro-11-m5-standard-glass-2025/wi-fi/256gb/minor-damage,https://www.ocbuyback.com/sell/tablet/apple/ipad-pro-11-m5-standard-glass-2025/wi-fi/256gb/damaged
Apple,iPad Pro 11 M5 Standard Glass (2025),256GB,Wi-Fi+Cellular,630.0,570.0,520.0,175.0,20.0,https://www.ocbuyback.com/sell/tablet/apple/ipad-pro-11-m5-standard-glass-2025/wi-fi-cellular/256gb/like-new,https://www.ocbuyback.com/sell/tablet/apple/ipad-pro-11-m5-standard-glass-2025/wi-fi-cellular/256gb/good-condition,https://www.ocbuyback.com/sell/tablet/apple/ipad-pro-11-m5-standard-glass-2025/wi-fi-cellular/256gb/fair,https://www.ocbuyback.com/sell/tablet/apple/ipad-pro-11-m5-standard-glass-2025/wi-fi-cellular/256gb/minor-damage,https://www.ocbuyback.com/sell/tablet/apple/ipad-pro-11-m5-standard-glass-2025/wi-fi-cellular/256gb/damaged
Apple,iPad Pro 11 M5 Standard Glass (2025),512GB,Wi-Fi,650.0,590.0,540.0,225.0,20.0,https://www.ocbuyback.com/sell/tablet/apple/ipad-pro-11-m5-standard-glass-2025/wi-fi/512gb/like-new,https://www.ocbuyback.com/sell/tablet/apple/ipad-pro-11-m5-standard-glass-2025/wi-fi/512gb/good-condition,https://www.ocbuyback.com/sell/tablet/apple/ipad-pro-11-m5-standard-glass-2025/wi-fi/512gb/fair,https://www.ocbuyback.com/sell/tablet/apple/ipad-pro-11-m5-standard-glass-2025/wi-fi/512gb/minor-damage,https://www.ocbuyback.com/sell/tablet/apple/ipad-pro-11-m5-standard-glass-2025/wi-fi/512gb/damaged
Apple,iPad Pro 11 M5 Standard Glass (2025),512GB,Wi-Fi+Cellular,680.0,620.0,570.0,225.0,20.0,https://www.ocbuyback.com/sell/tablet/apple/ipad-pro-11-m5-standard-glass-2025/wi-fi-cellular/512gb/like-new,https://www.ocbuyback.com/sell/tablet/apple/ipad-pro-11-m5-standard-glass-2025/wi-fi-cellular/512gb/good-condition,https://www.ocbuyback.com/sell/tablet/apple/ipad-pro-11-m5-standard-glass-2025/wi-fi-cellular/512gb/fair,https://www.ocbuyback.com/sell/tablet/apple/ipad-pro-11-m5-standard-glass-2025/wi-fi-cellular/512gb/minor-damage,https://www.ocbuyback.com/sell/tablet/apple/ipad-pro-11-m5-standard-glass-2025/wi-fi-cellular/512gb/damaged
Apple,iPad Pro 11 M5 Standard Glass (2025),1TB,Wi-Fi,750.0,690.0,640.0,275.0,20.0,https://www.ocbuyback.com/sell/tablet/apple/ipad-pro-11-m5-standard-glass-2025/wi-fi/1tb/like-new,https://www.ocbuyback.com/sell/tablet/apple/ipad-pro-11-m5-standard-glass-2025/wi-fi/1tb/good-condition,https://www.ocbuyback.com/sell/tablet/apple/ipad-pro-11-m5-standard-glass-2025/wi-fi/1tb/fair,https://www.ocbuyback.com/sell/tablet/apple/ipad-pro-11-m5-standard-glass-2025/wi-fi/1tb/minor-damage,https://www.ocbuyback.com/sell/tablet/apple/ipad-pro-11-m5-standard-glass-2025/wi-fi/1tb/damaged
Apple,iPad Pro 11 M5 Standard Glass (2025),1TB,Wi-Fi+Cellular,780.0,720.0,670.0,275.0,20.0,https://www.ocbuyback.com/sell/tablet/apple/ipad-pro-11-m5-standard-glass-2025/wi-fi-cellular/1tb/like-new,https://www.ocbuyback.com/sell/tablet/apple/ipad-pro-11-m5-standard-glass-2025/wi-fi-cellular/1tb/good-condition,https://www.ocbuyback.com/sell/tablet/apple/ipad-pro-11-m5-standard-glass-2025/wi-fi-cellular/1tb/fair,https://www.ocbuyback.com/sell/tablet/apple/ipad-pro-11-m5-standard-glass-2025/wi-fi-cellular/1tb/minor-damage,https://www.ocbuyback.com/sell/tablet/apple/ipad-pro-11-m5-standard-glass-2025/wi-fi-cellular/1tb/damaged
Apple,iPad Pro 11 M5 Standard Glass (2025),2TB,Wi-Fi,850.0,790.0,740.0,325.0,20.0,https://www.ocbuyback.com/sell/tablet/apple/ipad-pro-11-m5-standard-glass-2025/wi-fi/2tb/like-new,https://www.ocbuyback.com/sell/tablet/apple/ipad-pro-11-m5-standard-glass-2025/wi-fi/2tb/good-condition,https://www.ocbuyback.com/sell/tablet/apple/ipad-pro-11-m5-standard-glass-2025/wi-fi/2tb/fair,https://www.ocbuyback.com/sell/tablet/apple/ipad-pro-11-m5-standard-glass-2025/wi-fi/2tb/minor-damage,https://www.ocbuyback.com/sell/tablet/apple/ipad-pro-11-m5-standard-glass-2025/wi-fi/2tb/damaged
Apple,iPad Pro 11 M5 Standard Glass (2025),2TB,Wi-Fi+Cellular,880.0,820.0,770.0,325.0,20.0,https://www.ocbuyback.com/sell/tablet/apple/ipad-pro-11-m5-standard-glass-2025/wi-fi-cellular/2tb/like-new,https://www.ocbuyback.com/sell/tablet/apple/ipad-pro-11-m5-standard-glass-2025/wi-fi-cellular/2tb/good-condition,https://www.ocbuyback.com/sell/tablet/apple/ipad-pro-11-m5-standard-glass-2025/wi-fi-cellular/2tb/fair,https://www.ocbuyback.com/sell/tablet/apple/ipad-pro-11-m5-standard-glass-2025/wi-fi-cellular/2tb/minor-damage,https://www.ocbuyback.com/sell/tablet/apple/ipad-pro-11-m5-standard-glass-2025/wi-fi-cellular/2tb/damaged
Apple,iPad Pro 11 M5 Nano-texture Glass (2025),1TB,Wi-Fi,785.0,725.0,675.0,290.0,20.0,https://www.ocbuyback.com/sell/tablet/apple/ipad-pro-11-m5-nanominustexture-glass-2025/wi-fi/1tb/like-new,https://www.ocbuyback.com/sell/tablet/apple/ipad-pro-11-m5-nanominustexture-glass-2025/wi-fi/1tb/good-condition,https://www.ocbuyback.com/sell/tablet/apple/ipad-pro-11-m5-nanominustexture-glass-2025/wi-fi/1tb/fair,https://www.ocbuyback.com/sell/tablet/apple/ipad-pro-11-m5-nanominustexture-glass-2025/wi-fi/1tb/minor-damage,https://www.ocbuyback.com/sell/tablet/apple/ipad-pro-11-m5-nanominustexture-glass-2025/wi-fi/1tb/damaged
Apple,iPad Pro 11 M5 Nano-texture Glass (2025),1TB,Wi-Fi+Cellular,815.0,755.0,705.0,290.0,20.0,https://www.ocbuyback.com/sell/tablet/apple/ipad-pro-11-m5-nanominustexture-glass-2025/wi-fi-cellular/1tb/like-new,https://www.ocbuyback.com/sell/tablet/apple/ipad-pro-11-m5-nanominustexture-glass-2025/wi-fi-cellular/1tb/good-condition,https://www.ocbuyback.com/sell/tablet/apple/ipad-pro-11-m5-nanominustexture-glass-2025/wi-fi-cellular/1tb/fair,https://www.ocbuyback.com/sell/tablet/apple/ipad-pro-11-m5-nanominustexture-glass-2025/wi-fi-cellular/1tb/minor-damage,https://www.ocbuyback.com/sell/tablet/apple/ipad-pro-11-m5-nanominustexture-glass-2025/wi-fi-cellular/1tb/damaged
Apple,iPad Pro 11 M5 Nano-texture Glass (2025),2TB,Wi-Fi,885.0,825.0,775.0,340.0,20.0,https://www.ocbuyback.com/sell/tablet/apple/ipad-pro-11-m5-nanominustexture-glass-2025/wi-fi/2tb/like-new,https://www.ocbuyback.com/sell/tablet/apple/ipad-pro-11-m5-nanominustexture-glass-2025/wi-fi/2tb/good-condition,https://www.ocbuyback.com/sell/tablet/apple/ipad-pro-11-m5-nanominustexture-glass-2025/wi-fi/2tb/fair,https://www.ocbuyback.com/sell/tablet/apple/ipad-pro-11-m5-nanominustexture-glass-2025/wi-fi/2tb/minor-damage,https://www.ocbuyback.com/sell/tablet/apple/ipad-pro-11-m5-nanominustexture-glass-2025/wi-fi/2tb/damaged
Apple,iPad Pro 11 M5 Nano-texture Glass (2025),2TB,Wi-Fi+Cellular,915.0,855.0,805.0,340.0,20.0,https://www.ocbuyback.com/sell/tablet/apple/ipad-pro-11-m5-nanominustexture-glass-2025/wi-fi-cellular/2tb/like-new,https://www.ocbuyback.com/sell/tablet/apple/ipad-pro-11-m5-nanominustexture-glass-2025/wi-fi-cellular/2tb/good-condition,https://www.ocbuyback.com/sell/tablet/apple/ipad-pro-11-m5-nanominustexture-glass-2025/wi-fi-cellular/2tb/fair,https://www.ocbuyback.com/sell/tablet/apple/ipad-pro-11-m5-nanominustexture-glass-2025/wi-fi-cellular/2tb/minor-damage,https://www.ocbuyback.com/sell/tablet/apple/ipad-pro-11-m5-nanominustexture-glass-2025/wi-fi-cellular/2tb/damaged
OnePlus,15,256GB,Unlocked,500.0,465.0,375.0,150.0,10.0,https://www.ocbuyback.com/sell/cell-phone/oneplus/15/unlocked/256gb/like-new,https://www.ocbuyback.com/sell/cell-phone/oneplus/15/unlocked/256gb/good-condition,https://www.ocbuyback.com/sell/cell-phone/oneplus/15/unlocked/256gb/fair,https://www.ocbuyback.com/sell/cell-phone/oneplus/15/unlocked/256gb/minor-damage,https://www.ocbuyback.com/sell/cell-phone/oneplus/15/unlocked/256gb/damaged
OnePlus,15,512GB,Unlocked,535.0,500.0,410.0,165.0,10.0,https://www.ocbuyback.com/sell/cell-phone/oneplus/15/unlocked/512gb/like-new,https://www.ocbuyback.com/sell/cell-phone/oneplus/15/unlocked/512gb/good-condition,https://www.ocbuyback.com/sell/cell-phone/oneplus/15/unlocked/512gb/fair,https://www.ocbuyback.com/sell/cell-phone/oneplus/15/unlocked/512gb/minor-damage,https://www.ocbuyback.com/sell/cell-phone/oneplus/15/unlocked/512gb/damaged
OnePlus,15R,256GB,Unlocked,350.0,300.0,200.0,100.0,10.0,https://www.ocbuyback.com/sell/cell-phone/oneplus/15r/unlocked/256gb/like-new,https://www.ocbuyback.com/sell/cell-phone/oneplus/15r/unlocked/256gb/good-condition,https://www.ocbuyback.com/sell/cell-phone/oneplus/15r/unlocked/256gb/fair,https://www.ocbuyback.com/sell/cell-phone/oneplus/15r/unlocked/256gb/minor-damage,https://www.ocbuyback.com/sell/cell-phone/oneplus/15r/unlocked/256gb/damaged
OnePlus,15R,512GB,Unlocked,385.0,335.0,235.0,115.0,10.0,https://www.ocbuyback.com/sell/cell-phone/oneplus/15r/unlocked/512gb/like-new,https://www.ocbuyback.com/sell/cell-phone/oneplus/15r/unlocked/512gb/good-condition,https://www.ocbuyback.com/sell/cell-phone/oneplus/15r/unlocked/512gb/fair,https://www.ocbuyback.com/sell/cell-phone/oneplus/15r/unlocked/512gb/minor-damage,https://www.ocbuyback.com/sell/cell-phone/oneplus/15r/unlocked/512gb/damaged
Apple,iPad Air 11 M4 (2026),128GB,Wi-Fi,350.0,300.0,205.0,125.0,20.0,https://www.ocbuyback.com/sell/tablet/apple/ipad-air-11-m4-2026/wi-fi/128gb/like-new,https://www.ocbuyback.com/sell/tablet/apple/ipad-air-11-m4-2026/wi-fi/128gb/good-condition,https://www.ocbuyback.com/sell/tablet/apple/ipad-air-11-m4-2026/wi-fi/128gb/fair,https://www.ocbuyback.com/sell/tablet/apple/ipad-air-11-m4-2026/wi-fi/128gb/minor-damage,https://www.ocbuyback.com/sell/tablet/apple/ipad-air-11-m4-2026/wi-fi/128gb/damaged
Apple,iPad Air 11 M4 (2026),128GB,Wi-Fi+Cellular,375.0,325.0,230.0,140.0,20.0,https://www.ocbuyback.com/sell/tablet/apple/ipad-air-11-m4-2026/wi-fi-cellular/128gb/like-new,https://www.ocbuyback.com/sell/tablet/apple/ipad-air-11-m4-2026/wi-fi-cellular/128gb/good-condition,https://www.ocbuyback.com/sell/tablet/apple/ipad-air-11-m4-2026/wi-fi-cellular/128gb/fair,https://www.ocbuyback.com/sell/tablet/apple/ipad-air-11-m4-2026/wi-fi-cellular/128gb/minor-damage,https://www.ocbuyback.com/sell/tablet/apple/ipad-air-11-m4-2026/wi-fi-cellular/128gb/damaged
Apple,iPad Air 11 M4 (2026),256GB,Wi-Fi,390.0,340.0,245.0,150.0,20.0,https://www.ocbuyback.com/sell/tablet/apple/ipad-air-11-m4-2026/wi-fi/256gb/like-new,https://www.ocbuyback.com/sell/tablet/apple/ipad-air-11-m4-2026/wi-fi/256gb/good-condition,https://www.ocbuyback.com/sell/tablet/apple/ipad-air-11-m4-2026/wi-fi/256gb/fair,https://www.ocbuyback.com/sell/tablet/apple/ipad-air-11-m4-2026/wi-fi/256gb/minor-damage,https://www.ocbuyback.com/sell/tablet/apple/ipad-air-11-m4-2026/wi-fi/256gb/damaged
Apple,iPad Air 11 M4 (2026),256GB,Wi-Fi+Cellular,415.0,365.0,270.0,165.0,20.0,https://www.ocbuyback.com/sell/tablet/apple/ipad-air-11-m4-2026/wi-fi-cellular/256gb/like-new,https://www.ocbuyback.com/sell/tablet/apple/ipad-air-11-m4-2026/wi-fi-cellular/256gb/good-condition,https://www.ocbuyback.com/sell/tablet/apple/ipad-air-11-m4-2026/wi-fi-cellular/256gb/fair,https://www.ocbuyback.com/sell/tablet/apple/ipad-air-11-m4-2026/wi-fi-cellular/256gb/minor-damage,https://www.ocbuyback.com/sell/tablet/apple/ipad-air-11-m4-2026/wi-fi-cellular/256gb/damaged
Apple,iPad Air 11 M4 (2026),512GB,Wi-Fi,430.0,380.0,285.0,175.0,20.0,https://www.ocbuyback.com/sell/tablet/apple/ipad-air-11-m4-2026/wi-fi/512gb/like-new,https://www.ocbuyback.com/sell/tablet/apple/ipad-air-11-m4-2026/wi-fi/512gb/good-condition,https://www.ocbuyback.com/sell/tablet/apple/ipad-air-11-m4-2026/wi-fi/512gb/fair,https://www.ocbuyback.com/sell/tablet/apple/ipad-air-11-m4-2026/wi-fi/512gb/minor-damage,https://www.ocbuyback.com/sell/tablet/apple/ipad-air-11-m4-2026/wi-fi/512gb/damaged
Apple,iPad Air 11 M4 (2026),512GB,Wi-Fi+Cellular,455.0,405.0,310.0,190.0,20.0,https://www.ocbuyback.com/sell/tablet/apple/ipad-air-11-m4-2026/wi-fi-cellular/512gb/like-new,https://www.ocbuyback.com/sell/tablet/apple/ipad-air-11-m4-2026/wi-fi-cellular/512gb/good-condition,https://www.ocbuyback.com/sell/tablet/apple/ipad-air-11-m4-2026/wi-fi-cellular/512gb/fair,https://www.ocbuyback.com/sell/tablet/apple/ipad-air-11-m4-2026/wi-fi-cellular/512gb/minor-damage,https://www.ocbuyback.com/sell/tablet/apple/ipad-air-11-m4-2026/wi-fi-cellular/512gb/damaged
Apple,iPad Air 11 M4 (2026),1TB,Wi-Fi,510.0,460.0,365.0,200.0,20.0,https://www.ocbuyback.com/sell/tablet/apple/ipad-air-11-m4-2026/wi-fi/1tb/like-new,https://www.ocbuyback.com/sell/tablet/apple/ipad-air-11-m4-2026/wi-fi/1tb/good-condition,https://www.ocbuyback.com/sell/tablet/apple/ipad-air-11-m4-2026/wi-fi/1tb/fair,https://www.ocbuyback.com/sell/tablet/apple/ipad-air-11-m4-2026/wi-fi/1tb/minor-damage,https://www.ocbuyback.com/sell/tablet/apple/ipad-air-11-m4-2026/wi-fi/1tb/damaged
Apple,iPad Air 11 M4 (2026),1TB,Wi-Fi+Cellular,535.0,485.0,390.0,215.0,20.0,https://www.ocbuyback.com/sell/tablet/apple/ipad-air-11-m4-2026/wi-fi-cellular/1tb/like-new,https://www.ocbuyback.com/sell/tablet/apple/ipad-air-11-m4-2026/wi-fi-cellular/1tb/good-condition,https://www.ocbuyback.com/sell/tablet/apple/ipad-air-11-m4-2026/wi-fi-cellular/1tb/fair,https://www.ocbuyback.com/sell/tablet/apple/ipad-air-11-m4-2026/wi-fi-cellular/1tb/minor-damage,https://www.ocbuyback.com/sell/tablet/apple/ipad-air-11-m4-2026/wi-fi-cellular/1tb/damaged
Apple,iPad Air 13 M4 (2026),128GB,Wi-Fi,515.0,465.0,365.0,150.0,20.0,https://www.ocbuyback.com/sell/tablet/apple/ipad-air-13-m4-2026/wi-fi/128gb/like-new,https://www.ocbuyback.com/sell/tablet/apple/ipad-air-13-m4-2026/wi-fi/128gb/good-condition,https://www.ocbuyback.com/sell/tablet/apple/ipad-air-13-m4-2026/wi-fi/128gb/fair,https://www.ocbuyback.com/sell/tablet/apple/ipad-air-13-m4-2026/wi-fi/128gb/minor-damage,https://www.ocbuyback.com/sell/tablet/apple/ipad-air-13-m4-2026/wi-fi/128gb/damaged
Apple,iPad Air 13 M4 (2026),128GB,Wi-Fi+Cellular,565.0,515.0,415.0,165.0,20.0,https://www.ocbuyback.com/sell/tablet/apple/ipad-air-13-m4-2026/wi-fi-cellular/128gb/like-new,https://www.ocbuyback.com/sell/tablet/apple/ipad-air-13-m4-2026/wi-fi-cellular/128gb/good-condition,https://www.ocbuyback.com/sell/tablet/apple/ipad-air-13-m4-2026/wi-fi-cellular/128gb/fair,https://www.ocbuyback.com/sell/tablet/apple/ipad-air-13-m4-2026/wi-fi-cellular/128gb/minor-damage,https://www.ocbuyback.com/sell/tablet/apple/ipad-air-13-m4-2026/wi-fi-cellular/128gb/damaged
Apple,iPad Air 13 M4 (2026),256GB,Wi-Fi,555.0,505.0,405.0,170.0,20.0,https://www.ocbuyback.com/sell/tablet/apple/ipad-air-13-m4-2026/wi-fi/256gb/like-new,https://www.ocbuyback.com/sell/tablet/apple/ipad-air-13-m4-2026/wi-fi/256gb/good-condition,https://www.ocbuyback.com/sell/tablet/apple/ipad-air-13-m4-2026/wi-fi/256gb/fair,https://www.ocbuyback.com/sell/tablet/apple/ipad-air-13-m4-2026/wi-fi/256gb/minor-damage,https://www.ocbuyback.com/sell/tablet/apple/ipad-air-13-m4-2026/wi-fi/256gb/damaged
Apple,iPad Air 13 M4 (2026),256GB,Wi-Fi+Cellular,605.0,555.0,455.0,185.0,20.0,https://www.ocbuyback.com/sell/tablet/apple/ipad-air-13-m4-2026/wi-fi-cellular/256gb/like-new,https://www.ocbuyback.com/sell/tablet/apple/ipad-air-13-m4-2026/wi-fi-cellular/256gb/good-condition,https://www.ocbuyback.com/sell/tablet/apple/ipad-air-13-m4-2026/wi-fi-cellular/256gb/fair,https://www.ocbuyback.com/sell/tablet/apple/ipad-air-13-m4-2026/wi-fi-cellular/256gb/minor-damage,https://www.ocbuyback.com/sell/tablet/apple/ipad-air-13-m4-2026/wi-fi-cellular/256gb/damaged
Apple,iPad Air 13 M4 (2026),512GB,Wi-Fi,595.0,545.0,445.0,190.0,20.0,https://www.ocbuyback.com/sell/tablet/apple/ipad-air-13-m4-2026/wi-fi/512gb/like-new,https://www.ocbuyback.com/sell/tablet/apple/ipad-air-13-m4-2026/wi-fi/512gb/good-condition,https://www.ocbuyback.com/sell/tablet/apple/ipad-air-13-m4-2026/wi-fi/512gb/fair,https://www.ocbuyback.com/sell/tablet/apple/ipad-air-13-m4-2026/wi-fi/512gb/minor-damage,https://www.ocbuyback.com/sell/tablet/apple/ipad-air-13-m4-2026/wi-fi/512gb/damaged
Apple,iPad Air 13 M4 (2026),512GB,Wi-Fi+Cellular,645.0,595.0,495.0,205.0,20.0,https://www.ocbuyback.com/sell/tablet/apple/ipad-air-13-m4-2026/wi-fi-cellular/512gb/like-new,https://www.ocbuyback.com/sell/tablet/apple/ipad-air-13-m4-2026/wi-fi-cellular/512gb/good-condition,https://www.ocbuyback.com/sell/tablet/apple/ipad-air-13-m4-2026/wi-fi-cellular/512gb/fair,https://www.ocbuyback.com/sell/tablet/apple/ipad-air-13-m4-2026/wi-fi-cellular/512gb/minor-damage,https://www.ocbuyback.com/sell/tablet/apple/ipad-air-13-m4-2026/wi-fi-cellular/512gb/damaged
Apple,iPad Air 13 M4 (2026),1TB,Wi-Fi,675.0,625.0,525.0,210.0,20.0,https://www.ocbuyback.com/sell/tablet/apple/ipad-air-13-m4-2026/wi-fi/1tb/like-new,https://www.ocbuyback.com/sell/tablet/apple/ipad-air-13-m4-2026/wi-fi/1tb/good-condition,https://www.ocbuyback.com/sell/tablet/apple/ipad-air-13-m4-2026/wi-fi/1tb/fair,https://www.ocbuyback.com/sell/tablet/apple/ipad-air-13-m4-2026/wi-fi/1tb/minor-damage,https://www.ocbuyback.com/sell/tablet/apple/ipad-air-13-m4-2026/wi-fi/1tb/damaged
Apple,iPad Air 13 M4 (2026),1TB,Wi-Fi+Cellular,725.0,675.0,575.0,225.0,20.0,https://www.ocbuyback.com/sell/tablet/apple/ipad-air-13-m4-2026/wi-fi-cellular/1tb/like-new,https://www.ocbuyback.com/sell/tablet/apple/ipad-air-13-m4-2026/wi-fi-cellular/1tb/good-condition,https://www.ocbuyback.com/sell/tablet/apple/ipad-air-13-m4-2026/wi-fi-cellular/1tb/fair,https://www.ocbuyback.com/sell/tablet/apple/ipad-air-13-m4-2026/wi-fi-cellular/1tb/minor-damage,https://www.ocbuyback.com/sell/tablet/apple/ipad-air-13-m4-2026/wi-fi-cellular/1tb/damaged
