partner_ref,product,carrier,memory,storage,processor,price_new,price_mint,price_good,price_fair,price_broken,url
,apple-series-7-gps,aluminum,,41mm,,,55.0,30.0,15.0,,https://www.ocbuyback.com/sell/smartwatch/apple/series-7-gps
,apple-series-7-gps,stainless-steel,,41mm,,,60.0,35.0,20.0,,https://www.ocbuyback.com/sell/smartwatch/apple/series-7-gps
,apple-series-7-gps,titanium,,41mm,,,65.0,40.0,20.0,,https://www.ocbuyback.com/sell/smartwatch/apple/series-7-gps
,apple-series-7-gps,aluminum,,45mm,,,60.0,25.0,10.0,,https://www.ocbuyback.com/sell/smartwatch/apple/series-7-gps
,apple-series-7-gps,stainless-steel,,45mm,,,70.0,45.0,30.0,,https://www.ocbuyback.com/sell/smartwatch/apple/series-7-gps
,apple-series-7-gps,titanium,,45mm,,,75.0,50.0,35.0,,https://www.ocbuyback.com/sell/smartwatch/apple/series-7-gps
,apple-series-7-gps-cellular,aluminum,,41mm,,,65.0,25.0,10.0,,https://www.ocbuyback.com/sell/smartwatch/apple/series-7-gps-cellular
,apple-series-7-gps-cellular,stainless-steel,,41mm,,,70.0,45.0,20.0,,https://www.ocbuyback.com/sell/smartwatch/apple/series-7-gps-cellular
,apple-series-7-gps-cellular,titanium,,41mm,,,55.0,30.0,15.0,,https://www.ocbuyback.com/sell/smartwatch/apple/series-7-gps-cellular
,apple-series-7-gps-cellular,aluminum,,45mm,,,70.0,30.0,20.0,,https://www.ocbuyback.com/sell/smartwatch/apple/series-7-gps-cellular
,apple-series-7-gps-cellular,stainless-steel,,45mm,,,80.0,55.0,30.0,,https://www.ocbuyback.com/sell/smartwatch/apple/series-7-gps-cellular
,apple-series-7-gps-cellular,titanium,,45mm,,,80.0,55.0,30.0,,https://www.ocbuyback.com/sell/smartwatch/apple/series-7-gps-cellular
,apple-watch-se-gps-2nd-gen,aluminum,,40mm,,,20.0,10.0,5.0,,https://www.ocbuyback.com/sell/smartwatch/apple/watch-se-gps-2nd-gen
,apple-watch-se-gps-2nd-gen,aluminum,,44mm,,,25.0,15.0,10.0,,https://www.ocbuyback.com/sell/smartwatch/apple/watch-se-gps-2nd-gen
,apple-watch-se-gps-plus-cellular-2nd-gen,aluminum,,40mm,,,25.0,15.0,10.0,,https://www.ocbuyback.com/sell/smartwatch/apple/watch-se-gps-plus-cellular-2nd-gen
,apple-watch-se-gps-plus-cellular-2nd-gen,aluminum,,44mm,,,30.0,20.0,10.0,,https://www.ocbuyback.com/sell/smartwatch/apple/watch-se-gps-plus-cellular-2nd-gen
,apple-watch-se-gps-3rd-gen,aluminum,,40mm,,,60.0,40.0,15.0,,https://www.ocbuyback.com/sell/smartwatch/apple/watch-se-gps-3rd-gen
,apple-watch-se-gps-3rd-gen,aluminum,,44mm,,,70.0,50.0,25.0,,https://www.ocbuyback.com/sell/smartwatch/apple/watch-se-gps-3rd-gen
,apple-watch-se-gps-plus-cellular-3rd-gen,aluminum,,40mm,,,70.0,50.0,25.0,,https://www.ocbuyback.com/sell/smartwatch/apple/watch-se-gps-plus-cellular-3rd-gen
,apple-watch-se-gps-plus-cellular-3rd-gen,aluminum,,44mm,,,80.0,60.0,35.0,,https://www.ocbuyback.com/sell/smartwatch/apple/watch-se-gps-plus-cellular-3rd-gen
,apple-series-8-gps,aluminum,,41mm,,,50.0,35.0,20.0,,https://www.ocbuyback.com/sell/smartwatch/apple/series-8-gps
,apple-series-8-gps,stainless-steel,,41mm,,,60.0,45.0,20.0,,https://www.ocbuyback.com/sell/smartwatch/apple/series-8-gps
,apple-series-8-gps,aluminum,,45mm,,,60.0,45.0,25.0,,https://www.ocbuyback.com/sell/smartwatch/apple/series-8-gps
,apple-series-8-gps,stainless-steel,,45mm,,,80.0,55.0,35.0,,https://www.ocbuyback.com/sell/smartwatch/apple/series-8-gps
,apple-series-8-gps-cellular,aluminum,,41mm,,,60.0,45.0,25.0,,https://www.ocbuyback.com/sell/smartwatch/apple/series-8-gps-cellular
,apple-series-8-gps-cellular,stainless-steel,,41mm,,,70.0,45.0,25.0,,https://www.ocbuyback.com/sell/smartwatch/apple/series-8-gps-cellular
,apple-series-8-gps-cellular,aluminum,,45mm,,,70.0,55.0,30.0,,https://www.ocbuyback.com/sell/smartwatch/apple/series-8-gps-cellular
,apple-series-8-gps-cellular,stainless-steel,,45mm,,,90.0,65.0,40.0,,https://www.ocbuyback.com/sell/smartwatch/apple/series-8-gps-cellular
,apple-ultra,titanium,,49mm,,,125.0,80.0,40.0,,https://www.ocbuyback.com/sell/smartwatch/apple/ultra
,apple-series-9-gps,aluminum,,41mm,,,80.0,55.0,30.0,,https://www.ocbuyback.com/sell/smartwatch/apple/series-9-gps
,apple-series-9-gps,aluminum,,45mm,,,90.0,65.0,40.0,,https://www.ocbuyback.com/sell/smartwatch/apple/series-9-gps
,apple-series-9-gps-cellular,aluminum,,41mm,,,95.0,70.0,45.0,,https://www.ocbuyback.com/sell/smartwatch/apple/series-9-gps-cellular
,apple-series-9-gps-cellular,stainless-steel,,41mm,,,105.0,65.0,25.0,,https://www.ocbuyback.com/sell/smartwatch/apple/series-9-gps-cellular
,apple-series-9-gps-cellular,aluminum,,45mm,,,105.0,80.0,55.0,,https://www.ocbuyback.com/sell/smartwatch/apple/series-9-gps-cellular
,apple-series-9-gps-cellular,stainless-steel,,45mm,,,115.0,75.0,35.0,,https://www.ocbuyback.com/sell/smartwatch/apple/series-9-gps-cellular
,apple-series-10-gps,aluminum,,42mm,,,100.0,60.0,20.0,,https://www.ocbuyback.com/sell/smartwatch/apple/series-10-gps
,apple-series-10-gps,aluminum,,46mm,,,110.0,70.0,30.0,,https://www.ocbuyback.com/sell/smartwatch/apple/series-10-gps
,apple-series-10-gps-cellular,aluminum,,42mm,,,110.0,70.0,30.0,,https://www.ocbuyback.com/sell/smartwatch/apple/series-10-gps-cellular
,apple-series-10-gps-cellular,titanium,,42mm,,,165.0,120.0,65.0,,https://www.ocbuyback.com/sell/smartwatch/apple/series-10-gps-cellular
,apple-series-10-gps-cellular,aluminum,,46mm,,,120.0,80.0,40.0,,https://www.ocbuyback.com/sell/smartwatch/apple/series-10-gps-cellular
,apple-series-10-gps-cellular,titanium,,46mm,,,175.0,130.0,75.0,,https://www.ocbuyback.com/sell/smartwatch/apple/series-10-gps-cellular
,apple-series-11-gps,aluminum,,42mm,,,150.0,120.0,90.0,,https://www.ocbuyback.com/sell/smartwatch/apple/series-11-gps
,apple-series-11-gps,aluminum,,46mm,,,160.0,130.0,100.0,,https://www.ocbuyback.com/sell/smartwatch/apple/series-11-gps
,apple-series-11-gps-plus-cellular,aluminum,,42mm,,,170.0,140.0,110.0,,https://www.ocbuyback.com/sell/smartwatch/apple/series-11-gps-plus-cellular
,apple-series-11-gps-plus-cellular,titanium,,42mm,,,310.0,270.0,200.0,,https://www.ocbuyback.com/sell/smartwatch/apple/series-11-gps-plus-cellular
,apple-series-11-gps-plus-cellular,aluminum,,46mm,,,180.0,150.0,120.0,,https://www.ocbuyback.com/sell/smartwatch/apple/series-11-gps-plus-cellular
,apple-series-11-gps-plus-cellular,titanium,,46mm,,,325.0,285.0,215.0,,https://www.ocbuyback.com/sell/smartwatch/apple/series-11-gps-plus-cellular
,apple-ultra-2,titanium,,49mm,,,210.0,160.0,105.0,,https://www.ocbuyback.com/sell/smartwatch/apple/ultra-2
,apple-ultra-3,titanium,,49mm,,,340.0,275.0,195.0,,https://www.ocbuyback.com/sell/smartwatch/apple/ultra-3
,apple-ipad-air-4th-gen,wi-fi,,64gb,,,180.0,150.0,100.0,40.0,https://www.ocbuyback.com/sell/tablet/apple/ipad-air-4th-gen-2020
,apple-ipad-air-4th-gen,cellular,,64gb,,,190.0,160.0,115.0,45.0,https://www.ocbuyback.com/sell/tablet/apple/ipad-air-4th-gen-2020
,apple-ipad-air-4th-gen,wi-fi,,256gb,,,210.0,180.0,135.0,45.0,https://www.ocbuyback.com/sell/tablet/apple/ipad-air-4th-gen-2020
,apple-ipad-air-4th-gen,cellular,,256gb,,,220.0,190.0,145.0,50.0,https://www.ocbuyback.com/sell/tablet/apple/ipad-air-4th-gen-2020
,apple-ipad-air-5th-gen,wi-fi,,64gb,,,205.0,170.0,125.0,75.0,https://www.ocbuyback.com/sell/tablet/apple/ipad-air-5th-gen-2022
,apple-ipad-air-5th-gen,cellular,,64gb,,,220.0,185.0,140.0,80.0,https://www.ocbuyback.com/sell/tablet/apple/ipad-air-5th-gen-2022
,apple-ipad-air-5th-gen,wi-fi,,256gb,,,245.0,210.0,165.0,80.0,https://www.ocbuyback.com/sell/tablet/apple/ipad-air-5th-gen-2022
,apple-ipad-air-5th-gen,cellular,,256gb,,,260.0,225.0,180.0,85.0,https://www.ocbuyback.com/sell/tablet/apple/ipad-air-5th-gen-2022
,apple-ipad-mini-5,wi-fi,,64gb,,,85.0,75.0,50.0,15.0,https://www.ocbuyback.com/sell/tablet/apple/ipad-mini-5th-gen-2019
,apple-ipad-mini-5,cellular,,64gb,,,95.0,85.0,60.0,20.0,https://www.ocbuyback.com/sell/tablet/apple/ipad-mini-5th-gen-2019
,apple-ipad-mini-5,wi-fi,,256gb,,,125.0,105.0,65.0,20.0,https://www.ocbuyback.com/sell/tablet/apple/ipad-mini-5th-gen-2019
,apple-ipad-mini-5,cellular,,256gb,,,135.0,115.0,75.0,25.0,https://www.ocbuyback.com/sell/tablet/apple/ipad-mini-5th-gen-2019
,apple-ipad-mini-6,wi-fi,,64gb,,,175.0,160.0,120.0,50.0,https://www.ocbuyback.com/sell/tablet/apple/ipad-mini-6th-gen-2021
,apple-ipad-mini-6,cellular,,64gb,,,200.0,185.0,145.0,60.0,https://www.ocbuyback.com/sell/tablet/apple/ipad-mini-6th-gen-2021
,apple-ipad-mini-6,wi-fi,,256gb,,,225.0,210.0,170.0,60.0,https://www.ocbuyback.com/sell/tablet/apple/ipad-mini-6th-gen-2021
,apple-ipad-mini-6,cellular,,256gb,,,250.0,235.0,195.0,70.0,https://www.ocbuyback.com/sell/tablet/apple/ipad-mini-6th-gen-2021
,apple-ipad-mini-7th-gen-2024,wi-fi,,128gb,,,260.0,240.0,190.0,65.0,https://www.ocbuyback.com/sell/tablet/apple/ipad-mini-7th-gen-2024
,apple-ipad-mini-7th-gen-2024,cellular,,128gb,,,285.0,265.0,215.0,75.0,https://www.ocbuyback.com/sell/tablet/apple/ipad-mini-7th-gen-2024
,apple-ipad-mini-7th-gen-2024,wi-fi,,256gb,,,300.0,280.0,230.0,75.0,https://www.ocbuyback.com/sell/tablet/apple/ipad-mini-7th-gen-2024
,apple-ipad-mini-7th-gen-2024,cellular,,256gb,,,325.0,305.0,255.0,85.0,https://www.ocbuyback.com/sell/tablet/apple/ipad-mini-7th-gen-2024
,apple-ipad-mini-7th-gen-2024,wi-fi,,512gb,,,360.0,340.0,290.0,85.0,https://www.ocbuyback.com/sell/tablet/apple/ipad-mini-7th-gen-2024
,apple-ipad-mini-7th-gen-2024,cellular,,512gb,,,385.0,365.0,315.0,95.0,https://www.ocbuyback.com/sell/tablet/apple/ipad-mini-7th-gen-2024
,apple-ipad-pro-129-3rd-gen-2018,wi-fi,,64gb,,,245.0,200.0,145.0,60.0,https://www.ocbuyback.com/sell/tablet/apple/ipad-pro-12-9-3rd-gen-2018
,apple-ipad-pro-129-3rd-gen-2018,cellular,,64gb,,,265.0,220.0,165.0,70.0,https://www.ocbuyback.com/sell/tablet/apple/ipad-pro-12-9-3rd-gen-2018
,apple-ipad-pro-129-3rd-gen-2018,wi-fi,,256gb,,,270.0,225.0,170.0,70.0,https://www.ocbuyback.com/sell/tablet/apple/ipad-pro-12-9-3rd-gen-2018
,apple-ipad-pro-129-3rd-gen-2018,cellular,,256gb,,,290.0,245.0,190.0,80.0,https://www.ocbuyback.com/sell/tablet/apple/ipad-pro-12-9-3rd-gen-2018
,apple-ipad-pro-129-3rd-gen-2018,wi-fi,,512gb,,,285.0,240.0,185.0,75.0,https://www.ocbuyback.com/sell/tablet/apple/ipad-pro-12-9-3rd-gen-2018
,apple-ipad-pro-129-3rd-gen-2018,cellular,,512gb,,,305.0,260.0,205.0,85.0,https://www.ocbuyback.com/sell/tablet/apple/ipad-pro-12-9-3rd-gen-2018
,apple-ipad-pro-129-3rd-gen-2018,wi-fi,,1tb,,,305.0,260.0,205.0,80.0,https://www.ocbuyback.com/sell/tablet/apple/ipad-pro-12-9-3rd-gen-2018
,apple-ipad-pro-129-3rd-gen-2018,cellular,,1tb,,,325.0,280.0,225.0,90.0,https://www.ocbuyback.com/sell/tablet/apple/ipad-pro-12-9-3rd-gen-2018
,apple-ipad-pro-129-4th-gen-2020,wi-fi,,128gb,,,280.0,230.0,180.0,60.0,https://www.ocbuyback.com/sell/tablet/apple/ipad-pro-12-9-4th-gen-2020
,apple-ipad-pro-129-4th-gen-2020,cellular,,128gb,,,320.0,270.0,220.0,63.0,https://www.ocbuyback.com/sell/tablet/apple/ipad-pro-12-9-4th-gen-2020
,apple-ipad-pro-129-4th-gen-2020,wi-fi,,256gb,,,290.0,240.0,190.0,63.0,https://www.ocbuyback.com/sell/tablet/apple/ipad-pro-12-9-4th-gen-2020
,apple-ipad-pro-129-4th-gen-2020,cellular,,256gb,,,330.0,280.0,230.0,66.0,https://www.ocbuyback.com/sell/tablet/apple/ipad-pro-12-9-4th-gen-2020
,apple-ipad-pro-129-4th-gen-2020,wi-fi,,512gb,,,295.0,245.0,195.0,65.0,https://www.ocbuyback.com/sell/tablet/apple/ipad-pro-12-9-4th-gen-2020
,apple-ipad-pro-129-4th-gen-2020,cellular,,512gb,,,335.0,285.0,235.0,68.0,https://www.ocbuyback.com/sell/tablet/apple/ipad-pro-12-9-4th-gen-2020
,apple-ipad-pro-129-4th-gen-2020,wi-fi,,1tb,,,310.0,260.0,210.0,67.0,https://www.ocbuyback.com/sell/tablet/apple/ipad-pro-12-9-4th-gen-2020
,apple-ipad-pro-129-4th-gen-2020,cellular,,1tb,,,350.0,300.0,250.0,70.0,https://www.ocbuyback.com/sell/tablet/apple/ipad-pro-12-9-4th-gen-2020
,apple-ipad-pro-129-5th-gen-2021,wi-fi,,128gb,,,330.0,295.0,215.0,75.0,https://www.ocbuyback.com/sell/tablet/apple/ipad-pro-12-9-5th-gen-2021
,apple-ipad-pro-129-5th-gen-2021,cellular,,128gb,,,345.0,310.0,230.0,100.0,https://www.ocbuyback.com/sell/tablet/apple/ipad-pro-12-9-5th-gen-2021
,apple-ipad-pro-129-5th-gen-2021,wi-fi,,256gb,,,350.0,315.0,235.0,100.0,https://www.ocbuyback.com/sell/tablet/apple/ipad-pro-12-9-5th-gen-2021
,apple-ipad-pro-129-5th-gen-2021,cellular,,256gb,,,365.0,330.0,250.0,125.0,https://www.ocbuyback.com/sell/tablet/apple/ipad-pro-12-9-5th-gen-2021
,apple-ipad-pro-129-5th-gen-2021,wi-fi,,512gb,,,380.0,345.0,265.0,110.0,https://www.ocbuyback.com/sell/tablet/apple/ipad-pro-12-9-5th-gen-2021
,apple-ipad-pro-129-5th-gen-2021,cellular,,512gb,,,395.0,360.0,280.0,135.0,https://www.ocbuyback.com/sell/tablet/apple/ipad-pro-12-9-5th-gen-2021
,apple-ipad-pro-129-5th-gen-2021,wi-fi,,1tb,,,430.0,395.0,315.0,125.0,https://www.ocbuyback.com/sell/tablet/apple/ipad-pro-12-9-5th-gen-2021
,apple-ipad-pro-129-5th-gen-2021,cellular,,1tb,,,445.0,410.0,330.0,150.0,https://www.ocbuyback.com/sell/tablet/apple/ipad-pro-12-9-5th-gen-2021
,apple-ipad-pro-129-5th-gen-2021,wi-fi,,2tb,,,480.0,445.0,365.0,150.0,https://www.ocbuyback.com/sell/tablet/apple/ipad-pro-12-9-5th-gen-2021
,apple-ipad-pro-129-5th-gen-2021,cellular,,2tb,,,495.0,460.0,380.0,175.0,https://www.ocbuyback.com/sell/tablet/apple/ipad-pro-12-9-5th-gen-2021
,apple-ipad-pro-129-6th-gen-2022,wi-fi,,128gb,,,390.0,300.0,245.0,125.0,https://www.ocbuyback.com/sell/tablet/apple/ipad-pro-12-9-6th-gen-2022
,apple-ipad-pro-129-6th-gen-2022,cellular,,128gb,,,405.0,315.0,260.0,150.0,https://www.ocbuyback.com/sell/tablet/apple/ipad-pro-12-9-6th-gen-2022
,apple-ipad-pro-129-6th-gen-2022,wi-fi,,256gb,,,430.0,340.0,285.0,135.0,https://www.ocbuyback.com/sell/tablet/apple/ipad-pro-12-9-6th-gen-2022
,apple-ipad-pro-129-6th-gen-2022,cellular,,256gb,,,445.0,355.0,300.0,160.0,https://www.ocbuyback.com/sell/tablet/apple/ipad-pro-12-9-6th-gen-2022
,apple-ipad-pro-129-6th-gen-2022,wi-fi,,512gb,,,450.0,360.0,305.0,140.0,https://www.ocbuyback.com/sell/tablet/apple/ipad-pro-12-9-6th-gen-2022
,apple-ipad-pro-129-6th-gen-2022,cellular,,512gb,,,465.0,375.0,320.0,165.0,https://www.ocbuyback.com/sell/tablet/apple/ipad-pro-12-9-6th-gen-2022
,apple-ipad-pro-129-6th-gen-2022,wi-fi,,1tb,,,505.0,415.0,360.0,160.0,https://www.ocbuyback.com/sell/tablet/apple/ipad-pro-12-9-6th-gen-2022
,apple-ipad-pro-129-6th-gen-2022,cellular,,1tb,,,520.0,430.0,375.0,185.0,https://www.ocbuyback.com/sell/tablet/apple/ipad-pro-12-9-6th-gen-2022
,apple-ipad-pro-129-6th-gen-2022,wi-fi,,2tb,,,550.0,460.0,405.0,175.0,https://www.ocbuyback.com/sell/tablet/apple/ipad-pro-12-9-6th-gen-2022
,apple-ipad-pro-129-6th-gen-2022,cellular,,2tb,,,565.0,475.0,420.0,200.0,https://www.ocbuyback.com/sell/tablet/apple/ipad-pro-12-9-6th-gen-2022
,apple-ipad-8th-gen,wi-fi,,32gb,,,50.0,40.0,25.0,10.0,https://www.ocbuyback.com/sell/tablet/apple/ipad-10-2-8th-gen-2020
,apple-ipad-8th-gen,cellular,,32gb,,,60.0,50.0,35.0,10.0,https://www.ocbuyback.com/sell/tablet/apple/ipad-10-2-8th-gen-2020
,apple-ipad-8th-gen,wi-fi,,128gb,,,60.0,50.0,45.0,10.0,https://www.ocbuyback.com/sell/tablet/apple/ipad-10-2-8th-gen-2020
,apple-ipad-8th-gen,cellular,,128gb,,,75.0,60.0,45.0,10.0,https://www.ocbuyback.com/sell/tablet/apple/ipad-10-2-8th-gen-2020
,apple-ipad-9th-gen,wi-fi,,64gb,,,75.0,65.0,30.0,10.0,https://www.ocbuyback.com/sell/tablet/apple/ipad-10-2-9th-gen-2021
,apple-ipad-9th-gen,cellular,,64gb,,,80.0,70.0,35.0,14.0,https://www.ocbuyback.com/sell/tablet/apple/ipad-10-2-9th-gen-2021
,apple-ipad-9th-gen,wi-fi,,256gb,,,90.0,80.0,45.0,14.0,https://www.ocbuyback.com/sell/tablet/apple/ipad-10-2-9th-gen-2021
,apple-ipad-9th-gen,cellular,,256gb,,,95.0,85.0,50.0,18.0,https://www.ocbuyback.com/sell/tablet/apple/ipad-10-2-9th-gen-2021
,apple-ipad-pro-11-2018,wi-fi,,64gb,,,170.0,140.0,80.0,30.0,https://www.ocbuyback.com/sell/tablet/apple/ipad-pro-11-1st-gen-2018
,apple-ipad-pro-11-2018,cellular,,64gb,,,185.0,155.0,95.0,35.0,https://www.ocbuyback.com/sell/tablet/apple/ipad-pro-11-1st-gen-2018
,apple-ipad-pro-11-2018,wi-fi,,256gb,,,205.0,175.0,115.0,35.0,https://www.ocbuyback.com/sell/tablet/apple/ipad-pro-11-1st-gen-2018
,apple-ipad-pro-11-2018,cellular,,256gb,,,220.0,190.0,130.0,40.0,https://www.ocbuyback.com/sell/tablet/apple/ipad-pro-11-1st-gen-2018
,apple-ipad-pro-11-2018,wi-fi,,512gb,,,230.0,205.0,145.0,37.0,https://www.ocbuyback.com/sell/tablet/apple/ipad-pro-11-1st-gen-2018
,apple-ipad-pro-11-2018,cellular,,512gb,,,245.0,220.0,160.0,42.0,https://www.ocbuyback.com/sell/tablet/apple/ipad-pro-11-1st-gen-2018
,apple-ipad-pro-11-2018,wi-fi,,1tb,,,250.0,225.0,170.0,40.0,https://www.ocbuyback.com/sell/tablet/apple/ipad-pro-11-1st-gen-2018
,apple-ipad-pro-11-2018,cellular,,1tb,,,265.0,240.0,180.0,45.0,https://www.ocbuyback.com/sell/tablet/apple/ipad-pro-11-1st-gen-2018
,apple-ipad-pro-11-2nd-gen-2020,wi-fi,,128gb,,,265.0,245.0,200.0,75.0,https://www.ocbuyback.com/sell/tablet/apple/ipad-pro-11-2nd-gen-2020
,apple-ipad-pro-11-2nd-gen-2020,cellular,,128gb,,,275.0,255.0,210.0,80.0,https://www.ocbuyback.com/sell/tablet/apple/ipad-pro-11-2nd-gen-2020
,apple-ipad-pro-11-2nd-gen-2020,wi-fi,,256gb,,,275.0,255.0,210.0,80.0,https://www.ocbuyback.com/sell/tablet/apple/ipad-pro-11-2nd-gen-2020
,apple-ipad-pro-11-2nd-gen-2020,cellular,,256gb,,,285.0,265.0,220.0,85.0,https://www.ocbuyback.com/sell/tablet/apple/ipad-pro-11-2nd-gen-2020
,apple-ipad-pro-11-2nd-gen-2020,wi-fi,,512gb,,,290.0,270.0,225.0,82.0,https://www.ocbuyback.com/sell/tablet/apple/ipad-pro-11-2nd-gen-2020
,apple-ipad-pro-11-2nd-gen-2020,cellular,,512gb,,,300.0,280.0,235.0,87.0,https://www.ocbuyback.com/sell/tablet/apple/ipad-pro-11-2nd-gen-2020
,apple-ipad-pro-11-2nd-gen-2020,wi-fi,,1tb,,,310.0,290.0,245.0,87.0,https://www.ocbuyback.com/sell/tablet/apple/ipad-pro-11-2nd-gen-2020
,apple-ipad-pro-11-2nd-gen-2020,cellular,,1tb,,,320.0,300.0,255.0,92.0,https://www.ocbuyback.com/sell/tablet/apple/ipad-pro-11-2nd-gen-2020
,apple-ipad-pro-11-3rd-gen-2021,wi-fi,,128gb,,,290.0,260.0,205.0,65.0,https://www.ocbuyback.com/sell/tablet/apple/ipad-pro-11-3rd-gen-2021
,apple-ipad-pro-11-3rd-gen-2021,cellular,,128gb,,,320.0,290.0,235.0,75.0,https://www.ocbuyback.com/sell/tablet/apple/ipad-pro-11-3rd-gen-2021
,apple-ipad-pro-11-3rd-gen-2021,wi-fi,,256gb,,,310.0,280.0,240.0,65.0,https://www.ocbuyback.com/sell/tablet/apple/ipad-pro-11-3rd-gen-2021
,apple-ipad-pro-11-3rd-gen-2021,cellular,,256gb,,,340.0,310.0,270.0,85.0,https://www.ocbuyback.com/sell/tablet/apple/ipad-pro-11-3rd-gen-2021
,apple-ipad-pro-11-3rd-gen-2021,wi-fi,,512gb,,,350.0,320.0,265.0,60.0,https://www.ocbuyback.com/sell/tablet/apple/ipad-pro-11-3rd-gen-2021
,apple-ipad-pro-11-3rd-gen-2021,cellular,,512gb,,,380.0,350.0,295.0,100.0,https://www.ocbuyback.com/sell/tablet/apple/ipad-pro-11-3rd-gen-2021
,apple-ipad-pro-11-3rd-gen-2021,wi-fi,,1tb,,,390.0,360.0,305.0,65.0,https://www.ocbuyback.com/sell/tablet/apple/ipad-pro-11-3rd-gen-2021
,apple-ipad-pro-11-3rd-gen-2021,cellular,,1tb,,,420.0,390.0,335.0,105.0,https://www.ocbuyback.com/sell/tablet/apple/ipad-pro-11-3rd-gen-2021
,apple-ipad-pro-11-3rd-gen-2021,wi-fi,,2tb,,,440.0,410.0,355.0,85.0,https://www.ocbuyback.com/sell/tablet/apple/ipad-pro-11-3rd-gen-2021
,apple-ipad-pro-11-3rd-gen-2021,cellular,,2tb,,,470.0,440.0,385.0,125.0,https://www.ocbuyback.com/sell/tablet/apple/ipad-pro-11-3rd-gen-2021
,apple-ipad-10th-gen,wi-fi,,64gb,,,140.0,110.0,70.0,25.0,https://www.ocbuyback.com/sell/tablet/apple/ipad-10-9-10th-gen-2022
,apple-ipad-10th-gen,cellular,,64gb,,,170.0,140.0,100.0,35.0,https://www.ocbuyback.com/sell/tablet/apple/ipad-10-9-10th-gen-2022
,apple-ipad-10th-gen,wi-fi,,256gb,,,170.0,140.0,100.0,35.0,https://www.ocbuyback.com/sell/tablet/apple/ipad-10-9-10th-gen-2022
,apple-ipad-10th-gen,cellular,,256gb,,,200.0,170.0,130.0,45.0,https://www.ocbuyback.com/sell/tablet/apple/ipad-10-9-10th-gen-2022
,apple-ipad-pro-11-4th-gen-2022,wi-fi,,128gb,,,370.0,330.0,285.0,155.0,https://www.ocbuyback.com/sell/tablet/apple/ipad-pro-11-4th-gen-2022
,apple-ipad-pro-11-4th-gen-2022,cellular,,128gb,,,400.0,360.0,315.0,175.0,https://www.ocbuyback.com/sell/tablet/apple/ipad-pro-11-4th-gen-2022
,apple-ipad-pro-11-4th-gen-2022,wi-fi,,256gb,,,420.0,380.0,335.0,170.0,https://www.ocbuyback.com/sell/tablet/apple/ipad-pro-11-4th-gen-2022
,apple-ipad-pro-11-4th-gen-2022,cellular,,256gb,,,450.0,410.0,365.0,190.0,https://www.ocbuyback.com/sell/tablet/apple/ipad-pro-11-4th-gen-2022
,apple-ipad-pro-11-4th-gen-2022,wi-fi,,512gb,,,445.0,405.0,360.0,180.0,https://www.ocbuyback.com/sell/tablet/apple/ipad-pro-11-4th-gen-2022
,apple-ipad-pro-11-4th-gen-2022,cellular,,512gb,,,475.0,435.0,390.0,200.0,https://www.ocbuyback.com/sell/tablet/apple/ipad-pro-11-4th-gen-2022
,apple-ipad-pro-11-4th-gen-2022,wi-fi,,1tb,,,520.0,480.0,435.0,195.0,https://www.ocbuyback.com/sell/tablet/apple/ipad-pro-11-4th-gen-2022
,apple-ipad-pro-11-4th-gen-2022,cellular,,1tb,,,550.0,510.0,465.0,215.0,https://www.ocbuyback.com/sell/tablet/apple/ipad-pro-11-4th-gen-2022
,apple-ipad-pro-11-4th-gen-2022,wi-fi,,2tb,,,570.0,530.0,485.0,215.0,https://www.ocbuyback.com/sell/tablet/apple/ipad-pro-11-4th-gen-2022
,apple-ipad-pro-11-4th-gen-2022,cellular,,2tb,,,600.0,560.0,515.0,235.0,https://www.ocbuyback.com/sell/tablet/apple/ipad-pro-11-4th-gen-2022
,apple-ipad-pro-13-m4-standard-glass-2024,wi-fi,,256gb,,,530.0,480.0,425.0,200.0,https://www.ocbuyback.com/sell/tablet/apple/ipad-pro-13-m4-standard-glass-2024
,apple-ipad-pro-13-m4-standard-glass-2024,cellular,,256gb,,,560.0,510.0,455.0,225.0,https://www.ocbuyback.com/sell/tablet/apple/ipad-pro-13-m4-standard-glass-2024
,apple-ipad-pro-13-m4-standard-glass-2024,wi-fi,,512gb,,,590.0,540.0,485.0,225.0,https://www.ocbuyback.com/sell/tablet/apple/ipad-pro-13-m4-standard-glass-2024
,apple-ipad-pro-13-m4-standard-glass-2024,cellular,,512gb,,,620.0,570.0,515.0,250.0,https://www.ocbuyback.com/sell/tablet/apple/ipad-pro-13-m4-standard-glass-2024
,apple-ipad-pro-13-m4-standard-glass-2024,wi-fi,,1tb,,,650.0,600.0,545.0,250.0,https://www.ocbuyback.com/sell/tablet/apple/ipad-pro-13-m4-standard-glass-2024
,apple-ipad-pro-13-m4-standard-glass-2024,cellular,,1tb,,,680.0,630.0,575.0,275.0,https://www.ocbuyback.com/sell/tablet/apple/ipad-pro-13-m4-standard-glass-2024
,apple-ipad-pro-13-m4-standard-glass-2024,wi-fi,,2tb,,,760.0,710.0,655.0,275.0,https://www.ocbuyback.com/sell/tablet/apple/ipad-pro-13-m4-standard-glass-2024
,apple-ipad-pro-13-m4-standard-glass-2024,cellular,,2tb,,,790.0,740.0,685.0,300.0,https://www.ocbuyback.com/sell/tablet/apple/ipad-pro-13-m4-standard-glass-2024
,apple-ipad-pro-13-m4-nano-texture-glass-2024,wi-fi,,1tb,,,685.0,635.0,580.0,265.0,https://www.ocbuyback.com/sell/tablet/apple/ipad-pro-13-m4-nano-texture-glass-2024
,apple-ipad-pro-13-m4-nano-texture-glass-2024,cellular,,1tb,,,715.0,665.0,610.0,290.0,https://www.ocbuyback.com/sell/tablet/apple/ipad-pro-13-m4-nano-texture-glass-2024
,apple-ipad-pro-13-m4-nano-texture-glass-2024,wi-fi,,2tb,,,795.0,745.0,690.0,290.0,https://www.ocbuyback.com/sell/tablet/apple/ipad-pro-13-m4-nano-texture-glass-2024
,apple-ipad-pro-13-m4-nano-texture-glass-2024,cellular,,2tb,,,825.0,775.0,720.0,315.0,https://www.ocbuyback.com/sell/tablet/apple/ipad-pro-13-m4-nano-texture-glass-2024
,apple-ipad-pro-11-m4-standard-glass-2024,wi-fi,,256gb,,,500.0,460.0,400.0,200.0,https://www.ocbuyback.com/sell/tablet/apple/ipad-pro-11-m4-standard-glass-2024
,apple-ipad-pro-11-m4-standard-glass-2024,cellular,,256gb,,,520.0,480.0,420.0,200.0,https://www.ocbuyback.com/sell/tablet/apple/ipad-pro-11-m4-standard-glass-2024
,apple-ipad-pro-11-m4-standard-glass-2024,wi-fi,,512gb,,,575.0,535.0,475.0,250.0,https://www.ocbuyback.com/sell/tablet/apple/ipad-pro-11-m4-standard-glass-2024
,apple-ipad-pro-11-m4-standard-glass-2024,cellular,,512gb,,,595.0,555.0,495.0,250.0,https://www.ocbuyback.com/sell/tablet/apple/ipad-pro-11-m4-standard-glass-2024
,apple-ipad-pro-11-m4-standard-glass-2024,wi-fi,,1tb,,,650.0,610.0,550.0,300.0,https://www.ocbuyback.com/sell/tablet/apple/ipad-pro-11-m4-standard-glass-2024
,apple-ipad-pro-11-m4-standard-glass-2024,cellular,,1tb,,,670.0,630.0,570.0,300.0,https://www.ocbuyback.com/sell/tablet/apple/ipad-pro-11-m4-standard-glass-2024
,apple-ipad-pro-11-m4-standard-glass-2024,wi-fi,,2tb,,,725.0,685.0,625.0,350.0,https://www.ocbuyback.com/sell/tablet/apple/ipad-pro-11-m4-standard-glass-2024
,apple-ipad-pro-11-m4-standard-glass-2024,cellular,,2tb,,,745.0,705.0,645.0,350.0,https://www.ocbuyback.com/sell/tablet/apple/ipad-pro-11-m4-standard-glass-2024
,apple-ipad-pro-11-m4-nano-texture-glass-2024,wi-fi,,1tb,,,685.0,645.0,585.0,315.0,https://www.ocbuyback.com/sell/tablet/apple/ipad-pro-11-m4-nano-texture-glass-2024
,apple-ipad-pro-11-m4-nano-texture-glass-2024,cellular,,1tb,,,705.0,665.0,605.0,315.0,https://www.ocbuyback.com/sell/tablet/apple/ipad-pro-11-m4-nano-texture-glass-2024
,apple-ipad-pro-11-m4-nano-texture-glass-2024,wi-fi,,2tb,,,760.0,720.0,660.0,365.0,https://www.ocbuyback.com/sell/tablet/apple/ipad-pro-11-m4-nano-texture-glass-2024
,apple-ipad-pro-11-m4-nano-texture-glass-2024,cellular,,2tb,,,780.0,740.0,680.0,365.0,https://www.ocbuyback.com/sell/tablet/apple/ipad-pro-11-m4-nano-texture-glass-2024
,apple-ipad-air-11-m2-2024,wi-fi,,128gb,,,290.0,255.0,185.0,80.0,https://www.ocbuyback.com/sell/tablet/apple/ipad-air-11-m2-2024
,apple-ipad-air-11-m2-2024,cellular,,128gb,,,310.0,275.0,205.0,90.0,https://www.ocbuyback.com/sell/tablet/apple/ipad-air-11-m2-2024
,apple-ipad-air-11-m2-2024,wi-fi,,256gb,,,320.0,285.0,215.0,90.0,https://www.ocbuyback.com/sell/tablet/apple/ipad-air-11-m2-2024
,apple-ipad-air-11-m2-2024,cellular,,256gb,,,340.0,305.0,235.0,100.0,https://www.ocbuyback.com/sell/tablet/apple/ipad-air-11-m2-2024
,apple-ipad-air-11-m2-2024,wi-fi,,512gb,,,380.0,345.0,275.0,105.0,https://www.ocbuyback.com/sell/tablet/apple/ipad-air-11-m2-2024
,apple-ipad-air-11-m2-2024,cellular,,512gb,,,400.0,365.0,295.0,115.0,https://www.ocbuyback.com/sell/tablet/apple/ipad-air-11-m2-2024
,apple-ipad-air-11-m2-2024,wi-fi,,1tb,,,440.0,405.0,335.0,120.0,https://www.ocbuyback.com/sell/tablet/apple/ipad-air-11-m2-2024
,apple-ipad-air-11-m2-2024,cellular,,1tb,,,460.0,425.0,355.0,130.0,https://www.ocbuyback.com/sell/tablet/apple/ipad-air-11-m2-2024
,apple-ipad-air-13-m2-2024,wi-fi,,128gb,,,355.0,305.0,255.0,105.0,https://www.ocbuyback.com/sell/tablet/apple/ipad-air-13-m2-2024
,apple-ipad-air-13-m2-2024,cellular,,128gb,,,380.0,330.0,280.0,130.0,https://www.ocbuyback.com/sell/tablet/apple/ipad-air-13-m2-2024
,apple-ipad-air-13-m2-2024,wi-fi,,256gb,,,405.0,355.0,305.0,130.0,https://www.ocbuyback.com/sell/tablet/apple/ipad-air-13-m2-2024
,apple-ipad-air-13-m2-2024,cellular,,256gb,,,430.0,380.0,330.0,155.0,https://www.ocbuyback.com/sell/tablet/apple/ipad-air-13-m2-2024
,apple-ipad-air-13-m2-2024,wi-fi,,512gb,,,455.0,405.0,350.0,140.0,https://www.ocbuyback.com/sell/tablet/apple/ipad-air-13-m2-2024
,apple-ipad-air-13-m2-2024,cellular,,512gb,,,480.0,430.0,380.0,165.0,https://www.ocbuyback.com/sell/tablet/apple/ipad-air-13-m2-2024
,apple-ipad-air-13-m2-2024,wi-fi,,1tb,,,505.0,455.0,405.0,150.0,https://www.ocbuyback.com/sell/tablet/apple/ipad-air-13-m2-2024
,apple-ipad-air-13-m2-2024,cellular,,1tb,,,530.0,480.0,430.0,175.0,https://www.ocbuyback.com/sell/tablet/apple/ipad-air-13-m2-2024
,apple-ipad-air-11-m3-2025,wi-fi,,128gb,,,300.0,250.0,185.0,125.0,https://www.ocbuyback.com/sell/tablet/apple/ipad-air-11-m3-2025
,apple-ipad-air-11-m3-2025,cellular,,128gb,,,310.0,260.0,195.0,150.0,https://www.ocbuyback.com/sell/tablet/apple/ipad-air-11-m3-2025
,apple-ipad-air-11-m3-2025,wi-fi,,256gb,,,310.0,260.0,195.0,150.0,https://www.ocbuyback.com/sell/tablet/apple/ipad-air-11-m3-2025
,apple-ipad-air-11-m3-2025,cellular,,256gb,,,320.0,270.0,205.0,175.0,https://www.ocbuyback.com/sell/tablet/apple/ipad-air-11-m3-2025
,apple-ipad-air-11-m3-2025,wi-fi,,512gb,,,360.0,310.0,245.0,175.0,https://www.ocbuyback.com/sell/tablet/apple/ipad-air-11-m3-2025
,apple-ipad-air-11-m3-2025,cellular,,512gb,,,370.0,320.0,255.0,200.0,https://www.ocbuyback.com/sell/tablet/apple/ipad-air-11-m3-2025
,apple-ipad-air-11-m3-2025,wi-fi,,1tb,,,430.0,380.0,315.0,200.0,https://www.ocbuyback.com/sell/tablet/apple/ipad-air-11-m3-2025
,apple-ipad-air-11-m3-2025,cellular,,1tb,,,440.0,390.0,325.0,225.0,https://www.ocbuyback.com/sell/tablet/apple/ipad-air-11-m3-2025
,apple-ipad-air-13-m3-2025,wi-fi,,128gb,,,400.0,340.0,280.0,150.0,https://www.ocbuyback.com/sell/tablet/apple/ipad-air-13-m3-2025
,apple-ipad-air-13-m3-2025,cellular,,128gb,,,430.0,370.0,310.0,165.0,https://www.ocbuyback.com/sell/tablet/apple/ipad-air-13-m3-2025
,apple-ipad-air-13-m3-2025,wi-fi,,256gb,,,430.0,370.0,310.0,160.0,https://www.ocbuyback.com/sell/tablet/apple/ipad-air-13-m3-2025
,apple-ipad-air-13-m3-2025,cellular,,256gb,,,460.0,400.0,340.0,175.0,https://www.ocbuyback.com/sell/tablet/apple/ipad-air-13-m3-2025
,apple-ipad-air-13-m3-2025,wi-fi,,512gb,,,465.0,405.0,345.0,165.0,https://www.ocbuyback.com/sell/tablet/apple/ipad-air-13-m3-2025
,apple-ipad-air-13-m3-2025,cellular,,512gb,,,495.0,435.0,375.0,180.0,https://www.ocbuyback.com/sell/tablet/apple/ipad-air-13-m3-2025
,apple-ipad-air-13-m3-2025,wi-fi,,1tb,,,525.0,465.0,405.0,175.0,https://www.ocbuyback.com/sell/tablet/apple/ipad-air-13-m3-2025
,apple-ipad-air-13-m3-2025,cellular,,1tb,,,555.0,495.0,435.0,190.0,https://www.ocbuyback.com/sell/tablet/apple/ipad-air-13-m3-2025
,apple-ipad-11-a16-11th-gen-2025,wi-fi,,128gb,,,150.0,120.0,90.0,35.0,https://www.ocbuyback.com/sell/tablet/apple/ipad-11-a16-11th-gen-2025
,apple-ipad-11-a16-11th-gen-2025,cellular,,128gb,,,180.0,150.0,120.0,45.0,https://www.ocbuyback.com/sell/tablet/apple/ipad-11-a16-11th-gen-2025
,apple-ipad-11-a16-11th-gen-2025,wi-fi,,256gb,,,190.0,160.0,130.0,50.0,https://www.ocbuyback.com/sell/tablet/apple/ipad-11-a16-11th-gen-2025
,apple-ipad-11-a16-11th-gen-2025,cellular,,256gb,,,220.0,190.0,160.0,60.0,https://www.ocbuyback.com/sell/tablet/apple/ipad-11-a16-11th-gen-2025
,apple-ipad-11-a16-11th-gen-2025,wi-fi,,512gb,,,250.0,220.0,190.0,65.0,https://www.ocbuyback.com/sell/tablet/apple/ipad-11-a16-11th-gen-2025
,apple-ipad-11-a16-11th-gen-2025,cellular,,512gb,,,280.0,250.0,220.0,75.0,https://www.ocbuyback.com/sell/tablet/apple/ipad-11-a16-11th-gen-2025
,apple-iphone-11,att,,64gb,,,65.0,55.0,30.0,20.0,https://www.ocbuyback.com/sell/cell-phone/apple/iphone-11
,apple-iphone-11,t-mobile,,64gb,,,65.0,55.0,30.0,10.0,https://www.ocbuyback.com/sell/cell-phone/apple/iphone-11
,apple-iphone-11,verizon,,64gb,,,80.0,70.0,45.0,25.0,https://www.ocbuyback.com/sell/cell-phone/apple/iphone-11
,apple-iphone-11,unlocked,,64gb,,,80.0,70.0,45.0,25.0,https://www.ocbuyback.com/sell/cell-phone/apple/iphone-11
,apple-iphone-11,att,,128gb,,,75.0,65.0,40.0,21.0,https://www.ocbuyback.com/sell/cell-phone/apple/iphone-11
,apple-iphone-11,t-mobile,,128gb,,,75.0,65.0,40.0,10.0,https://www.ocbuyback.com/sell/cell-phone/apple/iphone-11
,apple-iphone-11,verizon,,128gb,,,90.0,80.0,55.0,26.0,https://www.ocbuyback.com/sell/cell-phone/apple/iphone-11
,apple-iphone-11,unlocked,,128gb,,,90.0,80.0,55.0,26.0,https://www.ocbuyback.com/sell/cell-phone/apple/iphone-11
,apple-iphone-11,att,,256gb,,,85.0,75.0,50.0,22.0,https://www.ocbuyback.com/sell/cell-phone/apple/iphone-11
,apple-iphone-11,t-mobile,,256gb,,,85.0,75.0,50.0,10.0,https://www.ocbuyback.com/sell/cell-phone/apple/iphone-11
,apple-iphone-11,verizon,,256gb,,,100.0,90.0,65.0,27.0,https://www.ocbuyback.com/sell/cell-phone/apple/iphone-11
,apple-iphone-11,unlocked,,256gb,,,100.0,90.0,65.0,27.0,https://www.ocbuyback.com/sell/cell-phone/apple/iphone-11
,apple-iphone-11-pro,att,,64gb,,,90.0,80.0,50.0,20.0,https://www.ocbuyback.com/sell/cell-phone/apple/iphone-11-pro
,apple-iphone-11-pro,t-mobile,,64gb,,,70.0,60.0,30.0,15.0,https://www.ocbuyback.com/sell/cell-phone/apple/iphone-11-pro
,apple-iphone-11-pro,verizon,,64gb,,,110.0,100.0,70.0,20.0,https://www.ocbuyback.com/sell/cell-phone/apple/iphone-11-pro
,apple-iphone-11-pro,unlocked,,64gb,,,120.0,110.0,80.0,30.0,https://www.ocbuyback.com/sell/cell-phone/apple/iphone-11-pro
,apple-iphone-11-pro,att,,256gb,,,115.0,95.0,75.0,25.0,https://www.ocbuyback.com/sell/cell-phone/apple/iphone-11-pro
,apple-iphone-11-pro,t-mobile,,256gb,,,95.0,85.0,55.0,10.0,https://www.ocbuyback.com/sell/cell-phone/apple/iphone-11-pro
,apple-iphone-11-pro,verizon,,256gb,,,135.0,125.0,95.0,25.0,https://www.ocbuyback.com/sell/cell-phone/apple/iphone-11-pro
,apple-iphone-11-pro,unlocked,,256gb,,,145.0,135.0,105.0,35.0,https://www.ocbuyback.com/sell/cell-phone/apple/iphone-11-pro
,apple-iphone-11-pro,att,,512gb,,,125.0,115.0,85.0,30.0,https://www.ocbuyback.com/sell/cell-phone/apple/iphone-11-pro
,apple-iphone-11-pro,t-mobile,,512gb,,,105.0,95.0,65.0,10.0,https://www.ocbuyback.com/sell/cell-phone/apple/iphone-11-pro
,apple-iphone-11-pro,verizon,,512gb,,,145.0,135.0,105.0,30.0,https://www.ocbuyback.com/sell/cell-phone/apple/iphone-11-pro
,apple-iphone-11-pro,unlocked,,512gb,,,155.0,145.0,115.0,40.0,https://www.ocbuyback.com/sell/cell-phone/apple/iphone-11-pro
,apple-iphone-11-pro-max,att,,64gb,,,115.0,95.0,60.0,40.0,https://www.ocbuyback.com/sell/cell-phone/apple/iphone-11-pro-max
,apple-iphone-11-pro-max,t-mobile,,64gb,,,85.0,65.0,30.0,15.0,https://www.ocbuyback.com/sell/cell-phone/apple/iphone-11-pro-max
,apple-iphone-11-pro-max,verizon,,64gb,,,125.0,105.0,70.0,40.0,https://www.ocbuyback.com/sell/cell-phone/apple/iphone-11-pro-max
,apple-iphone-11-pro-max,unlocked,,64gb,,,140.0,120.0,85.0,40.0,https://www.ocbuyback.com/sell/cell-phone/apple/iphone-11-pro-max
,apple-iphone-11-pro-max,att,,256gb,,,130.0,110.0,75.0,45.0,https://www.ocbuyback.com/sell/cell-phone/apple/iphone-11-pro-max
,apple-iphone-11-pro-max,t-mobile,,256gb,,,100.0,80.0,45.0,20.0,https://www.ocbuyback.com/sell/cell-phone/apple/iphone-11-pro-max
,apple-iphone-11-pro-max,verizon,,256gb,,,140.0,120.0,85.0,45.0,https://www.ocbuyback.com/sell/cell-phone/apple/iphone-11-pro-max
,apple-iphone-11-pro-max,unlocked,,256gb,,,155.0,135.0,100.0,45.0,https://www.ocbuyback.com/sell/cell-phone/apple/iphone-11-pro-max
,apple-iphone-11-pro-max,att,,512gb,,,145.0,125.0,90.0,50.0,https://www.ocbuyback.com/sell/cell-phone/apple/iphone-11-pro-max
,apple-iphone-11-pro-max,t-mobile,,512gb,,,115.0,95.0,60.0,25.0,https://www.ocbuyback.com/sell/cell-phone/apple/iphone-11-pro-max
,apple-iphone-11-pro-max,verizon,,512gb,,,155.0,145.0,95.0,50.0,https://www.ocbuyback.com/sell/cell-phone/apple/iphone-11-pro-max
,apple-iphone-11-pro-max,unlocked,,512gb,,,170.0,150.0,105.0,50.0,https://www.ocbuyback.com/sell/cell-phone/apple/iphone-11-pro-max
,apple-iphone-12,att,,64gb,,,105.0,85.0,50.0,35.0,https://www.ocbuyback.com/sell/cell-phone/apple/iphone-12
,apple-iphone-12,t-mobile,,64gb,,,75.0,55.0,30.0,15.0,https://www.ocbuyback.com/sell/cell-phone/apple/iphone-12
,apple-iphone-12,verizon,,64gb,,,115.0,95.0,60.0,35.0,https://www.ocbuyback.com/sell/cell-phone/apple/iphone-12
,apple-iphone-12,unlocked,,64gb,,,120.0,100.0,65.0,35.0,https://www.ocbuyback.com/sell/cell-phone/apple/iphone-12
,apple-iphone-12,att,,128gb,,,130.0,110.0,70.0,45.0,https://www.ocbuyback.com/sell/cell-phone/apple/iphone-12
,apple-iphone-12,t-mobile,,128gb,,,100.0,80.0,40.0,25.0,https://www.ocbuyback.com/sell/cell-phone/apple/iphone-12
,apple-iphone-12,verizon,,128gb,,,140.0,120.0,80.0,55.0,https://www.ocbuyback.com/sell/cell-phone/apple/iphone-12
,apple-iphone-12,unlocked,,128gb,,,145.0,125.0,85.0,45.0,https://www.ocbuyback.com/sell/cell-phone/apple/iphone-12
,apple-iphone-12,att,,256gb,,,150.0,130.0,90.0,50.0,https://www.ocbuyback.com/sell/cell-phone/apple/iphone-12
,apple-iphone-12,t-mobile,,256gb,,,120.0,100.0,60.0,30.0,https://www.ocbuyback.com/sell/cell-phone/apple/iphone-12
,apple-iphone-12,verizon,,256gb,,,160.0,140.0,100.0,50.0,https://www.ocbuyback.com/sell/cell-phone/apple/iphone-12
,apple-iphone-12,unlocked,,256gb,,,165.0,145.0,105.0,50.0,https://www.ocbuyback.com/sell/cell-phone/apple/iphone-12
,apple-iphone-12-mini,att,,64gb,,,80.0,60.0,30.0,5.0,https://www.ocbuyback.com/sell/cell-phone/apple/iphone-12-mini
,apple-iphone-12-mini,t-mobile,,64gb,,,45.0,25.0,10.0,5.0,https://www.ocbuyback.com/sell/cell-phone/apple/iphone-12-mini
,apple-iphone-12-mini,verizon,,64gb,,,100.0,80.0,50.0,25.0,https://www.ocbuyback.com/sell/cell-phone/apple/iphone-12-mini
,apple-iphone-12-mini,unlocked,,64gb,,,100.0,80.0,50.0,25.0,https://www.ocbuyback.com/sell/cell-phone/apple/iphone-12-mini
,apple-iphone-12-mini,att,,128gb,,,100.0,80.0,50.0,10.0,https://www.ocbuyback.com/sell/cell-phone/apple/iphone-12-mini
,apple-iphone-12-mini,t-mobile,,128gb,,,65.0,45.0,15.0,10.0,https://www.ocbuyback.com/sell/cell-phone/apple/iphone-12-mini
,apple-iphone-12-mini,verizon,,128gb,,,120.0,100.0,70.0,35.0,https://www.ocbuyback.com/sell/cell-phone/apple/iphone-12-mini
,apple-iphone-12-mini,unlocked,,128gb,,,120.0,100.0,70.0,35.0,https://www.ocbuyback.com/sell/cell-phone/apple/iphone-12-mini
,apple-iphone-12-mini,att,,256gb,,,115.0,95.0,65.0,15.0,https://www.ocbuyback.com/sell/cell-phone/apple/iphone-12-mini
,apple-iphone-12-mini,t-mobile,,256gb,,,80.0,60.0,30.0,10.0,https://www.ocbuyback.com/sell/cell-phone/apple/iphone-12-mini
,apple-iphone-12-mini,verizon,,256gb,,,135.0,115.0,85.0,35.0,https://www.ocbuyback.com/sell/cell-phone/apple/iphone-12-mini
,apple-iphone-12-mini,unlocked,,256gb,,,135.0,115.0,85.0,35.0,https://www.ocbuyback.com/sell/cell-phone/apple/iphone-12-mini
,apple-iphone-12-pro,att,,128gb,,,130.0,110.0,60.0,20.0,https://www.ocbuyback.com/sell/cell-phone/apple/iphone-12-pro
,apple-iphone-12-pro,t-mobile,,128gb,,,100.0,80.0,30.0,20.0,https://www.ocbuyback.com/sell/cell-phone/apple/iphone-12-pro
,apple-iphone-12-pro,verizon,,128gb,,,170.0,150.0,100.0,50.0,https://www.ocbuyback.com/sell/cell-phone/apple/iphone-12-pro
,apple-iphone-12-pro,unlocked,,128gb,,,170.0,150.0,100.0,50.0,https://www.ocbuyback.com/sell/cell-phone/apple/iphone-12-pro
,apple-iphone-12-pro,att,,256gb,,,170.0,150.0,100.0,30.0,https://www.ocbuyback.com/sell/cell-phone/apple/iphone-12-pro
,apple-iphone-12-pro,t-mobile,,256gb,,,140.0,120.0,70.0,30.0,https://www.ocbuyback.com/sell/cell-phone/apple/iphone-12-pro
,apple-iphone-12-pro,verizon,,256gb,,,210.0,190.0,140.0,60.0,https://www.ocbuyback.com/sell/cell-phone/apple/iphone-12-pro
,apple-iphone-12-pro,unlocked,,256gb,,,210.0,190.0,140.0,60.0,https://www.ocbuyback.com/sell/cell-phone/apple/iphone-12-pro
,apple-iphone-12-pro,att,,512gb,,,180.0,160.0,110.0,35.0,https://www.ocbuyback.com/sell/cell-phone/apple/iphone-12-pro
,apple-iphone-12-pro,t-mobile,,512gb,,,150.0,130.0,80.0,35.0,https://www.ocbuyback.com/sell/cell-phone/apple/iphone-12-pro
,apple-iphone-12-pro,verizon,,512gb,,,220.0,200.0,150.0,65.0,https://www.ocbuyback.com/sell/cell-phone/apple/iphone-12-pro
,apple-iphone-12-pro,unlocked,,512gb,,,220.0,200.0,150.0,65.0,https://www.ocbuyback.com/sell/cell-phone/apple/iphone-12-pro
,apple-iphone-12-pro-max,att,,128gb,,,205.0,175.0,115.0,60.0,https://www.ocbuyback.com/sell/cell-phone/apple/iphone-12-pro-max
,apple-iphone-12-pro-max,t-mobile,,128gb,,,150.0,120.0,60.0,40.0,https://www.ocbuyback.com/sell/cell-phone/apple/iphone-12-pro-max
,apple-iphone-12-pro-max,verizon,,128gb,,,225.0,195.0,135.0,60.0,https://www.ocbuyback.com/sell/cell-phone/apple/iphone-12-pro-max
,apple-iphone-12-pro-max,unlocked,,128gb,,,245.0,215.0,155.0,80.0,https://www.ocbuyback.com/sell/cell-phone/apple/iphone-12-pro-max
,apple-iphone-12-pro-max,att,,256gb,,,225.0,195.0,125.0,60.0,https://www.ocbuyback.com/sell/cell-phone/apple/iphone-12-pro-max
,apple-iphone-12-pro-max,t-mobile,,256gb,,,170.0,140.0,70.0,40.0,https://www.ocbuyback.com/sell/cell-phone/apple/iphone-12-pro-max
,apple-iphone-12-pro-max,verizon,,256gb,,,245.0,215.0,145.0,60.0,https://www.ocbuyback.com/sell/cell-phone/apple/iphone-12-pro-max
,apple-iphone-12-pro-max,unlocked,,256gb,,,265.0,235.0,165.0,80.0,https://www.ocbuyback.com/sell/cell-phone/apple/iphone-12-pro-max
,apple-iphone-12-pro-max,att,,512gb,,,240.0,215.0,145.0,65.0,https://www.ocbuyback.com/sell/cell-phone/apple/iphone-12-pro-max
,apple-iphone-12-pro-max,t-mobile,,512gb,,,185.0,170.0,90.0,45.0,https://www.ocbuyback.com/sell/cell-phone/apple/iphone-12-pro-max
,apple-iphone-12-pro-max,verizon,,512gb,,,260.0,235.0,165.0,65.0,https://www.ocbuyback.com/sell/cell-phone/apple/iphone-12-pro-max
,apple-iphone-12-pro-max,unlocked,,512gb,,,280.0,255.0,185.0,85.0,https://www.ocbuyback.com/sell/cell-phone/apple/iphone-12-pro-max
,apple-iphone-13,att,,128gb,,,155.0,125.0,70.0,30.0,https://www.ocbuyback.com/sell/cell-phone/apple/iphone-13
,apple-iphone-13,t-mobile,,128gb,,,135.0,105.0,50.0,20.0,https://www.ocbuyback.com/sell/cell-phone/apple/iphone-13
,apple-iphone-13,verizon,,128gb,,,130.0,100.0,45.0,25.0,https://www.ocbuyback.com/sell/cell-phone/apple/iphone-13
,apple-iphone-13,unlocked,,128gb,,,195.0,155.0,110.0,50.0,https://www.ocbuyback.com/sell/cell-phone/apple/iphone-13
,apple-iphone-13,att,,256gb,,,175.0,145.0,95.0,35.0,https://www.ocbuyback.com/sell/cell-phone/apple/iphone-13
,apple-iphone-13,t-mobile,,256gb,,,155.0,125.0,75.0,30.0,https://www.ocbuyback.com/sell/cell-phone/apple/iphone-13
,apple-iphone-13,verizon,,256gb,,,150.0,115.0,70.0,30.0,https://www.ocbuyback.com/sell/cell-phone/apple/iphone-13
,apple-iphone-13,unlocked,,256gb,,,215.0,180.0,135.0,55.0,https://www.ocbuyback.com/sell/cell-phone/apple/iphone-13
,apple-iphone-13,att,,512gb,,,185.0,155.0,110.0,40.0,https://www.ocbuyback.com/sell/cell-phone/apple/iphone-13
,apple-iphone-13,t-mobile,,512gb,,,150.0,130.0,90.0,35.0,https://www.ocbuyback.com/sell/cell-phone/apple/iphone-13
,apple-iphone-13,verizon,,512gb,,,150.0,130.0,85.0,35.0,https://www.ocbuyback.com/sell/cell-phone/apple/iphone-13
,apple-iphone-13,unlocked,,512gb,,,225.0,195.0,150.0,60.0,https://www.ocbuyback.com/sell/cell-phone/apple/iphone-13
,apple-iphone-13-mini,att,,128gb,,,115.0,100.0,45.0,40.0,https://www.ocbuyback.com/sell/cell-phone/apple/iphone-13-mini
,apple-iphone-13-mini,t-mobile,,128gb,,,80.0,55.0,30.0,30.0,https://www.ocbuyback.com/sell/cell-phone/apple/iphone-13-mini
,apple-iphone-13-mini,verizon,,128gb,,,125.0,100.0,45.0,25.0,https://www.ocbuyback.com/sell/cell-phone/apple/iphone-13-mini
,apple-iphone-13-mini,unlocked,,128gb,,,155.0,140.0,85.0,50.0,https://www.ocbuyback.com/sell/cell-phone/apple/iphone-13-mini
,apple-iphone-13-mini,att,,256gb,,,155.0,140.0,85.0,50.0,https://www.ocbuyback.com/sell/cell-phone/apple/iphone-13-mini
,apple-iphone-13-mini,t-mobile,,256gb,,,120.0,95.0,40.0,40.0,https://www.ocbuyback.com/sell/cell-phone/apple/iphone-13-mini
,apple-iphone-13-mini,verizon,,256gb,,,165.0,140.0,85.0,35.0,https://www.ocbuyback.com/sell/cell-phone/apple/iphone-13-mini
,apple-iphone-13-mini,unlocked,,256gb,,,195.0,180.0,125.0,60.0,https://www.ocbuyback.com/sell/cell-phone/apple/iphone-13-mini
,apple-iphone-13-mini,att,,512gb,,,170.0,155.0,100.0,55.0,https://www.ocbuyback.com/sell/cell-phone/apple/iphone-13-mini
,apple-iphone-13-mini,t-mobile,,512gb,,,130.0,105.0,55.0,30.0,https://www.ocbuyback.com/sell/cell-phone/apple/iphone-13-mini
,apple-iphone-13-mini,verizon,,512gb,,,180.0,145.0,100.0,25.0,https://www.ocbuyback.com/sell/cell-phone/apple/iphone-13-mini
,apple-iphone-13-mini,unlocked,,512gb,,,210.0,195.0,140.0,65.0,https://www.ocbuyback.com/sell/cell-phone/apple/iphone-13-mini
,apple-iphone-13-pro,att,,128gb,,,190.0,160.0,100.0,70.0,https://www.ocbuyback.com/sell/cell-phone/apple/iphone-13-pro
,apple-iphone-13-pro,t-mobile,,128gb,,,145.0,115.0,75.0,30.0,https://www.ocbuyback.com/sell/cell-phone/apple/iphone-13-pro
,apple-iphone-13-pro,verizon,,128gb,,,190.0,160.0,100.0,70.0,https://www.ocbuyback.com/sell/cell-phone/apple/iphone-13-pro
,apple-iphone-13-pro,unlocked,,128gb,,,250.0,220.0,150.0,90.0,https://www.ocbuyback.com/sell/cell-phone/apple/iphone-13-pro
,apple-iphone-13-pro,att,,256gb,,,220.0,190.0,120.0,85.0,https://www.ocbuyback.com/sell/cell-phone/apple/iphone-13-pro
,apple-iphone-13-pro,t-mobile,,256gb,,,175.0,145.0,75.0,45.0,https://www.ocbuyback.com/sell/cell-phone/apple/iphone-13-pro
,apple-iphone-13-pro,verizon,,256gb,,,220.0,190.0,120.0,40.0,https://www.ocbuyback.com/sell/cell-phone/apple/iphone-13-pro
,apple-iphone-13-pro,unlocked,,256gb,,,280.0,250.0,175.0,105.0,https://www.ocbuyback.com/sell/cell-phone/apple/iphone-13-pro
,apple-iphone-13-pro,att,,512gb,,,240.0,210.0,140.0,90.0,https://www.ocbuyback.com/sell/cell-phone/apple/iphone-13-pro
,apple-iphone-13-pro,t-mobile,,512gb,,,195.0,175.0,95.0,50.0,https://www.ocbuyback.com/sell/cell-phone/apple/iphone-13-pro
,apple-iphone-13-pro,verizon,,512gb,,,240.0,210.0,140.0,45.0,https://www.ocbuyback.com/sell/cell-phone/apple/iphone-13-pro
,apple-iphone-13-pro,unlocked,,512gb,,,300.0,270.0,195.0,110.0,https://www.ocbuyback.com/sell/cell-phone/apple/iphone-13-pro
,apple-iphone-13-pro,att,,1tb,,,250.0,220.0,150.0,100.0,https://www.ocbuyback.com/sell/cell-phone/apple/iphone-13-pro
,apple-iphone-13-pro,t-mobile,,1tb,,,205.0,175.0,105.0,60.0,https://www.ocbuyback.com/sell/cell-phone/apple/iphone-13-pro
,apple-iphone-13-pro,verizon,,1tb,,,250.0,220.0,150.0,55.0,https://www.ocbuyback.com/sell/cell-phone/apple/iphone-13-pro
,apple-iphone-13-pro,unlocked,,1tb,,,310.0,280.0,210.0,120.0,https://www.ocbuyback.com/sell/cell-phone/apple/iphone-13-pro
,apple-iphone-13-pro-max,att,,128gb,,,245.0,215.0,135.0,85.0,https://www.ocbuyback.com/sell/cell-phone/apple/iphone-13-pro-max
,apple-iphone-13-pro-max,t-mobile,,128gb,,,215.0,190.0,95.0,60.0,https://www.ocbuyback.com/sell/cell-phone/apple/iphone-13-pro-max
,apple-iphone-13-pro-max,verizon,,128gb,,,205.0,180.0,85.0,50.0,https://www.ocbuyback.com/sell/cell-phone/apple/iphone-13-pro-max
,apple-iphone-13-pro-max,unlocked,,128gb,,,285.0,255.0,175.0,95.0,https://www.ocbuyback.com/sell/cell-phone/apple/iphone-13-pro-max
,apple-iphone-13-pro-max,att,,256gb,,,295.0,255.0,180.0,90.0,https://www.ocbuyback.com/sell/cell-phone/apple/iphone-13-pro-max
,apple-iphone-13-pro-max,t-mobile,,256gb,,,255.0,230.0,145.0,70.0,https://www.ocbuyback.com/sell/cell-phone/apple/iphone-13-pro-max
,apple-iphone-13-pro-max,verizon,,256gb,,,245.0,220.0,125.0,55.0,https://www.ocbuyback.com/sell/cell-phone/apple/iphone-13-pro-max
,apple-iphone-13-pro-max,unlocked,,256gb,,,340.0,305.0,220.0,100.0,https://www.ocbuyback.com/sell/cell-phone/apple/iphone-13-pro-max
,apple-iphone-13-pro-max,att,,512gb,,,300.0,260.0,190.0,95.0,https://www.ocbuyback.com/sell/cell-phone/apple/iphone-13-pro-max
,apple-iphone-13-pro-max,t-mobile,,512gb,,,260.0,235.0,150.0,60.0,https://www.ocbuyback.com/sell/cell-phone/apple/iphone-13-pro-max
,apple-iphone-13-pro-max,verizon,,512gb,,,260.0,235.0,150.0,60.0,https://www.ocbuyback.com/sell/cell-phone/apple/iphone-13-pro-max
,apple-iphone-13-pro-max,unlocked,,512gb,,,350.0,310.0,230.0,105.0,https://www.ocbuyback.com/sell/cell-phone/apple/iphone-13-pro-max
,apple-iphone-13-pro-max,att,,1tb,,,325.0,285.0,205.0,100.0,https://www.ocbuyback.com/sell/cell-phone/apple/iphone-13-pro-max
,apple-iphone-13-pro-max,t-mobile,,1tb,,,295.0,265.0,175.0,80.0,https://www.ocbuyback.com/sell/cell-phone/apple/iphone-13-pro-max
,apple-iphone-13-pro-max,verizon,,1tb,,,295.0,265.0,175.0,80.0,https://www.ocbuyback.com/sell/cell-phone/apple/iphone-13-pro-max
,apple-iphone-13-pro-max,unlocked,,1tb,,,375.0,335.0,245.0,110.0,https://www.ocbuyback.com/sell/cell-phone/apple/iphone-13-pro-max
,apple-iphone-se-3rd-gen-2022,att,,64gb,,,55.0,40.0,15.0,15.0,https://www.ocbuyback.com/sell/cell-phone/apple/iphone-se-3rd-gen-2022
,apple-iphone-se-3rd-gen-2022,t-mobile,,64gb,,,35.0,20.0,10.0,10.0,https://www.ocbuyback.com/sell/cell-phone/apple/iphone-se-3rd-gen-2022
,apple-iphone-se-3rd-gen-2022,verizon,,64gb,,,65.0,50.0,25.0,15.0,https://www.ocbuyback.com/sell/cell-phone/apple/iphone-se-3rd-gen-2022
,apple-iphone-se-3rd-gen-2022,unlocked,,64gb,,,65.0,50.0,25.0,15.0,https://www.ocbuyback.com/sell/cell-phone/apple/iphone-se-3rd-gen-2022
,apple-iphone-se-3rd-gen-2022,att,,128gb,,,80.0,65.0,40.0,16.0,https://www.ocbuyback.com/sell/cell-phone/apple/iphone-se-3rd-gen-2022
,apple-iphone-se-3rd-gen-2022,t-mobile,,128gb,,,60.0,45.0,20.0,11.0,https://www.ocbuyback.com/sell/cell-phone/apple/iphone-se-3rd-gen-2022
,apple-iphone-se-3rd-gen-2022,verizon,,128gb,,,90.0,75.0,50.0,16.0,https://www.ocbuyback.com/sell/cell-phone/apple/iphone-se-3rd-gen-2022
,apple-iphone-se-3rd-gen-2022,unlocked,,128gb,,,90.0,75.0,50.0,16.0,https://www.ocbuyback.com/sell/cell-phone/apple/iphone-se-3rd-gen-2022
,apple-iphone-se-3rd-gen-2022,att,,256gb,,,90.0,75.0,50.0,17.0,https://www.ocbuyback.com/sell/cell-phone/apple/iphone-se-3rd-gen-2022
,apple-iphone-se-3rd-gen-2022,t-mobile,,256gb,,,70.0,55.0,30.0,12.0,https://www.ocbuyback.com/sell/cell-phone/apple/iphone-se-3rd-gen-2022
,apple-iphone-se-3rd-gen-2022,verizon,,256gb,,,100.0,85.0,60.0,17.0,https://www.ocbuyback.com/sell/cell-phone/apple/iphone-se-3rd-gen-2022
,apple-iphone-se-3rd-gen-2022,unlocked,,256gb,,,100.0,85.0,60.0,17.0,https://www.ocbuyback.com/sell/cell-phone/apple/iphone-se-3rd-gen-2022
,apple-iphone-14,att,,128gb,,,145.0,125.0,75.0,45.0,https://www.ocbuyback.com/sell/cell-phone/apple/iphone-14
,apple-iphone-14,t-mobile,,128gb,,,105.0,85.0,45.0,35.0,https://www.ocbuyback.com/sell/cell-phone/apple/iphone-14
,apple-iphone-14,verizon,,128gb,,,110.0,90.0,40.0,30.0,https://www.ocbuyback.com/sell/cell-phone/apple/iphone-14
,apple-iphone-14,unlocked,,128gb,,,185.0,165.0,115.0,60.0,https://www.ocbuyback.com/sell/cell-phone/apple/iphone-14
,apple-iphone-14,att,,256gb,,,180.0,160.0,110.0,50.0,https://www.ocbuyback.com/sell/cell-phone/apple/iphone-14
,apple-iphone-14,t-mobile,,256gb,,,140.0,120.0,70.0,50.0,https://www.ocbuyback.com/sell/cell-phone/apple/iphone-14
,apple-iphone-14,verizon,,256gb,,,145.0,125.0,75.0,35.0,https://www.ocbuyback.com/sell/cell-phone/apple/iphone-14
,apple-iphone-14,unlocked,,256gb,,,220.0,200.0,150.0,65.0,https://www.ocbuyback.com/sell/cell-phone/apple/iphone-14
,apple-iphone-14,att,,512gb,,,255.0,235.0,185.0,52.0,https://www.ocbuyback.com/sell/cell-phone/apple/iphone-14
,apple-iphone-14,t-mobile,,512gb,,,215.0,195.0,145.0,52.0,https://www.ocbuyback.com/sell/cell-phone/apple/iphone-14
,apple-iphone-14,verizon,,512gb,,,220.0,200.0,150.0,37.0,https://www.ocbuyback.com/sell/cell-phone/apple/iphone-14
,apple-iphone-14,unlocked,,512gb,,,295.0,275.0,225.0,67.0,https://www.ocbuyback.com/sell/cell-phone/apple/iphone-14
,apple-iphone-14-plus,att,,128gb,,,210.0,160.0,110.0,45.0,https://www.ocbuyback.com/sell/cell-phone/apple/iphone-14-plus
,apple-iphone-14-plus,t-mobile,,128gb,,,180.0,130.0,80.0,45.0,https://www.ocbuyback.com/sell/cell-phone/apple/iphone-14-plus
,apple-iphone-14-plus,verizon,,128gb,,,185.0,145.0,90.0,45.0,https://www.ocbuyback.com/sell/cell-phone/apple/iphone-14-plus
,apple-iphone-14-plus,other,,128gb,,,60.0,40.0,25.0,15.0,https://www.ocbuyback.com/sell/cell-phone/apple/iphone-14-plus
,apple-iphone-14-plus,unlocked,,128gb,,,260.0,210.0,160.0,95.0,https://www.ocbuyback.com/sell/cell-phone/apple/iphone-14-plus
,apple-iphone-14-plus,att,,256gb,,,240.0,200.0,150.0,60.0,https://www.ocbuyback.com/sell/cell-phone/apple/iphone-14-plus
,apple-iphone-14-plus,t-mobile,,256gb,,,210.0,170.0,120.0,60.0,https://www.ocbuyback.com/sell/cell-phone/apple/iphone-14-plus
,apple-iphone-14-plus,verizon,,256gb,,,215.0,175.0,125.0,60.0,https://www.ocbuyback.com/sell/cell-phone/apple/iphone-14-plus
,apple-iphone-14-plus,other,,256gb,,,65.0,55.0,35.0,20.0,https://www.ocbuyback.com/sell/cell-phone/apple/iphone-14-plus
,apple-iphone-14-plus,unlocked,,256gb,,,290.0,250.0,200.0,110.0,https://www.ocbuyback.com/sell/cell-phone/apple/iphone-14-plus
,apple-iphone-14-plus,att,,512gb,,,260.0,210.0,175.0,65.0,https://www.ocbuyback.com/sell/cell-phone/apple/iphone-14-plus
,apple-iphone-14-plus,t-mobile,,512gb,,,230.0,190.0,145.0,65.0,https://www.ocbuyback.com/sell/cell-phone/apple/iphone-14-plus
,apple-iphone-14-plus,verizon,,512gb,,,235.0,195.0,150.0,65.0,https://www.ocbuyback.com/sell/cell-phone/apple/iphone-14-plus
,apple-iphone-14-plus,other,,512gb,,,105.0,75.0,35.0,25.0,https://www.ocbuyback.com/sell/cell-phone/apple/iphone-14-plus
,apple-iphone-14-plus,unlocked,,512gb,,,310.0,270.0,225.0,115.0,https://www.ocbuyback.com/sell/cell-phone/apple/iphone-14-plus
,apple-iphone-14-pro,att,,128gb,,,190.0,140.0,90.0,75.0,https://www.ocbuyback.com/sell/cell-phone/apple/iphone-14-pro
,apple-iphone-14-pro,t-mobile,,128gb,,,210.0,160.0,110.0,65.0,https://www.ocbuyback.com/sell/cell-phone/apple/iphone-14-pro
,apple-iphone-14-pro,verizon,,128gb,,,140.0,90.0,50.0,40.0,https://www.ocbuyback.com/sell/cell-phone/apple/iphone-14-pro
,apple-iphone-14-pro,unlocked,,128gb,,,290.0,240.0,190.0,125.0,https://www.ocbuyback.com/sell/cell-phone/apple/iphone-14-pro
,apple-iphone-14-pro,att,,256gb,,,220.0,170.0,120.0,85.0,https://www.ocbuyback.com/sell/cell-phone/apple/iphone-14-pro
,apple-iphone-14-pro,t-mobile,,256gb,,,240.0,190.0,140.0,75.0,https://www.ocbuyback.com/sell/cell-phone/apple/iphone-14-pro
,apple-iphone-14-pro,verizon,,256gb,,,170.0,120.0,70.0,60.0,https://www.ocbuyback.com/sell/cell-phone/apple/iphone-14-pro
,apple-iphone-14-pro,unlocked,,256gb,,,320.0,270.0,215.0,135.0,https://www.ocbuyback.com/sell/cell-phone/apple/iphone-14-pro
,apple-iphone-14-pro,att,,512gb,,,250.0,190.0,140.0,90.0,https://www.ocbuyback.com/sell/cell-phone/apple/iphone-14-pro
,apple-iphone-14-pro,t-mobile,,512gb,,,270.0,210.0,160.0,80.0,https://www.ocbuyback.com/sell/cell-phone/apple/iphone-14-pro
,apple-iphone-14-pro,verizon,,512gb,,,200.0,140.0,100.0,65.0,https://www.ocbuyback.com/sell/cell-phone/apple/iphone-14-pro
,apple-iphone-14-pro,unlocked,,512gb,,,350.0,300.0,245.0,140.0,https://www.ocbuyback.com/sell/cell-phone/apple/iphone-14-pro
,apple-iphone-14-pro,att,,1tb,,,270.0,220.0,170.0,95.0,https://www.ocbuyback.com/sell/cell-phone/apple/iphone-14-pro
,apple-iphone-14-pro,t-mobile,,1tb,,,290.0,240.0,190.0,85.0,https://www.ocbuyback.com/sell/cell-phone/apple/iphone-14-pro
,apple-iphone-14-pro,verizon,,1tb,,,220.0,170.0,120.0,70.0,https://www.ocbuyback.com/sell/cell-phone/apple/iphone-14-pro
,apple-iphone-14-pro,unlocked,,1tb,,,370.0,320.0,270.0,145.0,https://www.ocbuyback.com/sell/cell-phone/apple/iphone-14-pro
,apple-iphone-14-pro-max,att,,128gb,,,230.0,195.0,140.0,100.0,https://www.ocbuyback.com/sell/cell-phone/apple/iphone-14-pro-max
,apple-iphone-14-pro-max,t-mobile,,128gb,,,245.0,210.0,155.0,75.0,https://www.ocbuyback.com/sell/cell-phone/apple/iphone-14-pro-max
,apple-iphone-14-pro-max,verizon,,128gb,,,180.0,160.0,90.0,90.0,https://www.ocbuyback.com/sell/cell-phone/apple/iphone-14-pro-max
,apple-iphone-14-pro-max,unlocked,,128gb,,,340.0,295.0,240.0,150.0,https://www.ocbuyback.com/sell/cell-phone/apple/iphone-14-pro-max
,apple-iphone-14-pro-max,att,,256gb,,,270.0,230.0,170.0,120.0,https://www.ocbuyback.com/sell/cell-phone/apple/iphone-14-pro-max
,apple-iphone-14-pro-max,t-mobile,,256gb,,,285.0,245.0,185.0,95.0,https://www.ocbuyback.com/sell/cell-phone/apple/iphone-14-pro-max
,apple-iphone-14-pro-max,verizon,,256gb,,,230.0,200.0,130.0,120.0,https://www.ocbuyback.com/sell/cell-phone/apple/iphone-14-pro-max
,apple-iphone-14-pro-max,unlocked,,256gb,,,370.0,330.0,270.0,170.0,https://www.ocbuyback.com/sell/cell-phone/apple/iphone-14-pro-max
,apple-iphone-14-pro-max,att,,512gb,,,290.0,250.0,190.0,140.0,https://www.ocbuyback.com/sell/cell-phone/apple/iphone-14-pro-max
,apple-iphone-14-pro-max,t-mobile,,512gb,,,305.0,265.0,205.0,115.0,https://www.ocbuyback.com/sell/cell-phone/apple/iphone-14-pro-max
,apple-iphone-14-pro-max,verizon,,512gb,,,240.0,205.0,140.0,130.0,https://www.ocbuyback.com/sell/cell-phone/apple/iphone-14-pro-max
,apple-iphone-14-pro-max,unlocked,,512gb,,,390.0,350.0,290.0,190.0,https://www.ocbuyback.com/sell/cell-phone/apple/iphone-14-pro-max
,apple-iphone-14-pro-max,att,,1tb,,,310.0,275.0,210.0,160.0,https://www.ocbuyback.com/sell/cell-phone/apple/iphone-14-pro-max
,apple-iphone-14-pro-max,t-mobile,,1tb,,,325.0,295.0,225.0,135.0,https://www.ocbuyback.com/sell/cell-phone/apple/iphone-14-pro-max
,apple-iphone-14-pro-max,verizon,,1tb,,,260.0,230.0,160.0,150.0,https://www.ocbuyback.com/sell/cell-phone/apple/iphone-14-pro-max
,apple-iphone-14-pro-max,unlocked,,1tb,,,410.0,375.0,310.0,210.0,https://www.ocbuyback.com/sell/cell-phone/apple/iphone-14-pro-max
,apple-iphone-15,att,,128gb,,,180.0,150.0,100.0,50.0,https://www.ocbuyback.com/sell/cell-phone/apple/iphone-15
,apple-iphone-15,t-mobile,,128gb,,,155.0,125.0,75.0,50.0,https://www.ocbuyback.com/sell/cell-phone/apple/iphone-15
,apple-iphone-15,verizon,,128gb,,,180.0,150.0,100.0,50.0,https://www.ocbuyback.com/sell/cell-phone/apple/iphone-15
,apple-iphone-15,other,,128gb,,,90.0,60.0,45.0,30.0,https://www.ocbuyback.com/sell/cell-phone/apple/iphone-15
,apple-iphone-15,unlocked,,128gb,,,280.0,250.0,200.0,100.0,https://www.ocbuyback.com/sell/cell-phone/apple/iphone-15
,apple-iphone-15,att,,256gb,,,230.0,200.0,150.0,60.0,https://www.ocbuyback.com/sell/cell-phone/apple/iphone-15
,apple-iphone-15,t-mobile,,256gb,,,205.0,175.0,125.0,60.0,https://www.ocbuyback.com/sell/cell-phone/apple/iphone-15
,apple-iphone-15,verizon,,256gb,,,230.0,200.0,150.0,65.0,https://www.ocbuyback.com/sell/cell-phone/apple/iphone-15
,apple-iphone-15,other,,256gb,,,100.0,70.0,35.0,25.0,https://www.ocbuyback.com/sell/cell-phone/apple/iphone-15
,apple-iphone-15,unlocked,,256gb,,,330.0,300.0,250.0,110.0,https://www.ocbuyback.com/sell/cell-phone/apple/iphone-15
,apple-iphone-15,att,,512gb,,,280.0,260.0,200.0,75.0,https://www.ocbuyback.com/sell/cell-phone/apple/iphone-15
,apple-iphone-15,t-mobile,,512gb,,,255.0,225.0,185.0,75.0,https://www.ocbuyback.com/sell/cell-phone/apple/iphone-15
,apple-iphone-15,verizon,,512gb,,,280.0,250.0,200.0,75.0,https://www.ocbuyback.com/sell/cell-phone/apple/iphone-15
,apple-iphone-15,other,,512gb,,,180.0,160.0,110.0,35.0,https://www.ocbuyback.com/sell/cell-phone/apple/iphone-15
,apple-iphone-15,unlocked,,512gb,,,380.0,350.0,300.0,115.0,https://www.ocbuyback.com/sell/cell-phone/apple/iphone-15
,apple-iphone-15-plus,att,,128gb,,,190.0,140.0,95.0,90.0,https://www.ocbuyback.com/sell/cell-phone/apple/iphone-15-plus
,apple-iphone-15-plus,t-mobile,,128gb,,,190.0,140.0,90.0,70.0,https://www.ocbuyback.com/sell/cell-phone/apple/iphone-15-plus
,apple-iphone-15-plus,verizon,,128gb,,,240.0,190.0,140.0,95.0,https://www.ocbuyback.com/sell/cell-phone/apple/iphone-15-plus
,apple-iphone-15-plus,other,,128gb,,,75.0,55.0,45.0,45.0,https://www.ocbuyback.com/sell/cell-phone/apple/iphone-15-plus
,apple-iphone-15-plus,unlocked,,128gb,,,340.0,290.0,240.0,145.0,https://www.ocbuyback.com/sell/cell-phone/apple/iphone-15-plus
,apple-iphone-15-plus,att,,256gb,,,215.0,165.0,115.0,105.0,https://www.ocbuyback.com/sell/cell-phone/apple/iphone-15-plus
,apple-iphone-15-plus,t-mobile,,256gb,,,215.0,165.0,115.0,80.0,https://www.ocbuyback.com/sell/cell-phone/apple/iphone-15-plus
,apple-iphone-15-plus,verizon,,256gb,,,265.0,215.0,165.0,105.0,https://www.ocbuyback.com/sell/cell-phone/apple/iphone-15-plus
,apple-iphone-15-plus,other,,256gb,,,125.0,115.0,65.0,55.0,https://www.ocbuyback.com/sell/cell-phone/apple/iphone-15-plus
,apple-iphone-15-plus,unlocked,,256gb,,,365.0,315.0,265.0,155.0,https://www.ocbuyback.com/sell/cell-phone/apple/iphone-15-plus
,apple-iphone-15-plus,att,,512gb,,,270.0,220.0,170.0,115.0,https://www.ocbuyback.com/sell/cell-phone/apple/iphone-15-plus
,apple-iphone-15-plus,t-mobile,,512gb,,,270.0,220.0,170.0,90.0,https://www.ocbuyback.com/sell/cell-phone/apple/iphone-15-plus
,apple-iphone-15-plus,verizon,,512gb,,,320.0,270.0,220.0,115.0,https://www.ocbuyback.com/sell/cell-phone/apple/iphone-15-plus
,apple-iphone-15-plus,other,,512gb,,,185.0,165.0,105.0,65.0,https://www.ocbuyback.com/sell/cell-phone/apple/iphone-15-plus
,apple-iphone-15-plus,unlocked,,512gb,,,420.0,370.0,320.0,165.0,https://www.ocbuyback.com/sell/cell-phone/apple/iphone-15-plus
,apple-iphone-15-pro,att,,128gb,,,180.0,145.0,95.0,105.0,https://www.ocbuyback.com/sell/cell-phone/apple/iphone-15-pro
,apple-iphone-15-pro,t-mobile,,128gb,,,220.0,185.0,135.0,115.0,https://www.ocbuyback.com/sell/cell-phone/apple/iphone-15-pro
,apple-iphone-15-pro,verizon,,128gb,,,180.0,145.0,95.0,70.0,https://www.ocbuyback.com/sell/cell-phone/apple/iphone-15-pro
,apple-iphone-15-pro,other,,128gb,,,105.0,60.0,50.0,30.0,https://www.ocbuyback.com/sell/cell-phone/apple/iphone-15-pro
,apple-iphone-15-pro,unlocked,,128gb,,,330.0,295.0,240.0,190.0,https://www.ocbuyback.com/sell/cell-phone/apple/iphone-15-pro
,apple-iphone-15-pro,att,,256gb,,,220.0,185.0,130.0,140.0,https://www.ocbuyback.com/sell/cell-phone/apple/iphone-15-pro
,apple-iphone-15-pro,t-mobile,,256gb,,,260.0,230.0,170.0,135.0,https://www.ocbuyback.com/sell/cell-phone/apple/iphone-15-pro
,apple-iphone-15-pro,verizon,,256gb,,,220.0,185.0,130.0,110.0,https://www.ocbuyback.com/sell/cell-phone/apple/iphone-15-pro
,apple-iphone-15-pro,other,,256gb,,,120.0,85.0,60.0,50.0,https://www.ocbuyback.com/sell/cell-phone/apple/iphone-15-pro
,apple-iphone-15-pro,unlocked,,256gb,,,360.0,335.0,280.0,210.0,https://www.ocbuyback.com/sell/cell-phone/apple/iphone-15-pro
,apple-iphone-15-pro,att,,512gb,,,240.0,205.0,155.0,150.0,https://www.ocbuyback.com/sell/cell-phone/apple/iphone-15-pro
,apple-iphone-15-pro,t-mobile,,512gb,,,280.0,245.0,195.0,145.0,https://www.ocbuyback.com/sell/cell-phone/apple/iphone-15-pro
,apple-iphone-15-pro,verizon,,512gb,,,240.0,205.0,155.0,120.0,https://www.ocbuyback.com/sell/cell-phone/apple/iphone-15-pro
,apple-iphone-15-pro,other,,512gb,,,140.0,105.0,75.0,70.0,https://www.ocbuyback.com/sell/cell-phone/apple/iphone-15-pro
,apple-iphone-15-pro,unlocked,,512gb,,,390.0,355.0,305.0,220.0,https://www.ocbuyback.com/sell/cell-phone/apple/iphone-15-pro
,apple-iphone-15-pro,att,,1tb,,,300.0,260.0,215.0,190.0,https://www.ocbuyback.com/sell/cell-phone/apple/iphone-15-pro
,apple-iphone-15-pro,t-mobile,,1tb,,,375.0,305.0,260.0,165.0,https://www.ocbuyback.com/sell/cell-phone/apple/iphone-15-pro
,apple-iphone-15-pro,verizon,,1tb,,,300.0,260.0,215.0,140.0,https://www.ocbuyback.com/sell/cell-phone/apple/iphone-15-pro
,apple-iphone-15-pro,other,,1tb,,,225.0,185.0,100.0,80.0,https://www.ocbuyback.com/sell/cell-phone/apple/iphone-15-pro
,apple-iphone-15-pro,unlocked,,1tb,,,450.0,410.0,365.0,240.0,https://www.ocbuyback.com/sell/cell-phone/apple/iphone-15-pro
,apple-iphone-15-pro-max,att,,256gb,,,310.0,280.0,210.0,150.0,https://www.ocbuyback.com/sell/cell-phone/apple/iphone-15-pro-max
,apple-iphone-15-pro-max,t-mobile,,256gb,,,325.0,295.0,225.0,125.0,https://www.ocbuyback.com/sell/cell-phone/apple/iphone-15-pro-max
,apple-iphone-15-pro-max,verizon,,256gb,,,230.0,200.0,110.0,90.0,https://www.ocbuyback.com/sell/cell-phone/apple/iphone-15-pro-max
,apple-iphone-15-pro-max,other,,256gb,,,115.0,70.0,50.0,40.0,https://www.ocbuyback.com/sell/cell-phone/apple/iphone-15-pro-max
,apple-iphone-15-pro-max,unlocked,,256gb,,,430.0,390.0,330.0,200.0,https://www.ocbuyback.com/sell/cell-phone/apple/iphone-15-pro-max
,apple-iphone-15-pro-max,att,,512gb,,,340.0,300.0,240.0,170.0,https://www.ocbuyback.com/sell/cell-phone/apple/iphone-15-pro-max
,apple-iphone-15-pro-max,t-mobile,,512gb,,,355.0,325.0,255.0,145.0,https://www.ocbuyback.com/sell/cell-phone/apple/iphone-15-pro-max
,apple-iphone-15-pro-max,verizon,,512gb,,,260.0,230.0,160.0,140.0,https://www.ocbuyback.com/sell/cell-phone/apple/iphone-15-pro-max
,apple-iphone-15-pro-max,other,,512gb,,,160.0,135.0,90.0,60.0,https://www.ocbuyback.com/sell/cell-phone/apple/iphone-15-pro-max
,apple-iphone-15-pro-max,unlocked,,512gb,,,460.0,430.0,360.0,220.0,https://www.ocbuyback.com/sell/cell-phone/apple/iphone-15-pro-max
,apple-iphone-15-pro-max,att,,1tb,,,380.0,350.0,280.0,200.0,https://www.ocbuyback.com/sell/cell-phone/apple/iphone-15-pro-max
,apple-iphone-15-pro-max,t-mobile,,1tb,,,395.0,355.0,295.0,175.0,https://www.ocbuyback.com/sell/cell-phone/apple/iphone-15-pro-max
,apple-iphone-15-pro-max,verizon,,1tb,,,300.0,270.0,200.0,170.0,https://www.ocbuyback.com/sell/cell-phone/apple/iphone-15-pro-max
,apple-iphone-15-pro-max,other,,1tb,,,205.0,165.0,110.0,80.0,https://www.ocbuyback.com/sell/cell-phone/apple/iphone-15-pro-max
,apple-iphone-15-pro-max,unlocked,,1tb,,,500.0,470.0,400.0,250.0,https://www.ocbuyback.com/sell/cell-phone/apple/iphone-15-pro-max
,apple-iphone-16,att,,128gb,,,300.0,265.0,205.0,130.0,https://www.ocbuyback.com/sell/cell-phone/apple/iphone-16
,apple-iphone-16,t-mobile,,128gb,,,275.0,240.0,180.0,105.0,https://www.ocbuyback.com/sell/cell-phone/apple/iphone-16
,apple-iphone-16,verizon,,128gb,,,300.0,265.0,205.0,130.0,https://www.ocbuyback.com/sell/cell-phone/apple/iphone-16
,apple-iphone-16,other,,128gb,,,195.0,155.0,100.0,65.0,https://www.ocbuyback.com/sell/cell-phone/apple/iphone-16
,apple-iphone-16,unlocked,,128gb,,,400.0,365.0,305.0,185.0,https://www.ocbuyback.com/sell/cell-phone/apple/iphone-16
,apple-iphone-16,att,,256gb,,,330.0,290.0,245.0,175.0,https://www.ocbuyback.com/sell/cell-phone/apple/iphone-16
,apple-iphone-16,t-mobile,,256gb,,,305.0,265.0,220.0,150.0,https://www.ocbuyback.com/sell/cell-phone/apple/iphone-16
,apple-iphone-16,verizon,,256gb,,,330.0,290.0,245.0,175.0,https://www.ocbuyback.com/sell/cell-phone/apple/iphone-16
,apple-iphone-16,other,,256gb,,,245.0,200.0,110.0,80.0,https://www.ocbuyback.com/sell/cell-phone/apple/iphone-16
,apple-iphone-16,unlocked,,256gb,,,440.0,390.0,345.0,220.0,https://www.ocbuyback.com/sell/cell-phone/apple/iphone-16
,apple-iphone-16,att,,512gb,,,360.0,325.0,265.0,210.0,https://www.ocbuyback.com/sell/cell-phone/apple/iphone-16
,apple-iphone-16,t-mobile,,512gb,,,335.0,300.0,240.0,185.0,https://www.ocbuyback.com/sell/cell-phone/apple/iphone-16
,apple-iphone-16,verizon,,512gb,,,360.0,325.0,265.0,210.0,https://www.ocbuyback.com/sell/cell-phone/apple/iphone-16
,apple-iphone-16,other,,512gb,,,285.0,230.0,160.0,135.0,https://www.ocbuyback.com/sell/cell-phone/apple/iphone-16
,apple-iphone-16,unlocked,,512gb,,,460.0,425.0,365.0,260.0,https://www.ocbuyback.com/sell/cell-phone/apple/iphone-16
,apple-iphone-16-plus,t-mobile,,128gb,,,310.0,280.0,210.0,165.0,https://www.ocbuyback.com/sell/cell-phone/apple/iphone-16-plus
,apple-iphone-16-plus,verizon,,128gb,,,360.0,330.0,260.0,190.0,https://www.ocbuyback.com/sell/cell-phone/apple/iphone-16-plus
,apple-iphone-16-plus,other,,128gb,,,185.0,155.0,90.0,45.0,https://www.ocbuyback.com/sell/cell-phone/apple/iphone-16-plus
,apple-iphone-16-plus,unlocked,,128gb,,,460.0,430.0,360.0,240.0,https://www.ocbuyback.com/sell/cell-phone/apple/iphone-16-plus
,apple-iphone-16-plus,att,,256gb,,,350.0,320.0,250.0,230.0,https://www.ocbuyback.com/sell/cell-phone/apple/iphone-16-plus
,apple-iphone-16-plus,t-mobile,,256gb,,,350.0,320.0,250.0,205.0,https://www.ocbuyback.com/sell/cell-phone/apple/iphone-16-plus
,apple-iphone-16-plus,verizon,,256gb,,,400.0,370.0,300.0,230.0,https://www.ocbuyback.com/sell/cell-phone/apple/iphone-16-plus
,apple-iphone-16-plus,other,,256gb,,,225.0,195.0,125.0,80.0,https://www.ocbuyback.com/sell/cell-phone/apple/iphone-16-plus
,apple-iphone-16-plus,unlocked,,256gb,,,500.0,470.0,400.0,280.0,https://www.ocbuyback.com/sell/cell-phone/apple/iphone-16-plus
,apple-iphone-16-plus,att,,512gb,,,385.0,355.0,285.0,270.0,https://www.ocbuyback.com/sell/cell-phone/apple/iphone-16-plus
,apple-iphone-16-plus,t-mobile,,512gb,,,385.0,355.0,285.0,245.0,https://www.ocbuyback.com/sell/cell-phone/apple/iphone-16-plus
,apple-iphone-16-plus,verizon,,512gb,,,435.0,405.0,335.0,270.0,https://www.ocbuyback.com/sell/cell-phone/apple/iphone-16-plus
,apple-iphone-16-plus,other,,512gb,,,260.0,230.0,160.0,120.0,https://www.ocbuyback.com/sell/cell-phone/apple/iphone-16-plus
,apple-iphone-16-plus,unlocked,,512gb,,,535.0,505.0,435.0,320.0,https://www.ocbuyback.com/sell/cell-phone/apple/iphone-16-plus
,apple-iphone-16-plus,att,,128gb,,,290.0,260.0,190.0,170.0,https://www.ocbuyback.com/sell/cell-phone/apple/iphone-16-plus
,apple-iphone-16-pro,t-mobile,,128gb,,,385.0,345.0,290.0,180.0,https://www.ocbuyback.com/sell/cell-phone/apple/iphone-16-pro
,apple-iphone-16-pro,verizon,,128gb,,,210.0,170.0,115.0,105.0,https://www.ocbuyback.com/sell/cell-phone/apple/iphone-16-pro
,apple-iphone-16-pro,other,,128gb,,,215.0,160.0,125.0,100.0,https://www.ocbuyback.com/sell/cell-phone/apple/iphone-16-pro
,apple-iphone-16-pro,unlocked,,128gb,,,460.0,420.0,365.0,275.0,https://www.ocbuyback.com/sell/cell-phone/apple/iphone-16-pro
,apple-iphone-16-pro,att,,256gb,,,410.0,385.0,330.0,235.0,https://www.ocbuyback.com/sell/cell-phone/apple/iphone-16-pro
,apple-iphone-16-pro,t-mobile,,256gb,,,445.0,415.0,340.0,210.0,https://www.ocbuyback.com/sell/cell-phone/apple/iphone-16-pro
,apple-iphone-16-pro,verizon,,256gb,,,260.0,230.0,175.0,165.0,https://www.ocbuyback.com/sell/cell-phone/apple/iphone-16-pro
,apple-iphone-16-pro,other,,256gb,,,265.0,220.0,135.0,85.0,https://www.ocbuyback.com/sell/cell-phone/apple/iphone-16-pro
,apple-iphone-16-pro,unlocked,,256gb,,,510.0,480.0,415.0,285.0,https://www.ocbuyback.com/sell/cell-phone/apple/iphone-16-pro
,apple-iphone-16-pro,att,,512gb,,,450.0,425.0,370.0,275.0,https://www.ocbuyback.com/sell/cell-phone/apple/iphone-16-pro
,apple-iphone-16-pro,t-mobile,,512gb,,,475.0,445.0,395.0,250.0,https://www.ocbuyback.com/sell/cell-phone/apple/iphone-16-pro
,apple-iphone-16-pro,verizon,,512gb,,,300.0,270.0,220.0,205.0,https://www.ocbuyback.com/sell/cell-phone/apple/iphone-16-pro
,apple-iphone-16-pro,other,,512gb,,,250.0,165.0,155.0,125.0,https://www.ocbuyback.com/sell/cell-phone/apple/iphone-16-pro
,apple-iphone-16-pro,unlocked,,512gb,,,550.0,520.0,470.0,325.0,https://www.ocbuyback.com/sell/cell-phone/apple/iphone-16-pro
,apple-iphone-16-pro,att,,1tb,,,510.0,485.0,430.0,300.0,https://www.ocbuyback.com/sell/cell-phone/apple/iphone-16-pro
,apple-iphone-16-pro,t-mobile,,1tb,,,535.0,505.0,455.0,275.0,https://www.ocbuyback.com/sell/cell-phone/apple/iphone-16-pro
,apple-iphone-16-pro,verizon,,1tb,,,360.0,330.0,280.0,230.0,https://www.ocbuyback.com/sell/cell-phone/apple/iphone-16-pro
,apple-iphone-16-pro,other,,1tb,,,280.0,250.0,130.0,110.0,https://www.ocbuyback.com/sell/cell-phone/apple/iphone-16-pro
,apple-iphone-16-pro,unlocked,,1tb,,,610.0,580.0,530.0,350.0,https://www.ocbuyback.com/sell/cell-phone/apple/iphone-16-pro
,apple-iphone-16-pro-max,att,,256gb,,,480.0,440.0,350.0,230.0,https://www.ocbuyback.com/sell/cell-phone/apple/iphone-16-pro-max
,apple-iphone-16-pro-max,t-mobile,,256gb,,,495.0,455.0,365.0,205.0,https://www.ocbuyback.com/sell/cell-phone/apple/iphone-16-pro-max
,apple-iphone-16-pro-max,verizon,,256gb,,,400.0,360.0,270.0,230.0,https://www.ocbuyback.com/sell/cell-phone/apple/iphone-16-pro-max
,apple-iphone-16-pro-max,other,,256gb,,,310.0,245.0,190.0,105.0,https://www.ocbuyback.com/sell/cell-phone/apple/iphone-16-pro-max
,apple-iphone-16-pro-max,unlocked,,256gb,,,600.0,560.0,470.0,280.0,https://www.ocbuyback.com/sell/cell-phone/apple/iphone-16-pro-max
,apple-iphone-16-pro-max,att,,512gb,,,540.0,500.0,440.0,255.0,https://www.ocbuyback.com/sell/cell-phone/apple/iphone-16-pro-max
,apple-iphone-16-pro-max,t-mobile,,512gb,,,555.0,515.0,455.0,230.0,https://www.ocbuyback.com/sell/cell-phone/apple/iphone-16-pro-max
,apple-iphone-16-pro-max,verizon,,512gb,,,460.0,420.0,360.0,255.0,https://www.ocbuyback.com/sell/cell-phone/apple/iphone-16-pro-max
,apple-iphone-16-pro-max,other,,512gb,,,320.0,255.0,170.0,60.0,https://www.ocbuyback.com/sell/cell-phone/apple/iphone-16-pro-max
,apple-iphone-16-pro-max,unlocked,,512gb,,,660.0,610.0,560.0,305.0,https://www.ocbuyback.com/sell/cell-phone/apple/iphone-16-pro-max
,apple-iphone-16-pro-max,att,,1tb,,,630.0,590.0,520.0,305.0,https://www.ocbuyback.com/sell/cell-phone/apple/iphone-16-pro-max
,apple-iphone-16-pro-max,t-mobile,,1tb,,,645.0,605.0,535.0,280.0,https://www.ocbuyback.com/sell/cell-phone/apple/iphone-16-pro-max
,apple-iphone-16-pro-max,verizon,,1tb,,,550.0,510.0,440.0,305.0,https://www.ocbuyback.com/sell/cell-phone/apple/iphone-16-pro-max
,apple-iphone-16-pro-max,other,,1tb,,,365.0,280.0,175.0,105.0,https://www.ocbuyback.com/sell/cell-phone/apple/iphone-16-pro-max
,apple-iphone-16-pro-max,unlocked,,1tb,,,750.0,710.0,660.0,355.0,https://www.ocbuyback.com/sell/cell-phone/apple/iphone-16-pro-max
,apple-iphone-16e,att,,128gb,,,170.0,130.0,85.0,25.0,https://www.ocbuyback.com/sell/cell-phone/apple/iphone-16e
,apple-iphone-16e,t-mobile,,128gb,,,145.0,105.0,80.0,25.0,https://www.ocbuyback.com/sell/cell-phone/apple/iphone-16e
,apple-iphone-16e,verizon,,128gb,,,170.0,130.0,85.0,25.0,https://www.ocbuyback.com/sell/cell-phone/apple/iphone-16e
,apple-iphone-16e,unlocked,,128gb,,,270.0,230.0,185.0,35.0,https://www.ocbuyback.com/sell/cell-phone/apple/iphone-16e
,apple-iphone-16e,att,,256gb,,,240.0,200.0,155.0,25.0,https://www.ocbuyback.com/sell/cell-phone/apple/iphone-16e
,apple-iphone-16e,t-mobile,,256gb,,,215.0,175.0,130.0,25.0,https://www.ocbuyback.com/sell/cell-phone/apple/iphone-16e
,apple-iphone-16e,verizon,,256gb,,,240.0,200.0,155.0,25.0,https://www.ocbuyback.com/sell/cell-phone/apple/iphone-16e
,apple-iphone-16e,unlocked,,256gb,,,340.0,300.0,255.0,75.0,https://www.ocbuyback.com/sell/cell-phone/apple/iphone-16e
,apple-iphone-16e,att,,512gb,,,290.0,250.0,205.0,65.0,https://www.ocbuyback.com/sell/cell-phone/apple/iphone-16e
,apple-iphone-16e,t-mobile,,512gb,,,265.0,225.0,180.0,40.0,https://www.ocbuyback.com/sell/cell-phone/apple/iphone-16e
,apple-iphone-16e,verizon,,512gb,,,290.0,250.0,205.0,65.0,https://www.ocbuyback.com/sell/cell-phone/apple/iphone-16e
,apple-iphone-16e,unlocked,,512gb,,,390.0,350.0,305.0,115.0,https://www.ocbuyback.com/sell/cell-phone/apple/iphone-16e
,apple-iphone-17e,t-mobile,,256gb,,,245.0,190.0,125.0,70.0,https://www.ocbuyback.com/sell/cell-phone/apple/iphone-17e
,apple-iphone-17e,verizon,,256gb,,,260.0,215.0,150.0,55.0,https://www.ocbuyback.com/sell/cell-phone/apple/iphone-17e
,apple-iphone-17e,other,,256gb,,,210.0,165.0,100.0,55.0,https://www.ocbuyback.com/sell/cell-phone/apple/iphone-17e
,apple-iphone-17e,unlocked,,256gb,,,360.0,325.0,250.0,100.0,https://www.ocbuyback.com/sell/cell-phone/apple/iphone-17e
,apple-iphone-17e,att,,512gb,,,310.0,265.0,200.0,90.0,https://www.ocbuyback.com/sell/cell-phone/apple/iphone-17e
,apple-iphone-17e,t-mobile,,512gb,,,285.0,240.0,175.0,95.0,https://www.ocbuyback.com/sell/cell-phone/apple/iphone-17e
,apple-iphone-17e,verizon,,512gb,,,310.0,265.0,200.0,70.0,https://www.ocbuyback.com/sell/cell-phone/apple/iphone-17e
,apple-iphone-17e,other,,512gb,,,260.0,225.0,150.0,70.0,https://www.ocbuyback.com/sell/cell-phone/apple/iphone-17e
,apple-iphone-17e,unlocked,,512gb,,,410.0,365.0,300.0,120.0,https://www.ocbuyback.com/sell/cell-phone/apple/iphone-17e
,apple-iphone-17,att,,256gb,,,475.0,420.0,340.0,210.0,https://www.ocbuyback.com/sell/cell-phone/apple/iphone-17
,apple-iphone-17,t-mobile,,256gb,,,450.0,395.0,315.0,185.0,https://www.ocbuyback.com/sell/cell-phone/apple/iphone-17
,apple-iphone-17,verizon,,256gb,,,475.0,420.0,340.0,210.0,https://www.ocbuyback.com/sell/cell-phone/apple/iphone-17
,apple-iphone-17,other,,256gb,,,225.0,170.0,160.0,90.0,https://www.ocbuyback.com/sell/cell-phone/apple/iphone-17
,apple-iphone-17,unlocked,,256gb,,,575.0,520.0,440.0,260.0,https://www.ocbuyback.com/sell/cell-phone/apple/iphone-17
,apple-iphone-17,att,,512gb,,,575.0,520.0,440.0,290.0,https://www.ocbuyback.com/sell/cell-phone/apple/iphone-17
,apple-iphone-17,t-mobile,,512gb,,,550.0,495.0,415.0,265.0,https://www.ocbuyback.com/sell/cell-phone/apple/iphone-17
,apple-iphone-17,verizon,,512gb,,,575.0,520.0,440.0,290.0,https://www.ocbuyback.com/sell/cell-phone/apple/iphone-17
,apple-iphone-17,other,,512gb,,,325.0,270.0,240.0,190.0,https://www.ocbuyback.com/sell/cell-phone/apple/iphone-17
,apple-iphone-17,unlocked,,512gb,,,675.0,620.0,540.0,340.0,https://www.ocbuyback.com/sell/cell-phone/apple/iphone-17
,apple-iphone-17-pro,att,,256gb,,,645.0,565.0,425.0,250.0,https://www.ocbuyback.com/sell/cell-phone/apple/iphone-17-pro
,apple-iphone-17-pro,t-mobile,,256gb,,,720.0,640.0,500.0,225.0,https://www.ocbuyback.com/sell/cell-phone/apple/iphone-17-pro
,apple-iphone-17-pro,verizon,,256gb,,,545.0,465.0,325.0,200.0,https://www.ocbuyback.com/sell/cell-phone/apple/iphone-17-pro
,apple-iphone-17-pro,other,,256gb,,,345.0,265.0,125.0,100.0,https://www.ocbuyback.com/sell/cell-phone/apple/iphone-17-pro
,apple-iphone-17-pro,unlocked,,256gb,,,795.0,715.0,575.0,300.0,https://www.ocbuyback.com/sell/cell-phone/apple/iphone-17-pro
,apple-iphone-17-pro,att,,512gb,,,745.0,665.0,525.0,370.0,https://www.ocbuyback.com/sell/cell-phone/apple/iphone-17-pro
,apple-iphone-17-pro,t-mobile,,512gb,,,820.0,740.0,600.0,345.0,https://www.ocbuyback.com/sell/cell-phone/apple/iphone-17-pro
,apple-iphone-17-pro,verizon,,512gb,,,645.0,565.0,425.0,320.0,https://www.ocbuyback.com/sell/cell-phone/apple/iphone-17-pro
,apple-iphone-17-pro,other,,512gb,,,445.0,365.0,225.0,200.0,https://www.ocbuyback.com/sell/cell-phone/apple/iphone-17-pro
,apple-iphone-17-pro,unlocked,,512gb,,,895.0,815.0,675.0,420.0,https://www.ocbuyback.com/sell/cell-phone/apple/iphone-17-pro
,apple-iphone-17-pro,att,,1tb,,,795.0,715.0,575.0,410.0,https://www.ocbuyback.com/sell/cell-phone/apple/iphone-17-pro
,apple-iphone-17-pro,t-mobile,,1tb,,,870.0,790.0,650.0,385.0,https://www.ocbuyback.com/sell/cell-phone/apple/iphone-17-pro
,apple-iphone-17-pro,verizon,,1tb,,,695.0,615.0,475.0,360.0,https://www.ocbuyback.com/sell/cell-phone/apple/iphone-17-pro
,apple-iphone-17-pro,other,,1tb,,,495.0,415.0,275.0,260.0,https://www.ocbuyback.com/sell/cell-phone/apple/iphone-17-pro
,apple-iphone-17-pro,unlocked,,1tb,,,945.0,865.0,725.0,460.0,https://www.ocbuyback.com/sell/cell-phone/apple/iphone-17-pro
,apple-iphone-17-pro-max,att,,256gb,,,785.0,735.0,635.0,250.0,https://www.ocbuyback.com/sell/cell-phone/apple/iphone-17-pro-max
,apple-iphone-17-pro-max,t-mobile,,256gb,,,800.0,750.0,650.0,275.0,https://www.ocbuyback.com/sell/cell-phone/apple/iphone-17-pro-max
,apple-iphone-17-pro-max,verizon,,256gb,,,705.0,655.0,555.0,300.0,https://www.ocbuyback.com/sell/cell-phone/apple/iphone-17-pro-max
,apple-iphone-17-pro-max,other,,256gb,,,405.0,355.0,255.0,100.0,https://www.ocbuyback.com/sell/cell-phone/apple/iphone-17-pro-max
,apple-iphone-17-pro-max,unlocked,,256gb,,,905.0,855.0,755.0,350.0,https://www.ocbuyback.com/sell/cell-phone/apple/iphone-17-pro-max
,apple-iphone-17-pro-max,att,,512gb,,,885.0,835.0,735.0,280.0,https://www.ocbuyback.com/sell/cell-phone/apple/iphone-17-pro-max
,apple-iphone-17-pro-max,t-mobile,,512gb,,,900.0,850.0,750.0,305.0,https://www.ocbuyback.com/sell/cell-phone/apple/iphone-17-pro-max
,apple-iphone-17-pro-max,verizon,,512gb,,,805.0,755.0,655.0,330.0,https://www.ocbuyback.com/sell/cell-phone/apple/iphone-17-pro-max
,apple-iphone-17-pro-max,other,,512gb,,,505.0,455.0,355.0,130.0,https://www.ocbuyback.com/sell/cell-phone/apple/iphone-17-pro-max
,apple-iphone-17-pro-max,unlocked,,512gb,,,1005.0,955.0,855.0,380.0,https://www.ocbuyback.com/sell/cell-phone/apple/iphone-17-pro-max
,apple-iphone-17-pro-max,att,,1tb,,,950.0,900.0,800.0,320.0,https://www.ocbuyback.com/sell/cell-phone/apple/iphone-17-pro-max
,apple-iphone-17-pro-max,t-mobile,,1tb,,,965.0,915.0,815.0,345.0,https://www.ocbuyback.com/sell/cell-phone/apple/iphone-17-pro-max
,apple-iphone-17-pro-max,verizon,,1tb,,,870.0,820.0,720.0,370.0,https://www.ocbuyback.com/sell/cell-phone/apple/iphone-17-pro-max
,apple-iphone-17-pro-max,other,,1tb,,,570.0,520.0,420.0,170.0,https://www.ocbuyback.com/sell/cell-phone/apple/iphone-17-pro-max
,apple-iphone-17-pro-max,unlocked,,1tb,,,1070.0,1020.0,920.0,420.0,https://www.ocbuyback.com/sell/cell-phone/apple/iphone-17-pro-max
,apple-iphone-17-pro-max,att,,2tb,,,985.0,935.0,835.0,400.0,https://www.ocbuyback.com/sell/cell-phone/apple/iphone-17-pro-max
,apple-iphone-17-pro-max,t-mobile,,2tb,,,1000.0,950.0,850.0,425.0,https://www.ocbuyback.com/sell/cell-phone/apple/iphone-17-pro-max
,apple-iphone-17-pro-max,verizon,,2tb,,,905.0,855.0,755.0,450.0,https://www.ocbuyback.com/sell/cell-phone/apple/iphone-17-pro-max
,apple-iphone-17-pro-max,other,,2tb,,,605.0,555.0,455.0,250.0,https://www.ocbuyback.com/sell/cell-phone/apple/iphone-17-pro-max
,apple-iphone-17-pro-max,unlocked,,2tb,,,1105.0,1055.0,955.0,500.0,https://www.ocbuyback.com/sell/cell-phone/apple/iphone-17-pro-max
,apple-iphone-air,att,,256gb,,,500.0,430.0,350.0,180.0,https://www.ocbuyback.com/sell/cell-phone/apple/iphone-air
,apple-iphone-air,t-mobile,,256gb,,,475.0,405.0,325.0,155.0,https://www.ocbuyback.com/sell/cell-phone/apple/iphone-air
,apple-iphone-air,verizon,,256gb,,,500.0,430.0,350.0,180.0,https://www.ocbuyback.com/sell/cell-phone/apple/iphone-air
,apple-iphone-air,other,,256gb,,,250.0,180.0,100.0,90.0,https://www.ocbuyback.com/sell/cell-phone/apple/iphone-air
,apple-iphone-air,unlocked,,256gb,,,600.0,530.0,450.0,230.0,https://www.ocbuyback.com/sell/cell-phone/apple/iphone-air
,apple-iphone-air,att,,512gb,,,560.0,490.0,410.0,260.0,https://www.ocbuyback.com/sell/cell-phone/apple/iphone-air
,apple-iphone-air,t-mobile,,512gb,,,535.0,465.0,385.0,235.0,https://www.ocbuyback.com/sell/cell-phone/apple/iphone-air
,apple-iphone-air,verizon,,512gb,,,560.0,490.0,410.0,260.0,https://www.ocbuyback.com/sell/cell-phone/apple/iphone-air
,apple-iphone-air,other,,512gb,,,310.0,240.0,160.0,155.0,https://www.ocbuyback.com/sell/cell-phone/apple/iphone-air
,apple-iphone-air,unlocked,,512gb,,,660.0,590.0,510.0,310.0,https://www.ocbuyback.com/sell/cell-phone/apple/iphone-air
,apple-iphone-air,att,,1tb,,,635.0,565.0,485.0,300.0,https://www.ocbuyback.com/sell/cell-phone/apple/iphone-air
,apple-iphone-air,t-mobile,,1tb,,,610.0,540.0,460.0,275.0,https://www.ocbuyback.com/sell/cell-phone/apple/iphone-air
,apple-iphone-air,verizon,,1tb,,,635.0,565.0,485.0,300.0,https://www.ocbuyback.com/sell/cell-phone/apple/iphone-air
,apple-iphone-air,other,,1tb,,,385.0,315.0,235.0,235.0,https://www.ocbuyback.com/sell/cell-phone/apple/iphone-air
,apple-iphone-air,unlocked,,1tb,,,735.0,665.0,585.0,350.0,https://www.ocbuyback.com/sell/cell-phone/apple/iphone-air
,samsung-galaxy-note-20,att,,128gb,,,95.0,75.0,60.0,15.0,https://www.ocbuyback.com/sell/cell-phone/samsung/galaxy-note-20
,samsung-galaxy-note-20,t-mobile,,128gb,,,95.0,75.0,60.0,15.0,https://www.ocbuyback.com/sell/cell-phone/samsung/galaxy-note-20
,samsung-galaxy-note-20,verizon,,128gb,,,60.0,40.0,25.0,15.0,https://www.ocbuyback.com/sell/cell-phone/samsung/galaxy-note-20
,samsung-galaxy-note-20,unlocked,,128gb,,,110.0,90.0,75.0,25.0,https://www.ocbuyback.com/sell/cell-phone/samsung/galaxy-note-20
,samsung-galaxy-note-20-ultra,att,,128gb,,,155.0,135.0,85.0,25.0,https://www.ocbuyback.com/sell/cell-phone/samsung/galaxy-note-20-ultra
,samsung-galaxy-note-20-ultra,t-mobile,,128gb,,,105.0,85.0,35.0,25.0,https://www.ocbuyback.com/sell/cell-phone/samsung/galaxy-note-20-ultra
,samsung-galaxy-note-20-ultra,verizon,,128gb,,,80.0,60.0,30.0,10.0,https://www.ocbuyback.com/sell/cell-phone/samsung/galaxy-note-20-ultra
,samsung-galaxy-note-20-ultra,unlocked,,128gb,,,170.0,150.0,100.0,30.0,https://www.ocbuyback.com/sell/cell-phone/samsung/galaxy-note-20-ultra
,samsung-galaxy-note-20-ultra,att,,512gb,,,165.0,145.0,95.0,27.0,https://www.ocbuyback.com/sell/cell-phone/samsung/galaxy-note-20-ultra
,samsung-galaxy-note-20-ultra,t-mobile,,512gb,,,115.0,95.0,45.0,25.0,https://www.ocbuyback.com/sell/cell-phone/samsung/galaxy-note-20-ultra
,samsung-galaxy-note-20-ultra,verizon,,512gb,,,90.0,70.0,30.0,10.0,https://www.ocbuyback.com/sell/cell-phone/samsung/galaxy-note-20-ultra
,samsung-galaxy-note-20-ultra,unlocked,,512gb,,,190.0,170.0,120.0,30.0,https://www.ocbuyback.com/sell/cell-phone/samsung/galaxy-note-20-ultra
,samsung-galaxy-s21,att,,128gb,,,50.0,35.0,25.0,10.0,https://www.ocbuyback.com/sell/cell-phone/samsung/galaxy-s21
,samsung-galaxy-s21,t-mobile,,128gb,,,30.0,15.0,5.0,5.0,https://www.ocbuyback.com/sell/cell-phone/samsung/galaxy-s21
,samsung-galaxy-s21,verizon,,128gb,,,30.0,15.0,5.0,5.0,https://www.ocbuyback.com/sell/cell-phone/samsung/galaxy-s21
,samsung-galaxy-s21,unlocked,,128gb,,,60.0,45.0,35.0,10.0,https://www.ocbuyback.com/sell/cell-phone/samsung/galaxy-s21
,samsung-galaxy-s21-fe,att,,128gb,,,45.0,35.0,10.0,5.0,https://www.ocbuyback.com/sell/cell-phone/samsung/galaxy-s21-fe
,samsung-galaxy-s21-fe,t-mobile,,128gb,,,25.0,15.0,10.0,5.0,https://www.ocbuyback.com/sell/cell-phone/samsung/galaxy-s21-fe
,samsung-galaxy-s21-fe,verizon,,128gb,,,20.0,10.0,5.0,5.0,https://www.ocbuyback.com/sell/cell-phone/samsung/galaxy-s21-fe
,samsung-galaxy-s21-fe,unlocked,,128gb,,,65.0,55.0,20.0,10.0,https://www.ocbuyback.com/sell/cell-phone/samsung/galaxy-s21-fe
,samsung-galaxy-s21-fe,att,,256gb,,,65.0,55.0,20.0,15.0,https://www.ocbuyback.com/sell/cell-phone/samsung/galaxy-s21-fe
,samsung-galaxy-s21-fe,t-mobile,,256gb,,,45.0,35.0,10.0,5.0,https://www.ocbuyback.com/sell/cell-phone/samsung/galaxy-s21-fe
,samsung-galaxy-s21-fe,verizon,,256gb,,,30.0,20.0,10.0,5.0,https://www.ocbuyback.com/sell/cell-phone/samsung/galaxy-s21-fe
,samsung-galaxy-s21-fe,unlocked,,256gb,,,85.0,75.0,40.0,15.0,https://www.ocbuyback.com/sell/cell-phone/samsung/galaxy-s21-fe
,samsung-galaxy-s21-plus,att,,128gb,,,55.0,45.0,25.0,15.0,https://www.ocbuyback.com/sell/cell-phone/samsung/galaxy-s21-plus
,samsung-galaxy-s21-plus,t-mobile,,128gb,,,55.0,45.0,25.0,10.0,https://www.ocbuyback.com/sell/cell-phone/samsung/galaxy-s21-plus
,samsung-galaxy-s21-plus,verizon,,128gb,,,30.0,20.0,10.0,5.0,https://www.ocbuyback.com/sell/cell-phone/samsung/galaxy-s21-plus
,samsung-galaxy-s21-plus,unlocked,,128gb,,,70.0,60.0,40.0,20.0,https://www.ocbuyback.com/sell/cell-phone/samsung/galaxy-s21-plus
,samsung-galaxy-s21-plus,att,,256gb,,,65.0,55.0,35.0,16.0,https://www.ocbuyback.com/sell/cell-phone/samsung/galaxy-s21-plus
,samsung-galaxy-s21-plus,t-mobile,,256gb,,,65.0,55.0,35.0,11.0,https://www.ocbuyback.com/sell/cell-phone/samsung/galaxy-s21-plus
,samsung-galaxy-s21-plus,verizon,,256gb,,,40.0,30.0,20.0,10.0,https://www.ocbuyback.com/sell/cell-phone/samsung/galaxy-s21-plus
,samsung-galaxy-s21-plus,unlocked,,256gb,,,80.0,70.0,50.0,21.0,https://www.ocbuyback.com/sell/cell-phone/samsung/galaxy-s21-plus
,samsung-galaxy-s21-ultra,att,,128gb,,,90.0,70.0,55.0,20.0,https://www.ocbuyback.com/sell/cell-phone/samsung/galaxy-s21-ultra
,samsung-galaxy-s21-ultra,t-mobile,,128gb,,,60.0,40.0,25.0,10.0,https://www.ocbuyback.com/sell/cell-phone/samsung/galaxy-s21-ultra
,samsung-galaxy-s21-ultra,verizon,,128gb,,,60.0,40.0,25.0,10.0,https://www.ocbuyback.com/sell/cell-phone/samsung/galaxy-s21-ultra
,samsung-galaxy-s21-ultra,unlocked,,128gb,,,100.0,80.0,65.0,30.0,https://www.ocbuyback.com/sell/cell-phone/samsung/galaxy-s21-ultra
,samsung-galaxy-s21-ultra,att,,256gb,,,100.0,80.0,65.0,20.0,https://www.ocbuyback.com/sell/cell-phone/samsung/galaxy-s21-ultra
,samsung-galaxy-s21-ultra,t-mobile,,256gb,,,70.0,50.0,35.0,10.0,https://www.ocbuyback.com/sell/cell-phone/samsung/galaxy-s21-ultra
,samsung-galaxy-s21-ultra,verizon,,256gb,,,70.0,50.0,35.0,10.0,https://www.ocbuyback.com/sell/cell-phone/samsung/galaxy-s21-ultra
,samsung-galaxy-s21-ultra,unlocked,,256gb,,,110.0,90.0,75.0,30.0,https://www.ocbuyback.com/sell/cell-phone/samsung/galaxy-s21-ultra
,samsung-galaxy-s21-ultra,att,,512gb,,,105.0,85.0,70.0,25.0,https://www.ocbuyback.com/sell/cell-phone/samsung/galaxy-s21-ultra
,samsung-galaxy-s21-ultra,t-mobile,,512gb,,,75.0,55.0,40.0,10.0,https://www.ocbuyback.com/sell/cell-phone/samsung/galaxy-s21-ultra
,samsung-galaxy-s21-ultra,verizon,,512gb,,,75.0,55.0,40.0,10.0,https://www.ocbuyback.com/sell/cell-phone/samsung/galaxy-s21-ultra
,samsung-galaxy-s21-ultra,unlocked,,512gb,,,115.0,95.0,80.0,30.0,https://www.ocbuyback.com/sell/cell-phone/samsung/galaxy-s21-ultra
,samsung-galaxy-s22,att,,128gb,,,70.0,55.0,35.0,20.0,https://www.ocbuyback.com/sell/cell-phone/samsung/galaxy-s22
,samsung-galaxy-s22,t-mobile,,128gb,,,50.0,45.0,20.0,10.0,https://www.ocbuyback.com/sell/cell-phone/samsung/galaxy-s22
,samsung-galaxy-s22,verizon,,128gb,,,30.0,15.0,5.0,5.0,https://www.ocbuyback.com/sell/cell-phone/samsung/galaxy-s22
,samsung-galaxy-s22,unlocked,,128gb,,,90.0,75.0,45.0,25.0,https://www.ocbuyback.com/sell/cell-phone/samsung/galaxy-s22
,samsung-galaxy-s22,att,,256gb,,,80.0,65.0,35.0,25.0,https://www.ocbuyback.com/sell/cell-phone/samsung/galaxy-s22
,samsung-galaxy-s22,t-mobile,,256gb,,,60.0,45.0,20.0,15.0,https://www.ocbuyback.com/sell/cell-phone/samsung/galaxy-s22
,samsung-galaxy-s22,verizon,,256gb,,,40.0,25.0,10.0,5.0,https://www.ocbuyback.com/sell/cell-phone/samsung/galaxy-s22
,samsung-galaxy-s22,unlocked,,256gb,,,100.0,85.0,55.0,30.0,https://www.ocbuyback.com/sell/cell-phone/samsung/galaxy-s22
,samsung-galaxy-s22-plus,att,,128gb,,,80.0,65.0,40.0,25.0,https://www.ocbuyback.com/sell/cell-phone/samsung/galaxy-s22-plus
,samsung-galaxy-s22-plus,t-mobile,,128gb,,,50.0,35.0,10.0,5.0,https://www.ocbuyback.com/sell/cell-phone/samsung/galaxy-s22-plus
,samsung-galaxy-s22-plus,verizon,,128gb,,,35.0,20.0,10.0,5.0,https://www.ocbuyback.com/sell/cell-phone/samsung/galaxy-s22-plus
,samsung-galaxy-s22-plus,unlocked,,128gb,,,110.0,95.0,70.0,30.0,https://www.ocbuyback.com/sell/cell-phone/samsung/galaxy-s22-plus
,samsung-galaxy-s22-plus,att,,256gb,,,90.0,75.0,50.0,30.0,https://www.ocbuyback.com/sell/cell-phone/samsung/galaxy-s22-plus
,samsung-galaxy-s22-plus,t-mobile,,256gb,,,60.0,45.0,20.0,10.0,https://www.ocbuyback.com/sell/cell-phone/samsung/galaxy-s22-plus
,samsung-galaxy-s22-plus,verizon,,256gb,,,45.0,30.0,10.0,5.0,https://www.ocbuyback.com/sell/cell-phone/samsung/galaxy-s22-plus
,samsung-galaxy-s22-plus,unlocked,,256gb,,,120.0,105.0,80.0,35.0,https://www.ocbuyback.com/sell/cell-phone/samsung/galaxy-s22-plus
,samsung-galaxy-s22-ultra,att,,128gb,,,115.0,95.0,55.0,20.0,https://www.ocbuyback.com/sell/cell-phone/samsung/galaxy-s22-ultra
,samsung-galaxy-s22-ultra,t-mobile,,128gb,,,110.0,90.0,50.0,20.0,https://www.ocbuyback.com/sell/cell-phone/samsung/galaxy-s22-ultra
,samsung-galaxy-s22-ultra,verizon,,128gb,,,60.0,40.0,20.0,10.0,https://www.ocbuyback.com/sell/cell-phone/samsung/galaxy-s22-ultra
,samsung-galaxy-s22-ultra,unlocked,,128gb,,,145.0,125.0,85.0,30.0,https://www.ocbuyback.com/sell/cell-phone/samsung/galaxy-s22-ultra
,samsung-galaxy-s22-ultra,att,,256gb,,,130.0,110.0,70.0,20.0,https://www.ocbuyback.com/sell/cell-phone/samsung/galaxy-s22-ultra
,samsung-galaxy-s22-ultra,t-mobile,,256gb,,,125.0,105.0,65.0,20.0,https://www.ocbuyback.com/sell/cell-phone/samsung/galaxy-s22-ultra
,samsung-galaxy-s22-ultra,verizon,,256gb,,,75.0,55.0,30.0,20.0,https://www.ocbuyback.com/sell/cell-phone/samsung/galaxy-s22-ultra
,samsung-galaxy-s22-ultra,unlocked,,256gb,,,160.0,140.0,100.0,30.0,https://www.ocbuyback.com/sell/cell-phone/samsung/galaxy-s22-ultra
,samsung-galaxy-s22-ultra,att,,512gb,,,135.0,115.0,75.0,25.0,https://www.ocbuyback.com/sell/cell-phone/samsung/galaxy-s22-ultra
,samsung-galaxy-s22-ultra,t-mobile,,512gb,,,130.0,110.0,70.0,15.0,https://www.ocbuyback.com/sell/cell-phone/samsung/galaxy-s22-ultra
,samsung-galaxy-s22-ultra,verizon,,512gb,,,80.0,60.0,30.0,20.0,https://www.ocbuyback.com/sell/cell-phone/samsung/galaxy-s22-ultra
,samsung-galaxy-s22-ultra,unlocked,,512gb,,,165.0,145.0,105.0,30.0,https://www.ocbuyback.com/sell/cell-phone/samsung/galaxy-s22-ultra
,samsung-galaxy-s22-ultra,att,,1tb,,,140.0,120.0,80.0,25.0,https://www.ocbuyback.com/sell/cell-phone/samsung/galaxy-s22-ultra
,samsung-galaxy-s22-ultra,t-mobile,,1tb,,,135.0,115.0,75.0,20.0,https://www.ocbuyback.com/sell/cell-phone/samsung/galaxy-s22-ultra
,samsung-galaxy-s22-ultra,verizon,,1tb,,,85.0,65.0,35.0,20.0,https://www.ocbuyback.com/sell/cell-phone/samsung/galaxy-s22-ultra
,samsung-galaxy-s22-ultra,unlocked,,1tb,,,170.0,150.0,110.0,30.0,https://www.ocbuyback.com/sell/cell-phone/samsung/galaxy-s22-ultra
,samsung-galaxy-s23,att,,128gb,,,100.0,80.0,40.0,35.0,https://www.ocbuyback.com/sell/cell-phone/samsung/galaxy-s23
,samsung-galaxy-s23,t-mobile,,128gb,,,100.0,80.0,30.0,25.0,https://www.ocbuyback.com/sell/cell-phone/samsung/galaxy-s23
,samsung-galaxy-s23,verizon,,128gb,,,50.0,30.0,15.0,5.0,https://www.ocbuyback.com/sell/cell-phone/samsung/galaxy-s23
,samsung-galaxy-s23,unlocked,,128gb,,,150.0,130.0,80.0,25.0,https://www.ocbuyback.com/sell/cell-phone/samsung/galaxy-s23
,samsung-galaxy-s23,att,,256gb,,,115.0,95.0,45.0,25.0,https://www.ocbuyback.com/sell/cell-phone/samsung/galaxy-s23
,samsung-galaxy-s23,t-mobile,,256gb,,,115.0,95.0,45.0,25.0,https://www.ocbuyback.com/sell/cell-phone/samsung/galaxy-s23
,samsung-galaxy-s23,verizon,,256gb,,,65.0,45.0,30.0,16.0,https://www.ocbuyback.com/sell/cell-phone/samsung/galaxy-s23
,samsung-galaxy-s23,unlocked,,256gb,,,165.0,145.0,95.0,50.0,https://www.ocbuyback.com/sell/cell-phone/samsung/galaxy-s23
,samsung-galaxy-s23-fe,att,,128gb,,,35.0,25.0,15.0,5.0,https://www.ocbuyback.com/sell/cell-phone/samsung/galaxy-s23-fe
,samsung-galaxy-s23-fe,t-mobile,,128gb,,,35.0,25.0,15.0,5.0,https://www.ocbuyback.com/sell/cell-phone/samsung/galaxy-s23-fe
,samsung-galaxy-s23-fe,verizon,,128gb,,,35.0,25.0,15.0,5.0,https://www.ocbuyback.com/sell/cell-phone/samsung/galaxy-s23-fe
,samsung-galaxy-s23-fe,unlocked,,128gb,,,95.0,85.0,55.0,15.0,https://www.ocbuyback.com/sell/cell-phone/samsung/galaxy-s23-fe
,samsung-galaxy-s23-fe,att,,256gb,,,45.0,35.0,15.0,10.0,https://www.ocbuyback.com/sell/cell-phone/samsung/galaxy-s23-fe
,samsung-galaxy-s23-fe,t-mobile,,256gb,,,45.0,35.0,15.0,10.0,https://www.ocbuyback.com/sell/cell-phone/samsung/galaxy-s23-fe
,samsung-galaxy-s23-fe,verizon,,256gb,,,45.0,35.0,15.0,10.0,https://www.ocbuyback.com/sell/cell-phone/samsung/galaxy-s23-fe
,samsung-galaxy-s23-fe,unlocked,,256gb,,,105.0,95.0,65.0,15.0,https://www.ocbuyback.com/sell/cell-phone/samsung/galaxy-s23-fe
,samsung-galaxy-s23-plus,att,,256gb,,,185.0,155.0,90.0,60.0,https://www.ocbuyback.com/sell/cell-phone/samsung/galaxy-s23-plus
,samsung-galaxy-s23-plus,t-mobile,,256gb,,,110.0,80.0,45.0,30.0,https://www.ocbuyback.com/sell/cell-phone/samsung/galaxy-s23-plus
,samsung-galaxy-s23-plus,verizon,,256gb,,,110.0,80.0,45.0,30.0,https://www.ocbuyback.com/sell/cell-phone/samsung/galaxy-s23-plus
,samsung-galaxy-s23-plus,unlocked,,256gb,,,215.0,185.0,130.0,80.0,https://www.ocbuyback.com/sell/cell-phone/samsung/galaxy-s23-plus
,samsung-galaxy-s23-plus,att,,512gb,,,210.0,180.0,115.0,65.0,https://www.ocbuyback.com/sell/cell-phone/samsung/galaxy-s23-plus
,samsung-galaxy-s23-plus,t-mobile,,512gb,,,135.0,105.0,65.0,35.0,https://www.ocbuyback.com/sell/cell-phone/samsung/galaxy-s23-plus
,samsung-galaxy-s23-plus,verizon,,512gb,,,135.0,105.0,65.0,35.0,https://www.ocbuyback.com/sell/cell-phone/samsung/galaxy-s23-plus
,samsung-galaxy-s23-plus,unlocked,,512gb,,,240.0,210.0,155.0,85.0,https://www.ocbuyback.com/sell/cell-phone/samsung/galaxy-s23-plus
,samsung-galaxy-s23-ultra,att,,256gb,,,180.0,140.0,80.0,20.0,https://www.ocbuyback.com/sell/cell-phone/samsung/galaxy-s23-ultra
,samsung-galaxy-s23-ultra,t-mobile,,256gb,,,155.0,115.0,55.0,20.0,https://www.ocbuyback.com/sell/cell-phone/samsung/galaxy-s23-ultra
,samsung-galaxy-s23-ultra,verizon,,256gb,,,155.0,115.0,55.0,20.0,https://www.ocbuyback.com/sell/cell-phone/samsung/galaxy-s23-ultra
,samsung-galaxy-s23-ultra,unlocked,,256gb,,,230.0,190.0,130.0,30.0,https://www.ocbuyback.com/sell/cell-phone/samsung/galaxy-s23-ultra
,samsung-galaxy-s23-ultra,att,,512gb,,,200.0,160.0,100.0,20.0,https://www.ocbuyback.com/sell/cell-phone/samsung/galaxy-s23-ultra
,samsung-galaxy-s23-ultra,t-mobile,,512gb,,,175.0,135.0,75.0,20.0,https://www.ocbuyback.com/sell/cell-phone/samsung/galaxy-s23-ultra
,samsung-galaxy-s23-ultra,verizon,,512gb,,,175.0,135.0,75.0,20.0,https://www.ocbuyback.com/sell/cell-phone/samsung/galaxy-s23-ultra
,samsung-galaxy-s23-ultra,unlocked,,512gb,,,250.0,210.0,150.0,30.0,https://www.ocbuyback.com/sell/cell-phone/samsung/galaxy-s23-ultra
,samsung-galaxy-s23-ultra,att,,1tb,,,240.0,200.0,140.0,20.0,https://www.ocbuyback.com/sell/cell-phone/samsung/galaxy-s23-ultra
,samsung-galaxy-s23-ultra,t-mobile,,1tb,,,215.0,175.0,115.0,20.0,https://www.ocbuyback.com/sell/cell-phone/samsung/galaxy-s23-ultra
,samsung-galaxy-s23-ultra,verizon,,1tb,,,215.0,175.0,115.0,20.0,https://www.ocbuyback.com/sell/cell-phone/samsung/galaxy-s23-ultra
,samsung-galaxy-s23-ultra,unlocked,,1tb,,,290.0,250.0,190.0,30.0,https://www.ocbuyback.com/sell/cell-phone/samsung/galaxy-s23-ultra
,samsung-galaxy-s24,att,,128gb,,,155.0,125.0,70.0,30.0,https://www.ocbuyback.com/sell/cell-phone/samsung/galaxy-s24
,samsung-galaxy-s24,t-mobile,,128gb,,,150.0,120.0,65.0,30.0,https://www.ocbuyback.com/sell/cell-phone/samsung/galaxy-s24
,samsung-galaxy-s24,verizon,,128gb,,,150.0,120.0,65.0,30.0,https://www.ocbuyback.com/sell/cell-phone/samsung/galaxy-s24
,samsung-galaxy-s24,unlocked,,128gb,,,230.0,200.0,145.0,80.0,https://www.ocbuyback.com/sell/cell-phone/samsung/galaxy-s24
,samsung-galaxy-s24,att,,256gb,,,185.0,155.0,100.0,40.0,https://www.ocbuyback.com/sell/cell-phone/samsung/galaxy-s24
,samsung-galaxy-s24,t-mobile,,256gb,,,180.0,150.0,95.0,40.0,https://www.ocbuyback.com/sell/cell-phone/samsung/galaxy-s24
,samsung-galaxy-s24,verizon,,256gb,,,180.0,150.0,95.0,40.0,https://www.ocbuyback.com/sell/cell-phone/samsung/galaxy-s24
,samsung-galaxy-s24,unlocked,,256gb,,,260.0,230.0,175.0,90.0,https://www.ocbuyback.com/sell/cell-phone/samsung/galaxy-s24
,samsung-galaxy-s24-fe,att,,128gb,,,95.0,65.0,20.0,15.0,https://www.ocbuyback.com/sell/cell-phone/samsung/galaxy-s24-fe
,samsung-galaxy-s24-fe,t-mobile,,128gb,,,75.0,45.0,30.0,20.0,https://www.ocbuyback.com/sell/cell-phone/samsung/galaxy-s24-fe
,samsung-galaxy-s24-fe,verizon,,128gb,,,75.0,45.0,30.0,20.0,https://www.ocbuyback.com/sell/cell-phone/samsung/galaxy-s24-fe
,samsung-galaxy-s24-fe,unlocked,,128gb,,,190.0,160.0,100.0,30.0,https://www.ocbuyback.com/sell/cell-phone/samsung/galaxy-s24-fe
,samsung-galaxy-s24-fe,att,,256gb,,,115.0,85.0,40.0,25.0,https://www.ocbuyback.com/sell/cell-phone/samsung/galaxy-s24-fe
,samsung-galaxy-s24-fe,t-mobile,,256gb,,,95.0,65.0,30.0,20.0,https://www.ocbuyback.com/sell/cell-phone/samsung/galaxy-s24-fe
,samsung-galaxy-s24-fe,verizon,,256gb,,,95.0,65.0,30.0,20.0,https://www.ocbuyback.com/sell/cell-phone/samsung/galaxy-s24-fe
,samsung-galaxy-s24-fe,unlocked,,256gb,,,210.0,180.0,120.0,40.0,https://www.ocbuyback.com/sell/cell-phone/samsung/galaxy-s24-fe
,samsung-galaxy-s24-plus,att,,256gb,,,200.0,160.0,85.0,50.0,https://www.ocbuyback.com/sell/cell-phone/samsung/galaxy-s24-plus
,samsung-galaxy-s24-plus,t-mobile,,256gb,,,175.0,135.0,60.0,50.0,https://www.ocbuyback.com/sell/cell-phone/samsung/galaxy-s24-plus
,samsung-galaxy-s24-plus,verizon,,256gb,,,125.0,85.0,40.0,20.0,https://www.ocbuyback.com/sell/cell-phone/samsung/galaxy-s24-plus
,samsung-galaxy-s24-plus,unlocked,,256gb,,,275.0,235.0,160.0,80.0,https://www.ocbuyback.com/sell/cell-phone/samsung/galaxy-s24-plus
,samsung-galaxy-s24-plus,att,,512gb,,,240.0,200.0,125.0,60.0,https://www.ocbuyback.com/sell/cell-phone/samsung/galaxy-s24-plus
,samsung-galaxy-s24-plus,t-mobile,,512gb,,,215.0,175.0,100.0,60.0,https://www.ocbuyback.com/sell/cell-phone/samsung/galaxy-s24-plus
,samsung-galaxy-s24-plus,verizon,,512gb,,,165.0,125.0,50.0,30.0,https://www.ocbuyback.com/sell/cell-phone/samsung/galaxy-s24-plus
,samsung-galaxy-s24-plus,unlocked,,512gb,,,315.0,275.0,200.0,90.0,https://www.ocbuyback.com/sell/cell-phone/samsung/galaxy-s24-plus
,samsung-galaxy-s24-ultra,att,,256gb,,,320.0,270.0,210.0,100.0,https://www.ocbuyback.com/sell/cell-phone/samsung/galaxy-s24-ultra
,samsung-galaxy-s24-ultra,t-mobile,,256gb,,,280.0,230.0,170.0,100.0,https://www.ocbuyback.com/sell/cell-phone/samsung/galaxy-s24-ultra
,samsung-galaxy-s24-ultra,verizon,,256gb,,,280.0,230.0,170.0,100.0,https://www.ocbuyback.com/sell/cell-phone/samsung/galaxy-s24-ultra
,samsung-galaxy-s24-ultra,unlocked,,256gb,,,410.0,360.0,300.0,150.0,https://www.ocbuyback.com/sell/cell-phone/samsung/galaxy-s24-ultra
,samsung-galaxy-s24-ultra,att,,512gb,,,340.0,290.0,225.0,110.0,https://www.ocbuyback.com/sell/cell-phone/samsung/galaxy-s24-ultra
,samsung-galaxy-s24-ultra,t-mobile,,512gb,,,300.0,230.0,175.0,110.0,https://www.ocbuyback.com/sell/cell-phone/samsung/galaxy-s24-ultra
,samsung-galaxy-s24-ultra,verizon,,512gb,,,300.0,230.0,175.0,110.0,https://www.ocbuyback.com/sell/cell-phone/samsung/galaxy-s24-ultra
,samsung-galaxy-s24-ultra,unlocked,,512gb,,,430.0,380.0,320.0,160.0,https://www.ocbuyback.com/sell/cell-phone/samsung/galaxy-s24-ultra
,samsung-galaxy-s24-ultra,att,,1tb,,,400.0,350.0,290.0,120.0,https://www.ocbuyback.com/sell/cell-phone/samsung/galaxy-s24-ultra
,samsung-galaxy-s24-ultra,t-mobile,,1tb,,,350.0,310.0,250.0,120.0,https://www.ocbuyback.com/sell/cell-phone/samsung/galaxy-s24-ultra
,samsung-galaxy-s24-ultra,verizon,,1tb,,,360.0,310.0,250.0,120.0,https://www.ocbuyback.com/sell/cell-phone/samsung/galaxy-s24-ultra
,samsung-galaxy-s24-ultra,unlocked,,1tb,,,490.0,440.0,380.0,170.0,https://www.ocbuyback.com/sell/cell-phone/samsung/galaxy-s24-ultra
,samsung-galaxy-s25,att,,128gb,,,225.0,195.0,135.0,30.0,https://www.ocbuyback.com/sell/cell-phone/samsung/galaxy-s25
,samsung-galaxy-s25,t-mobile,,128gb,,,200.0,170.0,110.0,30.0,https://www.ocbuyback.com/sell/cell-phone/samsung/galaxy-s25
,samsung-galaxy-s25,verizon,,128gb,,,80.0,60.0,50.0,40.0,https://www.ocbuyback.com/sell/cell-phone/samsung/galaxy-s25
,samsung-galaxy-s25,unlocked,,128gb,,,300.0,270.0,210.0,80.0,https://www.ocbuyback.com/sell/cell-phone/samsung/galaxy-s25
,samsung-galaxy-s25,att,,256gb,,,265.0,235.0,175.0,40.0,https://www.ocbuyback.com/sell/cell-phone/samsung/galaxy-s25
,samsung-galaxy-s25,t-mobile,,256gb,,,240.0,210.0,150.0,40.0,https://www.ocbuyback.com/sell/cell-phone/samsung/galaxy-s25
,samsung-galaxy-s25,verizon,,256gb,,,80.0,70.0,50.0,40.0,https://www.ocbuyback.com/sell/cell-phone/samsung/galaxy-s25
,samsung-galaxy-s25,unlocked,,256gb,,,340.0,310.0,250.0,90.0,https://www.ocbuyback.com/sell/cell-phone/samsung/galaxy-s25
,samsung-galaxy-s25-fe,att,,128gb,,,170.0,140.0,65.0,20.0,https://www.ocbuyback.com/sell/cell-phone/samsung/galaxy-s25-fe
,samsung-galaxy-s25-fe,t-mobile,,128gb,,,150.0,120.0,60.0,20.0,https://www.ocbuyback.com/sell/cell-phone/samsung/galaxy-s25-fe
,samsung-galaxy-s25-fe,verizon,,128gb,,,180.0,140.0,65.0,20.0,https://www.ocbuyback.com/sell/cell-phone/samsung/galaxy-s25-fe
,samsung-galaxy-s25-fe,unlocked,,128gb,,,245.0,215.0,80.0,40.0,https://www.ocbuyback.com/sell/cell-phone/samsung/galaxy-s25-fe
,samsung-galaxy-s25-fe,att,,256gb,,,190.0,160.0,70.0,35.0,https://www.ocbuyback.com/sell/cell-phone/samsung/galaxy-s25-fe
,samsung-galaxy-s25-fe,t-mobile,,256gb,,,170.0,140.0,60.0,20.0,https://www.ocbuyback.com/sell/cell-phone/samsung/galaxy-s25-fe
,samsung-galaxy-s25-fe,verizon,,256gb,,,200.0,160.0,70.0,25.0,https://www.ocbuyback.com/sell/cell-phone/samsung/galaxy-s25-fe
,samsung-galaxy-s25-fe,unlocked,,256gb,,,265.0,235.0,105.0,50.0,https://www.ocbuyback.com/sell/cell-phone/samsung/galaxy-s25-fe
,samsung-galaxy-s25-plus,att,,256gb,,,415.0,265.0,250.0,50.0,https://www.ocbuyback.com/sell/cell-phone/samsung/galaxy-s25-plus
,samsung-galaxy-s25-plus,t-mobile,,256gb,,,350.0,310.0,225.0,50.0,https://www.ocbuyback.com/sell/cell-phone/samsung/galaxy-s25-plus
,samsung-galaxy-s25-plus,verizon,,256gb,,,160.0,130.0,50.0,30.0,https://www.ocbuyback.com/sell/cell-phone/samsung/galaxy-s25-plus
,samsung-galaxy-s25-plus,unlocked,,256gb,,,440.0,410.0,290.0,80.0,https://www.ocbuyback.com/sell/cell-phone/samsung/galaxy-s25-plus
,samsung-galaxy-s25-plus,att,,512gb,,,385.0,325.0,275.0,60.0,https://www.ocbuyback.com/sell/cell-phone/samsung/galaxy-s25-plus
,samsung-galaxy-s25-plus,t-mobile,,512gb,,,360.0,300.0,250.0,60.0,https://www.ocbuyback.com/sell/cell-phone/samsung/galaxy-s25-plus
,samsung-galaxy-s25-plus,verizon,,512gb,,,210.0,170.0,110.0,40.0,https://www.ocbuyback.com/sell/cell-phone/samsung/galaxy-s25-plus
,samsung-galaxy-s25-plus,unlocked,,512gb,,,460.0,400.0,350.0,90.0,https://www.ocbuyback.com/sell/cell-phone/samsung/galaxy-s25-plus
,samsung-galaxy-s25-ultra,att,,256gb,,,470.0,410.0,340.0,100.0,https://www.ocbuyback.com/sell/cell-phone/samsung/galaxy-s25-ultra
,samsung-galaxy-s25-ultra,t-mobile,,256gb,,,420.0,360.0,290.0,100.0,https://www.ocbuyback.com/sell/cell-phone/samsung/galaxy-s25-ultra
,samsung-galaxy-s25-ultra,verizon,,256gb,,,150.0,110.0,70.0,50.0,https://www.ocbuyback.com/sell/cell-phone/samsung/galaxy-s25-ultra
,samsung-galaxy-s25-ultra,unlocked,,256gb,,,570.0,510.0,440.0,150.0,https://www.ocbuyback.com/sell/cell-phone/samsung/galaxy-s25-ultra
,samsung-galaxy-s25-ultra,att,,512gb,,,495.0,435.0,365.0,110.0,https://www.ocbuyback.com/sell/cell-phone/samsung/galaxy-s25-ultra
,samsung-galaxy-s25-ultra,t-mobile,,512gb,,,445.0,385.0,315.0,110.0,https://www.ocbuyback.com/sell/cell-phone/samsung/galaxy-s25-ultra
,samsung-galaxy-s25-ultra,verizon,,512gb,,,205.0,165.0,125.0,60.0,https://www.ocbuyback.com/sell/cell-phone/samsung/galaxy-s25-ultra
,samsung-galaxy-s25-ultra,unlocked,,512gb,,,595.0,535.0,465.0,160.0,https://www.ocbuyback.com/sell/cell-phone/samsung/galaxy-s25-ultra
,samsung-galaxy-s25-ultra,att,,1tb,,,545.0,485.0,415.0,120.0,https://www.ocbuyback.com/sell/cell-phone/samsung/galaxy-s25-ultra
,samsung-galaxy-s25-ultra,t-mobile,,1tb,,,495.0,435.0,365.0,120.0,https://www.ocbuyback.com/sell/cell-phone/samsung/galaxy-s25-ultra
,samsung-galaxy-s25-ultra,verizon,,1tb,,,255.0,215.0,150.0,70.0,https://www.ocbuyback.com/sell/cell-phone/samsung/galaxy-s25-ultra
,samsung-galaxy-s25-ultra,unlocked,,1tb,,,645.0,585.0,515.0,170.0,https://www.ocbuyback.com/sell/cell-phone/samsung/galaxy-s25-ultra
,samsung-galaxy-s25-edge,att,,256gb,,,225.0,185.0,135.0,50.0,https://www.ocbuyback.com/sell/cell-phone/samsung/galaxy-s25-edge
,samsung-galaxy-s25-edge,t-mobile,,256gb,,,250.0,210.0,160.0,50.0,https://www.ocbuyback.com/sell/cell-phone/samsung/galaxy-s25-edge
,samsung-galaxy-s25-edge,verizon,,256gb,,,200.0,160.0,110.0,40.0,https://www.ocbuyback.com/sell/cell-phone/samsung/galaxy-s25-edge
,samsung-galaxy-s25-edge,unlocked,,256gb,,,350.0,310.0,260.0,100.0,https://www.ocbuyback.com/sell/cell-phone/samsung/galaxy-s25-edge
,samsung-galaxy-s25-edge,att,,512gb,,,250.0,210.0,160.0,60.0,https://www.ocbuyback.com/sell/cell-phone/samsung/galaxy-s25-edge
,samsung-galaxy-s25-edge,t-mobile,,512gb,,,275.0,235.0,185.0,60.0,https://www.ocbuyback.com/sell/cell-phone/samsung/galaxy-s25-edge
,samsung-galaxy-s25-edge,verizon,,512gb,,,225.0,185.0,135.0,60.0,https://www.ocbuyback.com/sell/cell-phone/samsung/galaxy-s25-edge
,samsung-galaxy-s25-edge,unlocked,,512gb,,,375.0,335.0,285.0,110.0,https://www.ocbuyback.com/sell/cell-phone/samsung/galaxy-s25-edge
,samsung-galaxy-s26,att,,256gb,,,375.0,320.0,240.0,50.0,https://www.ocbuyback.com/sell/cell-phone/samsung/galaxy-s26
,samsung-galaxy-s26,t-mobile,,256gb,,,350.0,295.0,215.0,50.0,https://www.ocbuyback.com/sell/cell-phone/samsung/galaxy-s26
,samsung-galaxy-s26,unlocked,,256gb,,,450.0,395.0,315.0,100.0,https://www.ocbuyback.com/sell/cell-phone/samsung/galaxy-s26
,samsung-galaxy-s26-plus,att,,256gb,,,425.0,355.0,265.0,90.0,https://www.ocbuyback.com/sell/cell-phone/samsung/galaxy-s26-plus
,samsung-galaxy-s26-plus,t-mobile,,256gb,,,400.0,330.0,240.0,90.0,https://www.ocbuyback.com/sell/cell-phone/samsung/galaxy-s26-plus
,samsung-galaxy-s26-plus,unlocked,,256gb,,,500.0,430.0,340.0,120.0,https://www.ocbuyback.com/sell/cell-phone/samsung/galaxy-s26-plus
,samsung-galaxy-s26-plus,att,,512gb,,,465.0,395.0,305.0,100.0,https://www.ocbuyback.com/sell/cell-phone/samsung/galaxy-s26-plus
,samsung-galaxy-s26-plus,t-mobile,,512gb,,,440.0,370.0,280.0,100.0,https://www.ocbuyback.com/sell/cell-phone/samsung/galaxy-s26-plus
,samsung-galaxy-s26-plus,unlocked,,512gb,,,540.0,470.0,380.0,130.0,https://www.ocbuyback.com/sell/cell-phone/samsung/galaxy-s26-plus
,samsung-galaxy-s26-ultra,att,,256gb,,,550.0,460.0,340.0,90.0,https://www.ocbuyback.com/sell/cell-phone/samsung/galaxy-s26-ultra
,samsung-galaxy-s26-ultra,t-mobile,,256gb,,,500.0,410.0,290.0,90.0,https://www.ocbuyback.com/sell/cell-phone/samsung/galaxy-s26-ultra
,samsung-galaxy-s26-ultra,verizon,,256gb,,,500.0,410.0,290.0,90.0,https://www.ocbuyback.com/sell/cell-phone/samsung/galaxy-s26-ultra
,samsung-galaxy-s26-ultra,unlocked,,256gb,,,650.0,560.0,440.0,140.0,https://www.ocbuyback.com/sell/cell-phone/samsung/galaxy-s26-ultra
,samsung-galaxy-s26-ultra,att,,512gb,,,590.0,500.0,380.0,100.0,https://www.ocbuyback.com/sell/cell-phone/samsung/galaxy-s26-ultra
,samsung-galaxy-s26-ultra,t-mobile,,512gb,,,540.0,450.0,335.0,100.0,https://www.ocbuyback.com/sell/cell-phone/samsung/galaxy-s26-ultra
,samsung-galaxy-s26-ultra,verizon,,512gb,,,540.0,450.0,335.0,100.0,https://www.ocbuyback.com/sell/cell-phone/samsung/galaxy-s26-ultra
,samsung-galaxy-s26-ultra,unlocked,,512gb,,,690.0,600.0,480.0,150.0,https://www.ocbuyback.com/sell/cell-phone/samsung/galaxy-s26-ultra
,samsung-galaxy-s26-ultra,att,,1tb,,,630.0,540.0,420.0,110.0,https://www.ocbuyback.com/sell/cell-phone/samsung/galaxy-s26-ultra
,samsung-galaxy-s26-ultra,t-mobile,,1tb,,,580.0,490.0,370.0,110.0,https://www.ocbuyback.com/sell/cell-phone/samsung/galaxy-s26-ultra
,samsung-galaxy-s26-ultra,verizon,,1tb,,,580.0,490.0,370.0,85.0,https://www.ocbuyback.com/sell/cell-phone/samsung/galaxy-s26-ultra
,samsung-galaxy-s26-ultra,unlocked,,1tb,,,730.0,640.0,520.0,160.0,https://www.ocbuyback.com/sell/cell-phone/samsung/galaxy-s26-ultra
,samsung-galaxy-z-flip4,att,,128gb,,,85.0,65.0,35.0,15.0,https://www.ocbuyback.com/sell/cell-phone/samsung/galaxy-z-flip4
,samsung-galaxy-z-flip4,t-mobile,,128gb,,,85.0,65.0,35.0,15.0,https://www.ocbuyback.com/sell/cell-phone/samsung/galaxy-z-flip4
,samsung-galaxy-z-flip4,verizon,,128gb,,,75.0,55.0,35.0,20.0,https://www.ocbuyback.com/sell/cell-phone/samsung/galaxy-z-flip4
,samsung-galaxy-z-flip4,unlocked,,128gb,,,115.0,95.0,55.0,20.0,https://www.ocbuyback.com/sell/cell-phone/samsung/galaxy-z-flip4
,samsung-galaxy-z-flip4,att,,256gb,,,95.0,75.0,45.0,15.0,https://www.ocbuyback.com/sell/cell-phone/samsung/galaxy-z-flip4
,samsung-galaxy-z-flip4,t-mobile,,256gb,,,95.0,75.0,45.0,15.0,https://www.ocbuyback.com/sell/cell-phone/samsung/galaxy-z-flip4
,samsung-galaxy-z-flip4,verizon,,256gb,,,75.0,55.0,35.0,20.0,https://www.ocbuyback.com/sell/cell-phone/samsung/galaxy-z-flip4
,samsung-galaxy-z-flip4,unlocked,,256gb,,,125.0,105.0,65.0,20.0,https://www.ocbuyback.com/sell/cell-phone/samsung/galaxy-z-flip4
,samsung-galaxy-z-flip4,att,,512gb,,,90.0,70.0,30.0,20.0,https://www.ocbuyback.com/sell/cell-phone/samsung/galaxy-z-flip4
,samsung-galaxy-z-flip4,t-mobile,,512gb,,,80.0,60.0,40.0,20.0,https://www.ocbuyback.com/sell/cell-phone/samsung/galaxy-z-flip4
,samsung-galaxy-z-flip4,verizon,,512gb,,,95.0,75.0,35.0,25.0,https://www.ocbuyback.com/sell/cell-phone/samsung/galaxy-z-flip4
,samsung-galaxy-z-flip4,unlocked,,512gb,,,130.0,110.0,70.0,25.0,https://www.ocbuyback.com/sell/cell-phone/samsung/galaxy-z-flip4
,samsung-galaxy-z-flip5,att,,256gb,,,165.0,125.0,65.0,25.0,https://www.ocbuyback.com/sell/cell-phone/samsung/galaxy-z-flip5
,samsung-galaxy-z-flip5,t-mobile,,256gb,,,155.0,115.0,55.0,15.0,https://www.ocbuyback.com/sell/cell-phone/samsung/galaxy-z-flip5
,samsung-galaxy-z-flip5,verizon,,256gb,,,40.0,30.0,20.0,10.0,https://www.ocbuyback.com/sell/cell-phone/samsung/galaxy-z-flip5
,samsung-galaxy-z-flip5,unlocked,,256gb,,,215.0,175.0,115.0,55.0,https://www.ocbuyback.com/sell/cell-phone/samsung/galaxy-z-flip5
,samsung-galaxy-z-flip5,att,,512gb,,,185.0,155.0,95.0,50.0,https://www.ocbuyback.com/sell/cell-phone/samsung/galaxy-z-flip5
,samsung-galaxy-z-flip5,t-mobile,,512gb,,,175.0,145.0,85.0,30.0,https://www.ocbuyback.com/sell/cell-phone/samsung/galaxy-z-flip5
,samsung-galaxy-z-flip5,verizon,,512gb,,,50.0,40.0,30.0,10.0,https://www.ocbuyback.com/sell/cell-phone/samsung/galaxy-z-flip5
,samsung-galaxy-z-flip5,unlocked,,512gb,,,235.0,205.0,145.0,60.0,https://www.ocbuyback.com/sell/cell-phone/samsung/galaxy-z-flip5
,samsung-galaxy-z-flip6,att,,256gb,,,250.0,200.0,145.0,40.0,https://www.ocbuyback.com/sell/cell-phone/samsung/galaxy-z-flip6
,samsung-galaxy-z-flip6,t-mobile,,256gb,,,240.0,190.0,135.0,40.0,https://www.ocbuyback.com/sell/cell-phone/samsung/galaxy-z-flip6
,samsung-galaxy-z-flip6,verizon,,256gb,,,105.0,55.0,40.0,30.0,https://www.ocbuyback.com/sell/cell-phone/samsung/galaxy-z-flip6
,samsung-galaxy-z-flip6,unlocked,,256gb,,,290.0,240.0,185.0,60.0,https://www.ocbuyback.com/sell/cell-phone/samsung/galaxy-z-flip6
,samsung-galaxy-z-flip6,att,,512gb,,,270.0,220.0,165.0,50.0,https://www.ocbuyback.com/sell/cell-phone/samsung/galaxy-z-flip6
,samsung-galaxy-z-flip6,t-mobile,,512gb,,,260.0,210.0,155.0,50.0,https://www.ocbuyback.com/sell/cell-phone/samsung/galaxy-z-flip6
,samsung-galaxy-z-flip6,verizon,,512gb,,,125.0,75.0,50.0,40.0,https://www.ocbuyback.com/sell/cell-phone/samsung/galaxy-z-flip6
,samsung-galaxy-z-flip6,unlocked,,512gb,,,310.0,260.0,205.0,70.0,https://www.ocbuyback.com/sell/cell-phone/samsung/galaxy-z-flip6
,samsung-galaxy-z-flip7,att,,256gb,,,360.0,320.0,250.0,50.0,https://www.ocbuyback.com/sell/cell-phone/samsung/galaxy-z-flip7
,samsung-galaxy-z-flip7,t-mobile,,256gb,,,360.0,320.0,250.0,20.0,https://www.ocbuyback.com/sell/cell-phone/samsung/galaxy-z-flip7
,samsung-galaxy-z-flip7,verizon,,256gb,,,200.0,160.0,90.0,30.0,https://www.ocbuyback.com/sell/cell-phone/samsung/galaxy-z-flip7
,samsung-galaxy-z-flip7,unlocked,,256gb,,,435.0,395.0,325.0,70.0,https://www.ocbuyback.com/sell/cell-phone/samsung/galaxy-z-flip7
,samsung-galaxy-z-flip7,att,,512gb,,,380.0,340.0,255.0,65.0,https://www.ocbuyback.com/sell/cell-phone/samsung/galaxy-z-flip7
,samsung-galaxy-z-flip7,t-mobile,,512gb,,,380.0,340.0,255.0,35.0,https://www.ocbuyback.com/sell/cell-phone/samsung/galaxy-z-flip7
,samsung-galaxy-z-flip7,verizon,,512gb,,,220.0,180.0,95.0,30.0,https://www.ocbuyback.com/sell/cell-phone/samsung/galaxy-z-flip7
,samsung-galaxy-z-flip7,unlocked,,512gb,,,455.0,415.0,330.0,85.0,https://www.ocbuyback.com/sell/cell-phone/samsung/galaxy-z-flip7
,samsung-galaxy-z-flip7-fe,att,,128gb,,,285.0,240.0,195.0,50.0,https://www.ocbuyback.com/sell/cell-phone/samsung/galaxy-z-flip7-fe
,samsung-galaxy-z-flip7-fe,t-mobile,,128gb,,,275.0,230.0,185.0,20.0,https://www.ocbuyback.com/sell/cell-phone/samsung/galaxy-z-flip7-fe
,samsung-galaxy-z-flip7-fe,verizon,,128gb,,,145.0,105.0,45.0,30.0,https://www.ocbuyback.com/sell/cell-phone/samsung/galaxy-z-flip7-fe
,samsung-galaxy-z-flip7-fe,unlocked,,128gb,,,325.0,280.0,235.0,70.0,https://www.ocbuyback.com/sell/cell-phone/samsung/galaxy-z-flip7-fe
,samsung-galaxy-z-flip7-fe,att,,256gb,,,300.0,255.0,210.0,65.0,https://www.ocbuyback.com/sell/cell-phone/samsung/galaxy-z-flip7-fe
,samsung-galaxy-z-flip7-fe,t-mobile,,256gb,,,290.0,245.0,200.0,35.0,https://www.ocbuyback.com/sell/cell-phone/samsung/galaxy-z-flip7-fe
,samsung-galaxy-z-flip7-fe,verizon,,256gb,,,160.0,120.0,60.0,20.0,https://www.ocbuyback.com/sell/cell-phone/samsung/galaxy-z-flip7-fe
,samsung-galaxy-z-flip7-fe,unlocked,,256gb,,,340.0,295.0,250.0,80.0,https://www.ocbuyback.com/sell/cell-phone/samsung/galaxy-z-flip7-fe
,samsung-galaxy-z-fold5,att,,256gb,,,215.0,185.0,135.0,40.0,https://www.ocbuyback.com/sell/cell-phone/samsung/galaxy-z-fold5
,samsung-galaxy-z-fold5,t-mobile,,256gb,,,165.0,135.0,85.0,20.0,https://www.ocbuyback.com/sell/cell-phone/samsung/galaxy-z-fold5
,samsung-galaxy-z-fold5,verizon,,256gb,,,165.0,135.0,85.0,20.0,https://www.ocbuyback.com/sell/cell-phone/samsung/galaxy-z-fold5
,samsung-galaxy-z-fold5,unlocked,,256gb,,,315.0,285.0,235.0,50.0,https://www.ocbuyback.com/sell/cell-phone/samsung/galaxy-z-fold5
,samsung-galaxy-z-fold5,att,,512gb,,,235.0,205.0,155.0,43.0,https://www.ocbuyback.com/sell/cell-phone/samsung/galaxy-z-fold5
,samsung-galaxy-z-fold5,t-mobile,,512gb,,,185.0,155.0,105.0,23.0,https://www.ocbuyback.com/sell/cell-phone/samsung/galaxy-z-fold5
,samsung-galaxy-z-fold5,verizon,,512gb,,,185.0,155.0,105.0,23.0,https://www.ocbuyback.com/sell/cell-phone/samsung/galaxy-z-fold5
,samsung-galaxy-z-fold5,unlocked,,512gb,,,335.0,305.0,255.0,53.0,https://www.ocbuyback.com/sell/cell-phone/samsung/galaxy-z-fold5
,samsung-galaxy-z-fold5,att,,1tb,,,255.0,225.0,175.0,45.0,https://www.ocbuyback.com/sell/cell-phone/samsung/galaxy-z-fold5
,samsung-galaxy-z-fold5,t-mobile,,1tb,,,205.0,175.0,130.0,25.0,https://www.ocbuyback.com/sell/cell-phone/samsung/galaxy-z-fold5
,samsung-galaxy-z-fold5,verizon,,1tb,,,205.0,175.0,130.0,25.0,https://www.ocbuyback.com/sell/cell-phone/samsung/galaxy-z-fold5
,samsung-galaxy-z-fold5,unlocked,,1tb,,,355.0,325.0,275.0,55.0,https://www.ocbuyback.com/sell/cell-phone/samsung/galaxy-z-fold5
,samsung-galaxy-z-fold6,att,,256gb,,,390.0,310.0,250.0,90.0,https://www.ocbuyback.com/sell/cell-phone/samsung/galaxy-z-fold6
,samsung-galaxy-z-fold6,t-mobile,,256gb,,,340.0,260.0,200.0,90.0,https://www.ocbuyback.com/sell/cell-phone/samsung/galaxy-z-fold6
,samsung-galaxy-z-fold6,verizon,,256gb,,,140.0,60.0,30.0,15.0,https://www.ocbuyback.com/sell/cell-phone/samsung/galaxy-z-fold6
,samsung-galaxy-z-fold6,unlocked,,256gb,,,490.0,410.0,350.0,125.0,https://www.ocbuyback.com/sell/cell-phone/samsung/galaxy-z-fold6
,samsung-galaxy-z-fold6,att,,512gb,,,430.0,350.0,290.0,95.0,https://www.ocbuyback.com/sell/cell-phone/samsung/galaxy-z-fold6
,samsung-galaxy-z-fold6,t-mobile,,512gb,,,380.0,300.0,240.0,95.0,https://www.ocbuyback.com/sell/cell-phone/samsung/galaxy-z-fold6
,samsung-galaxy-z-fold6,verizon,,512gb,,,180.0,100.0,40.0,20.0,https://www.ocbuyback.com/sell/cell-phone/samsung/galaxy-z-fold6
,samsung-galaxy-z-fold6,unlocked,,512gb,,,530.0,450.0,390.0,130.0,https://www.ocbuyback.com/sell/cell-phone/samsung/galaxy-z-fold6
,samsung-galaxy-z-fold6,att,,1tb,,,460.0,380.0,320.0,100.0,https://www.ocbuyback.com/sell/cell-phone/samsung/galaxy-z-fold6
,samsung-galaxy-z-fold6,t-mobile,,1tb,,,410.0,330.0,270.0,100.0,https://www.ocbuyback.com/sell/cell-phone/samsung/galaxy-z-fold6
,samsung-galaxy-z-fold6,verizon,,1tb,,,210.0,130.0,70.0,25.0,https://www.ocbuyback.com/sell/cell-phone/samsung/galaxy-z-fold6
,samsung-galaxy-z-fold6,unlocked,,1tb,,,560.0,480.0,420.0,135.0,https://www.ocbuyback.com/sell/cell-phone/samsung/galaxy-z-fold6
,samsung-galaxy-z-fold7,att,,256gb,,,650.0,600.0,500.0,115.0,https://www.ocbuyback.com/sell/cell-phone/samsung/galaxy-z-fold7
,samsung-galaxy-z-fold7,t-mobile,,256gb,,,600.0,550.0,450.0,115.0,https://www.ocbuyback.com/sell/cell-phone/samsung/galaxy-z-fold7
,samsung-galaxy-z-fold7,verizon,,256gb,,,400.0,350.0,250.0,40.0,https://www.ocbuyback.com/sell/cell-phone/samsung/galaxy-z-fold7
,samsung-galaxy-z-fold7,unlocked,,256gb,,,750.0,700.0,600.0,150.0,https://www.ocbuyback.com/sell/cell-phone/samsung/galaxy-z-fold7
,samsung-galaxy-z-fold7,att,,512gb,,,690.0,640.0,540.0,120.0,https://www.ocbuyback.com/sell/cell-phone/samsung/galaxy-z-fold7
,samsung-galaxy-z-fold7,t-mobile,,512gb,,,640.0,590.0,490.0,120.0,https://www.ocbuyback.com/sell/cell-phone/samsung/galaxy-z-fold7
,samsung-galaxy-z-fold7,verizon,,512gb,,,440.0,390.0,290.0,45.0,https://www.ocbuyback.com/sell/cell-phone/samsung/galaxy-z-fold7
,samsung-galaxy-z-fold7,unlocked,,512gb,,,790.0,740.0,640.0,155.0,https://www.ocbuyback.com/sell/cell-phone/samsung/galaxy-z-fold7
,samsung-galaxy-z-fold7,att,,1tb,,,720.0,670.0,570.0,125.0,https://www.ocbuyback.com/sell/cell-phone/samsung/galaxy-z-fold7
,samsung-galaxy-z-fold7,t-mobile,,1tb,,,670.0,620.0,520.0,125.0,https://www.ocbuyback.com/sell/cell-phone/samsung/galaxy-z-fold7
,samsung-galaxy-z-fold7,verizon,,1tb,,,470.0,420.0,320.0,50.0,https://www.ocbuyback.com/sell/cell-phone/samsung/galaxy-z-fold7
,samsung-galaxy-z-fold7,unlocked,,1tb,,,820.0,770.0,670.0,160.0,https://www.ocbuyback.com/sell/cell-phone/samsung/galaxy-z-fold7
,google-pixel-7,att,,128gb,,,40.0,25.0,10.0,5.0,https://www.ocbuyback.com/sell/cell-phone/google/pixel-7
,google-pixel-7,verizon,,128gb,,,40.0,25.0,5.0,5.0,https://www.ocbuyback.com/sell/cell-phone/google/pixel-7
,google-pixel-7,unlocked,,128gb,,,70.0,55.0,40.0,15.0,https://www.ocbuyback.com/sell/cell-phone/google/pixel-7
,google-pixel-7,att,,256gb,,,60.0,45.0,30.0,10.0,https://www.ocbuyback.com/sell/cell-phone/google/pixel-7
,google-pixel-7,verizon,,256gb,,,40.0,25.0,10.0,5.0,https://www.ocbuyback.com/sell/cell-phone/google/pixel-7
,google-pixel-7,unlocked,,256gb,,,90.0,75.0,60.0,25.0,https://www.ocbuyback.com/sell/cell-phone/google/pixel-7
,google-pixel-7-pro,att,,128gb,,,55.0,40.0,10.0,5.0,https://www.ocbuyback.com/sell/cell-phone/google/pixel-7-pro
,google-pixel-7-pro,verizon,,128gb,,,45.0,30.0,20.0,10.0,https://www.ocbuyback.com/sell/cell-phone/google/pixel-7-pro
,google-pixel-7-pro,unlocked,,128gb,,,115.0,100.0,60.0,20.0,https://www.ocbuyback.com/sell/cell-phone/google/pixel-7-pro
,google-pixel-7-pro,att,,256gb,,,75.0,60.0,25.0,10.0,https://www.ocbuyback.com/sell/cell-phone/google/pixel-7-pro
,google-pixel-7-pro,verizon,,256gb,,,55.0,40.0,15.0,10.0,https://www.ocbuyback.com/sell/cell-phone/google/pixel-7-pro
,google-pixel-7-pro,unlocked,,256gb,,,135.0,120.0,80.0,20.0,https://www.ocbuyback.com/sell/cell-phone/google/pixel-7-pro
,google-pixel-7-pro,att,,512gb,,,80.0,65.0,25.0,10.0,https://www.ocbuyback.com/sell/cell-phone/google/pixel-7-pro
,google-pixel-7-pro,verizon,,512gb,,,60.0,45.0,15.0,10.0,https://www.ocbuyback.com/sell/cell-phone/google/pixel-7-pro
,google-pixel-7-pro,unlocked,,512gb,,,140.0,125.0,85.0,20.0,https://www.ocbuyback.com/sell/cell-phone/google/pixel-7-pro
,google-pixel-7a,att,,128gb,,,90.0,70.0,35.0,10.0,https://www.ocbuyback.com/sell/cell-phone/google/pixel-7a
,google-pixel-7a,t-mobile,,128gb,,,65.0,45.0,20.0,10.0,https://www.ocbuyback.com/sell/cell-phone/google/pixel-7a
,google-pixel-7a,verizon,,128gb,,,55.0,35.0,15.0,5.0,https://www.ocbuyback.com/sell/cell-phone/google/pixel-7a
,google-pixel-7a,unlocked,,128gb,,,115.0,95.0,60.0,15.0,https://www.ocbuyback.com/sell/cell-phone/google/pixel-7a
,google-pixel-fold,unlocked,,256gb,,,175.0,150.0,100.0,35.0,https://www.ocbuyback.com/sell/cell-phone/google/pixel-fold
,google-pixel-fold,unlocked,,512gb,,,215.0,190.0,145.0,36.0,https://www.ocbuyback.com/sell/cell-phone/google/pixel-fold
,google-pixel-8,att,,128gb,,,135.0,115.0,70.0,25.0,https://www.ocbuyback.com/sell/cell-phone/google/pixel-8
,google-pixel-8,t-mobile,,128gb,,,110.0,90.0,40.0,20.0,https://www.ocbuyback.com/sell/cell-phone/google/pixel-8
,google-pixel-8,verizon,,128gb,,,110.0,90.0,40.0,35.0,https://www.ocbuyback.com/sell/cell-phone/google/pixel-8
,google-pixel-8,unlocked,,128gb,,,160.0,140.0,90.0,50.0,https://www.ocbuyback.com/sell/cell-phone/google/pixel-8
,google-pixel-8,att,,256gb,,,160.0,140.0,105.0,35.0,https://www.ocbuyback.com/sell/cell-phone/google/pixel-8
,google-pixel-8,t-mobile,,256gb,,,135.0,115.0,100.0,30.0,https://www.ocbuyback.com/sell/cell-phone/google/pixel-8
,google-pixel-8,verizon,,256gb,,,135.0,115.0,100.0,45.0,https://www.ocbuyback.com/sell/cell-phone/google/pixel-8
,google-pixel-8,unlocked,,256gb,,,185.0,165.0,100.0,60.0,https://www.ocbuyback.com/sell/cell-phone/google/pixel-8
,google-pixel-8-pro,att,,128gb,,,185.0,140.0,100.0,20.0,https://www.ocbuyback.com/sell/cell-phone/google/pixel-8-pro
,google-pixel-8-pro,t-mobile,,128gb,,,165.0,120.0,80.0,20.0,https://www.ocbuyback.com/sell/cell-phone/google/pixel-8-pro
,google-pixel-8-pro,unlocked,,128gb,,,215.0,170.0,130.0,40.0,https://www.ocbuyback.com/sell/cell-phone/google/pixel-8-pro
,google-pixel-8-pro,att,,256gb,,,195.0,150.0,110.0,22.0,https://www.ocbuyback.com/sell/cell-phone/google/pixel-8-pro
,google-pixel-8-pro,t-mobile,,256gb,,,175.0,130.0,90.0,22.0,https://www.ocbuyback.com/sell/cell-phone/google/pixel-8-pro
,google-pixel-8-pro,unlocked,,256gb,,,225.0,180.0,140.0,42.0,https://www.ocbuyback.com/sell/cell-phone/google/pixel-8-pro
,google-pixel-8-pro,att,,512gb,,,215.0,160.0,125.0,23.0,https://www.ocbuyback.com/sell/cell-phone/google/pixel-8-pro
,google-pixel-8-pro,t-mobile,,512gb,,,195.0,150.0,110.0,23.0,https://www.ocbuyback.com/sell/cell-phone/google/pixel-8-pro
,google-pixel-8-pro,unlocked,,512gb,,,215.0,170.0,130.0,23.0,https://www.ocbuyback.com/sell/cell-phone/google/pixel-8-pro
,google-pixel-8-pro,att,,1tb,,,225.0,170.0,140.0,25.0,https://www.ocbuyback.com/sell/cell-phone/google/pixel-8-pro
,google-pixel-8-pro,t-mobile,,1tb,,,205.0,160.0,120.0,25.0,https://www.ocbuyback.com/sell/cell-phone/google/pixel-8-pro
,google-pixel-8-pro,unlocked,,1tb,,,255.0,200.0,165.0,40.0,https://www.ocbuyback.com/sell/cell-phone/google/pixel-8-pro
,google-pixel-8a,att,,128gb,,,115.0,95.0,55.0,10.0,https://www.ocbuyback.com/sell/cell-phone/google/pixel-8a
,google-pixel-8a,verizon,,128gb,,,90.0,70.0,30.0,10.0,https://www.ocbuyback.com/sell/cell-phone/google/pixel-8a
,google-pixel-8a,unlocked,,128gb,,,140.0,120.0,80.0,20.0,https://www.ocbuyback.com/sell/cell-phone/google/pixel-8a
,google-pixel-8a,att,,256gb,,,125.0,105.0,65.0,10.0,https://www.ocbuyback.com/sell/cell-phone/google/pixel-8a
,google-pixel-8a,verizon,,256gb,,,100.0,80.0,40.0,10.0,https://www.ocbuyback.com/sell/cell-phone/google/pixel-8a
,google-pixel-8a,unlocked,,256gb,,,150.0,130.0,90.0,20.0,https://www.ocbuyback.com/sell/cell-phone/google/pixel-8a
,google-pixel-9-pro-fold,unlocked,,256gb,,,460.0,410.0,330.0,110.0,https://www.ocbuyback.com/sell/cell-phone/google/pixel-9-pro-fold
,google-pixel-9-pro-fold,unlocked,,512gb,,,490.0,440.0,360.0,120.0,https://www.ocbuyback.com/sell/cell-phone/google/pixel-9-pro-fold
,google-pixel-9,unlocked,,128gb,,,235.0,185.0,130.0,50.0,https://www.ocbuyback.com/sell/cell-phone/google/pixel-9
,google-pixel-9,unlocked,,256gb,,,255.0,205.0,150.0,50.0,https://www.ocbuyback.com/sell/cell-phone/google/pixel-9
,google-pixel-9a,att,,128gb,,,150.0,120.0,75.0,25.0,https://www.ocbuyback.com/sell/cell-phone/google/pixel-9a
,google-pixel-9a,t-mobile,,128gb,,,125.0,95.0,50.0,25.0,https://www.ocbuyback.com/sell/cell-phone/google/pixel-9a
,google-pixel-9a,unlocked,,128gb,,,175.0,145.0,100.0,50.0,https://www.ocbuyback.com/sell/cell-phone/google/pixel-9a
,google-pixel-9a,att,,256gb,,,170.0,140.0,95.0,30.0,https://www.ocbuyback.com/sell/cell-phone/google/pixel-9a
,google-pixel-9a,t-mobile,,256gb,,,145.0,115.0,70.0,10.0,https://www.ocbuyback.com/sell/cell-phone/google/pixel-9a
,google-pixel-9a,unlocked,,256gb,,,195.0,165.0,120.0,55.0,https://www.ocbuyback.com/sell/cell-phone/google/pixel-9a
,google-pixel-9-pro,unlocked,,128gb,,,270.0,230.0,165.0,55.0,https://www.ocbuyback.com/sell/cell-phone/google/pixel-9-pro
,google-pixel-9-pro,unlocked,,256gb,,,300.0,260.0,195.0,57.0,https://www.ocbuyback.com/sell/cell-phone/google/pixel-9-pro
,google-pixel-9-pro,unlocked,,512gb,,,320.0,280.0,215.0,60.0,https://www.ocbuyback.com/sell/cell-phone/google/pixel-9-pro
,google-pixel-9-pro,unlocked,,1tb,,,345.0,305.0,240.0,65.0,https://www.ocbuyback.com/sell/cell-phone/google/pixel-9-pro
,google-pixel-9-pro-xl,unlocked,,128gb,,,330.0,280.0,215.0,75.0,https://www.ocbuyback.com/sell/cell-phone/google/pixel-9-pro-xl
,google-pixel-9-pro-xl,unlocked,,256gb,,,340.0,290.0,230.0,80.0,https://www.ocbuyback.com/sell/cell-phone/google/pixel-9-pro-xl
,google-pixel-9-pro-xl,unlocked,,512gb,,,370.0,320.0,255.0,85.0,https://www.ocbuyback.com/sell/cell-phone/google/pixel-9-pro-xl
,google-pixel-9-pro-xl,unlocked,,1tb,,,390.0,330.0,275.0,90.0,https://www.ocbuyback.com/sell/cell-phone/google/pixel-9-pro-xl
,google-pixel-10-pro-fold,att,,256gb,,,510.0,470.0,380.0,90.0,https://www.ocbuyback.com/sell/cell-phone/google/pixel-10-pro-fold
,google-pixel-10-pro-fold,t-mobile,,256gb,,,460.0,420.0,330.0,65.0,https://www.ocbuyback.com/sell/cell-phone/google/pixel-10-pro-fold
,google-pixel-10-pro-fold,verizon,,256gb,,,260.0,220.0,130.0,25.0,https://www.ocbuyback.com/sell/cell-phone/google/pixel-10-pro-fold
,google-pixel-10-pro-fold,unlocked,,256gb,,,680.0,580.0,365.0,90.0,https://www.ocbuyback.com/sell/cell-phone/google/pixel-10-pro-fold
,google-pixel-10-pro-fold,att,,512gb,,,540.0,500.0,410.0,105.0,https://www.ocbuyback.com/sell/cell-phone/google/pixel-10-pro-fold
,google-pixel-10-pro-fold,t-mobile,,512gb,,,490.0,450.0,360.0,80.0,https://www.ocbuyback.com/sell/cell-phone/google/pixel-10-pro-fold
,google-pixel-10-pro-fold,verizon,,512gb,,,290.0,250.0,160.0,40.0,https://www.ocbuyback.com/sell/cell-phone/google/pixel-10-pro-fold
,google-pixel-10-pro-fold,unlocked,,512gb,,,720.0,610.0,390.0,95.0,https://www.ocbuyback.com/sell/cell-phone/google/pixel-10-pro-fold
,google-pixel-10-pro-fold,att,,1tb,,,570.0,530.0,440.0,120.0,https://www.ocbuyback.com/sell/cell-phone/google/pixel-10-pro-fold
,google-pixel-10-pro-fold,t-mobile,,1tb,,,520.0,480.0,390.0,95.0,https://www.ocbuyback.com/sell/cell-phone/google/pixel-10-pro-fold
,google-pixel-10-pro-fold,verizon,,1tb,,,320.0,280.0,190.0,55.0,https://www.ocbuyback.com/sell/cell-phone/google/pixel-10-pro-fold
,google-pixel-10-pro-fold,unlocked,,1tb,,,760.0,660.0,420.0,100.0,https://www.ocbuyback.com/sell/cell-phone/google/pixel-10-pro-fold
,google-pixel-10,att,,128gb,,,305.0,280.0,215.0,50.0,https://www.ocbuyback.com/sell/cell-phone/google/pixel-10
,google-pixel-10,t-mobile,,128gb,,,280.0,255.0,190.0,25.0,https://www.ocbuyback.com/sell/cell-phone/google/pixel-10
,google-pixel-10,verizon,,128gb,,,130.0,105.0,40.0,30.0,https://www.ocbuyback.com/sell/cell-phone/google/pixel-10
,google-pixel-10,unlocked,,128gb,,,330.0,285.0,188.0,50.0,https://www.ocbuyback.com/sell/cell-phone/google/pixel-10
,google-pixel-10,att,,256gb,,,325.0,300.0,235.0,60.0,https://www.ocbuyback.com/sell/cell-phone/google/pixel-10
,google-pixel-10,t-mobile,,256gb,,,300.0,275.0,210.0,35.0,https://www.ocbuyback.com/sell/cell-phone/google/pixel-10
,google-pixel-10,verizon,,256gb,,,150.0,125.0,60.0,44.0,https://www.ocbuyback.com/sell/cell-phone/google/pixel-10
,google-pixel-10,unlocked,,256gb,,,350.0,305.0,204.0,47.0,https://www.ocbuyback.com/sell/cell-phone/google/pixel-10
,google-pixel-10-pro,att,,128gb,,,350.0,330.0,250.0,50.0,https://www.ocbuyback.com/sell/cell-phone/google/pixel-10-pro
,google-pixel-10-pro,t-mobile,,128gb,,,350.0,330.0,250.0,50.0,https://www.ocbuyback.com/sell/cell-phone/google/pixel-10-pro
,google-pixel-10-pro,verizon,,128gb,,,200.0,180.0,100.0,47.0,https://www.ocbuyback.com/sell/cell-phone/google/pixel-10-pro
,google-pixel-10-pro,unlocked,,128gb,,,415.0,355.0,275.0,55.0,https://www.ocbuyback.com/sell/cell-phone/google/pixel-10-pro
,google-pixel-10-pro,att,,256gb,,,415.0,395.0,315.0,60.0,https://www.ocbuyback.com/sell/cell-phone/google/pixel-10-pro
,google-pixel-10-pro,t-mobile,,256gb,,,415.0,395.0,315.0,60.0,https://www.ocbuyback.com/sell/cell-phone/google/pixel-10-pro
,google-pixel-10-pro,verizon,,256gb,,,265.0,245.0,165.0,50.0,https://www.ocbuyback.com/sell/cell-phone/google/pixel-10-pro
,google-pixel-10-pro,unlocked,,256gb,,,455.0,405.0,315.0,60.0,https://www.ocbuyback.com/sell/cell-phone/google/pixel-10-pro
,google-pixel-10-pro,att,,512gb,,,435.0,415.0,335.0,70.0,https://www.ocbuyback.com/sell/cell-phone/google/pixel-10-pro
,google-pixel-10-pro,t-mobile,,512gb,,,435.0,415.0,335.0,70.0,https://www.ocbuyback.com/sell/cell-phone/google/pixel-10-pro
,google-pixel-10-pro,verizon,,512gb,,,285.0,265.0,185.0,55.0,https://www.ocbuyback.com/sell/cell-phone/google/pixel-10-pro
,google-pixel-10-pro,unlocked,,512gb,,,490.0,440.0,280.0,70.0,https://www.ocbuyback.com/sell/cell-phone/google/pixel-10-pro
,google-pixel-10-pro,att,,1tb,,,450.0,430.0,350.0,85.0,https://www.ocbuyback.com/sell/cell-phone/google/pixel-10-pro
,google-pixel-10-pro,t-mobile,,1tb,,,450.0,430.0,350.0,85.0,https://www.ocbuyback.com/sell/cell-phone/google/pixel-10-pro
,google-pixel-10-pro,verizon,,1tb,,,300.0,280.0,200.0,60.0,https://www.ocbuyback.com/sell/cell-phone/google/pixel-10-pro
,google-pixel-10-pro,unlocked,,1tb,,,500.0,430.0,350.0,85.0,https://www.ocbuyback.com/sell/cell-phone/google/pixel-10-pro
,google-pixel-10-pro-xl,att,,256gb,,,390.0,370.0,310.0,65.0,https://www.ocbuyback.com/sell/cell-phone/google/pixel-10-pro-xl
,google-pixel-10-pro-xl,t-mobile,,256gb,,,365.0,345.0,285.0,65.0,https://www.ocbuyback.com/sell/cell-phone/google/pixel-10-pro-xl
,google-pixel-10-pro-xl,verizon,,256gb,,,250.0,230.0,170.0,50.0,https://www.ocbuyback.com/sell/cell-phone/google/pixel-10-pro-xl
,google-pixel-10-pro-xl,unlocked,,256gb,,,475.0,405.0,265.0,65.0,https://www.ocbuyback.com/sell/cell-phone/google/pixel-10-pro-xl
,google-pixel-10-pro-xl,att,,512gb,,,425.0,405.0,345.0,75.0,https://www.ocbuyback.com/sell/cell-phone/google/pixel-10-pro-xl
,google-pixel-10-pro-xl,t-mobile,,512gb,,,400.0,380.0,320.0,75.0,https://www.ocbuyback.com/sell/cell-phone/google/pixel-10-pro-xl
,google-pixel-10-pro-xl,verizon,,512gb,,,285.0,265.0,205.0,50.0,https://www.ocbuyback.com/sell/cell-phone/google/pixel-10-pro-xl
,google-pixel-10-pro-xl,unlocked,,512gb,,,500.0,430.0,285.0,95.0,https://www.ocbuyback.com/sell/cell-phone/google/pixel-10-pro-xl
,google-pixel-10-pro-xl,att,,1tb,,,440.0,420.0,360.0,90.0,https://www.ocbuyback.com/sell/cell-phone/google/pixel-10-pro-xl
,google-pixel-10-pro-xl,t-mobile,,1tb,,,415.0,395.0,335.0,90.0,https://www.ocbuyback.com/sell/cell-phone/google/pixel-10-pro-xl
,google-pixel-10-pro-xl,verizon,,1tb,,,300.0,280.0,220.0,50.0,https://www.ocbuyback.com/sell/cell-phone/google/pixel-10-pro-xl
,google-pixel-10-pro-xl,unlocked,,1tb,,,525.0,450.0,310.0,110.0,https://www.ocbuyback.com/sell/cell-phone/google/pixel-10-pro-xl
,oneplus-8-5g,unlocked,,256gb,,,90.0,80.0,50.0,15.0,https://www.ocbuyback.com/sell/cell-phone/oneplus/8-5g
,oneplus-8-pro,unlocked,,256gb,,,125.0,105.0,75.0,35.0,https://www.ocbuyback.com/sell/cell-phone/oneplus/8-pro
,oneplus-9,t-mobile,,128gb,,,70.0,60.0,30.0,10.0,https://www.ocbuyback.com/sell/cell-phone/oneplus/9
,oneplus-9,verizon,,128gb,,,80.0,70.0,40.0,10.0,https://www.ocbuyback.com/sell/cell-phone/oneplus/9
,oneplus-9,unlocked,,128gb,,,90.0,80.0,50.0,15.0,https://www.ocbuyback.com/sell/cell-phone/oneplus/9
,oneplus-9,t-mobile,,256gb,,,85.0,75.0,45.0,15.0,https://www.ocbuyback.com/sell/cell-phone/oneplus/9
,oneplus-9,verizon,,256gb,,,95.0,85.0,55.0,15.0,https://www.ocbuyback.com/sell/cell-phone/oneplus/9
,oneplus-9,unlocked,,256gb,,,105.0,95.0,65.0,20.0,https://www.ocbuyback.com/sell/cell-phone/oneplus/9
,oneplus-9-pro,t-mobile,,128gb,,,90.0,70.0,40.0,10.0,https://www.ocbuyback.com/sell/cell-phone/oneplus/9-pro
,oneplus-9-pro,verizon,,128gb,,,110.0,90.0,60.0,20.0,https://www.ocbuyback.com/sell/cell-phone/oneplus/9-pro
,oneplus-9-pro,unlocked,,128gb,,,110.0,90.0,60.0,20.0,https://www.ocbuyback.com/sell/cell-phone/oneplus/9-pro
,oneplus-9-pro,t-mobile,,256gb,,,110.0,90.0,60.0,10.0,https://www.ocbuyback.com/sell/cell-phone/oneplus/9-pro
,oneplus-9-pro,verizon,,256gb,,,120.0,100.0,70.0,35.0,https://www.ocbuyback.com/sell/cell-phone/oneplus/9-pro
,oneplus-9-pro,unlocked,,256gb,,,130.0,110.0,80.0,35.0,https://www.ocbuyback.com/sell/cell-phone/oneplus/9-pro
,oneplus-10-pro,t-mobile,,128gb,,,75.0,50.0,10.0,10.0,https://www.ocbuyback.com/sell/cell-phone/oneplus/10-pro
,oneplus-10-pro,unlocked,,128gb,,,125.0,100.0,100.0,70.0,https://www.ocbuyback.com/sell/cell-phone/oneplus/10-pro
,oneplus-10-pro,t-mobile,,256gb,,,105.0,80.0,40.0,12.0,https://www.ocbuyback.com/sell/cell-phone/oneplus/10-pro
,oneplus-10-pro,unlocked,,256gb,,,210.0,205.0,155.0,22.0,https://www.ocbuyback.com/sell/cell-phone/oneplus/10-pro
,oneplus-10-pro,t-mobile,,512gb,,,105.0,80.0,40.0,13.0,https://www.ocbuyback.com/sell/cell-phone/oneplus/10-pro
,oneplus-10-pro,unlocked,,512gb,,,155.0,130.0,90.0,23.0,https://www.ocbuyback.com/sell/cell-phone/oneplus/10-pro
,oneplus-11,t-mobile,,128gb,,,200.0,170.0,115.0,50.0,https://www.ocbuyback.com/sell/cell-phone/oneplus/11
,oneplus-11,unlocked,,128gb,,,250.0,220.0,165.0,75.0,https://www.ocbuyback.com/sell/cell-phone/oneplus/11
,oneplus-11,t-mobile,,256gb,,,220.0,190.0,135.0,55.0,https://www.ocbuyback.com/sell/cell-phone/oneplus/11
,oneplus-11,unlocked,,256gb,,,270.0,240.0,185.0,80.0,https://www.ocbuyback.com/sell/cell-phone/oneplus/11
,oneplus-11,t-mobile,,512gb,,,240.0,210.0,155.0,65.0,https://www.ocbuyback.com/sell/cell-phone/oneplus/11
,oneplus-11,unlocked,,512gb,,,290.0,260.0,205.0,90.0,https://www.ocbuyback.com/sell/cell-phone/oneplus/11
,oneplus-open,t-mobile,,512gb,,,485.0,415.0,335.0,100.0,https://www.ocbuyback.com/sell/cell-phone/oneplus/open
,oneplus-open,unlocked,,512gb,,,550.0,480.0,400.0,150.0,https://www.ocbuyback.com/sell/cell-phone/oneplus/open
,oneplus-12,unlocked,,256gb,,,340.0,295.0,250.0,70.0,https://www.ocbuyback.com/sell/cell-phone/oneplus/12
,oneplus-12,unlocked,,512gb,,,370.0,325.0,280.0,85.0,https://www.ocbuyback.com/sell/cell-phone/oneplus/12
,oneplus-12r,t-mobile,,128gb,,,170.0,140.0,75.0,50.0,https://www.ocbuyback.com/sell/cell-phone/oneplus/12r
,oneplus-12r,unlocked,,128gb,,,220.0,190.0,125.0,75.0,https://www.ocbuyback.com/sell/cell-phone/oneplus/12r
,oneplus-12r,t-mobile,,256gb,,,205.0,175.0,110.0,55.0,https://www.ocbuyback.com/sell/cell-phone/oneplus/12r
,oneplus-12r,unlocked,,256gb,,,255.0,225.0,160.0,80.0,https://www.ocbuyback.com/sell/cell-phone/oneplus/12r
,oneplus-13,unlocked,,256gb,,,440.0,380.0,300.0,150.0,https://www.ocbuyback.com/sell/cell-phone/oneplus/13
,oneplus-13,unlocked,,512gb,,,475.0,415.0,335.0,165.0,https://www.ocbuyback.com/sell/cell-phone/oneplus/13
,oneplus-13r,unlocked,,256gb,,,290.0,225.0,160.0,80.0,https://www.ocbuyback.com/sell/cell-phone/oneplus/13r
,oneplus-13r,unlocked,,512gb,,,325.0,260.0,195.0,85.0,https://www.ocbuyback.com/sell/cell-phone/oneplus/13r
,apple-ipod-touch-7th-gen,other,,32gb,,,30.0,25.0,15.0,,https://www.ocbuyback.com/sell/ipod/apple/ipod-touch-7th-gen
,apple-ipod-touch-7th-gen,other,,128gb,,,60.0,40.0,20.0,,https://www.ocbuyback.com/sell/ipod/apple/ipod-touch-7th-gen
,apple-ipod-touch-7th-gen,other,,256gb,,,70.0,50.0,30.0,,https://www.ocbuyback.com/sell/ipod/apple/ipod-touch-7th-gen
,gopro-max,d8d87d48-661f-4414-b0af-3e41c3952a25,,0,,,60.0,50.0,40.0,,https://www.ocbuyback.com/sell/gopro/gopro/max
,gopro-hero-8-black,d8d87d48-661f-4414-b0af-3e41c3952a25,,0,,,50.0,30.0,10.0,,https://www.ocbuyback.com/sell/gopro/gopro/hero-8-black
,gopro-hero-9-black,d8d87d48-661f-4414-b0af-3e41c3952a25,,0,,,64.0,45.0,25.0,,https://www.ocbuyback.com/sell/gopro/gopro/hero-9-black
,gopro-hero-10,d8d87d48-661f-4414-b0af-3e41c3952a25,,0,,,65.0,45.0,10.0,,https://www.ocbuyback.com/sell/gopro/gopro/hero-10
,gopro-hero-11-black,d8d87d48-661f-4414-b0af-3e41c3952a25,,0,,,85.0,55.0,25.0,,https://www.ocbuyback.com/sell/gopro/gopro/hero-11-black
,gopro-hero-11-black-mini,d8d87d48-661f-4414-b0af-3e41c3952a25,,0,,,50.0,40.0,15.0,,https://www.ocbuyback.com/sell/gopro/gopro/hero-11-black-mini
,gopro-hero-12-black,d8d87d48-661f-4414-b0af-3e41c3952a25,,0,,,100.0,80.0,50.0,,https://www.ocbuyback.com/sell/gopro/gopro/hero-12-black
,apple-vision-pro,d8d87d48-661f-4414-b0af-3e41c3952a25,,1tb,,,1100.0,850.0,400.0,,https://www.ocbuyback.com/sell/vr/apple/vision-pro
,apple-vision-pro-m5,d8d87d48-661f-4414-b0af-3e41c3952a25,,256gb,,,1790.0,1490.0,1040.0,,https://www.ocbuyback.com/sell/vr/apple/vision-pro-m5
,apple-vision-pro-m5,d8d87d48-661f-4414-b0af-3e41c3952a25,,512gb,,,1940.0,1640.0,1190.0,,https://www.ocbuyback.com/sell/vr/apple/vision-pro-m5
,apple-vision-pro-m5,d8d87d48-661f-4414-b0af-3e41c3952a25,,1tb,,,2090.0,1790.0,1340.0,,https://www.ocbuyback.com/sell/vr/apple/vision-pro-m5
,microsoft-xbox-one-s,d8d87d48-661f-4414-b0af-3e41c3952a25,,500gb,,,35.0,20.0,5.0,,https://www.ocbuyback.com/sell/game-console/microsoft/xbox-one-s
,microsoft-xbox-one-s,d8d87d48-661f-4414-b0af-3e41c3952a25,,1tb,,,45.0,30.0,10.0,,https://www.ocbuyback.com/sell/game-console/microsoft/xbox-one-s
,microsoft-xbox-one-s,d8d87d48-661f-4414-b0af-3e41c3952a25,,2tb,,,60.0,45.0,25.0,,https://www.ocbuyback.com/sell/game-console/microsoft/xbox-one-s
,microsoft-xbox-series-s,d8d87d48-661f-4414-b0af-3e41c3952a25,,512gb,,,120.0,85.0,55.0,,https://www.ocbuyback.com/sell/game-console/microsoft/xbox-series-s
,microsoft-xbox-series-s,d8d87d48-661f-4414-b0af-3e41c3952a25,,1tb,,,145.0,110.0,75.0,,https://www.ocbuyback.com/sell/game-console/microsoft/xbox-series-s
,microsoft-xbox-series-x,d8d87d48-661f-4414-b0af-3e41c3952a25,,1tb,,,295.0,240.0,170.0,,https://www.ocbuyback.com/sell/game-console/microsoft/xbox-series-x
,microsoft-xbox-series-x,d8d87d48-661f-4414-b0af-3e41c3952a25,,2tb,,,420.0,370.0,270.0,,https://www.ocbuyback.com/sell/game-console/microsoft/xbox-series-x
,asus-rog-ally,d8d87d48-661f-4414-b0af-3e41c3952a25,,51c7d593-70e4-4624-8f9d-d218edfa8331,,,190.0,150.0,105.0,,https://www.ocbuyback.com/sell/game-console/asus/rog-ally
,nintendo-switch,d8d87d48-661f-4414-b0af-3e41c3952a25,,51c7d593-70e4-4624-8f9d-d218edfa8331,,,80.0,60.0,30.0,,https://www.ocbuyback.com/sell/game-console/nintendo/switch
,nintendo-switch-2,d8d87d48-661f-4414-b0af-3e41c3952a25,,51c7d593-70e4-4624-8f9d-d218edfa8331,,,275.0,250.0,170.0,,https://www.ocbuyback.com/sell/game-console/nintendo/switch-2
,nintendo-switch-lite,d8d87d48-661f-4414-b0af-3e41c3952a25,,51c7d593-70e4-4624-8f9d-d218edfa8331,,,45.0,35.0,25.0,,https://www.ocbuyback.com/sell/game-console/nintendo/switch-lite
,nintendo-switch-oled,d8d87d48-661f-4414-b0af-3e41c3952a25,,51c7d593-70e4-4624-8f9d-d218edfa8331,,,110.0,85.0,55.0,,https://www.ocbuyback.com/sell/game-console/nintendo/switch-oled
,sony-ps4,d8d87d48-661f-4414-b0af-3e41c3952a25,,500gb,,,25.0,15.0,5.0,,https://www.ocbuyback.com/sell/game-console/sony/ps4
,sony-ps4,d8d87d48-661f-4414-b0af-3e41c3952a25,,1tb,,,30.0,20.0,10.0,,https://www.ocbuyback.com/sell/game-console/sony/ps4
,sony-ps4-slim,d8d87d48-661f-4414-b0af-3e41c3952a25,,500gb,,,40.0,30.0,15.0,,https://www.ocbuyback.com/sell/game-console/sony/ps4-slim
,sony-ps4-slim,d8d87d48-661f-4414-b0af-3e41c3952a25,,1tb,,,50.0,40.0,25.0,,https://www.ocbuyback.com/sell/game-console/sony/ps4-slim
,sony-ps4-pro,d8d87d48-661f-4414-b0af-3e41c3952a25,,1tb,,,55.0,35.0,20.0,,https://www.ocbuyback.com/sell/game-console/sony/ps4-pro
,sony-ps4-pro,d8d87d48-661f-4414-b0af-3e41c3952a25,,2tb,,,80.0,60.0,40.0,,https://www.ocbuyback.com/sell/game-console/sony/ps4-pro
,sony-ps5,d8d87d48-661f-4414-b0af-3e41c3952a25,,51c7d593-70e4-4624-8f9d-d218edfa8331,,,230.0,180.0,90.0,,https://www.ocbuyback.com/sell/game-console/sony/ps5
,sony-ps5-digital-edition,d8d87d48-661f-4414-b0af-3e41c3952a25,,51c7d593-70e4-4624-8f9d-d218edfa8331,,,260.0,200.0,105.0,,https://www.ocbuyback.com/sell/game-console/sony/ps5-digital-edition
,sony-ps5-slim,d8d87d48-661f-4414-b0af-3e41c3952a25,,51c7d593-70e4-4624-8f9d-d218edfa8331,,,275.0,215.0,125.0,,https://www.ocbuyback.com/sell/game-console/sony/ps5-slim
,sony-ps5-slim-digital-edition,d8d87d48-661f-4414-b0af-3e41c3952a25,,51c7d593-70e4-4624-8f9d-d218edfa8331,,,205.0,160.0,105.0,,https://www.ocbuyback.com/sell/game-console/sony/ps5-slim-digital-edition
,sony-ps5-pro,d8d87d48-661f-4414-b0af-3e41c3952a25,,51c7d593-70e4-4624-8f9d-d218edfa8331,,,440.0,370.0,250.0,,https://www.ocbuyback.com/sell/game-console/sony/ps5-pro
,sony-playstation-portal,d8d87d48-661f-4414-b0af-3e41c3952a25,,51c7d593-70e4-4624-8f9d-d218edfa8331,,,40.0,20.0,10.0,,https://www.ocbuyback.com/sell/game-console/sony/playstation-portal
,valve-steam-deck-oled,d8d87d48-661f-4414-b0af-3e41c3952a25,,512gb,,,345.0,290.0,235.0,,https://www.ocbuyback.com/sell/game-console/valve/steam-deck-oled
,valve-steam-deck-oled,d8d87d48-661f-4414-b0af-3e41c3952a25,,1tb,,,375.0,315.0,215.0,,https://www.ocbuyback.com/sell/game-console/valve/steam-deck-oled
,asus-rog-ally-x,d8d87d48-661f-4414-b0af-3e41c3952a25,,51c7d593-70e4-4624-8f9d-d218edfa8331,,,475.0,415.0,285.0,,https://www.ocbuyback.com/sell/game-console/asus/rog-ally-x
,apple-airpods-max,d8d87d48-661f-4414-b0af-3e41c3952a25,,51c7d593-70e4-4624-8f9d-d218edfa8331,,,165.0,125.0,75.0,,https://www.ocbuyback.com/sell/headphones/apple/airpods-max
,apple-vision-pro,d8d87d48-661f-4414-b0af-3e41c3952a25,,256gb,,,950.0,700.0,250.0,,https://www.ocbuyback.com/sell/vr/apple/vision-pro
,apple-vision-pro,d8d87d48-661f-4414-b0af-3e41c3952a25,,512gb,,,1000.0,750.0,300.0,,https://www.ocbuyback.com/sell/vr/apple/vision-pro
,apple-ipad-pro-13-m5-standard-glass-2025,wi-fi,,256gb,,,710.0,630.0,570.0,275.0,https://www.ocbuyback.com/sell/tablet/apple/ipad-pro-13-m5-standard-glass-2025
,apple-ipad-pro-13-m5-standard-glass-2025,wi-fi-cellular,,256gb,,,710.0,660.0,600.0,325.0,https://www.ocbuyback.com/sell/tablet/apple/ipad-pro-13-m5-standard-glass-2025
,apple-ipad-pro-13-m5-standard-glass-2025,wi-fi,,512gb,,,760.0,680.0,620.0,300.0,https://www.ocbuyback.com/sell/tablet/apple/ipad-pro-13-m5-standard-glass-2025
,apple-ipad-pro-13-m5-standard-glass-2025,wi-fi-cellular,,512gb,,,790.0,710.0,650.0,350.0,https://www.ocbuyback.com/sell/tablet/apple/ipad-pro-13-m5-standard-glass-2025
,apple-ipad-pro-13-m5-standard-glass-2025,wi-fi,,1tb,,,960.0,880.0,820.0,350.0,https://www.ocbuyback.com/sell/tablet/apple/ipad-pro-13-m5-standard-glass-2025
,apple-ipad-pro-13-m5-standard-glass-2025,wi-fi-cellular,,1tb,,,990.0,910.0,850.0,400.0,https://www.ocbuyback.com/sell/tablet/apple/ipad-pro-13-m5-standard-glass-2025
,apple-ipad-pro-13-m5-standard-glass-2025,wi-fi,,2tb,,,1110.0,1030.0,970.0,375.0,https://www.ocbuyback.com/sell/tablet/apple/ipad-pro-13-m5-standard-glass-2025
,apple-ipad-pro-13-m5-standard-glass-2025,wi-fi-cellular,,2tb,,,1140.0,1060.0,1000.0,425.0,https://www.ocbuyback.com/sell/tablet/apple/ipad-pro-13-m5-standard-glass-2025
,apple-ipad-pro-13-m5-nanominustexture-glass-2025,wi-fi,,1tb,,,995.0,915.0,855.0,365.0,https://www.ocbuyback.com/sell/tablet/apple/ipad-pro-13-m5-nanominustexture-glass-2025
,apple-ipad-pro-13-m5-nanominustexture-glass-2025,wi-fi-cellular,,1tb,,,1025.0,945.0,885.0,415.0,https://www.ocbuyback.com/sell/tablet/apple/ipad-pro-13-m5-nanominustexture-glass-2025
,apple-ipad-pro-13-m5-nanominustexture-glass-2025,wi-fi,,2tb,,,1145.0,1065.0,1005.0,390.0,https://www.ocbuyback.com/sell/tablet/apple/ipad-pro-13-m5-nanominustexture-glass-2025
,apple-ipad-pro-13-m5-nanominustexture-glass-2025,wi-fi-cellular,,2tb,,,1175.0,1095.0,1035.0,440.0,https://www.ocbuyback.com/sell/tablet/apple/ipad-pro-13-m5-nanominustexture-glass-2025
,apple-ipad-pro-11-m5-standard-glass-2025,wi-fi,,256gb,,,600.0,540.0,490.0,175.0,https://www.ocbuyback.com/sell/tablet/apple/ipad-pro-11-m5-standard-glass-2025
,apple-ipad-pro-11-m5-standard-glass-2025,wi-fi-cellular,,256gb,,,630.0,570.0,520.0,175.0,https://www.ocbuyback.com/sell/tablet/apple/ipad-pro-11-m5-standard-glass-2025
,apple-ipad-pro-11-m5-standard-glass-2025,wi-fi,,512gb,,,650.0,590.0,540.0,225.0,https://www.ocbuyback.com/sell/tablet/apple/ipad-pro-11-m5-standard-glass-2025
,apple-ipad-pro-11-m5-standard-glass-2025,wi-fi-cellular,,512gb,,,680.0,620.0,570.0,225.0,https://www.ocbuyback.com/sell/tablet/apple/ipad-pro-11-m5-standard-glass-2025
,apple-ipad-pro-11-m5-standard-glass-2025,wi-fi,,1tb,,,750.0,690.0,640.0,275.0,https://www.ocbuyback.com/sell/tablet/apple/ipad-pro-11-m5-standard-glass-2025
,apple-ipad-pro-11-m5-standard-glass-2025,wi-fi-cellular,,1tb,,,780.0,720.0,670.0,275.0,https://www.ocbuyback.com/sell/tablet/apple/ipad-pro-11-m5-standard-glass-2025
,apple-ipad-pro-11-m5-standard-glass-2025,wi-fi,,2tb,,,850.0,790.0,740.0,325.0,https://www.ocbuyback.com/sell/tablet/apple/ipad-pro-11-m5-standard-glass-2025
,apple-ipad-pro-11-m5-standard-glass-2025,wi-fi-cellular,,2tb,,,880.0,820.0,770.0,325.0,https://www.ocbuyback.com/sell/tablet/apple/ipad-pro-11-m5-standard-glass-2025
,apple-ipad-pro-11-m5-nanominustexture-glass-2025,wi-fi,,1tb,,,785.0,725.0,675.0,290.0,https://www.ocbuyback.com/sell/tablet/apple/ipad-pro-11-m5-nanominustexture-glass-2025
,apple-ipad-pro-11-m5-nanominustexture-glass-2025,wi-fi-cellular,,1tb,,,815.0,755.0,705.0,290.0,https://www.ocbuyback.com/sell/tablet/apple/ipad-pro-11-m5-nanominustexture-glass-2025
,apple-ipad-pro-11-m5-nanominustexture-glass-2025,wi-fi,,2tb,,,885.0,825.0,775.0,340.0,https://www.ocbuyback.com/sell/tablet/apple/ipad-pro-11-m5-nanominustexture-glass-2025
,apple-ipad-pro-11-m5-nanominustexture-glass-2025,wi-fi-cellular,,2tb,,,915.0,855.0,805.0,340.0,https://www.ocbuyback.com/sell/tablet/apple/ipad-pro-11-m5-nanominustexture-glass-2025
,oneplus-15,unlocked,,256gb,,,500.0,465.0,375.0,150.0,https://www.ocbuyback.com/sell/cell-phone/oneplus/15
,oneplus-15,unlocked,,512gb,,,535.0,500.0,410.0,165.0,https://www.ocbuyback.com/sell/cell-phone/oneplus/15
,oneplus-15r,unlocked,,256gb,,,350.0,300.0,200.0,100.0,https://www.ocbuyback.com/sell/cell-phone/oneplus/15r
,oneplus-15r,unlocked,,512gb,,,385.0,335.0,235.0,115.0,https://www.ocbuyback.com/sell/cell-phone/oneplus/15r
,apple-ipad-air-11-m4-2026,wi-fi,,128gb,,,350.0,300.0,205.0,125.0,https://www.ocbuyback.com/sell/tablet/apple/ipad-air-11-m4-2026
,apple-ipad-air-11-m4-2026,wi-fi-cellular,,128gb,,,375.0,325.0,230.0,140.0,https://www.ocbuyback.com/sell/tablet/apple/ipad-air-11-m4-2026
,apple-ipad-air-11-m4-2026,wi-fi,,256gb,,,390.0,340.0,245.0,150.0,https://www.ocbuyback.com/sell/tablet/apple/ipad-air-11-m4-2026
,apple-ipad-air-11-m4-2026,wi-fi-cellular,,256gb,,,415.0,365.0,270.0,165.0,https://www.ocbuyback.com/sell/tablet/apple/ipad-air-11-m4-2026
,apple-ipad-air-11-m4-2026,wi-fi,,512gb,,,430.0,380.0,285.0,175.0,https://www.ocbuyback.com/sell/tablet/apple/ipad-air-11-m4-2026
,apple-ipad-air-11-m4-2026,wi-fi-cellular,,512gb,,,455.0,405.0,310.0,190.0,https://www.ocbuyback.com/sell/tablet/apple/ipad-air-11-m4-2026
,apple-ipad-air-11-m4-2026,wi-fi,,1tb,,,510.0,460.0,365.0,200.0,https://www.ocbuyback.com/sell/tablet/apple/ipad-air-11-m4-2026
,apple-ipad-air-11-m4-2026,wi-fi-cellular,,1tb,,,535.0,485.0,390.0,215.0,https://www.ocbuyback.com/sell/tablet/apple/ipad-air-11-m4-2026
,apple-ipad-air-13-m4-2026,wi-fi,,128gb,,,515.0,465.0,365.0,150.0,https://www.ocbuyback.com/sell/tablet/apple/ipad-air-13-m4-2026
,apple-ipad-air-13-m4-2026,wi-fi-cellular,,128gb,,,565.0,515.0,415.0,165.0,https://www.ocbuyback.com/sell/tablet/apple/ipad-air-13-m4-2026
,apple-ipad-air-13-m4-2026,wi-fi,,256gb,,,555.0,505.0,405.0,170.0,https://www.ocbuyback.com/sell/tablet/apple/ipad-air-13-m4-2026
,apple-ipad-air-13-m4-2026,wi-fi-cellular,,256gb,,,605.0,555.0,455.0,185.0,https://www.ocbuyback.com/sell/tablet/apple/ipad-air-13-m4-2026
,apple-ipad-air-13-m4-2026,wi-fi,,512gb,,,595.0,545.0,445.0,190.0,https://www.ocbuyback.com/sell/tablet/apple/ipad-air-13-m4-2026
,apple-ipad-air-13-m4-2026,wi-fi-cellular,,512gb,,,645.0,595.0,495.0,205.0,https://www.ocbuyback.com/sell/tablet/apple/ipad-air-13-m4-2026
,apple-ipad-air-13-m4-2026,wi-fi,,1tb,,,675.0,625.0,525.0,210.0,https://www.ocbuyback.com/sell/tablet/apple/ipad-air-13-m4-2026
,apple-ipad-air-13-m4-2026,wi-fi-cellular,,1tb,,,725.0,675.0,575.0,225.0,https://www.ocbuyback.com/sell/tablet/apple/ipad-air-13-m4-2026
