path,published_on,slug,title,meta_description,image_url,html,enabled
2018/010/1/how-and-why-you-should-recycle-your-cell-phone,2018-10-01,how-and-why-you-should-recycle-your-cell-phone,How and Why You Should Recycle Your Cell Phone,,how-and-why-you-should-recycle-your-cell-phone-aca2b8.jpg,"<p>How and Why You Should Recycle Your Cell Phone</p><p>Do you keep putting your old phones away in a drawer because, like most of us, you have no clue how to dispose them? Or maybe you're like the other half of us who throws their phones away once they're broken or far beyond usable condition. All these things are just big mistakes we’re making. For many reasons discussed ahead, we should really recycle phones. To find out exactly why and how to, continue reading on!</p><p>Why We Need to Recycle Phones</p><p>According to research carried out by smart software company Phobio, there are more than 2.3 billion smartphones in use around the globe. By the year 2020, this figure is forecasted to grow by 25 percent.</p><p>With so many smartphones in use, there is a huge potential for waste, bringing with it the excellent opportunity to recycle all these smartphones once they are replaced. It is important that these phones are recycled because they contain plastic, copper and many precious metals. By recycling phones, these precious metals will be conserved.</p><p>By recycling your phone, you can also help protect the environment. This is because many phones contain hazardous materials such as mercury, lead, arsenic, and cadmium. All these materials should be dealt with in a proper manner through recycling so that they don’t end up in landfills contaminating the water and air there.</p><p>How to Recycle Phones</p><p>Now that you know why recycling phones is so important, we move on to how you can do this. There are many different ways you can recycle your phone. Some of these methods are discussed below.</p><p>Sell Electronics Back to Your Carrier</p><p>You can sell your phone to your mobile carrier. Most carriers are ready to buy back your phone in order to recycle it or refurbish it and sell it again. So instead of throwing it away, simply sell your phone for cash back to your carrier. Sometimes the carrier might give you some amount for the old phone, or at other times they might deduct the amount from your next bill.</p><p>Places That Buy Phones</p><p>If you want to sell your phone and are looking for places that recycle phones, then we’ve listed down below a few places that buy phones to recycle them.</p><p>·         Sell to retailers like Best Buy, Home Depot, Office Depot, Staples, Lowe’s or Ace Hardware,</p><p>·         Sell electronics online through eBay, where you will find many eager buyers willing to buy your old phones to use them for their parts.</p><p>·         Sell electronics online through <a href=""/"">buyback websites</a> that usually pay higher than your carrier. Simply type in <a href=""/"">cell phone buyback</a> on google and you will be able to find several buyback companies.</p><p>Parting Words - Remember to Recycle!</p><p>By now, you must have understood why we need to recycle phones. Apart from helping the environment, you can also earn some extra cash when you sell your phone. It is also advantageous because many carriers or retail outlets might offer you discounts when you bring in your old electronics. So always remember, that instead of letting all your gadgets gather dust in some drawer at home, sell them so they can be recycled!</p>",true
2018/010/12/places-that-buy-broken-cell-phones,2018-10-12,places-that-buy-broken-cell-phones,Places That Buy Broken Cell Phones,,places-that-buy-broken-cell-phones-5f4f23.png,"<p>Stop leaving your old broken phones all alone in drawers, gathering dust and having no future. Broken and alone, your phones can still have a bright future, and it can benefit you too! While those old phones might just be useless pieces of junk to you now, they can still earn you some extra cash.</p><p>We can get all those broken phones and gadgets off your hands in no time, because here at <a href=""/"">OCBuyBack</a>, we’re the perfect place to sell your phone.</p><p>Why Sell Old Phones?</p><p>Old phones just add to the millions of phones and gadgets thrown to the waste every day around the globe. Instead, they should be recycled, so tons of possible pollution producing waste is saved. Don’t just put your old iPhone away and forget about it. Sell old phones! There are many companies out there that are interested in buying old phones to recycle them. <a href=""/"">OCBuyBack </a>is one such company that is everything your old phones need. Sell your phone today and get funds back in return for it too. You have nothing to lose and so much to gain.</p><p>Some Places That Buy Phones</p><p>If you’re now wondering oh “where can I sell my phone for a good price?” then look no further because we have the one place you need to sell your phone to: <a href=""/"">OCBuyBack</a>. Visit us now at<a href=""/""> /</a> and follow the following three simple steps to sell your phone for cash:</p><p>1.	Select the device you want to sell. It can be any gadget as long as it’s written on our trade-in list. This could include your old tablet, any phone, you can sell iPhone X, sell iPhone 8, sell iPhone 7, literally any gadget as long as it’s on the list.</p><p>2.	Ship the gadget to us, that too for free, or you can also drop it off locally if you want, whatever is more convenient for you.</p><p>3.	Finally, the step you’ve been waiting for, get paid! Sell your phone for cash and end up with some extra bucks in your wallet almost immediately. We provide a quick and reliable service, one that ensures that you get paid instantly without any risk involved or any hassle for you.</p><p>If you’re interested in selling your phone in a store, then we also have a list of places that buy phones in stores. Some of them have been listed down below for your help:</p><p>	You can sell phones to retailers such as Office Depot, Best Buy, Staples, Ace Hardware, Lowe’s or Home Depot,</p><p>	You can sell phones to auctioning places like eBay and get the best price for them but it could take a while.</p><p>Contact Us Now!</p><p>Cracked, broken or just old, no matter what’s wrong with your phone, we want to buy it. Not just your phone, but any old gadget you want to sell. Go through our <a href=""/"">list </a>of gadgets we’re willing to trade-in and start the simple 3 step process to selling your phone right now!</p>",true
2018/010/19/apple-s-latest-ios-12-features-and-improvements,2018-10-19,apple-s-latest-ios-12-features-and-improvements,Apple’s Latest iOS 12 Features and Improvements,"In 2017, forecasters predict that around 223 million people in the U.S. will be using a smartphone which is about 83.8% of all mobile users. Out of these 223 million users over 90 million will own an iPhone making Apple’s iOS the leading operating system in America next to Android. The newest",apple-s-latest-ios-12-features-and-improvements-937a2c.jpg,"<p>In 2017, forecasters predict that around 223 million people in the U.S. will be using a smartphone which is about 83.8% of all mobile users. Out of these 223 million users over 90 million will own an iPhone making Apple’s iOS the leading operating system in America next to Android. The newest version of iOS 12 is supposed to make your iPhone experience faster, more responsive and more delightful according to Apple. Here are the top major changes happening with iOS 12, I’m sure it will help one of you 90 million plus iPhone users.</p><p>First up, Performance, the iOS has been enhanced for a faster and more responsive experience all around. The regular things you do like launching camera or typing with the keyboard will happen faster than ever. This will also help when your doing a lot of things on your device all at once. These enhancements are said to improve performance on all supported devices, going all the way back to iPhone 5s. Apple claims you will notice up to 70% faster swipe to camera, up to 50% faster key board display and up to 2x faster app launch under heavy workload. </p><p>Later this Fall, the operating system will allow you to FaceTime with up to 32 people all at once. You can start group FaceTime right from a group thread in Messages or join an active one at any time. Making this a handy solution especially for those who are constantly on the go. </p><p>Next Memoji will now allow you to easily create a Memoji to match your personality and mood. This will allow you to make an many alter egos as you want to use in Messages and FaceTime. The upgraded iOS iPhone version will also allow you to choose from four new Animoji-koala, tiger, ghost, or T.rex- to inject fun into your next messages or FaceTime. Now you can be more expressive than ever on your mobile phone.</p><p>Lastly, you will be able to liven up the conversation with camera effects. Add personality to Messages and FaceTime right from the in-app camera. Create and share a photo or video with Animoji, Memoji, cool filters, animated text effects, fun stickers and more. </p><p>Other features included with iOS 12:</p><p>•	An Apple Books app that replaces iBooks.</p><p>•	A “For You” section in the Photos app.</p><p>•	Notifications are grouped and now have a “manage” tab.</p><p>•	The Do Not Disturb During Bedtime feature changes how notifications are handled at night.</p><p>•	Safari now includes Intelligent Tracking Prevention. With this feature, you can disable social media “like” and “share” buttons.</p><p>•	Maps app now includes first-party data.</p><p>•	CarPlay now features the ability to run third-party navigation applications.</p><p>•	Devices with Face ID, iOS 12 lets you add two faces for authentication now, instead of only one.</p><p>Now that you know what changes came about the newest iOS version go ahead and test it out. I know my family and I had tons of fun playing with the new Memoji and Animoji. Is this the worlds most advanced mobile operating system? I say so far, Yes! You can’t go wrong if 90 million users are using an iPhone. </p><p>Sources:</p><p>https://www.statista.com/statistics/236550/percentage-of-us-population-that-own-a-iphone-smartphone/</p><p>https://www.apple.com/ios/ios-12/</p><p>https://en.wikipedia.org/wiki/Comparison_of_mobile_operating_systems</p>",true
2018/010/27/how-to-check-if-your-phone-has-clean-esn-or-imei,2018-10-27,how-to-check-if-your-phone-has-clean-esn-or-imei,How to Check if Your Phone Has Clean ESN or IMEI,,how-to-check-if-your-phone-has-clean-esn-or-imei-e3e4ac.jpg,"<p>How to Check if Your Phone Has Clean ESN or IMEI</p><p>Are you in the market of buying or selling an iPhone? This guide will help you ensure you are buying a clean IMEI device and/or selling one too. We will explain what an IMEI is, where to find it and how to check its status. </p><p>Phones are identified by serial number and an IMEI/ESN number (International Mobile Equipment Identity or Electronic Serial Number). Note that the serial number is different than the IMEI number. The IMEI number is a unique 15-17-digit code that identifies smartphones. Mobile network providers can block the IMEI number for various reasons. Some of those reasons include:  </p><p>1.	The phone has an outstanding balance that has not been paid off by the original owner.</p><p>2.	The phone is still active on someone else’s account</p><p>3.	The phone has been reported lost or stolen</p><p>If a device has a blocked IMEI number the user will not be able to activate that device on their account. </p><p>Before you sell your phone make sure you pay off any balance due on the device. After, contact your carrier to deactivate the phone from your account.  If you lost your device and reported it as lost to your carrier for insurance purposes but then found the phone, you will need to call your carrier provider and let them know you found your phone. Otherwise, the device will still have bad ESN and will not be able to be activated by another user. </p><p>Where can you find the IMEI number on your device?</p><p>For iPhones Go to General -&gt; Settings-&gt; About -&gt; Scroll down to IMEI</p><p>For Samsung Phones you can find the Settings-&gt; About Phone-&gt; Status -&gt; IMEI Number</p><p>If you are in the market for a second-hand phone please make sure to check the ESN status prior to purchase. There a multiple website that allow the consumer to check the ESN Status. Some of those sites include:</p><p>For AT&amp;T Phones <a href=""https://www.att.com/deviceunlock/unlockstep1"">Click Here</a></p><p>For Verizon Phones <a href=""https://www.verizon.com/od/trade-in#/"">Click Here</a></p><p>For Sprint Phones <a href=""https://ting.com/mobile/check_device"">Click Here</a></p><p>For T-Mobile Phones <a href=""https://www.t-mobile.com/verifyIMEI.aspx"">Click Here</a></p><p>If you have a device that does not use any of these carriers then you can use the following sites: </p><p>1. <a href=""https://swappa.com/esn"">Swappa.com</a></p><p>2.	<a href=""http://www.checkesnfree.com/"">Checkesnfree.com</a></p><p>3.	<a href=""https://stolenphonechecker.org/spc/"">Stolenphonechecker.com</a></p><p>When buying or selling an iPhone or any smartphone please make sure to check the ESN status beforehand. This will ensure you don’t waste time and money specially when buying second-hand. I hope this information is helpful in your next purchase or sell of your smartphone. </p>",true
2018/011/30/samsung-galaxy-s10-release-and-what-to-expect,2018-11-30,samsung-galaxy-s10-release-and-what-to-expect,Samsung Galaxy S10 Release Date and What to Expect,,samsung-galaxy-s10-release-and-what-to-expect-1db451.jpg,"<p>Samsung Galaxy S10 &amp; S10 Plus  Release Date and What to Expect</p><p>While the Samsung Galaxy S9 was one of this year's hottest Android smartphones, the Samsung Galaxy S10 is under the works. Here is what we should expect from Samsung's next best smartphone.</p><p>There have been a few leaks and rumors about the Samsung lineup, including a lite version and an ultra 5G model. Keep reading to find out the details on the display, screen, camera, specifications and release date. </p><p>Display &amp; Design:</p><p>Samsung CEO DJ Koh reported the S10 lineup will come with radical changes one of those are the ""amazing array of color options.  In addition to bright yellow and green options, Samsung may use ceramic fo the rear panel on a black and white Galaxy S10. The ceramic provides a high shine and is also very strong which could help resist scratches and marks more effectively. </p><p>In December, the famous Samsung leaker Ice Universe offered us a glimpse of what he believes the upcoming Galaxy S10 will look like based on a photo of the screen protector. He believes the bezels will be nearly non-existent on the Galaxy S10. The phone will show nearly a 100 percent screen to body ratio, thanks to cutouts in the AMOLED display for the camera sensors. </p><p>There may be three versions of the Galaxy S10, according to sources who spoke with Bloomberg. Rumor has is that the upcoming phones are referred to under the codename Beyond; Beyond 1 and Beyond 2 which are likely the Galaxy S10 and Galaxy S10 Plus. At Least two model swill reportedly feature the fingerprint -on-display (FOD) technology as well as AMOLED screens. Sources also refer to the Beyond 0, which is possibly a Galaxy S10 Lite a budget friendly version with a side mounted fingerprint sensor. </p><p>The Wall Street Journal reports the display sizes for the Samsung Galaxy S10 would range from 5.8 inches to 6.4 inches, and that a future 5G model would feature a massive 6.7 inch screen. </p><p>Ming-Chi Kuo claims there will be one model with 5.8-inch display, one with a 6.1, and one with a 6.4 display, and that the two high end models will have an in-display fingerprint sensor. </p><p>Release Date:</p><p>No one really knows the exact release date of Samsung's newest smartphone. However, The Bell says Samsung is aiming for a January 2019 release for the Galaxy S10 at the annual CES trade show in Las Vegas. Others rumor the release date to be Feb-Mar 2019 but remains unknown. </p><p>Camera: </p><p>Chinese social media platform Weibo, has shown an image of the Galaxy S10 screen protector confirming the cutout of the dual selfie cameras. According to 91Mobiles the Galaxy S10 has 3 rear cameras with one standard, one wide angle and one telephoto lens (sitting horizontally on the top third of the phone), 2 front cameras.</p><p>All in all anticipate richer photos and better spatial perception on this new model. Samsung may increase camera performance by adding more lenses. Earlier this year Sammobile predicted the Galaxy S10 will come with three camera lenses on the back. The main lens will be the same 12-megapixel  variable aperture lens joined by a 16-megapixel wide -angle lens with a 123-degree field of view. The third lense seems to be the as the S9 Plus- a 13-megapixel lens, likely equipped with a 2x telephoto zoom. The Wall Street Journal claims the Galaxy S10 will come with four rear camera lens and two front facing cameras.</p><p>Security: </p><p>Samsung may introduce a new fingerprint sensor. ET News reported that Samsung will use Qualcomm's third generation ultrasonic in display fingerprint sensors in its upcoming Galaxy S10 handsets. Qualcomm's technology can capture 3d Fingerprint data, allowing for higher accuracy and better security. </p><p>Software &amp; Special Features: </p><p>According to Digital Trends there is a possibility that the Galaxy S10 will feature improved health apps.  Let's Go Digital recently patented a new technology that allows a Samsung app to determine your skin type and can suggest recommendations to limit sun exposure. The app will apparently used photos of different parts of your body to determine skin type and constantly provide you with tips and measure your UV exposure. </p><p>Galaxy versions include: Galaxy S10 Lite, Galaxy S10, and Galaxy S10 5G.</p><p>6.44-inch display infinity O display that has a cutout drilled into the screen panel to ensure a full-screen display without incorporating a notch. One of the versions of the S10 will support ultra high speed 5G networks. 5G is a new wireless standard that promises extremely fast data speeds and potentially less congestion than today's 4G LTE standard. </p><p>Specifications: </p><p>According to digital Trends It is likely Samsung will use its Exynos 9820 chipset for the Galaxy S10 which Samsung claims is 20-percent better than its predecessor and 40-percent more efficient. The new Exynos 9820 chipset will have a dedicated Neural Processing Unit (NPU) to support artificial intelligence tasks, and 8K video at 30 frames per second. </p><p>Samsung Galaxy S10 &amp; S10 Plus Specifications: </p><p>Performance</p><p>Octa Core (Dual Core+ Dual core + Quad Core) </p><p>Samsung Exynos 9 Octa</p><p>6 GB RAM</p><p>Display</p><p>6.44 inches (16.36cm) </p><p>1440x2960 px, 511 PPI</p><p>Super Amoled</p><p>Camera</p><p>16MP + 16MP + 13MP Triple Primary Cameras</p><p>LED Flash</p><p>8MP + 5MP Dual Front Cameras</p><p>Battery</p><p>3700 MAH</p><p>Fast Charging</p><p>USB Type-C Port</p>",true
2018/012/16/the-damage-of-e-waste-and-how-we-can-help,2018-12-16,the-damage-of-e-waste-and-how-we-can-help,The Damage of E-Waste and How We Can Help,,the-damage-of-e-waste-and-how-we-can-help-d4f1c3.jpg,"<p>I’m sure you have some. </p><p>We’re talking about all those old electronics that are sitting around and collecting dust. They may be old phones, tablets or iPods but eventually can get treated like garbage. Instead of recycling these electronics and getting paid they are getting thrown out. And this e-waste is becoming a big problem. </p><p>The Damage of E-Waste</p><p>Throwing away old electronics might seem similar to you as organic garbage but there is quite a big difference. When you look at something like an old cell phone or iPod you only usually notice the casing and not the inner components of it. And it’s these electronic insides that can be very toxic. </p><p>Most electronics are full of things like lead, semimetals, and other chemical compounds. Incorrect disposal of these items can expose you, and the environment to substance like: </p><p>Mercury</p><p>Arsenic</p><p>Cadmium</p><p>Copper</p><p>Barium</p><p>Chromium</p><p>Nickel</p><p>These are just a few of things that get introduced into environment. The problem now with the growing use of electronics is that more and more of them that will eventually become thrown away. E-waste can lead to the increase of PCB’s in the atmosphere along with brominated flame retardants. The improper treatment of these electronics can result in inhalation of toxic fumes and these toxins can also make their way into your soil, water, and food. </p><p>What Options Are There Besides The Dump? </p><p>Instead of disposing of your old laptop or tablet you can make money off them and help the environment at the same time. Companies like OCBuyBack will buy back your old Samsung Galaxy, Samsung Note, iPhone, iPad, and Apple TV along with many other items. It’s an easy process that takes the hassle of selling away from you. You can even ship your old device for free and then get paid. </p><p>These old electronics are given new life instead of being disposed and polluting your environment. You solve the problem of e-Waste and get paid while doing it. </p><p>That’s a pretty win-win scenario. </p>",true
2018/012/9/10-budget-friendly-tech-gift-ideas-for-iphone-lovers,2018-12-09,10-budget-friendly-tech-gift-ideas-for-iphone-lovers,10 Budget Friendly Tech Gift Ideas for iPhone Lovers,,10-budget-friendly-tech-gift-ideas-for-iphone-lovers-0e1d1b.jpg,"<p>One tech gadget that everyone has is a smartphone, you can’t go wrong with a gift to compliment that iPhone or Samsung Galaxy. We have made it easy for you and summarized the 10 best budget friendly gift ideas that an iPhone lover will want all under $130! From gifts like a phone storage workout bottle to pricier items like a phone solar powered charger or a bluetooth speaker, you will be sure to find a gadget to compliment that smartphone on this list. </p><p><b>Universal Charging Outlet</b></p><p><b>$39.95 @ Thegrommet.com</b></p><p>thingCHARGER takes your average wall socket and turns it into a universal charging station. Slip it over your three-pronged plugs, and there’s no need to negotiate between your alarm, lamp, phone, and laptop.</p><p>Aside from two standard outlets, thingCHARGER has two built-in USB ports and a top that doubles as a charging dock for your phone or tablet. To use the dock, the included lightning and micro-USB tips let you power up Apple and other brands of devices. That comes in handy for friends and family with different digital allegiances.</p><p><b>Smartphone Universal Remote</b></p><p><b>$49.95 @ Thegrommet.com</b></p><p>Pronto is an infrared (”IR”), transmitter that turns your iPhone or iPad into a universal remote. It works with components like your cable box, DVD player, Apple TV, gaming systems and more. Through the free Peel app, you can access streaming accounts, like Netflix and Hulu, control up to eight devices per room, browse listings by image, and create custom actions—no remotes required.</p><p><b>Little Sun: Solar Powered Charger</b></p><p><b>$79.00 @ Thegrommet.com</b></p><p>A solar power bank that does more than power you up—it provides opportunity for those without power in the world. The design harnesses the sun to fuel your phone, camera, e-reader, or any USB-powered device—or provides up to 150 hours of light. Its weather- and UV-resistant design is great for camping, festivals and more. Plus, for every charger sold, the same exact one is offered at a fair, locally-affordable price to someone in an underserved area.</p><p><b>Interchangeable Phone Lens Set</b></p><p><b>$40.00 @ Thegrommet.com</b></p><p>Phone cameras are powerful, but they have their limitations. This smartphone lens set gives you more chances to take stunning photos.</p><p>The two tiny-but-robust lenses can be attached to 60 types of devices in seconds—tablets included. The first is a 2-in-1 lens offering both a wide angle and macro lens, while the second is a fisheye lens.</p><p>Expand your shot with a subtle 0.67x wide-angle lens, letting you fit more in your frame while maintaining the integrity of your photos. This is a lens perfect for creating portraits with just the right amount of breathing room.</p><p>Zoom in ten times as close with the macro lens and get the fine details you couldn’t with your phone alone—the subtle hues of an eye, tiny insects, or the delicate bristles on a flower stem.</p><p>You can also amplify your view up to 190-degrees with the fish eye lens. Capture the majesty of landscapes and larger scenes.</p><p><b>Air Pods Protective Silicon Case</b></p><p><b>$19.99 by PodPocket</b></p><p>Keep your Apple AirPods case safe and sound—and in an easy-to-reach spot—with this handy holder. Made of flexible silicone, it fits snugly over the AirPods case and can be attached to a belt, bag, or keychain. It comes in a variety of colors including green and red. </p><p><b>Coin-Sized Tracking Device</b></p><p><b>$29.95 @ Thegrommet.com</b></p><p><b>SMART TRACKER</b></p><p>Find your misplaced keys, wallet, bike, or more in a flash with TrackR Bravo.</p><p>This slim, quarter-sized lost item tracker uses your phone’s Bluetooth, GPS, and the TrackR app. Attach it to anything valuable to keep tabs on its location.</p><p>Lost your keys? Press the app’s “Locate” button and Bravo will ring as long as it’s within your phone’s Bluetooth range. The distance indicator even shows, in real time, how close you are (we call it the “getting warmer” feature).</p><p>If Bravo is out of Bluetooth range, the app tells you the last location picked up by your phone. Even better: the Crowd GPS feature uses the GPS of all the phones in the TrackR network (tens of thousands of them) to locate it. When any TrackR app user is near your item, you (and only you) will get an alert with the location.</p><p>Got your keys but can’t find your phone? Press a button on the TrackR Bravo and your phone will ring . . . even when it’s on “silent” mode.</p><p>Want to avoid losing your keys, wallet, or whatever altogether? Activate a separation alarm that will ring if you walk too far away.</p><p><b>PhoneSoap Smartphone Sanitizer</b></p><p><b>$59.95 @ ItsThoughtful.com</b></p><p>Did you know that the average cell phone is 18 times dirtier than a public toilet! Eeew! Now think about how we place these bacteria bombs in our dark and warm pockets where bacteria breeds best. Then, think about how often it touches your face, your hands and directly or indirectly your children and you’ll start looking for a way to disinfect right away. People with young children who love putting things in their mouth and elderly folks with weakened immune systems will especially benefit from getting PhoneSoap as a gift, but honestly, anyone with a phone needs it!</p><p>PhoneSoap uses UV light to safely and non-toxically sterilize cell phones while charging it. But, what is PhoneSoap? It’s a little case, sort of like an eyeglasses case, with UV lights inside, sort of like a tanning bed for your phone. The lights will destroy 99.9% of bacteria in minutes. The lights are guaranteed for up to 240,000 minutes of disinfecting magic; which is the lifespan of the lights. </p><p><b>Phone Storage Workout Bottle</b></p><p><b>$21.99 @ Uncommongoods.com</b></p><p>To stay connected while you stay hydrated, the solution is clear. This clever bottle holds your smartphone, credit cards, and cash between two water compartments in an eye-catching design. The twist-off bottom incorporates a port for headphones so you can keep listening while your phone is stowed. The tough, Tritan plastic construction is 100% BPA free and leak-proof, making this bottle a great option for your workout, a weekend hike, or day at the beach. Both bottle and lid are dishwasher safe. Made in China. </p><p><b>Bluetooth Speaker</b></p><p><b>$118.15 @ Thegrommet.com</b></p><p>This Bluetooth speaker does much more than just hang out. It’s designed to blend into your home as a piece of modern décor, whether sitting on the coffee table or hanging up on the wall. It can serve as a catchall for keys, change, or your phone. There’s even a charger hidden inside, along with a microphone, so you can use it to make calls, too. And the battery lasts for up to 10 hours of full, clear sound, so there’s no unsightly wires to mar your listening experience.</p><p><b>Portable Photo Printer</b></p><p><b>$129.99 @ Amazon.com</b></p><p>Live it - Love it - Print it: Printing off social media photos has never been easier from your smartphone. Connect your social media accounts to the free-to-download HP Sprocket App and instantly turn those photos into colorful prints</p><p>A Social on-the-go portable printer: Sprocket uses seamless Bluetooth connectivity, so you can set it up at parties and events, and everyone can print their favorite moments from their smartphones or tablets</p><p>Have fun - be creative: Customize your photos before you print with the HP Sprocket App to add fun text, borders, emojis, and more. Add a pop of personality for snapshots and stickers that are totally and uniquely you</p><p>Instant snapshots anywhere: This compact photo printer was made to go wherever you do. It easily fits into any bag, so you can create 2x3-inch stickable snapshots whenever the moment strikes</p>",true
2018/09/10/turn-your-old-mobile-into-cash,2018-09-10,turn-your-old-mobile-into-cash,Turn Your Old Mobile Phone Into Cash,,turn-your-old-mobile-into-cash-3ad5f6.jpg,"<p>TURN YOUR OLD MOBILE PHONE INTO CASH</p><p>Old mobile phones are worth money </p><p>If you are like me, chances are you’ll have a few old mobile phones tucked away somewhere in your home.  You may even have several old iPad tablets lying around.</p><p>Statista’s latest 2018 data showed that 95.36% of Americans aged 18 to 29 owned a mobile phone.   They are followed closely by 30 to 49-year olds (92.65%) and 50 to 64-year olds (72.71%).  </p><p>The life expectancy of a mobile phone or device usually is 2 years.  That means there must be many old mobile devices in American homes.  These devices are not likely to be used again as their owners move to newer and better models.  They are locked away in cupboards or hidden inside boxes. These electronics have value.  Owners can trade them for cash. </p><p>Cash? That’s right! Your old mobile phone, tablet or camera can all fetch money.  Read on to find out how.   </p><p>What mobile devices can you sell?</p><p>Smartphones, Androids, and Tablets have value in the resale market.  So do iPods, digital cameras like GoPro, smart TVs, and smartwatches.  </p><p>If you have the original box, charger, cables, manual and software, the device could probably fetch a lot more cash. </p><p>Where to sell?</p><p>Many resellers that will trade cash for your devices and gadgets. These include pawnbrokers, cash converters, second-hand stores, and others.  If you do not have the time to visit one of these brick-and-mortar establishments, then you can consider selling the item online</p><p>To sell online, you can, do it yourself by posting an ad on eBay or you can use an online trader.</p><p>Online buyback traders are quite easy to find.  Type in a keyword phrase like ‘sell old iPhone’ and a dozen or so websites will appear in the search engine.   </p><p>Why sell online?</p><p>For a start, online is convenient.  Most <a href=""/"">online buyback</a> traders will also give instant quotes for your item so you will know how much you can make.  They pay cash and buy both damaged and undamaged electronics.  </p><p>Some of the things most businesses will buy include Samsung Androids, iPhones, iPads, iPods, Smart TVs, GoPro, and so forth.</p><p>How to find the right <a href=""/"">buyback </a>trader</p><p>When you are sourcing for the <a href=""/"">best trader</a>, have a look at their website to see the list of items they want to buy.  That way you will know that you have an item that has value to them and you’ll not be wasting your time. </p><p>Check out the transaction process.  You want something that is uncomplicated.  Most sites will have easy-to-use pull-down menus to automate the transaction.  They may also have drop-off depots or free postage mailing options so you can easily dispense of the device. </p><p>An important thing to do when choosing the right trader is to check the testimonials on their website.  Word-of-mouth authentication is probably the best way for you to work out if you can trust the trader.</p><p>Now that you know your old mobile phone, tablet, smartwatch, TV or digital camera is worth cash, you may want to go through the house this weekend and see what treasures you can find.  You never know. That old junk in the drawer may just be able to fetch you some cash.  </p>",true
2018/09/21/iphone-keynote-2018-the-highlights,2018-09-21,iphone-keynote-2018-the-highlights,iPhone Keynote 2018 - the Highlights,"Thousands of excited tech-fans flocked to Cupertino, California on Wednesday September 12th in order to get a sneak peek at the newest products which will soon be available. The event took place in the Steve Jobs Theater at Apple HQ and the announcements were widely met with enthusiasm. Fans were",iphone-keynote-2018-the-highlights-ca6ebd.jpg,"<p>Thousands of excited tech-fans flocked to Cupertino, California on Wednesday September 12th in order to get a sneak peek at the newest products which will soon be available. The event took place in the Steve Jobs Theater at Apple HQ and the announcements were widely met with enthusiasm. Fans were excited to hear that 3 new phones and the Apple Watch 4 would be hitting the market in the coming months. Just in time for Christmas of course!</p><p>iPhone Xs</p><p>The iPhone Xs uses the same super retina display that was so popular on the iPhone X. This OLED technology is able to capture colors and contrast with more accuracy than any previous display. The screen is slightly bigger than that of the iPhone X at 5.8 inches. The phone is also installed with state of the art processing technology. The A12 Bionic chip is capable of performing 5 trillion operations per second. Coincidentally, the A11 chip was only able to perform 600 billion operations per second. In addition, the image capturing quality of the Xs has been improved with smarter HDR technology. This will reduce the amount of blur on photos even when they are taken at high speeds. Apple has also announced that the battery life of an Xs will be around 30 minutes longer than its predecessor. </p><p>Features:</p><p>●	Six-core CPU</p><p>●	Four-core GPU</p><p>●	IP68 waterproof rating</p><p>●	Storage from 64GB to 512GB</p><p>●	7 MP front camera</p><p>●	12 MP dual Camera</p><p>Available for shipping now</p><p>RRP: $999</p><p>iPhone Xs Max</p><p>The Xs Max boasts the largest screen out of any apple phone in history. At 6.5 inches this device will give users an incredibly satisfying viewing experience using the latest display technology. Much like the Xs, it has super retina display and the latest in OLED technology. Watching videos on the go has never been so immersive!</p><p>Features:</p><p>●	Six-core CPU</p><p>●	Four-core GPU</p><p>●	IP68 waterproof rating</p><p>●	Storage from 64GB to 512GB</p><p>●	7 MP front camera</p><p>●	12 MP dual Camera</p><p>Available for shipping now</p><p>RRP: $1099</p><p>iPhone XR</p><p>The introduction of the iPhone XR was welcoming news for iPhone lovers looking for an upgrade without breaking the bank. It has been compared to the iPhone 5c due to its smaller display and slightly downsized features. It comes in a variety of different colours and has been tipped as a product at the top of most children’s Christmas lists this Winter.</p><p>Features:</p><p>●	Six-core CPU</p><p>●	Four-core GPU</p><p>●	IP68 waterproof rating</p><p>●	Storage from 16GB to 512GB</p><p>●	5 MP front camera</p><p>●	9 MP dual Camera</p><p>Available for shipping from October</p><p>RRP: $749</p><p>Apple Watch 4</p><p>Announcement of the new Apple Watch will be mellifluous to many. One of the main complaints about the Apple Watch 3 was issues with cellular connection and the size of the display. Apple have confronted both these problems and guaranteed a new, flawless version. </p><p>Available for shipping now:</p><p>RRP $499</p><p>After the Keynote conference many have already begun drafting their Christmas Lists! </p>",true
2019/01/17/5-steps-to-get-most-money-selling-an-old-or-broken-ipad,2019-01-17,5-steps-to-get-most-money-selling-an-old-or-broken-ipad,5 Steps to Get the Most Money Selling an Old or Broken iPad,,5-steps-to-get-most-money-selling-an-old-or-broken-ipad-3e2ceb.jpeg,"<p>Do you have an old or broken iPad just sitting around collecting dust? Why not recycle your old iPad and earn some extra cash by doing so? The longer you hold onto your iPad the more it will lose its value even if you have only used it a few times. </p><p><b>Steps to Sell Your Used iPad for the Most Cash</b></p><p><b>Step 1: Back it up</b></p><p>If you don't have anything important you wish to save then you can skip this step. However if you have photos, contacts, or anything else that you want to transfer to your new iPad then this as an important step for you. </p><p><b>The easiest way to backup your iPad (and not use up all your iCloud storage) is by plugging it into your computer and opening iTunes.</b></p><p>Once you plug in your iPad and open iTunes, it will automatically start backing it up. If for some reason it doesn't do so you can also manually start the back up process and save all your important information for future use. </p><p><b>Step 2: Sign out of iCloud</b></p><p>Open up your settings, tap on your name, scroll down the page and click “Sign Out.” You’ll be prompted to enter your password and then hit “Turn Off.” If your iPad is broken and you cant sign out from the iPad you can also sign out of your iCloud account remotely from your computer.<b></b></p><p><b>Step 3: Erase your iPad</b></p><p>Go back to your settings. This time, go to <i>General &gt; Reset &gt; Erase All Content and Settings</i>. You may be prompted to enter a password. After select ""<i>Erase iPad</i>"".</p><p><b>Step 4: Gather your iPads accessories and box that it came with</b></p><p>If you don't have the accessories or box anymore do not worry you can still sell it. But, if you do have them it will help bring up the value ensuring you get the most cash for your iPad.</p><p>●      Original iPad box</p><p>●      Apple charging cable</p><p>●      Apple wall adapter</p><p>●      Headphone (if unused in original packaging)</p><p><b>Step 5: Find the best place to sell your iPad for the best price</b></p><p>There are many ways and places that you can sell your iPad.</p><p><b>Option 1: Sell your iPad yourself</b></p><p>You can sell your iPad through sites like Craigslist, Offer Up, or Facebook Marketplace. However you will have to deal with buyers haggling you on price or people flaking on the meet up. After you find a buyer you still have to set up a time and place to meet that is OK for both parties. This can be frustrating and often times just not worth the hassle.</p><p><b>Option 2: Sell it to a 3rd party retailer</b></p><p>You can sell your iPad through eBay or Amazon but you will be charged an arm and a leg on fees. Your carrier store like Verizon or AT&amp;T also buyback old iPad's but only offer store credit that you have to spend at their stores. Like the old phrase goes ""<i>Cash is KING</i>""</p><p><b>Option 3: Get a quote from us and sell your iPad today</b></p><p>Here at <a href=""/"">OCBuyBack.com</a> we have an easy to use process without any fees or tricks. After you enter your iPads model and condition you will receive an instant quote. We will provide you with a free prepaid shipping label and a shipping kit if you do not have a box. We also offer local drop at our location in Brea California.  Next select the payment method you prefer; check or PayPal. Payments are processed within 24 hours of your device being received and inspected.  We make selling your old iPad super simple without the hassle. Let us do the hard work for you!</p><p><a href=""/sell/tablet/apple"">Click here to get an instant quote for your used iPad and start selling today!</a></p>",true
2019/01/21/where-can-i-sell-my-iphone-ecoatm-vs-ocbuyback,2019-01-21,where-can-i-sell-my-iphone-ecoatm-vs-ocbuyback,Where Can I Sell My iPhone: EcoATM vs OCBuyBack,,where-can-i-sell-my-iphone-ecoatm-vs-ocbuyback-f4e3cf.jpg,"<p><i>Online BuyBack Company Pays 100% More Than EcoATM</i></p><p><i></i></p><p>Are you looking to sell your used or broken iPhone for top dollar? I'm sure you have seen an EcoATM at your local mall with the words, ""instant cash for your cell phone"". Sure, instant cash is good but wouldn't you want to get paid the <i>Most </i>for your beloved device? <a href=""/"">OCBuyBack</a>, an online buyback company pays 100% or more for your used or broken phone. Don't believe me? Let's compare EcoATM vs OCBuyBack, to see how online buyback companies stack up against your local kiosk. </p><p><b>EcoATM vs OCBuyBack: Which One Pays More</b></p><p>How much you get paid depends on your device's model, gigabyte, carrier and condition. Both companies have a website in which you can enter your device details and receive an instant offer. Here are examples of 3 offers: </p><blockquote>
<a href=""https://www.ecoatm.com/Home/"">EcoATM</a>: </blockquote><blockquote>Apple iPhone 8 256gb, T-Mobile, Good Condition - Pays $75</blockquote><blockquote>Apple iPhone 7 Plus 32gb, AT&amp;T, Good Condition - Pays $50</blockquote><blockquote>Apple iPhone 6s 128gb, Verizon/Unlocked, Good Condition - Pays $35</blockquote><blockquote>
<a href=""/"">OCBuyBack</a>: </blockquote><blockquote>Apple iPhone 8 256gb, T-Mobile, Good Condition - Pays $312</blockquote><blockquote>Apple iPhone 7 Plus 32gb, AT&amp;T, Good Condition - Pays $242</blockquote><blockquote>Apple iPhone 6s 128gb, Verizon/Unlocked, Good Condition - Pays $126</blockquote><p>OCBuyBack and EcoATM also buy more than just iPhones, among other devices include iPads. Here is a price comparison: </p><blockquote>
<a href=""https://www.ecoatm.com/"">EcoATM</a>:</blockquote><blockquote> Apple iPad Mini 2 128gb, Wifi, Good Condition - Pays $10</blockquote><blockquote>Apple iPad 4 64gb, Verizon, Good Condition - Pays $10</blockquote><blockquote>
<a href=""/"">OCBuyBack</a>: </blockquote><blockquote>Apple iPad Mini 2 128gb, Wifi, Good Condition - Pays $86</blockquote><blockquote>Apple iPad 4 64gb, Cellular, Good Condition - Pays $84</blockquote><p>As you can see OCBuyBack takes the lead on payouts. However, EcoATM does pay slightly more than carriers like Verizon, AT&amp;T, T-Mobile and other trade-in services. Do note these price comparisons are for devices in ""good condition"" if you have an iPhone or iPad in ""Like New"" condition, you should be getting more. Make sure to check with both websites regarding your particular device/s. </p><p><b>Other Pros and Cons: EcoATM vs OCBuyBack</b></p><p><b>EcoATM</b>:</p><p><b>Cons</b>: </p><p>-The obvious one is you get a ridiculously lower price than OCBuyBack.</p><p>-Some machines are prone to running out of cash and instead issuing checks; however, ecoATM states this occurs less than one percent of the time as the company continually monitors its machines and refills them every week. If a machine does run out of cash, customers are prompted to call customer service and arrange to have a check mailed to them.</p><p>-Others claim ecoATMs encourage crime because they make it easy to quickly turn old smartphones into cash. Many, including some law enforcement officials, believe criminals will steal more devices because they can cash in on stolen devices and get away undetected.</p><p><b>Pros</b>: </p><p>-You get instant cash on the spot when you deposit your phone in the kiosk and you help the environment by recycling. </p><p>-Most major malls carry a kiosk near you. </p><p><b>OCBuyBack</b>: </p><p><b>Cons</b>: </p><p> -Your iPhone has to be shipped and received by OCBuyBack before you get paid. </p><p>- If your device is not in the matching condition as what you selected on the website you will be subject to a re-quote. </p><p><b>Pros</b>:</p><p>- Get 100% or more on your payout</p><p>- Shipping is free or you can also drop off your device at their location in Brea CA</p><p>- 3 payout options available: Paypal (instant cash), Check, or e-Check (Also, instant cash) </p><p>- Help recycle your device in an environmentally responsible way. </p><p>-Customer service is speedy via email, phone or text. Track your order every step of the way. You can choose to have your device returned to you at any time. </p><p>The two companies are a great place to sell your used or broken device. What you choose depends on which attributes represent a better deal for you. If you want to get the most value and convenience then OCBuyBack is the choice, If you want fast cash today then EcoATM is your best option. In both cases, it's always a good idea to check directly on the websites for current offers and to ensure the best benefits to you. </p><p><i></i></p><p><i></i></p>",true
2019/01/3/the-best-way-to-sell-your-iphone-online,2019-01-03,the-best-way-to-sell-your-iphone-online,The Best Way To Sell Your iPhone Online,,the-best-way-to-sell-your-iphone-online-5da6f4.jpg,"<p><i>How to get to most cash for your used cell phone</i></p><p>The closer we get to a new iPhone model release, the less money your old phone will be worth. It is said that the current iPhone will drop by $100 when the new model is released. The older cell phone models can drop by 10-20 percent. If you want the most trade in value then don’t wait to sell your old phone.</p><p>There are many ways to sell your used iPhone, sure you can list your phone on Craigslist or eBay but you will have to wait until it sells, pay fees, pay shipping costs and deal with possible scammers and flakes or you can sell your phone by using a service. <a href=""/"">OCBuyBack.com</a> is a third party buy back company that makes it easy to sell your device by using 3 easy steps. All the price comparisons are done for you so you can rest assure you are getting the highest price for your device and save time too. This is by far the easiest, fastest and safest way to sell your iPhone online. Before I go into detail on the 3 step process here are some important steps to take before selling your phone. </p><p><b>Prepping Your Device Before Selling</b></p><p>*Backup all your important data</p><p>*Turn off “find my iPhone”</p><p>*Log out of Apple ID</p><p>*Reset all settings and sign out of all apps</p><p>*Remove your SIM card*Wipe it clean with a soft cloth and remove from case. Headphones and accessories are not required for cell phones. </p><p><b>Step 1: Select your device</b></p><p>Go to <a href=""/"">OCBuyBack.com</a>, click on “<a href=""/"">Get Your Cash</a>”, then select the device you want to sell. You will need to know the Model, Carrier, Gigabyte, and condition (I will explain the conditions below). Once you have selected your phone details then you will get an offer. Click on “<a href=""/sell/cell-phone/apple"">Sell Now</a>” </p><p><b>Step 2: Select how you want to ship</b></p><p>For this section we have 3 options; </p><p>Prepaid Label: Print out a free shipping label and use your own box to ship</p><p>Shipping Kit: Get a free shipping box kit with label sent to you (slowest turnaround process)</p><p>Local Drop Off: Drop off your phone to our local drop off center located in Brea, CA. </p><p><b>Step 3: Select how you want to get paid</b></p><p>You may select from 3 options</p><p>Paypal:  Immediate cash in your account issued on the same business day that your phone is received (3% PayPal processing fee applies).</p><p>Check: A check will be issued and sent out via  USPS mail on the same business day the phone is received. Delivery usually takes between 2-5 business days.  </p><p>Cash: This option is only available for local drop off </p><p><b>Device Condition</b></p><p>You will get the most cash if your phone is in mint condition but you will still do well if it’s in good condition. Most used cell phones fall under the “good” condition category, if you are unsure of the condition of your phone this is a good place to start. As long as your cell phone does not have a cracked screen or back, all buttons, mics, and speakers are working well, the phone holds its charge and turns on, your phone will be considered “good” condition. </p><p>Like New: </p><p>Your item is in Like New condition if it is in 100% perfect condition like new out of the box, no scratches or scuffs. Battery health must show above 90% for iPhones under Battery Health in the settings</p><p>Good Condition: </p><p>Good condition is the most common device condition. Average wear &amp; tear consistent with normal use but 100% fully functional. No water damage.</p><p><b>What if your iPhone is damaged? </b></p><p>Don’t worry you can still sell a damaged iPhone. If it has a cracked or broken screen don’t bother to repair before selling it’s not worth it, plus cheap parts can ruin your phone.</p><p>Minor Damage</p><p>Minor damage is one of any of the following: cracked screen with touch response and no dark spots or dead pixels, cracked camera, bad button, or bad headphone jack. If your items have more than one these issues it will be considered as damaged. Any items with water damage will be considered DAMAGED even if functioning. </p><p>Damaged</p><p>Any device that is damaged with more than one issue from the minor damage category, water damage, bent and/or dented housing, cracked LCD with no display. </p><p><b>Order Tracking</b></p><p>You are in control! You are given a tracking number and receive email updates on every step of the process. You may call, text or email with any questions you may have. Don’t worry your device is in good hands, OCBuyBack ensures every device is thoroughly tested using PhoneCheck and payment is issued immediately thereafter.</p><p><b>Who is OCBuyBack?</b></p><p>OCBuyBack is a buy back company providing a service to sell your used or broken iPhone for the highest payout. Based out of Brea, CA with over 6 years experience in buybacks. They started locally and have recently launched <a href=""/sell/cell-phone/apple"">OCBuyBack.com</a> to be able to offer high payouts to everyone in the U.S.A. </p><p><b>5 Star Reviews</b></p><p><a href=""https://g.co/kgs/N9dJJY"">OCBuyBack</a> has great reviews on Google and <a href=""https://www.trustpilot.com/review/www.ocbuyback.com"">Trustpilot</a>. Here are some of the things customers are saying about OCBuyBack:</p><p> “<a href=""https://g.co/kgs/N9dJJY"">They provided a very competitive price on my iPhone 10. Customer service was superb.  I will definitely use them again</a>.”- Lake Elsinore, CA</p><p>“<a href=""https://g.co/kgs/N9dJJY"">This was the easiest transaction I ever had selling my phone. In a matter of 4 days I had a check in my hand and for more than anyone else offered. I would recommend OC BuyBack to anyone trying to sell their phone.</a>” - Boca Raton, Florida.</p><p>“Awesome service. <a href=""https://www.trustpilot.com/review/www.ocbuyback.com"">There aren’t any words that can describe how honest and helpful the owner is. I looked all over the place and went to a few, this place is by far the best service I could ever ask for. You won’t be disappointed coming here. They’re awesome and fast as well</a>.” -Huntington Beach, CA</p><p>Using a service like OCBuyBack is the best way to sell your iPhone online. No hassles, no meeting up with strangers just 3 easy steps to turn your old phone into cash. Simply select your device, Choose to ship for free or drop it off locally and then get cash in your pocket. No need to call around for the highest quote, <a href=""/"">OCBuyBack</a> does that for you. It can’t get better than that! </p>",true
2019/02/1/is-your-old-ipod-worth-anything-where-can-you-sell-your-ipod-for-a-good-price,2019-02-01,is-your-old-ipod-worth-anything-where-can-you-sell-your-ipod-for-a-good-price,Is Your Used iPod Worth Anything? Where Can You Sell Your iPod for a Good Price?,,is-your-old-ipod-worth-anything-where-can-you-sell-your-ipod-c9e0fe.jpg,"<p>Is Your Used iPod Worth Anything? Where Can You Sell Your iPod for a Good Price?</p><p>The iPod is almost 20 years old, hard to believe it's been that long. With all the new Apple gadgets like the iPhone, iPad even the iWatch your old iPod has been forgotten in your drawer. If your not using that iPod, dust it off it could be worth some cash. <a href=""/"">OCBuyBack </a>offers an <a href=""/sell/ipod/apple"">iPod buyback program</a> to make sure your are getting paid as much as possible. With the iPod buyback program you can get paid higher than other companies like Gazelle, ecoATM, Walmart, BestBuy, or even Apple itself.  </p><p>Can you get money for an old or used iPod? Yes, turn in into cash by using <a href=""/sell/ipod/apple"">OCBuyBack</a>. </p><p>Here is what OCBuyBack is paying for an <a href=""/sell/ipod/apple/ipod-touch-5th"">Apple iPod Touch 5th Gen 64GB in good condition</a> vs other companies: </p><p><a href=""/sell/ipod/apple/ipod-touch-5th"">OCBuyBack $56</a>, EcoATM $30, Gazelle $30.</p><p>Apple doesn't offer any cash for an iPod like that instead they do offer to recycle it for you. Not all iPods are worth something. If they’re completely busted or too old to be of any value, the best thing you can do is recycle your device. All electronics are made of materials and chemicals which are harmful and end up in landfills creating a bigger <a href=""/blog/2018/12/16/the-damage-of-e-waste-and-how-we-can-help"">problem with e-waste</a>. The multitude of toxins entering the landfills are poisoning our land and water. Luckily, you can help by <a href=""/blog/2018/10/2/how-and-why-you-should-recycle-your-cell-phone"">recycling and disposing of your electronics properly</a>. </p><p>OCBuyBack's program compares other sites for you to make sure you are getting paid the most. This small company keeps low overhead costs to allow room for higher payouts. They focus on customer service and fast payment with excellent Google and TrustPilot ratings.   </p><p>Sell your old iPod to OCBuyBack</p><p>Are you ready to get paid? Selling your Apple device to OCBuyBack is very simple and only takes a few steps. First, get an offer by visiting <a href=""/"">ocbuyback.com</a>, here you will see what <a href=""/sell/ipod/apple/ipod-touch-5th"">your iPod is worth</a>. Next, select how you want to ship your device. OCBuyBack sends you a prepaid shipping label which you place on a box with your iPod inside, then send it to them and they will mail you a check (If you prefer instant cash you can select to get paid via PayPal instead). The entire process usually takes about a week. Turning that old iPod into cash couldn't get any simpler. </p>",true
2019/02/22/galaxy-s10-phone-lineup-release-date-price-and-specs,2019-02-22,galaxy-s10-phone-lineup-release-date-price-and-specs,"Galaxy S10 Phone Lineup: Release Date, Price, and Specs",,galaxy-s10-phone-lineup-release-date-price-and-specs-5ce5f2.jpg,"<p><b>Galaxy S10 Phones: Release Date, Price, and Specs</b></p><p>Samsung is celebrating its 10th anniversary of the Galaxy S series with a strong line up of devices. How strong is the lineup? Samsung is releasing 4 new Galaxy S10 phones. There is the cheaper S10E with a price of $750, the S10 at $900, the S10 Plus at $1000, and Samsung's first 5G phone, the Galaxy S10 5G. (price TBA). </p><p>Samsung is pushing the boundaries of excitement while it defends its title as the world's top smartphone brand.</p><p>How exciting is the new lineup?</p><p>Samsung is going with an edge to edge screen with a small bezel. The ability to wirelessly charge another device. For this lineup Samsung is using an Infinity-O display. Samsung is going big with the world's first ultrasonic in-screen fingerprint reader. The ultrasonic in-screen fingerprint reader allows users to unlock their device with sound waves. The devices will have up to 4 rear cameras, up to 1TB of built in storage, Android pie, the all new One UI, snapdragon 855 processor and 5G capabilities for the S10 5G.</p><p>One thing to note is that none of the Galaxy S10 Phones has a 3D face unlock. The 5G model will come with a 3D depth-sensing camera on the front and back, but that will only assist with photography and AR.</p><p><b>Galaxy S10 Plus, S10, S10E: How and When to Pre-Order</b></p><p>Preorders started on Thursday February 21 at 12:01 AM. Orders are expected to arrive on March 8th which is the same day that the carrier stores will have them available in store. </p><p><b>Galaxy S10 $900:</b></p><p>The Samsung Galaxy S10 has a 6.1 inch screen with slim bezels around the side. </p><p>The S10 comes with 3 rear cameras, a 16 megapixel ultra wide sensor with a fixed focus. The rear camera comes with 12 mega pixel dual aperture wide angle lens with OIS. It also has 12 mega pixel telephoto lens with OIS which achieves 2x optical zoom. This will enable the user to take portrait photos with any of the sensors with just a toggle of the screen. </p><p>On the front side of the phone you get a 10 mega pixel front facing camera with dual aperture. This means that the camera lets in more light when it senses that it is in a low light environment. </p><p>The Galaxy S10 comes with an 8GB ram and you will be able to choose between 128GB or 512GB. </p><p>The Galaxy S10, S10 Plus, and S10E will come in a variety of colors. You will be able to choose from Flamingo Pink, Canary Yellow, Prism Green and Prism Blue, as well as Prism Black and Prism White.</p><p><b>Galaxy S10 Plus $1000:</b></p><p>For $100 more you get a larger 6.4 inch screen and a bigger battery. You will get the same rear camera as the S10. For the front facing camera the S10 Plus adds a second selfie lens to the 10 mega pixel camera. Also included is an 8 mega pixel sensor that takes depth mode portrait selfies using hardware rather than software.</p><p>The S10 Plus will be available with an 8GB ram and you can choose to go with 128GB or 512GB. However, if you want to go BIG you can buy the 12GB ram with 1TB storage capacity. </p><p><b>Galaxy S10E $750:</b></p><p> The compact Galaxy S10E comes with a 5.8 inch screen. The design of the S10E is shorter and thinner that last years Galaxy S9. Many say that this is Samsung rival to Apple's iPhone XR. </p><p>On the S10E you will downgrade for 2 rear cameras compared to 3 on the S10 and S10 Plus. The rear camera comes with wide and ultra wide sensors but no telephoto lens. The front facing camera is the same as the S10 with a 10 mega pixel camera. The S10E is flat so you will lose out on the edge to edge screen. You will also have to do without the fingerprint sensor. However Samsung included a sensor into the power button on the right side of the phone. </p><p>With a smaller phone comes a smaller battery. Your options for storage on this device are an 8GB ram with storage options of 128GB or 256GB </p><p><b>Galaxy S10 5G Price TBA:</b></p><p>The Galaxy S10 5G will come with a 6.7 inch screen. The front will have two cameras and the rear will have 4 cameras. This phone comes with 4 rear cameras because the 5G model gets a 3D depth-sensing camera in addition to all the lenses on the S10 Plus. </p><p>The Galaxy S10 5G comes with a bigger battery and a 8GB ram and 256GB storage capacity. One thing to note is that this phone will be the only S10 model without the micro SD slot. This phone will launch exclusively on Verizon. It will be added to the other carriers later on in the year. The pricing on the S10 5G is still to be announced so be on the lookout for that. </p><p>It really looks like Samsung went all out with this 2019 lineup and is turning up the heat on its competitors. If you are looking to upgrade to any of the Samsung S10 phones <a href=""/sell/cell-phone"">sell your old phone</a> and use that cash to help ease the price tag of these new devices.</p><p>Here at <a href=""/"">OCBuyBack.com </a>we have an easy to follow 3 step process to <a href=""/sell/cell-phone"">selling your old phone</a>. Simply select the the phone you want to sell, select its condition and storage and boom you get an offer in seconds! After you can select to ship the device using our prepaid label or if you are local to our area (Brea,Ca) you may select to drop off at our location. </p><p>Let us help you get the new Galaxy S10 phones by putting cash in your pocket for your old phone. Click <a href=""/sell"">here </a>to get an instant offer now!</p>",true
2019/02/6/2019-new-iphone-rumors-and-what-to-expect,2019-02-06,2019-new-iphone-rumors-and-what-to-expect,2019 New iPhone Rumors and What to Expect,,2019-new-iphone-rumors-and-what-to-expect-7977fb.jpg,"<b>2019 New iPhone Rumors and What to Expect</b><p>2019 is here and with that comes a new lineup of iPhone models. Last year Apple unveiled the Apple iPhone XS, XS Max, and XR. The XS models have a hefty price tag starting at $999 while the XR starts at $749. </p><p>We can expect a similar lineup in 2019 with a continuation of the XS and XR models. Rumors suggest that Apple will continue with the OLED screens and possibly integrate that as well with the iPhone XR which currently uses a LED screen. This may or may not be true as an LED screen is much cheaper than an OLED screen. The names of the new iPhones are still up in the air but we can guess that they will be called iPhone 11 or iPhone XI.</p><p><b>Possible Upgrades and Features of the 2019 iPhone</b></p><p>With the release of new iPhones comes new features and upgrades. Apple will most likely use upgraded A13 chips which bring improved performance and efficiency. It is said that the 6.5 inch version of the new iPhone will come with triple lens rear camera while the smaller models will keep the dual rear camera. The triple lens rear camera offers benefits like better 3D sensing, 3X optical zoom capabilities, and better performance in low light. There are some rumors saying that the new iPhones will be compatible with the Apple Pencil but this is yet to be confirmed. Apple is most likely going to go away with the traditional lightning charging cable and replace it with the USB Type C charging cable. Apple has already adopted this change with their new iPad Pro Models.<b></b></p><p><b>Will Apple Keep the Notch or Go Away With It in 2019? </b></p><p>Rumors suggest that Apple will keep the notch through 2020 when they will likely adopt Samsung's new version of the notch to be announced with the Galaxy S10 series. </p><p><b>Launch Date</b></p><p>If Apple sticks to their traditional release dates, we will be seeing the new iPhone in September 2019. </p><p><b>Looking to Upgrade to the 2019 iPhone?</b></p><p>Are you planning on upgrading to the 2019 iPhone? The new iPhone has yet to be unveiled but it sounds like we have something exciting to look forward to come September. Sell your current or old iPhone and use that money towards the new 2019 iPhone. Here at OCBuyBack we offer excellent prices on most smartphones, tablets, mac books, and iPods. Let us help you upgrade to the new iPhone by offering the best payout for your old one. <a href=""/sell/cell-phone/apple"">Click here</a> to sell your old iPhone today!</p>",true
2019/03/12/how-to-unlock-your-iphone-for-use-with-a-different-carrier,2019-03-12,how-to-unlock-your-iphone-for-use-with-a-different-carrier,How To Unlock Your iPhone For Use With A Different Carrier,,how-to-unlock-your-iphone-for-use-with-a-different-carrier-276426.jpg,"<p><b>What Is An Unlocked iPhone?</b></p><p>Unlocking is a term used in the mobile industry to define a mobile device that can be used with different carriers other than the original carrier. Most of the time when you purchase your iPhone from the carrier stores the iPhone will be locked to that carriers network. This means that you can only use that device with that carrier. The carriers have certain requirements that have to be met before they can unlock your iPhone. For most carriers the main requirement is that the device be fully paid off from any lease agreement. If you have paid off your device contact your carrier and request an unlock. Certain carriers will also unlock your iPhone if you are going out of the country. For this option your account must be in good standing. </p><p><b>Steps to Unlock your iPhone:</b></p><p>Step 1: Contact your carrier, only your carrier can unlock your iPhone</p><p>Step 2: Request an unlock from your carrier. Make sure you have met the carriers requirements for an unlock. </p><p>Step 3: After your carrier unlocks your iPhone follow the steps below. </p><p><b>Finish the unlocking process with a SIM card other than your current carrier:</b></p><p>Step 1: Remove your sim card and insert your new sim.</p><p>Step 2: Go through the initial set up process with your new sim.</p><p><b>If you do not have a sim card use iTunes:</b></p><p>Step 1: Plug in your iPhone to iTunes and back up the iPhone.</p><p>Step 2: Restore the iPhone from the back up.</p><p><b>Make More Money Selling Your Unlocked iPhone</b></p><p>Unlocked <a href=""/sell/cell-phone/apple"">iPhones </a>are worth more money than locked <a href=""/sell/cell-phone/apple"">iPhones</a>. Many people unlock their device prior to selling it so that they can get the highest value possible. Most <a href=""/"">cell phone buyback</a> companies will pay more for an unlocked iPhone. </p><p><b>Ready To Sell Your Unlocked iPhone?</b></p><p>If you are looking to <a href=""/sell/cell-phone/apple"">sell your unlocked iPhone</a>,well you are in the right place. <a href=""/"">OCBuyBack.com</a> offers an easy 3 step process to <a href=""/sell/cell-phone/apple"">sell your iPhone online</a>, with the highest payouts in the market and a smooth customer experience from start to finish. Simply visit the <a href=""/"">website,</a> select your device condition and storage, and receive an instant offer. Enjoy free shipping on all orders and you can even request a free box to ship in. <a href=""/sell/cell-phone/apple"">Selling your iPhone</a> is <b>Fast</b>, <b>Easy</b>, and <b>100% Safe</b>. <a href=""/sell/cell-phone/apple"">Click here to sell your iPhone</a> today!</p>",true
2019/03/13/top-health-fitness-apps-for-iphone-2019,2019-03-13,top-health-fitness-apps-for-iphone-2019,iPhone's Top Health & Fitness Apps - 2019,,top-health-fitness-apps-for-iphone-2019-933ddb.jpg,"<p>  As the end of March is approaching, it will be officially three months after renouncing your New Year’s resolution! </p><p>     Some of you have stayed committed to your goals and some of you may have had a rough start. Either way, whether you have stayed committed or are struggling to get back on track, here are top five health &amp; fitness apps for iPhone in 2019 that can help aid you along your health and fitness journey:</p><p><b>Calm</b></p><p>     Sometimes we focus only on our physical fitness that we forget about our mental wellness. With over a million downloads, Calm has been awarded the app of the year and is known for being the #1 app that will help you meditate, relax, focus, and sleep better. Recommended by many top psychologists, mental health experts, and therapists, Calm is the perfect app for beginners, intermediate, and advanced users. The app has several sessions that only take a few minutes out of your day, which can easily incorporate mindfulness into your daily life to help keep a balanced mental state. Calm is perfect for even the busiest of schedules! </p><p>Check out the Calm app on the Apple store to join in with millions of others experiencing better sleep, lower stress, and less anxiety with guided meditations, sleep stories, breathing programs, stretching exercises, and relaxing music. </p><p><b>Price: Free with In App Purchases</b></p><p>Download: <a href=""https://itunes.apple.com/us/app/calm/id571800810?mt=8"">https://itunes.apple.com/us/app/calm/id571800810?mt=8</a></p><p><b>Sweatcoin - Sweat for Coins </b></p><p>     Some people work to get fit, others need a bit more motivation. Sweatcoin is the top rated app for your Apple Watch where movement actually has a value! Sweatcoin converts your steps into currency units, which you can then spend them on goods and services on their marketplace that include a variety of partners to choose from. You can also exchange them with friends &amp; family. Overall, the fitter and healthier you become the wealthier you get!</p><p>So if you want an app that basically pays you to move and exercise, definitely check out Sweatcoin. And did I mention it costs nothing to use? Surely, an easy way to make some side cash while getting fit! A win-win in my books!</p><p><b>Price: Free</b></p><p>Download: <a href=""https://itunes.apple.com/us/app/sweatcoin-sweat-for-coins/id971023427?mt=8"">https://itunes.apple.com/us/app/sweatcoin-sweat-for-coins/id971023427?mt=8</a></p><p><b>MyFitnessPal</b></p><p>     MyFitnessPal is the best all-in-one health &amp; fitness app that provides each user with their personal calorie counter and exercise tracker/fitness journal. MyFitnessPal has been rated the #1 health and fitness app for four years straight and is consistently one of the top downloads in the health and fitness category due to its massive database of foods. The app offers quick bar scan capabilities, which makes tracking food fast and easy! It also offers easy connectivity with other popular apps like MapMyFitness and Fitbit. </p><p>MyFitnessPal app has more to explore, from a social community to recipe recommendations and the ability to log your exercise and steps, while receiving support and motivation along the way.</p><p>So whether you want to lose weight, tone up, get healthy, change your habits, or start a new diet, you’ll love MyFitnessPal. </p><p>Price: Free with In App Purchases </p><p>Download: <a href=""https://itunes.apple.com/us/app/myfitnesspal/id341232718?mt=8"">https://itunes.apple.com/us/app/myfitnesspal/id341232718?mt=8</a></p><p><b>Fitbit  </b></p><p>     Use the Fitbit app to track activity, record workouts, log food, monitor your heart rate, measure hydration, and set &amp; manage goals. Whether you have a fitbit to sync or not, you can still enjoy the basics of the app by using your smartphone.</p><p>If you want to live a healthier, more active life check out Fitbit on the Apple store. </p><p><b>Price: Free</b></p><p>Download: <a href=""https://itunes.apple.com/us/app/fitbit/id462638897?mt=8"">https://itunes.apple.com/us/app/fitbit/id462638897?mt=8</a></p><p><b>BetterMe: Weight Loss Workouts</b></p><p>     BetterMe aims at helping you achieve your personal health and fitness goals by building and modifying your meal and workout plans. The app offers an abundant amount of exercises and workout plans to choose from that vary in length and intensity. BetterMe guides you along your health and fitness journey by offering tips and guides on proper diet; setting your customized weekly meal plans; offering sprint interval workouts; demonstrating every step in their instructive videos; and lastly, by providing tips on how to implement proper exercise execution.</p><p>BetterMe lets you have the expertise of fitness and diet specialists in the palm of your hand without ever having to hit the gym! </p><p><b>Price: Free</b></p><p>Download: <a href=""https://itunes.apple.com/us/app/betterme-weight-loss-workouts/id1264546236?mt=8"">https://itunes.apple.com/us/app/betterme-weight-loss-workouts/id1264546236?mt=8</a></p><p>Hopefully, one of these apps will be of interest to some of you looking to further enhance your physical and mental fitness. After all, health is wealth!</p><p>So there it is folks, the top five health and fitness apps of 2019 for iPhone to help you reach your health and fitness goals of the year! </p><p><i>Written by Heidi De Rosas</i></p>",true
2019/03/22/what-to-do-if-your-iphone-was-lost-or-stolen,2019-03-22,what-to-do-if-your-iphone-was-lost-or-stolen,What To Do If Your iPhone Was Lost Or Stolen,"What To Do If Your iPhone Was Lost Or StoleniPhone's are lost or stolen everyday all over the world. iPhones have become a favorite target for thieves due to their high resale value. To combat this global issue, Apple implemented Find my iPhone and Activation lock. With find my iPhone you are able",what-to-do-if-your-iphone-was-lost-or-stolen-310287.jpg,"<p>iPhone's are lost or stolen everyday all over the world. iPhones have become a favorite target for thieves due to their high resale value. To combat this global issue, Apple implemented Find my iPhone and Activation lock. With find my iPhone you are able to track, disable, and even erase an iPhone if has been lost or stolen.</p><p><b>What is Activation Lock?</b></p><p>Apple released Activation lock in 2013 with iOS 7. Activation lock renders an iPhone practically unusable requiring the original owners Apple ID and password in order to activate the iPhone. What this means is that if someone other than you has your iPhone it will still be tied to your Apple ID and will not be able to be used on another account. Activation lock is tied to find my iPhone. Activation lock is enabled when find my iPhone is turned on. You can check if it is enabled following the steps below.</p><p><b>How To Enable Find My iPhone</b></p><p>Open the Settings app</p><p>Tap on your profile.</p><p>Tap on ""iCloud.""</p><p>Tap ""Find My iPhone.""</p><p>Make sure Find My iPhone is toggled to the on position (in green).</p><p>At this screen, enable ""Send Last Location"" for extra security. If your battery is critically low, it'll send its last known location to Apple. If your iPhone is lost and your battery dies, this is a feature you'll want to have.</p><p>Find my iPhone is the most important feature to have turned on if you have lost your iPhone or have had it stolen. You can take it a step further and have a pass code on and the two factor authentication enabled. </p><p>Two-factor authentication will require an extra verification code to be entered before your Apple ID and iCloud account can be accessed. </p><p><b>Steps To Take When Your iPhone Is Lost Or Stolen</b></p><p>The first step you want to take is to go to <a href=""https://www.icloud.com/"">icloud.com</a> from another iOS device or from your desktop computer. If the device is connected to the network or WiFi the iPhone's approximate location will appear on a map. If the iPhone runs out of battery, loses its connection, or is turned off, Find My iPhone will show the last known location for 24 hours. After that, it can't be located again until functionality is restored.</p><p><b>Activate Lost Mode</b></p><p>The next step you want to do is to place the iPhone in lost mode. Lost mode allows you to place a message and a contact phone number on the iPhone's screen. (ex. This device has been lost, please call 12345678910). Lost Mode can be turned on by following the steps below.</p><p>Go to <a href=""https://www.icloud.com/"">iCloud.com </a>or open the Find My iPhone app on another device. Sign in with your Apple ID.</p><p>On the web, click on ""All Devices"" and find the missing device in the list. On iOS, scroll down to the missing device and tap it.</p><p>On the web, a menu will pop up with the option to play a sound, erase the phone, or enable Lost Mode. On the iPhone, tap ""Actions"" to get to this menu. Choose Lost Mode.</p><p>If activating Lost Mode on a device without a pass code, you will be prompted to create one.</p><p>You'll be asked to enter a phone number where you can be contacted. Enter the number or choose ""Next"" to skip the option.</p><p>At the next screen, you can write a message that will be displayed on the iPhone, such as an email address or a reward offering.</p><p>Choose ""Done"" to activate Lost Mode and then check ""Notify if Found."" The iPhone is now locked and can only be accessed using the pass code you designated when turning on Lost Mode or the pass code that was already on the device. If it's offline and later located, you will get an email when it connects to the Internet and can convey its location.</p><p>There are two other options in find my iPhone which are ""play sound"" or ""erase iPhone"". The play sound option just plays a loud beeping sound which you can hear if you lost your iPhone nearby. Erase iPhone wipes all the data and information from the device. Use this option if you don't have any plans of seeing your iPhone again as it will erase everything and will no longer be able to be accessed through find my iPhone. </p><p><b>If Your iPhone Is Lost Use Find My iPhone Map</b></p><p>If you lost your iPhone use the find my iPhone map to track and locate it. Lets say you lost your iPhone at a restaurant, you can log into <a href=""https://www.icloud.com/"">icloud.com</a> from another device and use the map to locate it. Under find my iPhone you will see a map. If the iPhone is still connected to your cellular network or a WiFi connection, the approximate location will appear on the map. You can then select the play sound option to help you locate it.</p><p><b>If Your iPhone Was Stolen Call The Police </b></p><p>If your iPhone was stolen do not try and track the device yourself, this can be dangerous. Instead call your local police or sheriff department. They can use the find my iPhone feature to go and retrieve your iPhone. Getting the police involved is the smartest and safest way. </p><p><b>Report Your iPhone Lost/Stolen With Your Carrier</b></p><p>Lastly you are going to want to contact your carrier and tell them that your iPhone was lost or stolen. The carrier will then blacklist the iPhone making it unusable on most networks around the world. </p><p>Losing your iPhone can be frustrating but unfortunately it happens every day. If you find yourself in that situation use Apple's find my iPhone feature to track and locate your device.</p><p><b>Did You Find Your Lost iPhone and Want to Sell it?</b></p><p>If you previously lost your old iPhone and no longer want to use it sell it to <a href=""/"">OCBuyBack.com</a>. They pay cash for old <a href=""/sell/cell-phone/apple"">iPhones</a> and offer the highest prices guaranteed. They will even price match their competitors prices! Follow their easy 3 step process to <a href=""/sell/cell-phone/apple"">sell your iPhone</a>. </p><p><b>Select your device</b></p><p><b>Ship your device for free</b></p><p><b>Get PAID!!</b></p><p> <a href=""/sell/cell-phone/apple"">Click here</a> now to sell your iPhone today!</p>",true
2019/04/18/how-to-back-up-your-iphone-using-icloud-or-itunes,2019-04-18,how-to-back-up-your-iphone-using-icloud-or-itunes,How to Back Up Your iPhone Using iCloud or iTunes,,how-to-back-up-your-iphone-using-icloud-or-itunes-1cebb7.jpg,"<b>How to Back Up Your iPhone Using iCloud or iTunes</b><p>Thinking of upgrading your phone to a new device but are worried about your data being lost? Read on if you would like to learn how to back up your contacts, photos, apps, &amp; more to a new device or directly to your PC. </p><p><b>How to back up your iPhone: </b></p><p>Step 1: Choose a backup method </p><p>Learn about the difference between an iCloud versus an iTunes backup and which backup method is the best for you, visit Apple’s blog About backups for iOS devices. </p><p>If you backup your iPhone using iCloud, you”ll be able to access your saved data anywhere using Wi-Fi. If you back up your device using iTunes, you have to use the computer you store the backups on to access them. </p><p><b>iCloud Backup:</b></p><p>Step 1: Connect your device to a Wi-Fi network </p><p>Step 2: Go to settings &gt; [your name], and tap iCloud </p><p>Step 3: Tap iCloud Backup </p><p>Step 4: Tap Backup Now. Stay connected to your Wi-Fi network until the process completes.</p><p>You can check the progress and confirm the backup completed. Go to settings &gt; [your name] &gt; iCloud &gt; iCloud Backup. Under Back Up Now, you’ll see the date and time of your last backup.</p><p><b>iTunes Backup:</b></p><p>Step 1: Update to the latest version of iTunes on your PC</p><p>Step 2: Open iTunes and connect your device to your computer</p><p>Step 3: If a message asks for your device passcode or to Trust This Computer, follow the onscreen steps.</p><p>Step 4: Select your device when it appears in iTunes</p><p>Step 5: Click Backup Now. When the process ends, you can see if the backup finished successfully on the Summary screen in iTunes. Look under Latest Backup to find the date and time.</p><p>Now you can be sure your data is safely backed up and ready to be restored into your new iPhone. Check out <a href=""/"">OCBuyBack.com</a> to sell your old device.</p>",true
2019/04/9/how-to-remove-your-icloud-account-from-iphone-or-ipad,2019-04-09,how-to-remove-your-icloud-account-from-iphone-or-ipad,How to Remove Your iCloud Account From iPhone or iPad,"Ready to sell your Apple device but do not know how to remove your iCloud account from your iPhone or iPad? In this blog, we will be going through the steps on how to remove your iCloud account either by directly using your device or using a computer/laptop. Before all else, please make sure you",how-to-remove-your-icloud-account-from-iphone-or-ipad-845e55.png,"<p>Ready to sell your Apple device but do not know how to remove your iCloud account from your iPhone or iPad? In this blog, we will be going through the steps on how to remove your iCloud account either by directly using your device or using a computer/laptop.</p><p>     Before all else, please make sure you have saved/backed up all your iCloud information prior to removing your iCloud account from your device.</p><p><b>If using your Apple device, </b></p><p>Step 1: Insure your device is connected to WiFi.</p><p>Step 2: Click on the Settings app.</p><p>Step 3: Then, click on your Apple ID &gt; scroll to the bottom and select the device you wish to remove your iCloud account from. </p><p>Step 4: Once you have selected the device you want removed, click on Find My iPhone and disable/turn it off.</p><p>Step 5: From there, it will promptly ask you to sign into your account using your Apple ID password, in order to turn off Find My iPhone. </p><p>Step 6: After that, Find My iPhone should be turned off and you can then proceed to sign out of your account by simply clicking on Sign Out located at the bottom of the previous page.</p><p>In these six easy steps, your Apple device should now be removed from your iCloud account. </p><p><b>If using a desktop/laptop,</b></p><p>Step 1: Go to i<a href=""https://www.icloud.com/"">Cloud.com</a></p><p>Step 2: Log into your Apple ID &gt; verification code will be sent to your current device &gt; Select Trust Browser </p><p>Step 4: Click on Find My iPhone &gt; select All Devices drop down menu &gt; Select the device you want to erase </p><p>Step 4: Once you have selected your device, Select Erase iPhone/iPad  &gt; sign in using your Apple ID password  &gt; another verification code will be sent to your device &gt; select Trust again </p><p>Step 5: Lastly, select Remove From Account and you should see a message saying, “This iPhone/iPad will be erased when it connects to the internet.” </p><p>The next time your device is turned on and connected to the internet, the device will begin erasing all of its contents.</p><p>Now you have successfully erased your iCloud account from your iPhone/iPad and is ready to sell. </p><p>Visit <a href=""/sell/cell-phone/apple"">OCBuyback.com</a> and follow their easy three step process. </p>",true
2019/05/15/5-best-places-to-sell-your-iphone-for-the-most-money,2019-05-15,5-best-places-to-sell-your-iphone-for-the-most-money,5 Best Places To Sell Your iPhone For The Most Money,,5-best-places-to-sell-your-iphone-for-the-most-money-5b5d02.jpg,"<p>Selling your current or old iPhone can help you offset the cost when upgrading to the latest generation of iPhones. The latest models start at $749 and goes up from there. In this article we will list the 5 best places to sell your iPhone for the most money. </p><p><b>Where Can I Sell My iPhone?</b></p><p>There are many places where you can sell your iPhone. You can sell it locally yourself, sell it online, sell it to your carrier, or selling it to an online cell phone buyback company. Check out the options below and see which one you might want to use. </p><p><b>1. OCBuyBack</b></p><p><a href=""/"">OCBuyBack</a> is an iPhone buyback company which buys iPhones and other gadgets directly through their website. They are located in Orange County, California. You can ship your iPhone to them free of charge. They cover all the shipping costs and will even send you out a shipping kit. They also have a local drop off option at their shop in Brea if you are near the area. If you would like to get a quote visit their <a href=""/sell/cell-phone/apple"">website</a> and enter your iPhone info and you will receive an offer in seconds.  They offer 2 payment methods; PayPal or a mailed check. Cash option is available for local drop offs. Once they receive and inspect the iPhone your payment will be issued within 24hrs. <b>Trustpilot ranks OCBuyBack a 9/10.</b></p><p><b>2. Swappa</b></p><p>Swappa<a href=""https://swappa.com/""> </a>is a user to user platform which allows users to list their iPhone for sale and reach potential buyers. Your item will typically sell within a few days if you are pricing it according to their recently sold comps. The sellers do not pay any fees to sell on Swappa as they collect the fee from the buyer. You must have a PayPal account to sell on their platform. If you have an established PayPal account you will receive your money immediately into your account. </p><p><b>3. Gazelle</b></p><p>Gazelle<a href=""https://www.gazelle.com/""> </a>is an online buyback company which buys iPhones through their website.  They work similar to OCBuyBack in which you go on their site, select your iPhone model and condition and you will receive an instant offer. They also provide free shipping. Gazelle offers 3 payment methods; PayPal, mailed check, or an Amazon e-gift card. Once the company receives and inspects the iPhone your payment will be issued within 72hrs. </p><p><b>4. Craigslist</b></p><p>Craigslist is another option where you can sell your iPhone. Their are no fees involved with listing or selling on their site. Its completely free to sell your iPhone on Craigslist. There are some downsides such as making time to meet a potential buyer. You will also encounter a lot of ""low ballers"" who will make offers that are much lower than your asking price.  There are a lot of scammers on craigslist so just make sure your are meeting at a public and safe location when meeting the buyer. </p><p><b>5. eBay</b></p><p>eBay is a buy and sell website which allows users and businesses to sell their iPhone. Similar to Swappa, you can list your iPhone for sale and see what your iPhone has recently sold for. eBay does charge a 10% fee to sell on their website. You also have to have a PayPal account in order to receive your payment. When selling your iPhone on eBay make sure you are selling to highly rated buyers as there are a lot of scammers who target iPhones due to their high value. You can potentially get the highest price for your iPhone on eBay due to their strong customer base. </p><p><b>3 Quick Tips To Getting The Most Money For Your iPhone</b></p><p>1.  Keep it in great condition. Protecting your iPhone with a strong case and screen protector will keep you iPhone safe and in great condition. Great condition iPhones typically sell for the most money and sell quicker as well. </p><p>2. Do your research. There are plenty of options to sell your iPhone so make sure you take some time and look over all the options before deciding on who to go with. Pick the option that you would prefer, whether that is selling it fast to a iPhone buyback company like <a href=""/sell/cell-phone/apple"">OCBuyBack  </a>or waiting a few days for it to sell on sites like eBay or Craigslist. </p><p>3. Sell it ASAP. Your iPhone value will continuously drop as we get closer to the release of the next generation of iPhones. If you have an iPhone you are not using, sell it right away so you can get the most money possible. </p>",true
2019/06/11/top-3-places-where-you-can-sell-your-iphone-locally-in-orange-county-ca,2019-06-11,top-3-places-where-you-can-sell-your-iphone-locally-in-orange-county-ca,Top 3 Places Where You Can Sell Your iPhone Locally In Orange County California,,top-3-places-where-you-can-sell-your-iphone-locally-in-orang-81e263.jpg,"<p>Are you looking to sell your iPhone in Orange County CA? Well you are in luck. Today we will highlight the top 3 places where you can sell your iPhone in sunny Orange County.</p><p><b>Sell Your iPhone For Cash On The Spot</b></p><p>When selling your iPhone, many people prefer to sell their iPhone to a local business in their area where they can get cash on the spot. </p><p><b><u>OCBuyBack</u></b></p><p><a href=""/sell/cell-phone/apple"">OCBuyBack </a>is Orange County's premier iPhone buyback company based in Brea, California. OCBuyBack typically has some of the highest prices around and provide top quality customer service. They have a simple 3 step process to sell your iPhone. </p><p>Step 1: Visit <a href=""/sell/cell-phone/apple"">OCBuyBack.com</a> and select your iPhone</p><p>Step 2: Bring your iPhone to their location in Brea or you can ship your iPhone for free</p><p>Step 3: GET PAID CASH!</p><p>They pride themselves in their honest prices and great customer service. They have earned themselves a <b>5 star rating</b> on Google and a <b>9.3/10 rating</b> on Trustpilot. It is safe to say you will be in good hands when using OCBuyBack to sell your iPhone.</p><p><b><u>EcoATM</u></b></p><p>EcoATM offers a kiosk service where you sell your iPhone to an ATM machine  usually located at a mall or grocery stores. Unlike OCBuyBack, EcoATM has lower pricing likely due to the fact that the machine can not check for cosmetic damage. They offer an app to download where you can receive a quote for your iPhone and they will point you to the nearest ATM where you can take the iPhone and the machine will give you cash. When you arrive at the ATM you will be prompted to follow an easy 3 step process: </p><p>Step 1: Place Your iPhone in an EcoATM test station. </p><p>Step 2: ecoATM will examine your iPhone and give you a price.</p><p>Step 3: If you agree to sell it, you will receive cash on the spot.</p><p>They are spread out all over Orange County so it will be easy to find one in your area.</p><p><b><u>Best Buy</u></b></p><p>Best Buy offers an iPhone trade in program where they offer to purchase your iPhone for store credit. This may not be best option for people who would rather have cash. However, if you are already planning on purchasing an item at best buy then it may be convenient to sell your iPhone and use the store credit towards your purchase. Similar to OCBuyBack, they offer price quotes via their website. They will usually have lower prices than OCBuyBack. You can find multiple Best Buy locations spread out through Orange County. </p><p><b>Do Quick Research</b></p><p>There you have it, the top 3 places to sell your iPhone locally in Orange County. We recommend doing some quick research before visiting any of these options. Check their customer reviews and review their prices to see which will be the best fit for you. </p><p><b><u></u></b></p>",true
2019/07/7/sell-your-iphone-fast-safe-and-easy-ocbuyback-com,2019-07-07,sell-your-iphone-fast-safe-and-easy-ocbuyback-com,"Sell Your iPhone Fast, Safe, and Easy - OCBuyBack.com",,sell-your-iphone-fast-safe-and-easy-ocbuyback-com-234e27.jpg,"<p><b><u>Where Can I Sell My iPhone?</u></b></p><p><a href=""/"">OCBuyBack </a>is an iPhone buyback company based in Orange County California. We provide an easy way to sell your iPhone for the highest payouts guaranteed. Whether your looking to sell your iPhone online or locally, OCBuyBack has you covered every step of the way. </p><p><b><u>Sell Your iPhone Online</u></b></p><p>OCBuyBack provides an easy process to sell your iPhone online. Start off by going to <a href=""/sell/cell-phone/apple"">OCBuyBack.com</a> and selecting the iPhone you want to sell. You will then receive an instant cash offer. Next, if you like the offer you will get a free prepaid shipping label. Print out the shipping label, package up your iPhone and drop if off at your local USPS office. OCBuyBack offers two payment methods for online orders. The first option is PayPal. With PayPal you will instantly receive your funds the day your iPhone is received. You can then transfer the funds to your bank or debit card. The second option is a mailed check that you will receive within 2-5 days of your iPhone being received. OCBuyBack has proven to be a legitimate iPhone buyback company earning an excellent rating of <b>9.4/10</b> on <b><a href=""https://www.trustpilot.com/review/www.ocbuyback.com"">TrustPilot </a></b>and a <b>4.9/5</b> star rating on <b>Google</b>. Check out <a href=""/sell/cell-phone/apple"">OCBuyBack.com</a> today and sell your iPhone online for the most cash guaranteed!</p><p><b><u>Sell Your iPhone Locally in Orange County CA</u></b></p><p>Selling your iPhone locally is a great option if you want instant same day cash for your iPhone. While many people may turn to Craigslist or Offer Up, those platforms tend to have a lot of scammers and non serious buyers which cost you time. OCBuyBack proves to be a better option offering same day cash on the spot in Orange County California. Go to <a href=""/sell/cell-phone/apple"">OCBuyBack.com</a> and select the iPhone you want to sell. Next select the local drop off option at the check out page. After, visit our location for your cash payout. With a great reputation and excellent ratings on <b>TrustPilot </b>and <b>Google, </b>OCBuyBack has risen to be Orange County's premiere iPhone buyback company. </p><p><b>Ready To sell your iPhone? Click <a href=""/sell/cell-phone/apple"">here </a>to start the selling process today!</b></p>",true
2019/08/16/why-your-mobile-carrier-is-ripping-you-off-with-their-trade-in-program,2019-08-16,why-your-mobile-carrier-is-ripping-you-off-with-their-trade-in-program,Why Your Mobile Carrier Is Ripping You off with Their Trade-In Program,"Why Your Mobile Carrier Is Ripping You off with Their Trade-In ProgramCell phone trade-in programs are a huge business for your carrier whether you have AT&T, Verizon, T-Mobile or Sprint. These programs seem to offer you a substantial discount on your next cell phone purchase when you trade in your",why-your-mobile-carrier-is-ripping-you-off-with-their-trade--6b7681.jpg,"<p>Cell phone trade-in programs are a huge business for your carrier whether you have AT&amp;T, Verizon, T-Mobile or Sprint. These programs seem to offer you a substantial discount on your next cell phone purchase when you trade in your older model. Your old phone is then cleaned and prepared to sell to the next user at a profit. This is a great business model for the cell phone carriers but not for the end consumer.</p><p><b>Carrier Trade-In Programs</b></p><p>Cell phone service providers are the initiators of trade-in programs. Common carriers like Verizon, AT&amp;T, T-Mobile and Sprint admit that most people only need one smartphone so they use these trade-in programs as incentives for their customers to upgrade to the newest model. Each of these programs have their own distinctive rules and restrictions for device types and trade-in frequency. It is now fairly common for carrier programs to allow trade-in upgrades every 6 months to 2 years. Almost all carriers will accept your newer model but good luck selling them your older phone. </p><p>These cell phone trade-in programs have become the new norm for consumers trying to keep up with the newest trends in tech. Ever since the launch of these trade-in programs the prices of cell phones have seen a widespread increase. Instead of paying for phones in full, consumers are now paying a monthly installment. Since the entire price of a cell phone is being paid in 2 years rather than all at once, carriers can charge more for the phone.</p><p>The main benefit of trade-in programs is quite frankly the convenience. You are saving time and they know convenience is on their side which is why they can offer to buy your old phone at a lower price. Also, by trading-in using a carrier program you are locked in to that service provider. The flexibility of switching carriers is eliminated until you pay off the phone in full.</p><p><b>Pros &amp; Cons of Trade-In Programs</b></p><p><i>Pros</i></p><p>•	Convenience</p><p>•	Instant quote </p><p><i>Cons</i></p><p>•	Lower payout for your old phone</p><p>•	Higher phone prices when you upgrade to a newer phone</p><p>•	Locked in to the service provider</p><p><b>OCBuyBack vs. Carrier Trade-In Programs Price Comparison</b></p><p>We did a little research for you and reviewed offers from all four major carriers compared to <a href=""/sell/cell-phone/apple/iphone-x"">OCBuyBack </a>on an iPhone X model 256GB in good condition. </p><p>•	<b>Verizon </b>offered $390 – pays in store credit</p><p>•	<b>Sprint </b>offered $370 – pays in store credit</p><p>•	<b>AT&amp;T</b> offered $375 – pays in store credit</p><p>•<b>	T-Mobile</b> offered $365 – pays (1) trade-in credit on bill and (2) virtual prepaid MasterCard® Card (expires in 6 months) typically within 8 weeks. Submit proof of balance &amp; 90+ days in good standing w/ carrier within 30 days of port-in and be active and in good standing when processed.</p><p>•	<b>OCBuyBack </b>offered $510 Like new or $465 in good condition - pays cash via check or PayPal.  </p><p><b>Trade-In Programs vs. Selling Online</b></p><p>Here is a list of the most popular online sites for trading/selling your cell phone:</p><p>1.	<b>Swappa </b>– This is a great choice if you have the time to create the listing and wait for the phone to sell. You will have to pay for shipping costs and answer any offers and or questions potential buyers may have. Swappa does take a fee depending on the value of your cell phone. </p><p>2.	<b>Verizon, AT&amp;T, Sprint &amp; T-Mobile</b> – Pricing is not competitive.  You will get the least value for your phone and will get paid in store credit. </p><p>3.	<b>Apple </b>– Pricing is not competitive and you will get paid in store credit not cash. </p><p>4.	<a href=""/sell"">OCBuyBack </a>– A great choice if you are looking for a favorable middle between convenience and value. The process is simple; get an instant offer at <a href=""/"">ocbuyback.com</a>, receive a prepaid shipping label, package your phone up and receive your cash instantly via check or PayPal once your phone has been delivered. You can sell newer or broken phones too. </p><p>5.	<b>Gazelle </b>– Very well-known company in fact they are one of the original leaders. However, their offers are about 20-40% lower than other companies. </p><p>6.	<b>EcoATM </b>– Yes you get instant cash on the spot but it’s not worth it. Their pricing is extremely low. </p><p>7.	<b>eBay </b>– This is a good place to sell for a good price but only approach if you are experienced. There are plenty of scammers to beware. You will need to create the listing, take photos of your phone, pay shipping costs, and answer questions from potential buyers. eBay does take a fee based on the final value (Price + Shipping Costs). </p><p>8.	<b>BestBuy</b>- You will probably get a bit more than your carrier but will only get in store credit not cash. </p><p>Bottom line you are leaving money on the table by trading-in to your carrier. We want to help you get the best bang for your buck! Give <a href=""/sell"">OCBuyBack </a>a try and you won’t regret it. You don’t have to take our word for it check out their reviews 9.4/10 stars on TrustPilot and 4.9/5 stars on Google. <a href=""/sell"">OCBuyBack </a>offers a simple process, high payouts and superb customer service. </p>",true
2019/08/19/what-is-ocbuyback-and-how-does-it-work,2019-08-19,what-is-ocbuyback-and-how-does-it-work,What is OCBuyBack and How Does It Work?,,what-is-ocbuyback-and-how-does-it-work-5be629.jpg,"<p><i><b>Where can I sell my iPhone near me?</b></i></p><p>OCBuyBack is an innovative online service to sell your used electronics including but not limited to Apple products such as iPhones, iPads, iPods and Samsung cell phones. They focus on buying the most popular smart devices in the market to provide the highest payout to their customers. OCBuyBack offers phone users in Orange County and anywhere in the U.S. to find the right price with the least possible effort. The process of selling your device to OCBuyBack is simple; get an instant quote at ocbuyback.com, ship your device using a prepaid label or drop off locally, get paid cash for your phone with check or PayPal. </p><p><i><b>Where can I sell my cell phone near me? </b></i></p><p>OCBuyBack currently has one location in Orange County, CA available for local drop off. If you are looking sell your phone in Los Angeles (LA) or in the Inland Empire (IE) you can also take advantage of the local drop off service. If you are not in the surrounding area don’t worry OCBuyBack serves many phone users nationwide across the United States so you can still take advantage of their free mail in service and ship your device to get paid cash instantly either through PayPal or check. </p><p><b><i>What does OCBuyBack do with your used phone? </i></b></p><p>It simply gets recycled and reused! Feel great because by selling your used phone to OCBuyBack you are actually doing something environmentally good for our planet all while earning some cash. OCBuyBack cleans up your old phone, sells it to someone in need of a good deal, or sells it in a wholesale bundle overseas. </p><p><b><i>OCBuyBack vs. Other Online Selling Sites</i></b></p><p>Selling your phone to your service carrier is just not worth the value you get.  Forget about feeling scammed or scared when meeting up with strangers from Craigslist or Offer Up. Now there is a safer way to sell your phone for cash!  OCBuyBack makes it easy to get cash for your phone from the comfort of your home or at OCByBack’s local drop off center. Highly rated OCBuyBack has acquired 9.4/10 stars on <a href=""https://www.trustpilot.com/review/www.ocbuyback.com"">Trustpilot </a>and 4.9/5 stars on Google. Don’t take our word for it you can see for yourself. </p><blockquote>Trustpilot verified customer, Julie says, “OCBuyBack Offered me more than any other company. Turnaround time from shipping to collecting my check for my iPhone was completed very quickly.” </blockquote><blockquote>Another Trustpilot customer, Nicole says, “Was my first time selling my iPhone XS to them but was the best decision I made, they emailed me the whole process and sent my money fast would definitely recommend OCBuyBack to anyone. Great service they deserve 10 stars.”</blockquote><p>You can find more information about OCBuyBack and how to sell your phone for cash in Orange County, Los Angeles County, Inland Empire and across the entire United States on their <a href=""/"">website</a></p>",true
2019/08/21/5-things-to-consider-before-buying-a-used-phone,2019-08-21,5-things-to-consider-before-buying-a-used-phone,5 Things to Consider Before Buying a Used Phone,"The growing competition between Apple, Samsung and others in equipping the latest phone model with up to date technology has given rise to a supply of used phones all around the world. With the latest iPhone and Samsung’s price tag of over $1,000 buying a 2-3-year-old phone is the smartest way to",5-things-to-consider-before-buying-a-used-phone-7625fc.jpg,"<p>The growing competition between Apple, Samsung and others in equipping the latest phone model with up to date technology has given rise to a supply of used phones all around the world. With the latest iPhone and Samsung’s price tag of over $1,000 buying a 2-3-year-old phone is the smartest way to save money.  Think of your phone as you would a car in terms of depreciation, within 2 years your phone will devalue significantly. There are many online platforms to sell or buy your used phone. Finding the right one can be challenging.  If you are looking to buy a used phone but don’t know where to start consider these 5 things.</p><p><b>1.	Buy from a Trusted Seller &amp; Compare Prices</b></p><p>When you purchase a phone online you want to make sure your information is safe and the seller is reputable. You will also want to compare prices online to make sure you are paying a fair price for your used phone. If you are buying online you should read the seller’s reviews to ensure they are getting positive feedback from their past customers. If prior customers noted that their orders were not delivered or not as described then you probably want to look elsewhere. However, if all is well the next thing you want to do is look closely at the photos of the device and ask any questions you may have. Also, a reputable seller will have a return policy set in place for at least 14 to 30 days in case the phone malfunctions. </p><p><b>2.	Inspect the Cell Phone</b></p><p>Smartphones today come furnished with many features. The first thing you want to do when you receive your phone is to run a test on all functionalities such as camera, video, flash, touch screen, voice recorder, keypad and apps. The mistake most phone buyers make when they receive the phone is look at it once and put it down then test it as they go. With a return policy of 14-30 days you must test all components as soon as possible to ensure no malfunctions are found after that time is up. Test to see that the phone can withstand an array of temperatures and can charge for up to a day of active use per charge. Check the phone’s exterior frame and screen to make sure you don’t see any cracks or chips unless otherwise noted on the seller’s listing. </p><p><b>3.	Consider Whether You Need an Unlocked Phone</b></p><p>Not all secondhand smartphones will work with your carrier although some models may be unlocked to use with any carrier. Check to see if the phone is unlocked or tied to a specific carrier. Let’s break it down, GSM, CDMA or Unlocked which one should you choose and what is the difference? GSM (Global System for Mobile) phones are compatible with AT&amp;T and T-Mobile carriers. CDMA (Code Division Multiple Access) phones are compatible with two well known carriers Verizon and Sprint. Factory unlocked phones can be used with any carrier you choose. </p><p><b>4.	Check to See that the Phone was Not Reported Stolen</b></p><p>Cell phone theft is among the most prevailing crimes of modern age so you want to make sure you are not buying a phone that has been stolen. There are several ways on <a href=""/blog/2018/10/29/how-to-check-if-your-phone-has-clean-esn-or-imei"">how to check if your phone has clean ESN or IMEI</a>. Fortunately, many smartphones can easily be deactivated remotely by enabling <a href=""/blog/2019/03/22/what-to-do-if-your-iphone-was-lost-or-stolen"">“Find my iPhone”</a>.  Once the smartphone has been deactivated it locks the phone and prevents another person from using it as their own. If the seller has a certified point inspection then you can rest assure you are not buying a stolen phone.  </p><p><b>5.	The Difference Between Refurbished, Certified Pre-Owned and Used Phones</b></p><p>A phone sold by an individual will simply be a used phone sold as is, they may or may not check the functionality of the device. A Certified pre-owned phone is a phone sold by a re-seller and will inspect to certify that all components are functional.  A Certified Refurbished phone is a phone in which the re-seller has updated hardware or software components along with certifying that all components are functional. </p><p>If you are in the market to buy a certified pre-owned phone but don’t want to pay full retail price check out<a href=""https://swappa.com/bp/ocbuyback/listings""> OCBuyBack on Swappa</a> or if you have a cell phone you want to sell for cash today go to <a href=""/sell/cell-phone"">OCBuyBack </a>directly. You can learn more about OCBuyBack and how it works <a href=""/blog/2019/08/20/what-is-ocbuyback-and-how-does-it-work"">here</a>. </p>",true
2019/08/9/craigslist-vs-ocbuyback,2019-08-09,craigslist-vs-ocbuyback,Craigslist vs OCBuyBack,,craigslist-vs-ocbuyback-732a28.jpg,"<p><b><i>Which One Is Better for Selling Your Used Cell Phone? </i></b></p><p><b><i></i></b></p><p><b><i></i></b></p><p>There are many options when it comes to selling your used cell phone, but some may be better than others depending on your preference. Craigslist is one of those original online sites that started the space for local sellers and buyers to meet up for used cell phones and other electronics. After a few years, there has been a lot more competition like <a href=""/"">OCBuyBack</a>, an online cell phone buyback company specializing in buying your used Apple and Samsung devices. </p><p>Many of you may already be familiar with the pros and cons of buying or selling on Craigslist. First, there is the safety aspect. Over the years Craigslist has earned a strong reputation for having scammers and hagglers. The site has no customer support interference, you buy and sell as is. You meet the local person at your discretion and there have been many horrible stories. Secondly, you must put a little work in with having to create the listing taking and uploading photos, responding to potential buyers and dealing with flakes. Luckily, there have been a few buyback companies who will pay you cash for your used cell phone from the comfort of your home. </p><p>A company like OCBuyBack will buy your pre-owned iPhone, iPad, iPod, Samsung cell phones and more. They have great online reviews with 4.9/5 rating on Google and 9.4/10 rating on TrustPilot. Whether you are looking to sell one or more device you can visit their site at <a href=""/"">OCBuyBack.com</a> and get an instant offer for your electronics. You can lock in your offer and mail in your cell phone using their free shipping option or visit their local drop off location in Orange County, California. To get money in your hands faster they have several options on how you get paid, using check, PayPal or cash. Now there is a better way to sell your used cell phone and not have to sacrifice your safety. </p>",true
2020/01/25/how-to-sell-your-old-iphone-for-the-most-cash,2020-01-25,how-to-sell-your-old-iphone-for-the-most-cash,How to Sell Your Old iPhone for the Most Cash,,how-to-sell-your-old-iphone-for-the-most-cash-dc4091.png,"<p>New Year, new phone?</p><p>Along with many other iPhone users, there is a good chance you were gifted with a new cell phone this past Christmas. </p><p>Great, right? </p><p>Too bad your old phone (which isn’t in bad shape if you do say so yourself) is going to sit in an old shoe box gathering dust. Or perhaps you’ll just toss it away. Or you might just be part of the savvy group of people that are now selling their old phones for cash. </p><p>With the growing number of companies that are in the business of <a href=""/sell/cell-phone/apple"">iPhone trade ins for cash</a>, knowing where to start can be daunting. Below we outline three simple steps to make sure you get the most bang for your buck!</p><p><b>Get a Quote</b></p><p>First things first: <a href=""/sell/cell-phone/apple"">Get a quote</a>.</p><p>A “best place to sell iPhone” google search will undoubtedly yield pages of results. Focus your research on several third-party buyback sites. This is the best way to get the most cash with the least amount of risk. Selling your cell phone directly through Craigslist or Facebook can leave you vulnerable to scammers. </p><p>Instead, sift through the customer reviews on places such as Google.com or <a href=""https://www.trustpilot.com/review/www.ocbuyback.com"">TrustPilot.com</a>. You will want to take into consideration the company’s customer service, ease of process, and of course how much and when you will get paid. </p><p>Once you get several quotes, compare all costs incurred, such as shipping and handling.  Some buyback companies, such as <a href=""/"">OCBuyBack.com</a>, provide a free pre-paid shipping label or local drop off site. </p><p><b>Ship or Drop off your iPhone	</b></p><p>You’ve done the research. You’ve finally selected a<a href=""/""> buyback company</a>. What’s next?</p><p>Depending on the company, sending in your phone should be fairly simple. Before shipping or dropping off, you’ll first want to make sure you’ve erased all of your personal information. Turn off your Find My iPhone feature and sign out of iCloud. Forgetting to do so may cause issues for the next user when they go to activate the cell phone. </p><p>After you have backed up your iPhone, go to your Settings app, click on General, and scroll down to Reset. Finally, click on Erase All Content and Settings, turn off your device, and you are good to go.  </p><p>You’ll want to make sure you pack up your iPhone in a padded envelope or box with bubble wrap. This is to ensure your cell phone makes its way to the buyback company in the condition you reported it as. They’ll be checking the condition of the phone upon receiving it, so it pays to remember this step. </p><p><b>G</b><b>et Paid</b></p><p>The time it takes to get paid will depend on how quickly you send in your cell phone and the payment method. </p><p>Once the buyback company receives your iPhone, they will inspect it to confirm its condition matches your claim. Once the phone’s condition is verified, most companies will pay you instantly. <a href=""/"">OCBuyBack.com</a> offers payment methods such as PayPal or check.  </p><p>Ready to get started? Click <a href=""/sell/cell-phone/apple"">here</a> to sell your iPhone today!</p><p><i>Written by Brenda Galeano</i></p>",true
2020/02/12/amazon-trade-in-program-vs-ocbuyback,2020-02-12,amazon-trade-in-program-vs-ocbuyback,Amazon Trade-In Program vs OCBuyBack,,amazon-trade-in-program-vs-ocbuyback-0984dc.jpg,"<p>Just recently upgraded your cellphone and wondering where to sell your old phone? </p><p>You are probably wondering what makes one trade-in site better than the other. You know you want something quick, easy, and will give you the most money back. </p><p>Being one of the most popular on-line market places, Amazon would be a natural place to start. </p><p>But is it really the best choice?</p><p>Below we break down the differences between Amazon Trade In and OCBuyBack.</p><p><b>Amazon Trade In</b></p><p>Being the largest internet retailer in the world, the homepage of Amazon can be a bit of a maze. The best way to access their cell phone trade in program is by doing a google search for “Amazon trade in cell phone”.  </p><p>From there you will be rerouted to their trade in store, where you will see a list of different electronics to choose from. (For the purpose of comparing, we will be appraising a<b> 256GB iPhone X, T-Mobile in Good  Condition</b>.)</p><p>Under the Cell Phones category, you will see of list of brands. First, you will click on Apple and see a list of various iPhone models. Instead of sifting through pages and pages of results, focus your search by typing in iPhone X in the search bar. Look for the iPhone X with the correct amount of GB that matches your phone and click “Trade in this item”. From there, you will be prompted by a series of questions used to determine the condition of your phone. </p><p>Does the device power on?</p><p>Has your device been removed from your online account (e.g. iCloud)? </p><p>Are there any cracks on the screen?</p><p>Is your device still being financed through your carrier?</p><p>Assuming your cellphone is in good condition, reset, and unlocked, you will submit: “Yes, Yes, No, No”.</p><p>Their quote comes out to: <b>$255.05</b></p><p>Take note of the two options you can proceed with:</p><p>1.	Don’t accept the adjusted price – They will return your item at no cost or </p><p>2.	Accept the adjusted price – <b>Receive anywhere between $48.05 - $255.05. </b></p><p>The last step is to confirm your trade in and proceed to the shipping instructions page. Amazon pays out in the form of an Amazon gift card. Once your quote is paid, the amount will be reflected in the “Gift Card Balance” section. </p><p><b>OCBuyBack</b></p><p>OCBuyBack was founded by a young couple in Orange County, CA out of a small apartment eventually branching out to its first official location in Brea, CA in 2018.</p><p>Navigating <a href=""/"">OCBuyBack.com</a> is fairly easy. Start by clicking “Get Your Cash” on the home page. From there, you will select your device type from the list of electronics. After selecting “Cell Phone”, you will see a list of brands ranging from Apple to Samsung to Google. After clicking on Apple, iPhone X will be the seventh model listed. You will then be asked a series of questions on your device:</p><p>Which carrier is your cell phone for?	</p><p>How much storage capacity does your device have? (GB)</p><p>What condition is your device in? </p><p>You will be provided with a list of conditions to choose from: Like New, Good Condition, Minor Damage, or Damaged. </p><p>Each status will include a broad description of what it means. After clicking on the condition that matches your phone, you will be asked how many devices you are trading in. </p><p>After entering the same variables used on the Amazon trade in site <b>(256GB iPhone X, TMobile carrier, Good Condition)</b>, the quote comes back at: <b>$272.00.</b></p><p>The final step after selecting “<a href=""/sell/cell-phone/apple"">Click to Sell Now</a>” will be to complete the shipping details page. OCBuyBack pays out in the form of check or PayPal, so you are free to spend your cash wherever you like. </p><p>Ready to get the most cash for that <a href=""/sell/cell-phone/apple/iphone-x"">iPhone X</a>? Click <a href=""/sell"">here </a>to get an offer instantly!</p><p><i>Written by Brenda Galeano</i></p>",true
2020/02/24/top-5-places-to-sell-your-used-ipad-for-the-most-cash,2020-02-24,top-5-places-to-sell-your-used-ipad-for-the-most-cash,Top 5 Places to Sell Your Used iPad for the Most Cash,,top-5-places-to-sell-your-used-ipad-for-the-most-cash-7f0c32.jpg,"<p>Whispers are swirling that Apple will release a new iPad Pro during the first half of this year. The latest iPad Pro models were released in November 2018, but with no iPad Pro released in Fall 2019, people are expecting a March release date instead. Fueling this rumor is the fact the most recent iPad Air and iPad Mini were released in March 2019. </p><p>Apple has spent a decade of tweaking and perfecting the iPad with each new model.  In case you can’t resist getting your hands on the rumored and much-anticipated 2020 iPad Pro, keep reading below for 5 <a href=""/sell/tablet/apple"">places to sell your used iPad for the most cash</a>. You might be surprised who comes out on top and who knows maybe this will help put more money to use towards that newest iPad model you've been keeping an eye on. </p><p><b>1.	OCBuyBack.com</b></p><p><a href=""/"">OCBuyBack.com</a> is an online buyback site for various electronics such as cell phones, tablets, iPods, smartwatches, and more. OCBuyBack has 18 iPad devices you can choose from to trade in. </p><p>Here are some quotes I found on their site: The latest iPad Pro 12.9” 3rd Gen model (Wi-Fi, 64GB, Good Condition) will get you <b>$460.00</b> on OCBuyBack.com. If you are looking to <a href=""/sell/tablet/apple"">sell your iPad mini for cash</a>, an iPad Mini 4 (Wi-Fi, 64GB, Good Condition) will get you<b> $120.00</b>. Selling an iPad Air 2 (Wi-Fi, Good Condition) will pay out <b>$100.00</b> for 64GB and<b> $75.00</b> for 16GB. </p><p><a href=""/"">OCBuyBack.com</a> pays out cash in the form of <b>check or PayPal</b>. </p><p><b>2.	Best Buy Trade In (Online &amp; Instore)</b></p><p>Best Buy, known for their variety of electronics and appliances, has a trade in program available on BestBuy.com/Trade-In and in select store locations. A quick check on the store locator on this site will show you where the nearest participating stores are.</p><p>Using Best Buy trade in, the iPad Pro 12.9” 3rd Gen model (Wi-Fi, 64GB, Good Condition) will get you <b>$280.00</b>. The iPad Mini 4 (Wi-Fi, 64GB, Good Condition) appraises out <b>$105.00</b>. Trading in an iPad Air 2 (Wi-Fi, 64 GB/16GB, Good Condition) gets you <b>$90.00</b>. </p><p>The Best Buy Trade In program pays out in the form of a <b>Best Buy gift card</b>. </p><p><b>3.	Gazelle.com</b></p><p>Gazelle.com is an online re-commerce company that buys and sells pre-owned electronics such as smartphones and tablets. </p><p>With Gazelle, an iPad Pro 12.9” 3rd Gen (Wi-Fi, 64GB, Good Condition) brings back a quote of <b>$361.00</b>, beating Best Buy Trade In’s price, but falling behind OCBuyBack’s pay out. The iPad Mini 4 (Wi-Fi, 64GB, Good Condition) gets you <b>$84.00</b>. The iPad Air 2 (Wi-Fi, Good Condition) will get you <b>$69.00</b> for the 64GB device and <b>$47.00</b> for the 16GB model.</p><p>Gazelle pays out in the form of <b>Amazon gift card, check or PayPal</b>.  </p><p><b>4.	Amazon Trade In Program</b></p><p>The e-commerce giant, Amazon, also has an Amazon Trade in program for an assortment of electronics available on Amazon.com/trade-in. </p><p>Amazon’s trade in program has a limited range of iPad models to choose from. You won’t find the latest iPad Pro as an option to trade in, but there are a few other options to choose from. The iPad 3 3rd Gen (Wi-Fi, 16GB, Good Condition) will get you <b>$2.00-$22.50</b>. An iPad 4 4th Gen (Wi-Fi, 16GB, Good Condition) appraises at<b> $4.50-$37.50</b> and an iPad Air (Wi-Fi, 16GB, Good Condition) will pay out anywhere between <b>$10.00-$50.00</b>.</p><p>Amazon Trade In pays out in the form of an<b> Amazon gift card</b>. </p><p><b>5.	Apple Trade In (Online &amp; In-store)</b></p><p>Lastly, Apple itself is a natural place to look to when thinking of doing an iPad trade in. Apple’s Trade In program can be accessed on Apple.com/shop/trade-in or in-store. </p><p>In order to receive quotes on your used iPad, you’ll need to input the serial number of your device and answer a few questions on the condition of your phone. Recent reports indicate estimates for various iPad models are as follows:</p><p>iPad Pro – Up to <b>$220</b></p><p>iPad Mini – Up to<b> $80</b></p><p>iPad Air – Up to <b>$70</b></p><p>Apple Trade In pays out in form of credit towards your next purchase or an <b>Apple Store gift card</b>. </p><p>When comparing how much cash you will get and how you will be paid, the <a href=""/sell/tablet/apple"">best place to sell your iPad</a> becomes clear. Surprised? It turns out buyback companies like OCBuyBack make it to the top of the list on ""<a href=""/sell/tablet/apple"">where to sell your used iPad</a>"" because they offer a higher payout and you are free to spend that money wherever you'd like!</p><p>Ready to get started? <a href=""/sell/tablet/apple"">Click Here</a>!</p><p><i>Written by Brenda Galeano</i></p>",true
2020/03/17/top-picks-best-places-to-sell-your-used-phone-online,2020-03-17,top-picks-best-places-to-sell-your-used-phone-online,Top Picks: Best Places To Sell Your Used Phone Online,,top-picks-best-places-to-sell-your-used-phone-online-8acc52.jpg,"<p>Have an old phone that is a few years old, in decent condition, but you are not sure what to do with it? One option is to give your old cell phone back to your service provider through a trade in program and get a new phone. </p><p>Another option to consider is selling your old phone instead as you may get a better value. You can pocket the extra cash and put it towards anything you like. </p><p>Several online companies are in the business of buying <b><a href=""/sell"">used phones for cash</a></b>. Below are our top picks on where to sell your used phone from the comfort of your home.</p><p><b>1.	OCBuyBack.com</b></p><p><a href=""/"">OCBuyBack.com</a> is an online buyback site based out of Southern California that<b> pays out cash for phones, tablets, iPods, and more</b>. This buyback company takes the hassle out of selling your old phone by selling it for you in exchange for cash. </p><p>The journey to getting paid is fairly simple. On the OCBuyBack website, you will first click on “<a href=""/sell"">Get Your Cash</a>”, where you will then select the device you are selling and answer a series of questions on the condition of your used cell phone. You will then be offered an immediate quote. </p><p>For a <b>Samsung Galaxy S10 (128GB)</b> in good condition, you can get paid <b>$315</b> or for an <b>iPhone 11 Pro (256GB)</b> in good condition you can get <b>$565</b>. OCBuyBack provides a free shipping label during checkout and you are able to track your shipment throughout the entire process. Once your used phone is received, OCBuyBack will pay you within 24 hours by check or PayPay (Locals can be paid cash in-store). </p><p><b>2.	Gazelle.com</b></p><p>Gazelle.com is an online reCommerce company that buys and sells used electronics including phones, iPads, Macbooks, and more. Gazelle resells your old cell phone so you don’t have to.</p><p>To get started, you will select the type of device and model of your used phone. After answering a few questions on the condition of your phone, you will receive an immediate offer. </p><p>For a <b>Samsung Galaxy S10 (128GB)</b> in good condition, they offer <b>$191</b>. For an<b> iPhone 11 Pro (256GB)</b> in good condition, they offer <b>$498</b>. </p><p>Gazelle offers free shipping on items worth $1 or more. Once your old phone is received, they pay out in the form of Amazon gift card, PayPal, or check within a few business days.</p><p><b>3.	Swappa.com</b></p><p>Swappa.com is a self-described “friendly marketplace” where you can sell and buy used phones, tablets, laptops, and more. </p><p>To get started, you first select the brand and model of your used cell phone. You will then be asked to create an account so you can create a listing. You can provide a few photos and a brief description detailing the condition of your used phone. </p><p>With Swappa, you are able to set your own price and through a messaging system, communicate with potential buyers to get the best cash offer. Once sold, you will be paid through PayPal. </p><p>Do note you are responsible for shipping the phone to the buyer yourself. </p><p><b>4.	uSell.com</b></p><p>uSell.com is an online third-party channel that offers a simple selling process and allows you to compare prices between buyers. </p><p>After selecting the cell phone you would like to sell, you can select between Damaged, Good, or Flawless to best describe the condition of your used phone. For a Samsung <b>Galaxy S10 (128GB)</b> in good condition, they offer <b>$280</b>. uSell does not currently offer a selling option for an iPhone 11 Pro. </p><p>uSell.com provides a free shipping label as well as tracking so you can check on the status of your phone while in transit. Once your used phone is received, USell pays out by PayPal or check within 5 business days. </p><p>There are numerous ways you can sell your old phone for cash with hardly ever having to leave your home. Perhaps you want to be part of the global recycling movement or you simply need some extra pocket cash. Either way, by selling your old phone to one of the companies listed above, you will be able to achieve both goals with ease.</p><p>Ready to get the most cash for your old phone? Click <a href=""/sell/cell-phone"">Here</a>! </p><p><i>Written by Brenda Galeano</i></p>",true
2020/03/28/covid-19-tips-how-to-properly-clean-disinfect-your-cell-phone,2020-03-28,covid-19-tips-how-to-properly-clean-disinfect-your-cell-phone,Covid-19 Tips: How to Properly Clean & Disinfect Your Cell Phone,,covid-19-tips-how-to-properly-clean-disinfect-your-cell-phon-cfeaa6.jpg,"<p>Amid COVID-19 pandemic concerns, health officials have listed precautions people can take to slow the spread of the virus and everyday germs. Hygienic practices such as washing your hands thoroughly for 20 seconds and social distancing are just a few of the basics that are plastered all over social media and the news. </p><p>Nevertheless, one bacteria-harboring device we often forget about is our beloved <a href=""/sell/cell-phone"">cell phones</a>. We often carry them on us throughout the entire day from the home to the office to even the bathroom. According the World Health Organization, the COVID-19 virus can live on surfaces for several days. With hygiene being of upmost importance to slow the spread of the coronavirus, now is the perfect time to learn how to disinfect your <a href=""/sell/cell-phone"">mobile devices</a>.</p><p>The best way to safely clean your phone is to wipe your cell phone down with a damp and lint-free microfiber cloth or lens cloth.  Apple has also said that it is safe to use Clorox/Lysol disinfecting wipes or 70% isopropyl alcohol wipe as an alternative. You can also use 70% isopropyl alcohol on a microfiber cloth but don't put the alcohol solution directly on your smartphone, lightly put it on a microfiber cloth first then wipe it down. A cleansing wipe can be used on the exterior surfaces of your cell phone, such as the screen and case. Avoid the orifices such as the headphone and charger port. When cleaning, it is best to turn off your device first and remove any casing. Wipe down the case and cell phone separately to assure a comprehensive clean. Once dry (about 5 minutes), you can place your cell phone back in its newly disinfected case. </p><p>Not every cleaning product or method can be used.Do not use: window cleaners, household cleaners, rubbing alcohol, compressed air, aerosol sprays, solvents, vodka, ammonia or abrasives. Do not submerge your cell phone in a cleaning agent and avoid spraying cleaning fluids directly to your cell phone as this can damage your cell phone. Be sure to frequently wash your hands and limit the surfaces your cell phone touches in order to reduce the amount of exposure to bacteria and other germs.</p><p>While sanitizing your cell phone is not something you should lose sleep over, routinely cleaning your phone can reduce your risk of contracting germs. Depending on your phone habits and how often you place your phone down on varying surfaces, it is best to clean your phone at least once a day. If someone coughs or sneezes near your cell phone, you will want to wipe it down then as well. </p><p><i>Written by Brenda Galeano</i></p>",true
2020/04/28/how-to-sell-your-gopro-online,2020-04-28,how-to-sell-your-gopro-online,How To Sell Your GoPro Online,"Now is a good time as ever to get a bit of extra cash on your unused electronics. With many people working reduced hours or none at all, it can alleviate some stress knowing you can sell the devices you no longer use for some pocket cash. Cellphones are not the only device buyback companies are",how-to-sell-your-gopro-online-4a597d.jpg,"<p>Now is a good time as ever to get a bit of extra cash on your unused electronics. With many people working reduced hours or none at all, it can alleviate some stress knowing you can sell the devices you no longer use for some pocket cash. Cellphones are not the only device buyback companies are interested in buying off of you. Other electronics such as your GoPro camera can also score you some quick bucks. Below are three simple steps on <a href=""/sell/gopro/gopro"">how to sell your GoPro </a>and get paid fast!</p><p><b>1.	Obtain a Quote</b></p><p>On <a href=""/"">OCBuyBack.com</a>, first click “Get Your Cash” to get started. You will be routed to a webpage with a list of electronic devices to choose from.  Once you select “<a href=""/sell/gopro/gopro"">GoPro</a>”, there are eight models to choose from. After you select the model you plan to sell, you will to input the condition of your GoPro. Next, indicate how many devices you plan to sell and you will receive an instant quote. </p><p>For a Hero 7 Black in good condition, you can get $95.</p><p><b>2.	Ship or Drop off your GoPro</b></p><p>OCBuyBack provides a pre-paid shipping label or local drop off site for your convenience, but before shipping or dropping off, you’ll first want to make sure you’ve erased all of your personal pictures and videos.</p><p>It is also a good idea to restore your GoPro’s factory settings. Depending on the model, the steps to restore the factory settings may differ. For a black Hero 7, you will start by pressing the “Mode” button to turn on your device. Swipe down with your finger on the main screen until you reach “Preferences”. Next, scroll down and select “Reset”. Then, scroll down and click on the “Factory Reset” option. A warning message will appear on the screen. Confirm your choice by selecting “Reset.” </p><p>After you’ve erased your personal media and restored your GoPro’s factory settings, you’ll want to make sure you pack up GoPro in a padded envelope or box with bubble wrap. This is so your GoPro arrives at OCBuyBack in the condition you reported it as. </p><p><b>3.	Get Paid</b></p><p>Once OCBuyBack receives your GoPro, they will inspect it to make sure it is working and matches your information. After the GoPro’s condition is verified, OCBuyBack will pay you within 24 hours by PayPal or check.  </p><p>Selling your GoPro is as easy as the three simple steps above and the best part is you can do it from the comfort of your own home. Ready to get the most cash fast? Click <a href=""/sell/gopro/gopro"">here</a>!</p><p><i>Written By: Brenda Galeano</i></p>",true
2020/04/8/how-to-permanently-delete-your-phone-info-before-selling-it,2020-04-08,how-to-permanently-delete-your-phone-info-before-selling-it,How to Permanently Delete Your Cell Phone's Info Before Selling It,"Considering selling your smartphone, but are concerned about your sensitive information being breached? In today’s tech-enriched world, cell phone users have valid concerns about sensitive data getting into the hands of the wrong people. Selling your smartphone and making a bit of extra income",how-to-permanently-delete-your-phone-info-before-selling-it-c05de4.jpg,"<p>Considering <a href=""/sell/cell-phone"">selling your smartphone</a>, but are concerned about your sensitive information being breached? In today’s tech-enriched world, cell phone users have valid concerns about sensitive data getting into the hands of the wrong people. Selling your smartphone and making a bit of extra income should not come at the price of your security. Luckily, there are steps you can take to erase your information so you can sell your devices with peace of mind. </p><p>Below, we will outline the steps to take to permanently delete your phone information before you sell it for both <a href=""/sell/cell-phone/apple"">iPhone </a>and <a href=""/sell/cell-phone/samsung"">Android </a>users. </p><p><b><u>iPhone</u></b></p><p><b><u></u></b></p><p><b>1.	Back up your Data</b></p><p>Before swiping your cell phone clean, you will first want to back up your data. To back up your messages, contacts, and emails you can use iCloud. First, you will have to select which apps you want to back up by going to Settings – Your Name – iCloud – and select the apps under ‘Apps using iCloud’. </p><p>To back up your call logs, you can use a third party software such as iTunes. If you choose to back up your call logs with iTunes, first launch iTunes and plug in your iPhone to your computer. Click Device icon – Summary – Backup iPhone. Media such as photos and music can also be synced with iTunes. </p><p>To finalize backing up the apps you selected, go to Settings – Your Name – iCloud – iCloud Backup – and select ‘Back up Now’. </p><p><b>2.	Sign Out of Services &amp; Apps</b></p><p>Next, you will want to sign out and turn off services. See below on how to sign out of some of your services:</p><p> iMessage: Settings – Messages – and switch off the iMessage option. </p><p>Wallet &amp; Apple Pay: Settings – Wallet &amp; Apple Pay – Click on your Card – Remove Card. </p><p>Find My Phone: Settings – Your Name – iCloud – Find My Phone. </p><p>Apple ID: Settings – Your Name – Scroll Down – tap ‘Sign Out’ – enter your password. </p><p>At this stage, you can also sign out of apps that store your login information such as Facebook, Instagram, Gmail, etc.  To do this, you will have to go to each individual apps’ settings. </p><p><b>3.	Delete Saved Passwords From Your Browsers</b></p><p><b>4.	Remove your SIM Card</b></p><p><b>5.	Restore Factory Settings</b></p><p>To finalize deleting the data from your iPhone, you will need to restore the phone’s factory settings. Go to Settings – General – Reset – Erase All Content and Settings – and confirm your choice.</p><p><b>6.	Remove your Device From Your Apple Account</b></p><p>To remove your iPhone from your Apple account, go to <a href=""https://appleid.apple.com/#!&amp;page=signin"">appleid.apple.com</a>, login, and scroll down to Devices. Click on the device you plan to sell and click Remove. </p><p><b><u>Android</u></b></p><p><b>1.	Back up your Data</b></p><p>With Android cell phones, you can back up your data to your Google drive. To back up your files, folders, and photos go to Settings - System – and switch on ‘Backup’. Once your information is backed up onto your Google Drive, you will be able to download your files to your new phone. Then delete your files from the phone you are selling. </p><p>Depending on the model of your phone, texts may be backed up automatically. You can also use an app such as ‘SMS Backup &amp; Restore App’ to back up your calls and texts to your Gmail account. Apps made by google should sync automatically to your account, unless you turned this setting off. To revert, go to Settings – Users – Accounts – Account Sync and ‘Sync Now’. To sync other apps, you can manually sync by going into each apps’ settings. </p><p><b>2.	Deactivate Factory Reset Protection</b></p><p>Some models may have a built-in FRP (Factory Reset Protection). You will need to deactivate this feature so the new user can use the phone. </p><p>Not sure if your phone has this protection? You can check by going to Settings – About Device/Phone – Software Info. To deactivate FRP, go to Settings – Security or Lock screen Security - Screen lock – and turn it off. </p><p><b>3.	Log Out of your Google Accounts</b></p><p>Go to Settings – Users and Accounts – select your accounts – click Remove.</p><p><b>4.	Delete saved passwords from your browsers</b></p><p><b>5.	Remove your SIM Card and external Storage</b></p><p><b>6.	Encrypt Your Phone (Optional)</b></p><p>This offers a layer of protection should a new user try and restore your deleted data. You can encrypt your phone by going to Settings – Security – Encryption &amp; Credentials. </p><p><b>7.	Upload False Data (Optional)</b></p><p>To further your protection, you can upload dummy data and then factory reset your phone. Doing this makes restoring your encrypted data extremely difficult and therefore harder to hack.</p><p><b>8.	Reset to Factory Settings</b></p><p>To complete deleting your information from your phone, you will need to reset the phone’s factory settings. Go to Settings – Backup &amp; Reset – Factory Data Reset. </p><p><b>9.	Remove your Device from your Google Account</b></p><p>Once logged in to your Google account, go to the ‘Recently Used Devices’ Section. Select the phone you plan to sell, and click Remove. </p><p>Now that you are an expert on backing up and deleting your data off your phone, you are ready to trade in or sell your used phone. Click <a href=""/sell/cell-phone"">here </a>to get an instant quote!</p><p><i>Written By Brenda Galeano</i></p>",true
2021/03/18/alternatives-to-gazelle-com-for-selling-your-used-phone,2021-03-18,alternatives-to-gazelle-com-for-selling-your-used-phone,Alternative to Gazelle.com for Selling Your Used Phone,,alternatives-to-gazelle-com-for-selling-your-used-phone-e00cab.jpg,"<p>I’m sure by now you have heard of Gazelle.com, one of the largest cell phone buyback companies online. Well, as of <a href=""https://www.theverge.com/2020/12/30/22206779/gazelle-smartphone-used-trade-in-program-shut-down"">December 30, 2020</a> this company will no longer accept trade-ins through their site but will continue to sell devices as normal. Their parent company <a href=""/blog/2019/01/22/where-can-i-sell-my-iphone-ecoatm-vs-ocbuyback"">ecoATM</a> will also continue to buyback phones through their kiosks. However, ecoATM’s payouts are very low in comparison to other online buyback companies. OCBuyBack.com is an alternative to these companies and can offer high competitive payouts for your used phone. </p><p><b>Sell to OCBuyBack.com</b></p><p>Henry Galeano, owner of OCBuyBack.com created this company because he saw the demand for cell phone buybacks around the country. He also took notice of Gazelle.com and the low prices they were offering to their customers. Henry knew that he could beat those prices and pay higher prices. OCBuyBack was started in 2017 and has hundreds of happy customers!</p><p>The process of selling your used phone to OCBuyBack is quite simple:</p><p><b>1. <a href=""/sell"">Select Your Device</a></b></p><p><b>2. Get an Instant Quote</b></p><p><b>3. Ship Your Device</b></p><p><b>4. Get Paid!</b></p><p>Once they receive your device it will go through inspection and then get paid out. They keep you informed through email during the entire process. Did I mention shipping your phone to them is free, so it won’t cut into your margin!</p><p><b>Why is OCBuyBack.com a better alternative? </b></p><p>1. High Payouts</p><p>2. No Bait and Switch Offers</p><p>3. Friendly and Speedy Customer Service</p><p>4. Free Shipping</p><p>5. Sell in Bulk</p><p>6. The Process is Simple</p><p>7. 4.8/5 Star Reviews on Google &amp; Trustpilot</p><p>Don’t take our word for it, read their reviews for yourself on <a href=""https://www.trustpilot.com/review/www.ocbuyback.com"">TrustPilot</a> and <a href=""https://www.google.com/search?client=safari&amp;rls=en&amp;q=ocbuyback&amp;ie=UTF-8&amp;oe=UTF-8#lrd=0x80dcd512e186c8b1:0xc3366d5af3433b4a,1,,,"">Google</a>.  </p><p><i>Ready to sell to OCBuyBack.com start <a href=""/sell"">here</a>. </i></p>",true
2021/04/15/apple-airtags-new-tracking-device-everything-you-need-to-know,2021-04-15,apple-airtags-new-tracking-device-everything-you-need-to-know,Apple AirTags: New Tracking Device - Everything You Need to Know,"    Apple does it again! On April 20, 2021 Apple announced that it will be launching its first ever AirTag, a small elegant accessory that helps you keep track of the things that matter most. You can use this on anything from keys, phone, bag, etc. It connects via Apple’s Find My App. This is what",apple-airtags-new-tracking-device-everything-you-need-to-kno-e66368.jpg,"<p>    Apple does it again! On April 20, 2021 Apple announced that it will be launching its first ever AirTag, a small elegant accessory that helps you keep track of the things that matter most. You can use this on anything from keys, phone, bag, etc. It connects via Apple’s Find My App. This is what we have all been waiting for, no more lost remote control or misplaced car keys! Best of all the price tag on this gadget is very reasonable and will be available as of Friday, April 30.</p><p><b>What’s an AirTag and how much do they cost? </b></p><p>AirTag is a small device that you can clip on to any of your most beloved possessions. You can use it with a key chain to clip on to your keys or bag or you can use it without the key chain and slip it in your wallet or place it in your car. The possibilities on what you can use this accessory on are endless!  It’s sleek design is small and round made out of water and dust resistant stainless steel. It has a built in speaker to play sounds to make it easier for you to locate this item. AirTag will also have a removable cover so that you can easily replace the battery. You can purchase this device starting this Friday, April 30 and it only costs $29 for one or a 4-pack for $99. You are also able to further personalize your AirTag with free engraving when you purchase it through <a href=""https://www.apple.com/newsroom/2021/04/apple-introduces-airtag/"">Apple.com</a>. </p><p><b>How does the AirTag work? </b></p><p>Apple says the connectivity is very similar to connecting AirPods, just bring the AirTag near your iPhone and it will connect. You can also assign AirTag to an item and name it whatever you’d like for example, “Leia’s keys” or “Amy’s luggage”. AirTag seems very user friendly as it can be paired with your iPhone and you can track it through the Find My app. Once your AirTag is set up it will appear in the new items tab in the Find My app. From there you will be able to view it’s current or last known location on the map. If you are within bluetooth range when you misplace your item you can use the Find My app to play a sound from the AirTag to help find it. Even better, you can ask Siri to find your “item” and AirTag will play a sound if it is nearby. </p><p><b>AirTag accessories and Hermes</b></p><p>Users will also be able to purchase separate accessories like the polyurethane loop ($29), the leather loop ($39) or the leather key ring ($35). The enclosure of each accessory will fit securely around your AirTag so that you can conveniently attach it to your belongings.  Also, Hermes is introducing the AirTag Hermes which are an elegant assortment of leather accessories. You can purchase the Bag Charm, Key Ring, Travel Tag, and even a Luggage Tag separately with a custom logo engraving on your AirTag. <a href=""https://www.cnet.com/news/apple-airtags-are-29-and-here-to-help-find-your-lost-keys-and-phone/"">Third party vendors</a> have already created these AirTag accessory options awaiting the AirTag launch. The AirTag doesn’t attach to anything straight out of the box so you will need to purchase separate accessories for it. </p><blockquote>“With its design, unparalleled finding experience, and built-in privacy and security features, AirTag will provide customers with another way to leverage the power of the Apple ecosystem and enhance the versatility of iPhone.” said Kaiann Drance, Apple’s vice president. </blockquote><p><i><a href=""https://www.ocbuyback.com"">OCBuyBack</a> is continually keeping up to date with emerging technologies from Apple and other companies alike. You can keep up to date with us by following us on <a href=""https://www.instagram.com/ocbuyback/?hl=en"">Instagram</a> or <a href=""https://www.facebook.com/ocbuyback/"">Facebook</a>. </i></p>",true
2023/04/19/why-selling-your-old-iphone-is-important,2023-04-19,why-selling-your-old-iphone-is-important,Why Selling Your Old iPhone is Important,Turn your old iPhone into cash by selling it today. OCBuyBack makes it easy to sell your iPhone and pays you the best price. Get an instant quote online in seconds or bring it to our location for payout.,why-selling-your-old-iphone-is-important-5c18a4.jpg,"<p>Why Selling Your Old iPhone is Important</p><p>If you're like most people, you probably upgrade your iPhone every few years to get the latest features and technology. But what do you do with your old iPhone once you've upgraded? Many people simply toss it in a drawer or leave it to collect dust. However, <a href=""/sell/cell-phone/apple"">selling your old iPhone</a> can actually be a smart move for several reasons. Here's why:</p><p>You can get cash for your old iPhone.</p><p>One of the most obvious benefits of selling your old iPhone is that you can get cash for it. Even if your device is a few years old, it still has value. In fact, some older models are still in high demand among buyers who can't afford to buy the latest models. By selling your old iPhone, you can put some extra cash in your pocket.</p><p>You can help the environment.</p><p>When you leave your old iPhone sitting in a drawer or throw it in the trash, it ends up in a landfill where it can take hundreds of years to decompose. This contributes to environmental problems like pollution and climate change. By selling your old iPhone, you're helping to reduce waste and preserve the environment.</p><p>You can declutter your home.</p><p>If you're like most people, you probably have a lot of old electronics taking up space in your home. By selling your old iPhone, you can declutter your home and create more space. This can make your home feel more organized and less chaotic.</p><p>You can help someone else.</p><p>When you sell your old iPhone, you're giving someone else the opportunity to use it. This can be especially helpful for people who can't afford to buy a brand new device. By selling your old iPhone, you're helping someone else get a device that they might not otherwise be able to afford.</p><p>You can stay up-to-date with technology.</p><p>Finally, by selling your old iPhone, you can stay up-to-date with technology. Technology changes rapidly, and if you're still using an old device, you might be missing out on new features and capabilities. By selling your old iPhone and using the cash to upgrade to a newer model, you can stay current with the latest technology.</p><p> Selling your old iPhone is important for several reasons. It can help you get cash, declutter your home, and stay up-to-date with technology. Additionally, it can help the environment and benefit someone else. If you have an old iPhone sitting around, consider selling it today. </p><p><a href=""/"">OCBuyBack </a>is one site where you can <a href=""/sell/cell-phone/apple"">sell your iPhone</a>. OCBuyBack offers competitive pricing, fast payments, and free shipping. If you are local you can also sell your iPhone by bringing it to a location for payout. </p>",true
2023/04/27/how-to-erase-iphone-to-sell,2023-04-27,how-to-erase-iphone-to-sell,How to Erase iPhone to Sell,"Selling your iPhone can be an easy way to make some extra cash, but before you do, it’s important to make sure that all of your personal information is wiped from the device. Here’s how to erase an iPhone so you can sell it.",how-to-erase-iphone-to-sell-11c558.jpg,"<p><a href=""/sell/cell-phone/apple"">Selling your iPhone</a> can be an easy way to make some extra cash, but before you do, it’s important to make sure that all of your personal information is wiped from the device. Here’s how to erase an iPhone so you can sell it.</p><p>Step 1: Back up your data</p><p>Before you erase your iPhone, it’s important to make sure you have a backup of all of your important data. This can include photos, contacts, messages, and any other information you want to keep. You can back up your data using iCloud or iTunes.</p><p>To back up using iCloud, go to Settings &gt; [Your Name] &gt; iCloud &gt; iCloud Backup, then tap Back Up Now. To back up using iTunes, connect your iPhone to your computer, open iTunes, and select your device. Click “Back Up Now” to begin the backup process.</p><p>Step 2: Sign out of iCloud</p><p>Once you’ve backed up your data, you’ll need to sign out of iCloud. This is important because it will remove the activation lock on your iPhone, which is a security feature that prevents someone from using your device without your permission.</p><p>To sign out of iCloud, go to Settings &gt; [Your Name] &gt; Sign Out. Enter your Apple ID password and tap Turn Off. Then, tap Sign Out again to confirm.</p><p>Step 3: Erase all content and settings</p><p>Now that you’ve backed up your data and signed out of iCloud, you’re ready to erase all content and settings from your iPhone. This will erase everything on your device and restore it to its factory settings.</p><p>To erase your iPhone, go to Settings &gt; General &gt; Reset &gt; Erase All Content and Settings. Enter your passcode and tap Erase iPhone. This process may take a few minutes, depending on the amount of data on your device.</p><p>Step 4: Remove SIM card</p><p>Once the erase process is complete, you should remove the SIM card from your iPhone. The SIM card is what connects your iPhone to your cellular network, and removing it will prevent anyone from using your phone number or data plan.</p><p>To remove the SIM card, insert a SIM removal tool (or a paperclip) into the small hole next to the SIM tray. Press down gently until the tray pops out. Remove the SIM card and store it in a safe place.</p><p>Step 5: <a href=""/sell/cell-phone/apple"">Sell your iPhone</a></p><p>Now that you’ve erased your iPhone and removed the SIM card, you’re ready to sell it. You can sell your iPhone on websites like eBay, <a href=""/sell/cell-phone/apple"">OCBuyBack</a>, or Apple.</p><p> Erasing your iPhone before selling it is an important step to protect your personal information and prevent unauthorized access to your device. By following these steps, you can ensure that your iPhone is ready for its next owner.</p><p>Now that your phone is totally erased, it’s ready to sell. <a href=""/sell/cell-phone/apple"">Click here</a> to see just how much you can get for your old iPhone!</p>",true
2023/04/30/sell-your-game-console-for-cash,2023-04-30,sell-your-game-console-for-cash,Sell Your Game Console for Cash,"Are you looking to sell your game console but don't know where to start? Look no further than ocbuyback.com! Ocbuyback.com is a website that specializes in buying back used electronics, including gaming consoles. Whether you are looking to sell your PS5, Xbox Series X or Nintendo Switch,",sell-your-game-console-for-cash-39d4c1.jpg,"<p>Are you looking to sell your game console but don't know where to start? Look no further than ocbuyback.com! <a href=""/sell/game-console"">Ocbuyback.com</a> is a website that specializes in buying back used electronics, including gaming consoles. Whether you are looking to sell your PS5, Xbox Series X or Nintendo Switch, ocbuyback.com offers competitive pricing for all brands.</p><p>Why sell to ocbuyback.com?</p><p>One of the biggest advantages of selling to ocbuyback.com is their simple and straightforward process. All you need to do is go to their website, select your device, and answer a few questions about its condition. Ocbuyback.com will then provide you with an instant quote for your device. If you accept the offer, you can ship your device to them for free, and they will send you payment within 24 hours of receiving it. If you are local to Orange County CA you can bring it to their location for payout. </p><p>Another advantage of selling to ocbuyback.com is that they offer competitive prices for used gaming consoles. You can be confident that you're getting a fair price for your device, and you don't have to worry about negotiating with individual buyers or dealing with the hassle of listing your device on an online marketplace.</p><p>How to sell your game console</p><p><a href=""/sell/game-console"">Selling your game console</a> to ocbuyback.com is a straightforward process. Here are the steps you need to follow:</p><p>1.Go to ocbuyback.com and select your gaming console.</p><p>2.Answer a few questions about your device's condition.</p><p>3.Get an instant quote for your device.</p><p>4.If you accept the offer, ship your device to ocbuyback.com using their free shipping label or drop off locally for payout.</p><p>5.Receive payment within 24 hours of ocbuyback.com receiving your device.</p><p>Tips for selling your game console</p><p>If you want to get the best price for your gaming console, there are a few things you can do to increase its value:</p><p>1. Clean your console. Make sure your console is clean and free of dust before selling it. This will make it look more appealing and increase its value.</p><p>2. Include all accessories. If you have any accessories that came with your console, such as controllers or cables, make sure to include them when <a href=""/sell/game-console"">selling your game console</a>.</p><p>3. Be honest about its condition. Ocbuyback.com will ask you questions about your device's condition, so make sure to be honest about any scratches, dents, or other damage.</p><p>If you're looking to sell your gaming console, <a href=""/sell/game-console"">ocbuyback.com</a> is a great option. Their simple and straightforward process, competitive prices, and free shipping make it an easy choice. Just make sure to follow the tips for getting the best price, and you'll be on your way to getting paid for your used gaming console in no time!</p>",true
2023/04/5/get-cash-for-your-ipad-with-ocbuyback,2023-04-05,get-cash-for-your-ipad-with-ocbuyback,Get Cash for Your iPad with OCBuyBack,We pay cash for your Pads. Enjoy our simple process and highest price guarantee. Sell your new or used iPad today,get-cash-for-your-ipad-with-ocbuyback-f61a3e.jpg,"<p>Are you tired of holding onto old electronics like  iPads that you no longer use? Maybe you've upgraded to a newer model, or you're simply looking to declutter your home. Whatever the reason, you don't have to let those high-end devices collect dust any longer. OCBuyBack is here to help you turn those iPads into cash.</p><p>At OCBuyBack, we specialize in paying cash for new and used iPads. We understand that these devices can be expensive, and we believe that they still have value, even after they've been replaced by newer models. That's why we're willing to pay you cash for your old iPads.</p><p>Here's how it works:</p><p>Visit our <a href=""/sell/tablet/apple"">website</a> and select the iPad you want to sell.</p><p>Tell us the condition of your device.</p><p>We'll provide you with an instant quote.</p><p>If you accept our offer, we'll send you a prepaid shipping label to send us your device.</p><p>Once we receive your device and verify its condition, we'll send you cash via PayPal or check.</p><p>It's that easy! You don't have to worry about finding a buyer or haggling over the price. We make the process simple and straightforward, so you can get cash for your ipad quickly and easily.</p><p>We know that some people are hesitant to sell their iPad online because they're worried about scams or getting ripped off. That's why we pride ourselves on being a trustworthy and reliable buyer. We've been in the business for years, and we have a reputation for providing fair prices and excellent customer service. We also use secure payment methods to ensure that you get paid quickly and safely.</p><p>If you're ready to turn your new or used iPads into cash, visit our <a href=""/sell/tablet/apple"">website </a>today to get started. You'll be surprised at how much your devices are worth, and you'll appreciate the convenience of our process. Don't let those high-end  iPads go to waste – sell them to OCBuyBack and get paid!</p>",true
2023/05/17/exploring-the-google-pixel-fold-phone,2023-05-17,exploring-the-google-pixel-fold-phone,Exploring the Google Pixel Fold Phone,The Google Pixel Fold is officially here. It starts with a hefty price tag of $1799 and goes up to $1919 for the 512GB variation. Available for preorder now with a ship date sometime in June. Sell your old Google Pixel phone to OCBuyBack to offset the cost of the new phone.,exploring-the-google-pixel-fold-phone-5dde7a.jpg,"<p>In the ever-evolving world of smartphones, technological advancements continue to push boundaries and captivate consumers. One of the most intriguing developments is the introduction of foldable phones, offering users a blend of innovation and versatility. <a href=""/sell/cell-phone/google"">Google</a>, known for its pioneering spirit, has joined the foldable phone race with the highly anticipated Google Pixel Fold. In this article, we will delve deeper into the features, benefits, and potential impact of the Google Pixel Fold on the smartphone market.</p><p><b>1. Unveiling the Foldable Display:</b></p><p>The Google Pixel Fold boasts a remarkable foldable display that seamlessly combines aesthetics with functionality. The device features a flexible OLED panel, offering users the ability to transition between a compact smartphone and an expansive tablet-like display. The foldable display provides a smooth folding experience, allowing users to effortlessly switch between different form factors, maximizing convenience and usability.</p><p><b>2. Design and Form Factor:</b></p><p>Carefully engineered for both durability and elegance, the Google Pixel Fold exhibits a sleek and stylish design. When folded, it resembles a traditional smartphone with a compact and pocket-friendly form factor. The device feels comfortable to hold and operate with one hand. Unfolding the Pixel Fold reveals a larger, tablet-like screen, providing an immersive and engaging experience for multimedia content, gaming, and productivity tasks.</p><p><b>3. Display Technology:</b></p><p>The Pixel Fold's foldable display leverages advanced technologies to ensure a seamless transition and captivating visual experience. The device utilizes ultra-thin glass, accompanied by a layer of protective polymers, to provide a smooth and durable surface. The innovative hinge mechanism offers robust support and flexibility, allowing users to fold and unfold the device countless times without compromising display integrity. The vibrant colors, sharp contrasts, and wide viewing angles make the Google Pixel Fold a delight for multimedia consumption.</p><p><b>4. Enhanced Multitasking and Productivity:</b></p><p>One of the key advantages of foldable phones is their ability to enhance multitasking and productivity. The Google Pixel Fold harnesses its larger screen real estate to empower users to do more. With the Multi-Active Window feature, users can effortlessly run multiple apps side by side, simultaneously engaging in various tasks. This capability is particularly beneficial for professionals who need to juggle emails, documents, and video conferences, as well as for multitasking enthusiasts who enjoy seamless transitions between different applications.</p><p><b>5. Camera Capabilities:</b></p><p>Building on the exceptional camera legacy of the Pixel series, the Pixel Fold integrates advanced camera sensors and computational photography algorithms. The device captures stunning photos and videos, leveraging its cutting-edge hardware and software capabilities. Whether it's capturing detailed landscapes or low-light portraits, the Pixel Fold's camera system delivers impressive results. Furthermore, the foldable form factor opens up exciting photography perspectives, enabling users to experiment and explore their creative boundaries.</p><p><b>6. Software Integration:</b></p><p>Google's deep integration of software and hardware is a defining characteristic of the Pixel series, and the Pixel Fold benefits from this synergy. The device runs on the latest version of Android, specifically optimized for foldable displays, ensuring a smooth and intuitive user experience. The software seamlessly adapts to different form factors, offering a cohesive ecosystem that enhances productivity and facilitates effortless navigation between different modes.</p><p><b>7. Potential Impact on the Market:</b></p><p>The introduction of the Google Pixel Fold is expected to have a significant impact on the smartphone market. With its strong software ecosystem, exceptional camera performance, and emphasis on user experience, the Pixel Fold aims to attract both early adopters and mainstream consumers. Its arrival adds credibility and competition to the foldable phone segment, encouraging other manufacturers to continue pushing the boundaries of smartphone design and functionality.</p><p>The Google Pixel Fold represents a significant leap in smartphone technology, showcasing Google's commitment to innovation and pushing boundaries. Its foldable display, sleek design, enhanced multitasking capabilities, and exceptional camera performance make it a formidable competitor in the ever-expanding foldable phone market. As users seek devices that seamlessly integrate into their fast-paced lives, the Google Pixel Fold offers a glimpse into the future of smartphones, providing a versatile and immersive experience like never before. </p><p>Preorder for the new Pixel Fold is available now with a ship date sometime in June. Google is offering a free Pixel watch when you pre order the new Pixel Fold from the Google store. The Pixel Fold starts with hefty price tag of $1799 for the 256GB and $1919 for the 512GB. An easy way to offset the price is to <a href=""/sell/cell-phone/google"">sell your old Google Pixel phone</a> and use that cash towards the Pixel Fold. You can get an instant price for your old pixel phone by clicking <a href=""/sell/cell-phone/google"">here</a>. </p>",true
2023/09/20/iphone-15-series-a-comprehensive-overview,2023-09-20,iphone-15-series-a-comprehensive-overview,iPhone 15 Series - A Comprehensive Overview,"In the ever-evolving world of technology, Apple continues to set the bar high with its groundbreaking innovations in the iPhone series. The iPhone 15 series, consisting of the iPhone 15, iPhone 15 Plus, iPhone 15 Pro, and iPhone 15 Pro Max, is no exception. Apple has once again pushed the boundaries",iphone-15-series-a-comprehensive-overview-669116.jpg,"<p>In the ever-evolving world of technology, Apple continues to set the bar high with its groundbreaking innovations in the iPhone series. The iPhone 15 series, consisting of the iPhone 15, iPhone 15 Plus, iPhone 15 Pro, and iPhone 15 Pro Max, is no exception. Apple has once again pushed the boundaries of what a smartphone can do, offering a slew of new features that cater to both the everyday user and the tech enthusiast. We will take an in-depth look at the exciting new features of each model in the iPhone 15 series.</p><p><b>1.Design and Display</b></p><blockquote>
<b>iPhone 15 &amp; iPhone 15 Plus</b>: These models boast a sleek and slim design with a ceramic back panel for added durability. The iPhone 15 features a 6.1-inch Super Retina XDR display, while the Plus model comes with a larger 6.7-inch display, making it ideal for multimedia consumption.<b>iPhone 15 Pro &amp; iPhone 15 Pro Max</b>: The Pro models feature a strong and lightweight titanium design — a first for iPhone. The Pro models shine with a 6.1-inch and 6.7-inch ProMotion XDR display, respectively, supporting a 120Hz refresh rate for smoother scrolling and improved responsiveness.</blockquote><p><b>2.Performance</b></p><blockquote>
<b>A17 Pro Chip</b>: The iPhone 15 Pro and 15 Pro Max get a big upgrade with the new A17 pro chip, delivering exceptional performance and energy efficiency. These chips are engineered to handle complex tasks effortlessly, making multitasking a breeze. The iPhone 15 and iPhone 15 Plus comes with a faster A16 chip.</blockquote><p><b>3.Camera Enhancements</b></p><blockquote>
<b>iPhone 15 &amp; iPhone 15 Plus</b>: These models feature a dual-camera system with improved low-light capabilities and Smart HDR 4. The Night mode has been enhanced for even better low-light photography, and Cinematic mode now supports ProRAW for professional-level video recording.<b>iPhone 15 Pro &amp; iPhone 15 Pro Max</b>: The Pro models shine in the photography department with a triple-camera system, including a LiDAR scanner for improved AR experiences and Night mode portraits. ProRAW and ProRes video recording options are available, making these phones a favorite among creative professionals.</blockquote><p><b>4.Battery Life</b></p><blockquote>
<b>All Models</b>: Apple has improved battery life across the board, offering up to 25% longer battery life compared to the previous generation. This ensures that you can enjoy your iPhone 15 series device all day long without worrying about running out of power.</blockquote><p><b>5.5G Connectivity</b></p><blockquote>
<b>All Models</b>: The iPhone 15 series supports 5G connectivity, enabling faster download and upload speeds, low latency, and improved overall network performance.</blockquote><p><b>iOS 17</b></p><p><b>All Models</b>: The iPhone 15 series comes preloaded with iOS 17, offering a revamped user interface, new privacy features, and enhanced app capabilities to further elevate your iPhone experience.</p><p><b>USB-C Charging port</b></p><p><b>All Models</b>: Among the slew of announcements and performance proclamations was a significant and long-awaited update to the iPhone's design -- namely, a new USB-C charging port on the bottom of the device. It's been a good 11-year run, Lightning port.</p><p><b>Storage Options</b></p><p><b>All Models</b>: Apple has doubled the base storage across the series, starting at 128GB for the iPhone 15 and iPhone 15 Plus, and 256GB for the iPhone 15 Pro and Pro Max. More storage means more room for your photos, videos, apps, and files.</p><p>The iPhone 15 series is a testament to Apple's commitment to innovation and excellence. With its stunning design, enhanced performance, superior camera capabilities, longer battery life, and cutting-edge features, these devices offer something for everyone, from the casual user to the professional photographer. Whether you opt for the iPhone 15, iPhone 15 Plus, iPhone 15 Pro, or iPhone 15 Pro Max, you can be sure you're getting a top-of-the-line smartphone experience that will keep you connected and empowered in today's digital world.</p><p>Prices start at $799 for the iPhone 15 and $999 for the 15 Pro. You can offset the price by <a href=""/sell/cell-phone/apple"">selling your old iPhone</a> for fast cash at <a href=""/"">OCBuyBack.com</a>. </p>",true
2024/010/25/how-to-sell-your-ps5-to-ocbuyback-a-simple-guide-to-getting-the-best-value,2024-10-25,how-to-sell-your-ps5-to-ocbuyback-a-simple-guide-to-getting-the-best-value,How to Sell Your PS5 to OCBuyBack: A Simple Guide to Getting the Best Value,How to Sell Your PS5 to OCBuyBack: A Simple Guide to Getting the Best Value,how-to-sell-your-ps5-to-ocbuyback-a-simple-guide-to-getting--29663d.jpg,"<p>If you're ready to upgrade your gaming setup, switch to a different console, or just need some extra cash, <a href=""/sell/game-console/sony"">selling your PlayStation 5</a> can be a great option. One convenient platform for selling electronics like the PS5 is OCBuyBack.com, which offers quick payouts and a smooth transaction process. Here’s how to get the most out of your PS5 sale through OCBuyBack, along with some helpful tips to ensure you’re fully prepared.</p><p><b>Why Choose OCBuyBack for Selling Your PS5?</b></p><p>OCBuyBack specializes in buying electronics directly from users, including gaming consoles, smartphones, and tablets. They’ve built a reputation for straightforward service, fair prices, and fast payouts, making them a go-to platform for those who want a hassle-free selling experience.</p><p><b>Key Benefits of Selling Your PS5 to OCBuyBack:</b></p><p><b>Competitive Offers:</b> OCBuyBack often provides a fair market price for your PS5, considering its condition and model.</p><p><b>Simple Process:</b> With their easy-to-use platform, you get a quote and complete your sale in just a few steps.</p><p><b>Quick Payment:</b> Once your PS5 is received and inspected, payments are typically processed quickly.</p><p><b>Free Shipping:</b> OCBuyBack covers shipping costs, so you won’t have to worry about paying to send in your console.</p><p><b>Step-by-Step Guide to Selling Your PS5 to OCBuyBack</b></p><p><b>1. Check Your PS5’s Condition</b></p><p>Working Condition: Make sure your PS5 is fully operational, boots up correctly, and all controllers are functional. OCBuyBack accepts PS5s in both working and damaged conditions, but the offer may vary.</p><p>Physical Condition: Wipe down the console, controllers, and any accessories. Minor scratches are typically okay, but deep scratches, dents, or cracks could lower the offer.</p><p><b>2. Get a Quote on OCBuyBack</b></p><p>Visit <a href=""/sell/game-console/sony"">OCBuyBack.com </a>and select the PS5 category to start your quote. You’ll be asked to provide details on the model, storage size, and condition (like-new, good, or poor).</p><p>Once you input this information, OCBuyBack will generate an instant quote for your PS5.</p><p><b>3. Accept the Offer and Prepare for Shipping</b></p><p>If the quote meets your expectations, accept the offer, and follow the instructions for shipping.</p><p>OCBuyBack provides a free shipping label, so all you need to do is print it out and pack your PS5 securely in a sturdy box. Be sure to use bubble wrap or padding to prevent any damage during transit.</p><p><b>4. Ship Your PS5</b></p><p>Drop off your package at the nearest USPS location or schedule a pickup, depending on what’s most convenient for you.</p><p>Keep your shipping receipt as it will include a tracking number, allowing you to monitor the shipment’s progress to OCBuyBack.</p><p><b>5. Get Paid Quickly</b></p><p>Once OCBuyBack receives and inspects your PS5, they’ll verify that it matches the description and condition you provided.</p><p>Payments are typically processed within a day or two after the inspection. You can choose to receive your payout via PayPal or check, depending on your preference.</p><p><b>Tips for Getting the Best Price for Your PS5 on OCBuyBack</b></p><p><b>Include All Accessories:</b> Send the console with any original accessories, including the power cable, HDMI cable, and DualSense controller. Having everything in place can help you get the best possible offer.</p><p><b>Be Honest About Condition:</b> Accurately describe any wear and tear. Misrepresenting the condition can lead to delays or a reduced payout.</p><p><b>Check for Higher Offers:</b> While OCBuyBack offers competitive prices, it’s always smart to check other options to ensure you’re getting the best deal. However, the convenience and speed OCBuyBack provides can often outweigh slightly higher offers elsewhere.</p><p><b>Use Original Packaging if Available:</b> If you still have the PS5’s original box, use it for added protection during shipping. It can also enhance your item’s perceived value.</p><p><b>Wipe Data if Needed: </b>Although PS5 consoles don’t store personal data like phones or tablets, it’s still a good idea to reset the console to factory settings.</p><p><b>FAQs About Selling Your PS5 to OCBuyBack</b></p><p><b>Is it safe to ship my PS5?</b></p><p>Yes, OCBuyBack provides a free, trackable shipping label, so you can monitor your shipment as it travels. Packing your PS5 securely with padding reduces the risk of damage.</p><p><b>How long does the process take?</b></p><p>The timeline typically includes a few days for shipping, a short inspection period, and quick payment, often within a week from when you ship the console.</p><p><b>Will I get the quoted price?</b></p><p>As long as the PS5’s condition matches your description, you’ll receive the quoted amount. If there are discrepancies, OCBuyBack may adjust the offer and will notify you of any changes.</p><p>Conclusion</p><p><a href=""/sell/game-console/sony"">Selling your PS5</a> to OCBuyBack is an efficient way to quickly turn your console into cash without dealing with the complexities of peer-to-peer platforms. With a simple process, competitive offers, and fast payments, OCBuyBack takes the hassle out of selling used electronics. Follow these steps, prepare your console, and get ready to enjoy the easy and rewarding experience of selling through OCBuyBack!</p>",true
2024/08/13/how-to-sell-your-new-or-used-iphone-to-ocbuyback-com-a-hassle-free-experience,2024-08-13,how-to-sell-your-new-or-used-iphone-to-ocbuyback-com-a-hassle-free-experience,How to Sell Your New or Used iPhone to OCBuyBack.com: A Hassle-Free Experience,"Selling your new or used iPhone to OCBuyBack.com is a is Halle free experience. Simply find your device, answer a few questions, and receive an instant quote. Payments are quick and easy.",how-to-sell-your-new-or-used-iphone-to-ocbuyback-com-a-hassl-2a8a48.jpeg,"<p><b><u>How to Sell Your New or Used iPhone to OCBuyBack.com: A Hassle-Free Experience</u></b></p><p>In today’s fast-paced world, upgrading to the latest iPhone model has become a regular occurrence for many of us. However, with each new purchase comes the question: what should you do with your old iPhone? Whether you have a gently used iPhone that’s ready for a new owner or a brand-new device that you’ve decided not to keep, <a href=""https://www.ocbuyback.com"">OCBuyBack.com</a> offers an easy and profitable solution.</p><p><b><u>Why Choose OCBuyBack.com?</u></b></p><p><b><u></u></b></p><p><a href=""/sell/cell-phone/apple"">OCBuyBack.com </a>specializes in buying new and used smartphones, particularly iPhones. The platform is designed to make the selling process as simple and transparent as possible. Here’s why you should consider OCBuyBack.com when selling your device:</p><p><b><i>Competitive Pricing</i>:</b> OCBuyBack.com offers some of the best prices for both new and used iPhones. They continuously monitor market trends to ensure you get a fair and competitive offer for your device.</p><p><b><i>Quick and Easy Process</i>:</b> The process of selling your iPhone on OCBuyBack.com is straightforward. It only takes a few minutes to get an instant quote. There’s no need to deal with complicated listings, haggling with buyers, or waiting for weeks to sell your phone.</p><p><b><i>Free Shipping</i>:</b> Once you accept their offer, OCBuyBack.com provides you with a free shipping label. Simply pack your iPhone, attach the label, and send it off. There’s no cost to you, and you can track the shipment until it arrives.</p><p><b><i>Fast Payment</i>:</b> After your iPhone is received and inspected, OCBuyBack.com processes your payment quickly. You can choose to receive your payment via PayPal, check, or direct deposit, making the process seamless and efficient.</p><p><b><i>Eco-Friendly</i>:</b> Selling your iPhone to OCBuyBack.com is also an environmentally responsible choice. By selling your device, you’re ensuring that it’s reused or recycled properly, reducing electronic waste.</p><p><b><u>The Selling Process: Step by Step</u></b></p><p>If you’re considering selling your iPhone to <a href=""/sell/cell-phone/apple"">OCBuyBack.com</a>, here’s how the process works:</p><p><b><i>Get a Quote</i>: </b>Visit <a href=""/sell/cell-phone/apple"">OCBuyBack.com</a> and enter the details of your iPhone, such as the model, storage capacity, and condition (new, like new, used, or damaged). You’ll receive an instant quote based on the information provided.</p><p><b><i>Ship Your iPhone</i>:</b> If you’re happy with the offer, simply accept it. OCBuyBack.com will then provide you with a free shipping label. Pack your iPhone securely and drop it off at your nearest shipping location.</p><p><b><i>Inspection:</i></b> Once OCBuyBack.com receives your iPhone, they will inspect it to ensure it matches the description you provided. If everything checks out, they’ll process your payment. In rare cases where the condition doesn’t match, they’ll contact you with a revised offer, giving you the option to accept or decline.</p><p><b><i>Receive Payment</i>:</b> After inspection, you’ll receive your payment through your chosen method—whether it’s PayPal, check, or direct deposit. The entire process, from shipping your iPhone to receiving payment, typically takes just a few days.</p><p><b><u>Tips for Maximizing Your Payout</u></b></p><p>To ensure you get the best possible price for your iPhone, here are a few tips:</p><p><b><i>Remove Personal Data</i></b>: Before sending in your iPhone, make sure to back up your data and perform a factory reset to remove all personal information.</p><p><b><i>Be Honest About the Condition:</i></b> Accurately describing the condition of your iPhone will prevent any issues during the inspection process and ensure you receive the correct payment.</p><p><b><u>Conclusion</u></b></p><p>Selling your new or used iPhone to <a href=""/sell/cell-phone/apple"">OCBuyBack.com</a> is a quick, easy, and profitable way to turn your old device into cash. With competitive pricing, free shipping, and fast payments, it’s a hassle-free experience that puts money in your pocket while ensuring your phone is reused or recycled responsibly. Visit <a href=""/sell/cell-phone/apple"">OCBuyBack.com</a> today to get started!</p>",true
2024/08/19/get-top-cash-for-your-google-pixel-phones,2024-08-19,get-top-cash-for-your-google-pixel-phones,Get Top Cash for Your Google Pixel Phones,"Title: Get Top Cash for Your Google Pixel Phones with OCBuyBack.com. We buy new and used Google Pixel phones. Enjoy free shipping or visit out location. Fast payments, highest prices!",get-top-cash-for-your-google-pixel-phones-1c8042.jpg,"<p>In today’s fast-paced world of technology, smartphones are constantly evolving, with new models and features being released regularly. If you’re a Google Pixel user, you’ve likely experienced the excitement of upgrading to the latest model. But what do you do with your old Pixel once you’ve moved on to the next best thing? Instead of letting it gather dust in a drawer, why not turn it into cash?</p><p><a href=""https://www.ocbuyback.com"">OCBuyBack.com</a> is your go-to platform for <a href=""/sell/cell-phone/google"">selling your Google Pixel phones</a>, offering top dollar and a seamless process. Here's why OCBuyBack.com stands out as the best choice for selling your used or even damaged Google Pixel devices.</p><p><b><u>1. Why Sell Your Google Pixel?</u></b></p><p>Google Pixel phones are known for their high-quality build, powerful features, and outstanding camera performance. However, as with any tech gadget, their value depreciates over time. <a href=""/sell/cell-phone/google"">Selling your old Pixel</a> not only puts extra money in your pocket but also helps in reducing electronic waste. It’s a win-win situation!</p><p><b><u>2. OCBuyBack.com: The Trusted Platform</u></b></p><p>When it comes to selling your Google Pixel phone, you want a platform that is trustworthy, offers fair pricing, and provides a hassle-free experience. OCBuyBack.com ticks all these boxes.</p><p><b>a. Competitive Pricing</b></p><p>OCBuyBack.com offers some of the best prices in the market for used Google Pixel phones. Whether you own the latest Pixel model or an older version, you can rest assured that you’ll receive top cash for your device. The platform’s transparent pricing model means no hidden fees or surprises—just a fair price for your phone.</p><p><b>b. Fast and Easy Process</b></p><p><a href=""/sell/cell-phone/google"">Selling your Pixel with OCBuyBack.com</a> is incredibly straightforward. Simply visit the website, select your Google Pixel model, and answer a few quick questions about its condition. You’ll receive an instant quote, and if you accept it, you can ship your phone for free. Once OCBuyBack.com receives your phone and verifies its condition, you’ll receive your payment promptly via your preferred method.</p><p><b>c. Environmentally Friendly</b></p><p>By selling your old Google Pixel to OCBuyBack.com, you’re contributing to a more sustainable future. The platform ensures that your device is either refurbished and resold or recycled responsibly. This reduces the impact of electronic waste on the environment, making your choice to sell an eco-friendly one.</p><p><b><u>3. What Makes OCBuyBack.com Different?</u></b></p><p><b>a. Customer-Centric Approach</b></p><p>OCBuyBack.com is committed to providing an excellent customer experience. From the moment you visit the website to the time you receive your payment, the process is designed to be smooth, transparent, and customer-friendly. The platform has a dedicated support team ready to assist with any questions or concerns you may have.</p><p><b>b. Quick Turnaround Time</b></p><p>One of the key benefits of selling your Google Pixel on OCBuyBack.com is the speed of the process. Unlike other platforms that may take weeks to process your transaction, OCBuyBack.com ensures that you get your cash quickly, usually within a few days of sending in your device.</p><p><b>c. Positive Reviews and Reputation</b></p><p>OCBuyBack.com has built a strong reputation over the years, with numerous satisfied customers who have praised the platform for its reliability, fair pricing, and excellent service. Positive reviews across the web highlight the platform's commitment to customer satisfaction, making it a trusted name in the buyback industry.</p><p><b><u>4. How to Get Started?</u></b></p><p><a href=""/sell/cell-phone/google"">Ready to sell your Google Pixel for top cash</a>? Here’s how you can get started with OCBuyBack.com:</p><p>Visit the <a href=""/sell/cell-phone/google"">OCBuyBack.com</a> Website: Go to the website and navigate to the Google Pixel section.</p><p>Select Your Model: Choose your specific Google Pixel model from the list.</p><p>Get an Instant Quote: Answer a few questions about your phone’s condition and receive an instant quote.</p><p>Ship Your Device for Free: Accept the offer, and OCBuyBack.com will provide you with a free shipping label.</p><p>Receive Your Payment: Once your phone is received and inspected, you’ll get paid quickly.</p><p><b>Final Thoughts</b></p><p>If you’re looking to get <a href=""/sell/cell-phone/google"">top cash for your Google Pixel phone</a>, OCBuyBack.com is the ideal platform to do so. With competitive pricing, a simple process, and a commitment to customer satisfaction, it’s no wonder that OCBuyBack.com has become a trusted name in the buyback industry. Don’t let your old Pixel go to waste—turn it into cash today with OCBuyBack.com!</p>",true
2024/08/30/selling-your-apple-watches-for-cash,2024-08-30,selling-your-apple-watches-for-cash,Selling Your Apple Watches for Cash,Selling Your Apple Watches for Cash to OCBuyBack: A Hassle-Free Experience,selling-your-apple-watches-for-cash-6afe67.png,"<p>In today's fast-paced world, technology evolves rapidly, and smartwatches like the Apple Watch are no exception. As Apple continues to release new models with enhanced features, many users find themselves with older Apple Watches that they no longer need. Instead of letting your old Apple Watch collect dust, why not turn it into cash? This is where OCBuyBack comes in.</p><p><b>Why Sell Your Apple Watch?</b></p><p>Before diving into how to <a href=""/sell/smartwatch/apple"">sell your Apple Watch</a>, let's talk about why you should consider it in the first place. There are several compelling reasons:</p><p><b>1.Upgrade to the Latest Model:</b> Apple frequently releases new versions of the Apple Watch with improved features, better performance, and enhanced designs. Selling your old model can provide you with the funds to upgrade to the latest one.</p><p><b>2.Declutter Your Space:</b> If you have an older Apple Watch that you no longer use, it's just taking up space. Selling it can help you declutter and make room for other things you actually use.</p><p><b>3.Eco-Friendly Choice:</b> Selling your Apple Watch helps reduce electronic waste by ensuring that your device gets a second life. This is an environmentally responsible way to dispose of your old gadgets.</p><p><b>4.Instant Cash:</b> Who doesn't love some extra cash? Whether you're saving up for something special or just want a little extra money in your pocket, selling your Apple Watch can be a quick and easy way to get it.</p><p><b>Why Choose OCBuyBack?</b></p><p>When it comes to <a href=""/sell/smartwatch/apple"">selling your Apple Watch</a>, there are plenty of options out there, from online marketplaces to trade-in programs. However, OCBuyBack stands out for several reasons:</p><p><b>1. Simple and Straightforward Process</b></p><p>OCBuyBack offers a hassle-free selling process. All you need to do is visit their website, get a quote for your Apple Watch, and ship it to them. The entire process is quick and easy, allowing you to sell your watch from the comfort of your home.</p><p><b>2. Competitive Pricing</b></p><p>OCBuyBack is known for offering competitive prices for Apple Watches. They assess your device based on its condition, model, and other factors to give you a fair offer. This means you can be confident that you're getting the best value for your watch.</p><p><b>3. Fast Payment</b></p><p>Once OCBuyBack receives your Apple Watch and verifies its condition, they process your payment quickly. You can choose from various payment options, including PayPal or a mailed check, depending on what works best for you.</p><p><b>4. Free Shipping</b></p><p>OCBuyBack provides free shipping for your device, so you don't have to worry about any additional costs. They even offer a prepaid shipping label to make the process as convenient as possible.</p><p><b>5. Trustworthy and Reliable</b></p><p>With years of experience in the buyback industry, OCBuyBack has built a reputation for being trustworthy and reliable. Their customer service is top-notch, ensuring that you have a smooth and pleasant experience from start to finish.</p><p><b>How to Sell Your Apple Watch to OCBuyBack</b></p><p>Ready to <a href=""/sell/smartwatch/apple"">sell your Apple Watch</a>? Here's a step-by-step guide to help you through the process:</p><p><b>Step 1: Get a Quote</b></p><p>Visit the OCBuyBack <a href=""/sell/smartwatch/apple"">website</a> and select the Apple Watch model you want to sell. You'll be asked a few questions about the condition of your device. Based on your answers, you'll receive an instant quote.</p><p><b>Step 2: Ship Your Apple Watch</b></p><p>If you're happy with the quote, proceed to checkout. OCBuyBack will provide you with a prepaid shipping label. Pack your Apple Watch securely, attach the label, and drop it off at your nearest shipping location.</p><p><b>Step 3: Get Paid</b></p><p>Once OCBuyBack receives your Apple Watch, they'll inspect it to ensure it matches the description you provided. If everything checks out, you'll receive your payment within a few days. It's that simple!</p><p><b>Tips for Preparing Your Apple Watch for Sale</b></p><p>To ensure a smooth selling process, here are a few tips to prepare your Apple Watch:</p><p><b>1.Back Up Your Data:</b> Before you sell your Apple Watch, make sure to back up any important data to your iCloud or another device.</p><p><b>2.Unpair Your Watch:</b> Unpair your Apple Watch from your iPhone and remove it from your iCloud account. This will ensure that the new owner can set it up without any issues.</p><p><b>3.Factory Reset:</b> Perform a factory reset on your Apple Watch to erase all your personal data. This step is crucial to protect your privacy.</p><p><b>4.Clean Your Watch:</b> Give your Apple Watch a thorough cleaning to make it look as good as new. This can help you get a better price.</p><p><b>5.Include Accessories:</b> If you have the original box, charger, and any other accessories, include them in the package. This can increase the value of your watch.</p><p><b>Conclusion</b></p><p><a href=""/sell/smartwatch/apple"">Selling your Apple Watch</a> for cash to OCBuyBack is a smart and efficient way to declutter, upgrade, and make some extra money. With their straightforward process, competitive pricing, and excellent customer service, OCBuyBack makes it easy to turn your old Apple Watch into cash. So why wait? Visit <a href=""/sell/smartwatch/apple"">OCBuyBack</a> today and start the process of selling your Apple Watch.</p>",true
2024/09/18/how-ocbuyback-pays-top-cash-for-your-oneplus-phones,2024-09-18,how-ocbuyback-pays-top-cash-for-your-oneplus-phones,How OCBuyBack Pays Top Cash for Your OnePlus Phones,How OCBuyBack Pays Top Cash for Your OnePlus Phones,how-ocbuyback-pays-top-cash-for-your-oneplus-phones-b07236.jpg,"<p>If you’re looking to sell your OnePlus phone for top dollar, <a href=""/"">OCBuyBack</a> has you covered. The days of haggling with strangers or getting undervalued at trade-in kiosks are over. At OCBuyBack, we ensure that you get the best possible price for your used OnePlus device. Whether you have the latest OnePlus model or an older version, our streamlined process makes it easy to sell and receive cash quickly.</p><p><b>Why OCBuyBack?</b></p><p><b>1. Top Dollar Offers</b></p><p><a href=""/"">OCBuyBack</a> is committed to offering competitive prices for your used OnePlus phones. We continuously monitor the market to ensure our cash offers are among the best. Many trade-in services or resellers give low-ball offers, but we believe your device is worth more. Whether you have a OnePlus 11, OnePlus 8 Pro, or even an older model like the OnePlus 6, you can expect a fair valuation.</p><p><b>2. Fast and Easy Process</b></p><p><a href=""/sell/cell-phone/oneplus"">Selling your phone</a> on OCBuyBack is a breeze. The entire process is designed to be quick and hassle-free:</p><p><b>Select Your Model: </b>Head over to the OnePlus category on our website and select your phone model.</p><p><b>Get an Instant Quote</b>: After selecting your model, you’ll receive an immediate cash offer.</p><p><b>Ship for Free:</b> Once you accept the offer, OCBuyBack provides you with a free shipping label.</p><p><b>Get Paid Fast:</b> As soon as we receive and inspect your phone, you’ll get paid—either via PayPal, check, or another method you prefer.</p><p><b>3. No Hidden Fees</b></p><p>There are no surprises when you work with <a href=""/sell/cell-phone/oneplus"">OCBuyBack</a>. We provide a clear, upfront quote with no hidden fees or conditions. We also cover all shipping costs, so you don’t have to worry about spending money to sell your phone.</p><p><b>4. Eco-Friendly</b></p><p>By <a href=""/sell/cell-phone/oneplus"">selling your used OnePlus phone</a>, you’re helping to reduce e-waste. At OCBuyBack, we ensure that all devices are either refurbished and resold or responsibly recycled, contributing to a more sustainable planet.</p><p><b>How Does the Valuation Work?</b></p><p>The value of your OnePlus phone depends on a few key factors:</p><p><b>Model and Release Year:</b> Newer models like the OnePlus 11 or 10 Pro will fetch higher prices than older versions.</p><p><b>Condition:</b> Phones in good condition, with minimal wear and tear, command higher prices. If your device has significant damage, the offer may be lower, but OCBuyBack still pays competitively for broken or non-functional phones.</p><p><b>Storage Capacity:</b> Higher storage models typically have a higher resale value.</p><p>OCBuyBack provides a clear and accurate valuation based on these factors, ensuring you get a fair price for your OnePlus phone.</p><p><b>The OCBuyBack Advantage</b></p><p>If you’ve tried selling your phone through other platforms, you’ve likely encountered hidden fees, lengthy delays, or untrustworthy buyers. OCBuyBack eliminates all of those concerns:</p><p><b>Trustworthy and Reliable:</b> We’ve been in the buyback business for years, earning a reputation for integrity and fairness.</p><p><b>Guaranteed Quotes: </b>The price we offer online is the price you’ll get as long as your phone matches the description.</p><p><b>Multiple Payment Options:</b> We offer various payout methods, making it easy for you to get your money how and when you want it.</p><p><b>Final Thoughts</b></p><p>Selling your OnePlus phone to <a href=""/sell/cell-phone/oneplus"">OCBuyBack</a> is one of the easiest and most rewarding ways to get fast cash. Whether you’re upgrading to a newer model or simply want to clear out your old devices, OCBuyBack ensures you get top dollar for your OnePlus phone in the quickest, hassle-free way possible.</p><p>Ready to sell your OnePlus phone? Head over to <a href=""/sell/cell-phone/oneplus"">OCBuyBack</a> today, get an instant quote, and start the easy process of turning your old device into cash!</p>",true
2024/09/6/everything-you-need-to-know-about-the-new-iphone-16-and-how-to-upgrade-with-ocbuyback,2024-09-06,everything-you-need-to-know-about-the-new-iphone-16-and-how-to-upgrade-with-ocbuyback,Everything You Need to Know About the New iPhone 16 and How to Upgrade with OCBuyBack,Everything You Need to Know About the New iPhone 16 and How to Upgrade with OCBuyBack,everything-you-need-to-know-about-the-new-iphone-16-and-how--bd9e62.png,"<p>The tech world has been buzzing with excitement as Apple has just unveiled the latest in its iPhone series—the iPhone 16. The iPhone 16 promises to take the mobile experience to new heights with cutting-edge technology, stunning design, and improved user features. In this article, we'll dive into everything you need to know about the iPhone 16, and how <a href=""https://www.ocbuyback.com"">OCBuyBack</a> can help you trade in your old device for a smoother, more cost-effective upgrade.</p><p><b>Key Features of the iPhone 16</b></p><p><b>1. Design and Display</b></p><p>The iPhone 16 boasts a sleeker design, with even thinner bezels and a more seamless look. Apple has continued to push the boundaries of premium materials, incorporating a titanium alloy frame for a durable yet lightweight feel. The display has also received a significant upgrade: the iPhone 16 features a 6.4-inch ProMotion OLED screen with a 120Hz refresh rate, perfect for buttery-smooth scrolling and vivid colors.</p><p><b>New Dynamic Island:</b> Building on the success of Dynamic Island, the iPhone 16 refines this feature, allowing for more interactive notifications and widget-like multitasking.</p><p><b>Available Colors: </b>The iPhone 16 comes in an exciting range of new colors, including Starlight White, Graphite Black, Sunset Red, and Sky Blue.</p><p><b>2. Performance Upgrades</b></p><p>Under the hood, the iPhone 16 is powered by the new A18 Bionic chip. Apple claims this is its most powerful processor to date, offering 25% better performance and 30% more power efficiency than the A17. This means better multitasking, faster app launches, and smoother gaming experiences.</p><p>Additionally, the 5G modem has been optimized for better connectivity, supporting Wi-Fi 7 for super-fast wireless data speeds.</p><p><b>3. Improved Camera System</b></p><p>Apple has been known for pushing the envelope when it comes to smartphone photography, and the iPhone 16 takes this even further. The triple-lens rear camera system now includes a 48MP primary sensor, a 12MP ultra-wide sensor, and a 10MP telephoto lens with 5x optical zoom. These improvements make it a breeze to capture professional-quality photos in a variety of settings.</p><p><b>Night Mode 2.0:</b> With improved low-light photography, the iPhone 16 ensures your shots look great no matter the time of day.</p><p><b>Cinematic Video: </b>You can now shoot 8K video with enhanced stabilization for smooth, professional-grade footage.</p><p><b>4. Battery Life</b></p><p>Battery performance has been a major focus for Apple with the iPhone 16. Thanks to the new chip architecture and optimization, the iPhone 16 offers up to 28 hours of battery life on a single charge, even with heavy use. It also supports faster wireless charging and reverse charging, so you can power up other devices like your AirPods directly from your iPhone.</p><p><b>5. iOS 18 Integration</b></p><p>The iPhone 16 runs on iOS 18, which brings a host of new features, including:</p><p><b>Enhanced Privacy Controls: </b>More granular app permissions and increased focus on data protection.</p><p><b>AI-Powered Personalization:</b> The new iOS integrates AI for tasks like personalized notifications, smart widgets, and predictive text that's more context-aware.</p><p><b>Augmented Reality: </b>iOS 18 includes several AR features that, paired with the iPhone 16’s advanced sensors, make for a more immersive experience.</p><p><b>How OCBuyBack Can Help You Upgrade to the iPhone 16</b></p><p>Want to get your hands on the new iPhone 16 but unsure what to do with your old iPhone? This is where OCBuyBack steps in. OCBuyBack makes it easy to <a href=""/sell/cell-phone/apple"">trade in your old iPhone for cash</a>, which you can then use toward your new iPhone 16 purchase.</p><p><b>How Does OCBuyBack Work?</b></p><p><b>Get a Quote: </b>Visit the <a href=""/sell/cell-phone/apple"">OCBuyBack</a> website and enter the model, storage size, and condition of your old iPhone to receive an instant quote.</p><p><b>Free Shipping: </b>Once you accept the offer, OCBuyBack will provide a prepaid shipping label for you to send in your device. There's no need to worry about shipping costs!</p><p><b>Fast Payment:</b> As soon as OCBuyBack receives your phone and verifies its condition, they will send you payment via PayPal or check—whichever option you prefer.</p><p><b>Eco-Friendly: </b>By <a href=""/sell/cell-phone/apple"">selling your old phone</a> to OCBuyBack, you’re also helping reduce electronic waste. They recycle or refurbish your device, ensuring it stays out of landfills.</p><p><b>Why Use OCBuyBack?</b></p><p><b>Competitive Pricing: </b>OCBuyBack offers some of the best trade-in values on the market, ensuring you get top dollar for your old iPhone.</p><p><b>Fast Process:</b> The entire trade-in process is designed to be quick and hassle-free. You can get paid in as little as a few days after sending in your device.</p><p><b>No Hidden Fees:</b> Unlike some trade-in programs, OCBuyBack doesn't charge any hidden fees or deductions after evaluating your phone.</p><p><b>Steps to Trade In and Buy the iPhone 16</b></p><p><b>Check Your Old iPhone’s Value on OCBuyBack:</b> Visit the <a href=""/sell/cell-phone/apple"">OCBuyBack</a> website and select your current iPhone model to see how much you can get.</p><p><b>Send In Your Old Device: </b>Ship your old iPhone to OCBuyBack using their free shipping service.</p><p><b>Use the Cash Toward Your iPhone 16: </b>Once you receive your payment, you can put it toward buying your new iPhone 16, saving you a significant amount on your upgrade.</p><p><b>Conclusion</b></p><p>The iPhone 16 is shaping up to be one of the most impressive smartphones on the market, with its powerful performance, stunning design, and advanced features. If you’re thinking about upgrading, you don’t have to let your old iPhone gather dust—sell it to <a href=""/sell/cell-phone/apple"">OCBuyBack</a> for quick cash and use the money toward your brand-new iPhone 16. It’s a win-win!</p><p>Get started with your iPhone 16 upgrade today and enjoy all the latest Apple has to offer without breaking the bank!</p>",true
2025/01/2/selling-your-phone-to-ocbuyback-com-in-2025-a-smart-and-hassle-free-solution,2025-01-02,selling-your-phone-to-ocbuyback-com-in-2025-a-smart-and-hassle-free-solution,Selling Your Phone to OCBuyBack.com in 2025: A Smart and Hassle-Free Solution,Selling Your Phone to OCBuyBack.com in 2025: A Smart and Hassle-Free Solution,selling-your-phone-to-ocbuyback-com-in-2025-a-smart-and-hass-fe88a9.jpg,"<p>In today’s fast-paced world, upgrading your smartphone has become a regular occurrence. Whether you’re switching to the latest model or simply decluttering your home, <a href=""/sell/cell-phone"">selling your old phone</a> can be a smart way to make some extra cash. But where can you sell your device quickly, securely, and for a fair price? Enter OCBuyBack.com — the ultimate solution for anyone looking to trade in their used phone in 2025.</p><p><b><u>Why Sell Your Phone to OCBuyBack.com?</u></b></p><p>Selling your phone can often feel like a daunting process. From haggling with buyers to worrying about your data’s security, the challenges can seem endless. OCBuyBack.com eliminates these worries with its straightforward and user-friendly platform. Here are some of the reasons why it’s the top choice for phone trade-ins:</p><p><b>Competitive Offers:</b> <a href=""/sell/cell-phone"">OCBuyBack.com</a> provides some of the best buyback prices in the market. Their pricing algorithm ensures you get a fair value based on your phone’s model, condition, and market demand.</p><p><b>Simple Process:</b> The process is as easy as three steps:</p><p><b>Get a Quote:</b> Visit the <a href=""/sell/cell-phone"">website</a> and select your device. You’ll receive an instant quote based on its specifications and condition.</p><p><b>Ship Your Phone:</b> If you’re happy with the quote, you can ship your device for free using the prepaid shipping label provided by OCBuyBack.com.</p><p><b>Get Paid:</b> Once your phone is received and inspected, payment is processed quickly via PayPal, check, or direct deposit.</p><p><b>Data Security:</b> Worried about your personal information? OCBuyBack.com ensures that all devices are thoroughly wiped of data before being refurbished or recycled, giving you peace of mind.</p><p><b>Eco-Friendly Practices:</b> By selling your phone to OCBuyBack.com, you’re contributing to a sustainable future. They recycle and refurbish devices to reduce electronic waste, aligning with eco-conscious values.</p><p><b><u>What Makes OCBuyBack.com Stand Out in 2025?</u></b></p><p>The tech landscape is evolving rapidly, and <a href=""/sell/cell-phone"">OCBuyBack.com</a> has kept up with the times by offering:</p><p><b>Support for the Latest Devices:</b> From foldable phones to the newest flagship models, OCBuyBack.com accepts a wide range of devices.</p><p><b>Instant Price Lock:</b> Secure your quoted price for up to 30 days, giving you time to decide without worrying about market fluctuations.</p><p><b>Transparent Grading System:</b> Clear guidelines ensure there are no surprises when your phone is evaluated.</p><p><b>Customer Support Excellence:</b> With a responsive support team available via chat, email, or phone, OCBuyBack.com ensures your experience is smooth and stress-free.</p><p><b><u>Tips for Maximizing Your Phone’s Value</u></b></p><p>Before <a href=""/sell/cell-phone"">selling your phone</a>, follow these simple steps to get the best possible price:</p><p><b>Clean Your Device:</b> A spotless phone leaves a good impression and may fetch a higher price.</p><p><b>Include Accessories:</b> If you have the original box, charger, or other accessories, include them for a better offer.</p><p><b>Check for Damage:</b> Fix minor issues like cracked screens if possible; this can significantly increase your phone’s value.</p><p><b>Backup and Reset:</b> Ensure all your data is backed up and perform a factory reset to prepare your phone for sale.</p><p><b><u>Conclusion</u></b></p><p>In 2025, <a href=""/sell/cell-phone"">selling your phone</a> has never been easier or more rewarding, thanks to OCBuyBack.com. With competitive pricing, eco-friendly practices, and a streamlined process, it’s the go-to platform for anyone looking to upgrade responsibly. So, the next time you’re ready to part ways with your old phone, trust OCBuyBack.com to turn it into cash while contributing to a greener planet.</p><p>Visit <a href=""/sell/cell-phone"">OCBuyBack.com</a> today to get started and experience the hassle-free way to sell your phone!</p>",true
2025/01/7/ocbuyback-pays-cash-for-new-google-pixel-9-phones-how-to-get-the-best-deal,2025-01-07,ocbuyback-pays-cash-for-new-google-pixel-9-phones-how-to-get-the-best-deal,OCBuyBack Pays Cash for New Google Pixel 9 Phones: How to Get the Best Deal,"The Google Pixel 9 has officially arrived, and tech enthusiasts are already buzzing about the latest iteration of Google’s flagship phone. Packed with impressive specs and innovative features, the Pixel 9 is sure to be a hit among Android lovers. But what about the old phone you’re looking to",ocbuyback-pays-cash-for-new-google-pixel-9-phones-how-to-get-bf31cd.png,"<p><b><u>OCBuyBack Pays Cash for New Google Pixel 9 Phones: How to Get the Best Deal</u></b></p><p>The Google Pixel 9 has officially arrived, and tech enthusiasts are already buzzing about the latest iteration of Google’s flagship phone. Packed with impressive specs and innovative features, the Pixel 9 is sure to be a hit among Android lovers. But what about the old phone you’re looking to upgrade from? Thankfully, OCBuyBack is offering an incredible opportunity for you to <a href=""/sell/cell-phone/google"">sell your new Pixel 9</a> and get cash in return.</p><p><b><u>What is OCBuyBack?</u></b></p><p><a href=""/sell/cell-phone/google"">OCBuyBack</a> is a well-known and trusted service that allows users to sell their old electronics and receive fast cash. Specializing in phones, tablets, and other gadgets, OCBuyBack provides a hassle-free way to exchange your device for cash. The platform is known for offering competitive rates, quick processing, and an easy-to-use interface that takes the guesswork out of selling your electronics.</p><p><b><u>Why Sell Your Google Pixel 9 to OCBuyBack?</u></b></p><p>If you’ve just purchased the new Google Pixel 9 or received it as a gift and are looking to sell, OCBuyBack might be the best place to do so. Here’s why:</p><p><b>Fast and Easy Process:</b> OCBuyBack’s process is straightforward. Simply visit their website, enter the details of your Pixel 9, and get an instant cash offer. If you’re happy with the offer, you can ship your phone to them (OCBuyBack provides free shipping) and receive cash promptly.</p><p><b>Competitive Cash Offers:</b> OCBuyBack offers some of the highest payouts in the industry for smartphones, including the Google Pixel 9. The platform continuously monitors market prices to ensure that users are getting the best value for their devices.</p><p><b>No Hidden Fees:</b> Unlike some other phone buyback services, OCBuyBack guarantees no hidden fees or charges. What you see in your offer is exactly what you’ll receive.</p><p><b>Eco-Friendly Option:</b> <a href=""/sell/cell-phone/google"">Selling your old phone</a> is a great way to reduce electronic waste. OCBuyBack ensures that all devices are recycled or resold in an environmentally responsible manner, which makes it an excellent option for those looking to make an eco-conscious decision.</p><p><b><u>How to Sell Your Google Pixel 9 to OCBuyBack</u></b></p><p>Selling your new Google Pixel 9 to OCBuyBack is quick and simple. Follow these steps:</p><p><b>Visit the OCBuyBack Website:</b> Start by going to the OCBuyBack website and selecting “<a href=""/sell/cell-phone/google"">Sell My Phone</a>.”</p><p><b>Enter Your Device Information:</b> Input details about your Google Pixel 9, such as its condition, model, and storage capacity. This will help OCBuyBack provide you with an accurate offer.</p><p><b>Get Your Offer:</b> Once you’ve provided the necessary information, OCBuyBack will generate an instant cash offer for your device. You’ll see the price that you’ll receive if you decide to sell.</p><p><b>Ship Your Phone:</b> If you accept the offer, OCBuyBack will provide a free shipping label. Simply pack your Pixel 9 securely and send it off.</p><p><b>Receive Cash:</b> After OCBuyBack receives your phone, they will inspect it and confirm the condition. If everything matches the description, you’ll receive your cash payment quickly—usually via PayPal or check.</p><p><b><u>How Much Will You Get for Your Google Pixel 9?</u></b></p><p>The amount of cash you can receive for your Google Pixel 9 depends on factors such as the model, storage capacity, and condition of the device. However, OCBuyBack is known for offering some of the most competitive prices in the market. Whether your Pixel 9 is in excellent, good, or fair condition, you can expect a fair deal.</p><p><b><u>Conclusion</u></b></p><p>If you’ve recently purchased the Google Pixel 9 and are considering selling your old phone, OCBuyBack offers a fantastic opportunity to get cash for your device in a quick, easy, and secure manner. With fast service, competitive pricing, and a simple process, it’s a no-brainer for anyone looking to upgrade to the latest Google phone. So, why not take advantage of this opportunity and get cash for your Google Pixel 9 today?</p><p>For more information, head over to the OCBuyBack <a href=""/sell/cell-phone/google"">website</a> and start your sell-back process now!</p>",true
2025/03/20/places-that-buy-phones-for-cash,2025-03-20,places-that-buy-phones-for-cash,Places that Buy Phones for Cash,"If you're looking to sell your used phone for cash, several reputable services can help you get the best value for your device. Here's a look at some top options:",places-that-buy-phones-for-cash-497044.jpg,"<p>If you're looking to <a href=""https://www.ocbuyback.com"">sell your used phone for cash</a>, several reputable services can help you get the best value for your device. Here's a look at some top options:</p><p>1. <a href=""https://www.ocbuyback.com""><b><u>OCBuyBack</u></b></a></p><p>Based in Brea, California, OCBuyBack specializes in <a href=""https://www.ocbuyback.com"">buying used electronics</a>, including smartphones, tablets, smartwatches, iPods, MacBooks, gaming consoles, and GoPro cameras. They offer a straightforward process: obtain an instant quote online, ship your device for free, and receive payment within one business day via check or PayPal. Local customers can opt for in-person evaluations and receive cash on the spot. Customers have praised their quick and easy service, with one noting, ""They gave me top dollar for my old iPhone and I was in and out in just a few minutes."" ​</p><p>2. <a href=""https://www.gazelle.com/trade-in?_gl=1*xmed1e*_gcl_au*NTU3OTMwNTg3LjE3NDI1MTIyOTA.*_ga*MjAwMzM0NDg5MC4xNzQyNTEyMjkw*_ga_6918GRRZ0Y*MTc0MjUxMjI5MC4xLjAuMTc0MjUxMjI5MC42MC4wLjE3NjA2Nzk3NDc.""><b><u>Gazelle</u></b></a></p><p>Gazelle is a well-known platform for selling used electronics. After selecting your device and describing its condition, Gazelle provides an offer. If accepted, you ship your device for free and receive payment via check, PayPal, or Amazon gift card. While their device list is limited, they offer a user-friendly experience.</p><p>3. <a href=""https://swappa.com""><b><u>Swappa</u></b></a></p><p>Swappa is a user-to-user marketplace for gently used technology, including smartphones. Sellers create listings for their devices, and buyers purchase directly through the platform. Swappa emphasizes safety and simplicity, ensuring that only fully functional devices are sold. ​</p><p>4. <a href=""https://www.buybackworld.com""><b><u>BuyBackWorld</u></b></a></p><p>BuyBackWorld purchases a wide range of electronics. After receiving an instant quote and shipping your device for free, they inspect it and issue payment within four business days. They offer various payment options, including PayPal, direct deposit, and prepaid debit cards.</p><p>5. <a href=""https://www.ecoatm.com/pages/sell?utm_source=google&amp;utm_medium=cpc&amp;utm_campaign=19859068282&amp;utm_term=ecoatm&amp;ad_id=%7Bad.id%7D&amp;utm_source=google&amp;utm_medium=cpc&amp;utm_campaign=&amp;utm_term=ecoatm&amp;ad_id=%7Bad.id%7D&amp;gad_source=1&amp;gbraid=0AAAAAC5piSqLYjVfUEHZBWkaulYlCHm-w&amp;gclid=Cj0KCQjw-e6-BhDmARIsAOxxlxXnP9mHHMIDlB5Y7qJKAgMUalDjtEKcQQ0hiMxNSHsMR-jmlclsAScaAtmBEALw_wcB""><b><u>ecoATM</u></b></a></p><p>ecoATM provides kiosks in various locations where you can sell your phone for instant cash. After placing your device in the kiosk, it evaluates the condition and provides an offer. If accepted, you receive cash immediately. A valid state ID is required for the transaction.</p><p>6. <a href=""https://www.gamestop.com/pc-gaming?bt=true&amp;cgid=pc""><b><u>GameStop</u></b></a></p><p>GameStop offers a trade-in program where you can bring your used electronics to a local store for evaluation. They provide an offer, and if accepted, you receive cash or store credit. </p><p>7. <a href=""https://walmart.cexchange.com/online/home/index.rails""><b><u>Costco</u></b></a></p><p>Costco's trade-in service allows you to bring your phone to the store for evaluation. If you accept their offer, you receive cash. They partner with CEExchange to run their buy-back program. ​</p><p>8.<a href=""https://buybackpros.com""> <b><u>Buy Back Pros</u></b></a></p><p>Buy Back Pros offers a platform where you can sell your used or broken cell phones. They provide a 30-day money-back guarantee and aim to offer the best price for your device.</p><p><b><u>Tips for Selling Your Phone</u>:</b></p><p>Research Multiple Platforms: Compare offers from different services to ensure you're getting the best deal.​</p><p>Prepare Your Device: Ensure your phone is in good condition, unlocked, and all personal data is wiped before selling.​</p><p>Understand Payment Methods: Different platforms offer various payment options; choose one that suits your preferences.​</p><p>By exploring these options, you can find a service that meets your needs and provides a fair price for your used phone.</p>",true
2025/04/8/ocbuyback-now-buying-brand-new-breville-espresso-machines-for-cash,2025-04-08,ocbuyback-now-buying-brand-new-breville-espresso-machines-for-cash,OCBuyBack Now Buying Brand New Breville Espresso Machines for Cash,"At OCBuyBack, we're always looking for new ways to help our customers turn their unused tech and gadgets into instant cash. We're excited to announce that we are now buying brand new Breville Espresso Machines! Whether you received an extra machine as a gift, purchased the wrong model, or simply",ocbuyback-now-buying-brand-new-breville-espresso-machines-fo-ece2ad.jpg,"<p>At <a href=""/"">OCBuyBack</a>, we're always looking for new ways to help our customers turn their unused tech and gadgets into instant cash. We're excited to announce that we are now buying brand new Breville Espresso Machines!</p><p>Whether you received an extra machine as a gift, purchased the wrong model, or simply decided it's not the right fit for your kitchen—OCBuyBack is here to help you get paid quickly and easily.</p><p><b>What You Need to Know:</b></p><p>✅ We are currently only accepting brand new Breville Espresso Machines (unopened, unused, and in original packaging).</p><p>💵 Get paid in cash—no waiting around for checks or store credit.</p><p>📞 <a href=""/contact-us"">Call or email</a> us directly for pricing. Since pricing can vary depending on the model and market demand, we offer custom quotes to ensure you're getting the best value for your machine.</p><p><b>How It Works:</b></p><p>Reach Out – <a href=""/contact-us"">Contact us via phone or email</a> with the details of your Breville Espresso Machine (model, condition, and quantity if you have more than one).</p><p>Receive a Quote – We'll provide you with a cash offer based on the current market value.</p><p>Get Paid Fast – Once we verify the condition of your machine, we’ll pay you on the spot.</p><p>Why Sell to OCBuyBack?</p><p>✔️ Trusted buyer with years of experience in tech and electronics.</p><p>✔️ Fast and secure transactions.</p><p>✔️ Friendly, knowledgeable team ready to help.</p><p>If you have a brand new Breville Espresso Machine sitting around, now is the perfect time to turn it into cash. Don’t wait—<a href=""/contact-us"">call or email</a> us today to get your custom quote!</p>",true
2025/08/26/get-top-cash-for-your-xbox-series-x-and-playstation-5-with-ocbuyback,2025-08-26,get-top-cash-for-your-xbox-series-x-and-playstation-5-with-ocbuyback,Get Top Cash for Your Xbox Series X and PlayStation 5 with OCBuyBack,"Get top cash for your Xbox Series X and PS5 with OCBuyBack. Fast payouts, free shipping, and hassle-free selling. Sell your console online today!",get-top-cash-for-your-xbox-series-x-and-playstation-5-with-o-c560e8.jpg,"<p>If you’re looking to sell your Xbox Series X or PlayStation 5, OCBuyBack is the best place to get fast cash. Whether you’ve upgraded to a newer console, no longer need your gaming system, or simply want some extra money, OCBuyBack makes the process simple, secure, and rewarding.</p><p><b>Why Sell Your Console to OCBuyBack?</b></p><p><b>1. Top Cash Offers</b></p><p>We know your Xbox Series X and PlayStation 5 are still in high demand. That’s why OCBuyBack pays some of the best cash offers in the industry. Instead of settling for low trade-in values at retail stores, you can get more money by selling directly to us.</p><p><b>2. Fast and Hassle-Free Process</b></p><p>Selling your console is quick and easy. Just visit <a href=""/sell/game-console"">ocbuyback.com</a>, select your console model, answer a few questions about its condition, and get an instant cash offer. Once you ship it to us (with our free prepaid shipping label), you’ll receive payment within days.</p><p><b>3. Safe and Secure Transactions</b></p><p>At OCBuyBack, your trust is our priority. We’ve built a simple, transparent process so you know exactly what to expect. No hidden fees, no waiting weeks for payment — just straightforward cash for your Xbox Series X or PS5.</p><p><b>4. Great for Upgrades or Extra Cash</b></p><p>Selling your console to OCBuyBack gives you more financial flexibility. Put the money toward upgrading your gaming setup, buying the latest games, or simply enjoy the extra cash in your pocket.</p><p><b>How It Works</b></p><p>1. Go to <a href=""/sell/game-console"">ocbuyback.com</a></p><p>2. Find your Xbox Series X or PlayStation 5 model</p><p>3. Answer quick questions about its condition</p><p>4. Ship it for free using our prepaid label</p><p>5. Get paid fast — cash sent directly to you</p><p><b>Sell Today for the Best Value</b></p><p>Don’t let your Xbox Series X or PlayStation 5 sit unused. OCBuyBack makes it easier than ever to turn your gaming console into cash. With our top payouts, free shipping, and fast payment process, you’ll be glad you chose us.</p><p>👉 Visit <a href=""/sell/game-console"">ocbuyback.com</a> today and get your free quote for your Xbox Series X or PS5!</p>",true
2025/08/28/sell-your-sony-canon-or-nikon-camera-for-cash-in-orange-county,2025-08-28,sell-your-sony-canon-or-nikon-camera-for-cash-in-orange-county,"Sell Your Sony, Canon, or Nikon Camera for Cash in Orange County","OCBuyBack buys Sony, Canon, and Nikon cameras for cash in Orange County. Call, text, or visit our Brea, CA store today for a fast quote and same-day payment!",sell-your-sony-canon-or-nikon-camera-for-cash-in-orange-coun-3ef84a.jpg,"<p>Are you looking to sell your Sony, Canon, or Nikon camera for top cash? At <a href=""/"">OCBuyBack</a>, we make it fast, simple, and hassle-free to turn your new or used camera into money in your pocket. Whether you’ve upgraded your photography gear or no longer need your DSLR or mirrorless camera, our team is here to help.</p><p><b>We Buy Sony, Canon, and Nikon Cameras</b></p><p>At OCBuyBack, we specialize in buying popular camera brands including:</p><p><b>1. Sony cameras</b> – from mirrorless Alpha series to compact models.</p><p><b>2. Canon cameras</b> – DSLRs, mirrorless, and point-and-shoot cameras.</p><p><b>3. Nikon cameras</b> – from professional DSLRs to everyday lenses.</p><p>Whether your camera is brand new, gently used, or even slightly worn, we’ll make you a fair cash offer.</p><p><b>Convenient Location in Brea, CA</b></p><p>Located in the heart of <b>Orange County</b>, our OCBuyBack store is easy to visit for anyone in <b>Brea</b>, <b>Fullerton</b>, <b>Anaheim</b>, <b>Yorba Linda</b>, and surrounding cities. Simply bring your camera in for a quick evaluation, and walk out with cash in hand.</p><p><b>Get a Quote – Call, Text, or Visit</b></p><p>Getting started is simple:</p><p>1. Call us to get a cash quote over the phone.</p><p>2. Text us a picture of your Sony, Canon, or Nikon camera for a fast response.</p><p>3. Visit our store in Brea, CA for an instant quote and same-day cash payment.</p><p>We pride ourselves on offering a safe, trusted, and local option for selling your camera equipment.</p><p><b>Why Choose OCBuyBack?</b></p><p>1. Fast and easy process – no waiting weeks for online buyers.</p><p>2. Top cash offers – get the value you deserve for your gear.</p><p>3. Local and trusted – serving Orange County for years.</p><p>If you’re searching for the <b>best place to sell your camera in Orange County</b>, <a href=""/"">OCBuyBack</a> is your go-to destination.</p><p>📍 <b>Visit us in Brea, CA today, or <a href=""/contact-us"">call/text us</a> for a quick quote on your Sony, Canon, or Nikon camera!</b></p>",true
2025/09/25/ocbuyback-is-now-buying-the-iphone-17-series-get-cash-for-your-iphone-today,2025-09-25,ocbuyback-is-now-buying-the-iphone-17-series-get-cash-for-your-iphone-today,OCBuyBack Is Now Buying the iPhone 17 Series – Get Cash for Your iPhone Today,"OCBuyBack is now buying iPhone 17, 17 Pro, 17 Pro Max & iPhone Air. Get an instant quote, free shipping, and fast payment at OCBuyBack.com today!",ocbuyback-is-now-buying-the-iphone-17-series-get-cash-for-yo-8801e2.jpg,"<p>Looking to sell your iPhone 17, iPhone 17 Pro, iPhone 17 Pro Max, or iPhone 17 Air? OCBuyBack is now officially purchasing the entire iPhone 17 lineup, offering fast payments, competitive quotes, and a hassle-free selling process. Whether you’re upgrading to the latest Apple device or simply want extra cash, OCBuyBack makes it easy to trade in your iPhone from anywhere in the U.S.</p><p><b>Sell Your iPhone 17 in Orange County or Nationwide</b></p><p>OCBuyBack is based in Orange County, California, but our service extends nationwide. That means whether you’re searching for “sell iPhone 17 in Orange County” or “where to sell iPhone 17 online”, OCBuyBack has you covered. Our streamlined process makes it simple for local customers to drop off devices in person, while national customers can enjoy free shipping and quick turnaround times.</p><p><b>We’re Now Accepting All iPhone 17 Models</b></p><p>Apple’s newest lineup has introduced exciting features across all devices, and OCBuyBack is ready to purchase each one.</p><p><b>iPhone 17 Pro Max</b> – The largest and most advanced iPhone to date, perfect for those who upgraded early.</p><p><b>iPhone 17 Pro</b> – With its powerful camera system and ProMotion display, it’s a favorite among creators.</p><p><b>iPhone 17</b> – The standard model that delivers all the essentials of Apple’s latest technology.</p><p><b>iPhone Air</b> – Apple’s new lightweight design, ideal for those who prefer a sleek and ultra-portable device.</p><p>If you’ve got one of these models, you can lock in a top-dollar offer instantly on our website.</p><p><b>Why Choose OCBuyBack to Sell Your iPhone 17?</b></p><p><b>Instant Online Quotes</b> – Visit <a href=""/sell/cell-phone/apple"">OCBuyBack.com</a> to get an instant quote in seconds.</p><p><b>Fast Payment</b> – Receive your money quickly via PayPal, Zelle, or check.</p><p><b>Trusted Service</b> – With years of experience in phone buyback, OCBuyBack is a trusted name in device recycling.</p><p><b>Eco-Friendly</b> – Selling your phone helps keep electronics out of landfills and promotes sustainable reuse.</p><p><b>How It Works</b></p><p><b>Visit </b><a href=""/sell/cell-phone/apple"">OCBuyBack.com</a></p><p>Enter your iPhone model and condition to receive an instant quote.</p><p><b>Ship or Drop Off Your Device</b></p><p>Use our free prepaid shipping label or drop off your iPhone at our Orange County location.</p><p><b>Get Paid Fast</b></p><p>Once your phone is received and inspected, payment is processed quickly—usually within 24 hours.</p><p><b>Sell Your iPhone 17 Today</b></p><p>Don’t let your iPhone 17 collect dust or lose value. Whether you have the iPhone 17 Pro Max, iPhone 17 Pro, iPhone 17, or iPhone Air, OCBuyBack is ready to give you a competitive cash offer today.</p><p>👉 Visit <a href=""/sell/cell-phone/apple"">OCBuyBack.com</a> now to get your instant quote and start the easy, secure process of selling your iPhone 17.</p>",true
2025/09/27/ocbuyback-is-now-buying-the-apple-watch-ultra-3-sell-yours-today-for-cash,2025-09-27,ocbuyback-is-now-buying-the-apple-watch-ultra-3-sell-yours-today-for-cash,OCBuyBack is Now Buying the Apple Watch Ultra 3 – Sell Yours Today for Cash!,"OCBuyBack in Brea, CA is now buying the Apple Watch Ultra 3! Get top cash payouts, same-day payment, and a safe trade-in process. Sell your Apple Watch Ultra 3 locally or online today.",ocbuyback-is-now-buying-the-apple-watch-ultra-3-sell-yours-t-6a2e57.jpg,"<p>Are you upgrading your Apple Watch or simply ready to sell your current one? Great news — <b>OCBuyBack is now</b> <b>buying the Apple Watch Ultra 3</b>! Whether you’re in <b>Brea</b>, <b>CA</b>, surrounding cities in Orange County, or anywhere across the U.S., we make it fast, safe, and easy to trade in your Apple Watch for top cash value.</p><p><b>Why Sell Your Apple Watch Ultra 3 to OCBuyBack?</b></p><p>At OCBuyBack, we specialize in buying back the latest Apple devices, including the brand-new <b>Apple Watch Ultra</b> <b>3</b>. By selling directly to us, you can skip the hassle of online marketplaces, avoid shady meet-ups, and get a guaranteed offer for your device.</p><p>✔️ <b>Competitive Payouts</b> – We offer some of the best cash values for Apple Watch trade-ins in <b>Orange County</b>.</p><p>✔️ <b>Fast Payment </b>– Choose between instant cash in-store or quick payments when you ship your device in.</p><p>✔️ <b>Safe &amp; Secure </b>– No risky transactions. Just a trusted local business in Brea.</p><p>✔️ <b>Convenient Process </b>– Sell in-person at our store in <b>Brea</b>, <b>CA</b>, or use our free shipping option.</p><p><b>How the Process Works</b></p><p><b>Get Your Instant Quote</b> – Visit <a href=""/sell/smartwatch/apple/ultra-3"">OCBuyBack.com</a> and select your device (including the Apple Watch Ultra 3).</p><p><b>Choose In-Store or Ship</b> – Stop by our Brea location for same-day cash or ship your watch for free.</p><p><b>Get Paid Quickly</b> – We’ll pay you via cash, PayPal, or check — whichever you prefer. It’s that simple.</p><p><b>Why Brea &amp; Orange County Residents Choose Us</b></p><p>OCBuyBack has built a reputation as the trusted local source for buying used electronics in <b>Brea</b>, <b>Fullerton</b>, <b>Yorba Linda</b>, <b>Anaheim</b>, and throughout <b>Orange County</b>. Customers love our honest pricing, same-day payments, and friendly service. If you’re searching for “<b>sell Apple Watch</b> <b>Ultra 3 near me</b>”, look no further — OCBuyBack is your local solution.</p><p><b>Sell Your Apple Watch Ultra 3 Today!</b></p><p>If you’ve been holding onto your Apple Watch Ultra 3 and want to turn it into cash, now is the perfect time. Don’t let it sit unused — trade it in today at OCBuyBack.</p><p>📍 Visit us at our <b>Brea</b>, <b>CA </b>store</p><p>💻 Or get started online at<a href=""/sell/smartwatch/apple/ultra-3""> www.OCBuyBack.com</a></p><p><b>OCBuyBack – The Best Place to Sell Your Apple Watch Ultra 3 in Brea, CA and Orange County.</b></p>",true
2025/09/8/get-top-cash-for-your-apple-watch-ultra-2-at-ocbuyback,2025-09-08,get-top-cash-for-your-apple-watch-ultra-2-at-ocbuyback,Get Top Cash for Your Apple Watch Ultra 2 at OCBuyBack,"Get top cash for your Apple Watch Ultra 2 at OCBuyBack in Brea, CA. Sell in-store in Orange County or online at OCBuyBack.com. Fast, secure, and easy!",get-top-cash-for-your-apple-watch-ultra-2-at-ocbuyback-83cfff.jpg,"<p>If you’re looking to <b>sell your Apple Watch Ultra 2 for top cash</b>, OCBuyBack is the trusted choice in Orange County. Whether you prefer to <b>visit our store in Brea, CA</b> or <b>ship your device through our website</b> <a href=""/sell/smartwatch/apple/ultra-2"">OCBuyBack.com</a>, we make the process simple, fast, and secure.</p><p><b>Why Sell Your Apple Watch Ultra 2 to OCBuyBack?</b></p><p>The <b>Apple Watch Ultra 2</b> is one of the most advanced smartwatches available, and its high resale value makes it a great device to trade in for quick cash. At OCBuyBack, we pay some of the <b>highest cash offers for Apple Watch Ultra 2 models</b>. Customers choose us because:</p><p>1.We pay <b>top cash </b>for Apple Watch Ultra 2 and other Apple devices.</p><p>2.You can sell your device <b>in-store in Orange County</b> or online through our website.</p><p>3.All devices are tested quickly, and payment is issued fast—no waiting weeks.</p><p>4.We are a <b>trusted local business in Brea, CA</b>, serving all nearby cities in Orange County.</p><p><b>Serving Brea and Surrounding Cities</b></p><p>OCBuyBack proudly serves customers throughout <b>Brea</b>, <b>Fullerton</b>, <b>Yorba Linda</b>, <b>Placentia</b>, <b>Anaheim</b>, <b>La Habra</b>, and <b>Diamond Bar</b>. Many customers from across Orange County and Los Angeles County visit us because we provide <b>fair</b>, <b>top-dollar cash offers</b> and a smooth selling process.</p><p><b>Two Easy Ways to Sell Your Apple Watch Ultra 2</b></p><p>At OCBuyBack, we give you the flexibility to choose the selling option that works best for you:</p><p><b>1. Sell In-Store (Orange County, CA)</b></p><p>Local customers can bring their Apple Watch Ultra 2 directly into our Brea store. Our friendly staff will inspect your device, provide you with a top cash offer on the spot, and pay you the same day. This is the fastest way to sell if you’re in Brea, Fullerton, Anaheim, Yorba Linda, or nearby cities.</p><p><b>2. Sell Online at <a href=""/sell/smartwatch/apple/ultra-2"">OCBuyBack.com</a></b></p><p>Not in the area? No problem! Visit OCBuyBack.com, get an instant online quote for your <b>Apple Watch Ultra 2</b>, and ship it to us for free. Once we receive and inspect your device, we send payment quickly and securely.</p><p><b>Trusted by Orange County Customers</b></p><p>As a local business, OCBuyBack has built a reputation for <b>honest offers and top-dollar payouts</b>. Whether you’re selling an <b>Apple Watch Ultra 2, iPhone, iPad, or MacBook</b>, our goal is to make the process easy and worthwhile.</p><p><b>Get Started Today</b></p><p>Ready to get <b>top cash for your Apple Watch Ultra 2</b>? Visit us in-store in Brea, CA—conveniently located near <b>Fullerton</b>, <b>Yorba Linda</b>, <b>Anaheim</b>, <b>Placentia</b>, and <b>La Habra</b>—or start your online trade-in now at <a href=""/sell/smartwatch/apple/ultra-2"">OCBuyBack.com</a></p><p>.</p><p>Turn your Apple Watch Ultra 2 into fast cash today—the smart way to sell in Orange County!</p>",true
2026/01/2/we-buy-nintendo-switch-2-for-cash-in-brea-ca-same-day-cash-offers,2026-01-02,we-buy-nintendo-switch-2-for-cash-in-brea-ca-same-day-cash-offers,"We Buy Nintendo Switch 2 for Cash in Brea, CA (Same-Day Cash Offers!)","Sell your Nintendo Switch 2 for cash in Brea, CA. OC Buy Back offers fast local payouts. Serving Fullerton, La Habra, Placentia & more.",we-buy-nintendo-switch-2-for-cash-in-brea-ca-same-day-cash-o-5c6ac3.jpg,"<p>If you're looking to sell your Nintendo Switch 2 for cash in Brea, OC Buy Back is your local, trusted place to get fast, same-day payouts without the hassle of listing online, meeting strangers, or waiting for shipping.</p><p>We buy Nintendo Switch 2 consoles, bundles, games, and accessories from customers all over North Orange County, including:</p><p>📍 Brea, Fullerton, La Habra, Placentia, Yorba Linda, Anaheim Hills, Buena Park, and Orange</p><p>Whether your Nintendo Switch 2 is brand new, lightly used, or part of a bundle, we make it easy to get paid today.</p><p>➡️ <b>Get your cash offer here:</b></p><p><a href=""/sell/game-console/nintendo/switch-2"">Sell Nintendo Switch 2 for Cash in Brea</a></p><p><b>Why Sell Your Nintendo Switch 2 Locally Instead of Online?</b></p><p>Online selling can be frustrating — buyer scams, returns, platform fees, shipping damage, and long waiting periods can make it not worth the effort.</p><p>At OC Buy Back in Brea, you get:</p><p>✅ Instant cash or fast payout options</p><p>✅ No shipping delays or risky meetups</p><p>✅ No listing fees or selling apps</p><p>✅ Quick and professional evaluations</p><p>✅ A safe local business you can trust</p><p>Skip the stress and sell your console locally.</p><p>👉 <a href=""/sell/game-console/nintendo/switch-2"">Check Nintendo Switch 2 Buyback Value Now</a></p><p><b>What Nintendo Switch 2 Items Do We Buy?</b></p><p>We buy more than just the console — we buy bundles and extras too! If you have a complete setup, you may get an even better offer.</p><p>We buy:</p><p>Nintendo Switch 2 consoles (all storage sizes)</p><p>Switch 2 bundles (games + controllers + dock)</p><p>Switch 2 Joy-Cons &amp; Pro Controllers</p><p>Switch 2 docks, chargers, cases, SD cards</p><p>Nintendo Switch 2 games and accessories</p><p>Even if your console has minor wear, we can often still make you an offer.</p><p>✅ See what we pay here:</p><p><a href=""/sell/game-console/nintendo/switch-2"">OC Buy Back — Nintendo Switch 2 Page</a></p><p><b>How Much Cash Can You Get for a Nintendo Switch 2?</b></p><p>Nintendo Switch 2 pricing depends on:</p><p>Overall condition (like new vs. used)</p><p>Whether it includes dock, Joy-Cons, charger</p><p>Storage size</p><p>Market demand</p><p>Any included games/accessories</p><p>The fastest way to get a real estimate is to use our page below:</p><p>💰<a href=""/sell/game-console/nintendo/switch-2""> Nintendo Switch 2 Cash Offer (Brea, CA)</a></p><p><b>Sell Your Nintendo Switch 2 in Brea in 3 Easy Steps</b></p><p>✅ <b>Step 1: Get Your Offer</b></p><p>Start by visiting our Nintendo Switch 2 page and getting an estimate.</p><p>➡️ <a href=""/sell/game-console/nintendo/switch-2"">Get an Offer for Nintendo Switch 2</a></p><p>✅ <b>Step 2: Bring It to Our Brea Location</b></p><p>Stop by our store in Brea, California — easy access from Fullerton, La Habra, and Placentia.</p><p><b>✅ Step 3: Get Paid Same Day</b></p><p>Once the console is verified, you get paid quickly and safely.</p><p><b>Best Place to Sell Nintendo Switch 2 Near Me (Brea + North Orange County)</b></p><p>If you’ve searched:</p><p>“Sell Nintendo Switch 2 for cash near me”</p><p>“Nintendo Switch 2 trade-in Brea”</p><p>“Cash for Nintendo Switch 2 Fullerton”</p><p>“Where to sell Switch 2 in La Habra”</p><p>“Nintendo Switch 2 buyback Yorba Linda”</p><p>…OC Buy Back is your best local option for fast cash offers in North OC.</p><p>➡️<a href=""/sell/game-console/nintendo/switch-2""> Sell Nintendo Switch 2 Near Brea</a></p><p><b>Tips to Get the Most Cash for Your Nintendo Switch 2</b></p><p>Want the best payout? Try these quick tips before coming in:</p><p>✅ Bring the dock, charger, and controllers</p><p>✅ Include games and accessories (bundles can be worth more)</p><p>✅ Factory reset the console</p><p>✅ Clean the system and controllers</p><p>✅ Bring original box (optional, but helps)</p><p>Ready to sell?</p><p><a href=""/sell/game-console/nintendo/switch-2"">💵 OC Buy Back Nintendo Switch 2 Buyback</a></p><p><b>FAQ — Selling Nintendo Switch 2 at OC Buy Back</b></p><p><b>Do you buy used Nintendo Switch 2 consoles?</b></p><p>Yes — we buy used Switch 2 systems in many conditions.</p><p><b>Do you buy Nintendo Switch 2 consoles without the box?</b></p><p>Yes. The original box is optional but can increase value.</p><p><b>Do you buy Nintendo Switch 2 bundles with games?</b></p><p>Absolutely — bundles usually get higher cash offers.</p><p><b>Do you buy accessories and controllers?</b></p><p>Yes — Joy-Cons, Pro Controllers, docks, and more.</p><p><b>Sell Your Nintendo Switch 2 for Cash in Brea Today</b></p><p>If you’re ready to sell your Nintendo Switch 2 for cash today, we’re ready to buy.</p><p>✅ Local Brea Buyback</p><p>✅ Fast evaluation</p><p>✅ Same-day payment</p><p>✅ No selling fees</p><p>✅ Safe and easy transaction</p><p>➡️ Start here:</p><p><a href=""/sell/game-console/nintendo/switch-2"">Sell Nintendo Switch 2 for Cash at OC Buy Back</a></p>",true
2026/01/26/we-pay-top-cash-for-samsung-galaxy-fold-7-fast-safe-trusted-nationwide,2026-01-26,we-pay-top-cash-for-samsung-galaxy-fold-7-fast-safe-trusted-nationwide,"We Pay Top Cash for Samsung Galaxy Fold 7 – Fast, Safe & Trusted Nationwide","Sell your Samsung Galaxy Fold 7 for top cash with OCBuyBack. Fast payouts, trusted local & nationwide buyer. Get paid today.",we-pay-top-cash-for-samsung-galaxy-fold-7-fast-safe-trusted--09a729.jpg,"<p>Sell your Samsung Galaxy Fold 7 for top cash today. <a href=""/sell/cell-phone/samsung/galaxy-z-fold7"">OCBuyBack</a> pays the highest prices locally and nationwide with fast payouts and zero hassle.</p><p><b>Get Top Cash for Your Samsung Galaxy Fold 7 Today</b></p><p>If you’re looking to sell your Samsung Galaxy Fold 7, you’ve come to the right place. At OCBuyBack, we specialize in paying top cash for Samsung Galaxy phones, including the latest Galaxy Fold 7, with a process that’s fast, secure, and trusted nationwide.</p><p>Whether you’re upgrading, switching brands, or just want extra cash, we make it easy to <a href=""/sell/cell-phone/samsung/galaxy-z-fold7"">sell your Samsung Galaxy Fold 7 for cash</a>—without lowball offers or long wait times.</p><p><b>Why OCBuyBack Pays More for Samsung Galaxy Fold 7</b></p><p>The Galaxy Fold 7 is one of Samsung’s most advanced devices, and we understand its true resale value. That’s why OCBuyBack consistently offers higher payouts than carriers, marketplaces, or local pawn shops.</p><p><b>Why sellers choose OCBuyBack:</b></p><p>💰 Top cash offers for Galaxy Fold 7</p><p>⚡ Fast same-day or next-day payouts</p><p>🔒 Safe &amp; secure selling process</p><p>🔒 Trusted nationwide Samsung buyback service</p><p>📍 Local and national phone buyers</p><p><b>We buy new, used, damaged, and unlocked Samsung Galaxy Fold 7 devices.</b></p><p><a href=""/sell/cell-phone/samsung/galaxy-z-fold7"">Sell Your Samsung Galaxy Fold 7</a> Locally or Nationwide</p><p>No matter where you’re located, OCBuyBack makes it simple.</p><p>Local sellers: Sell your Samsung Galaxy Fold 7 near you with a trusted buyer</p><p>Nationwide sellers: Use our secure mail-in program to sell from anywhere in the U.S.</p><p>We’re proud to be a top-rated Samsung phone buyer serving customers both locally and across the country.</p><p><b>How Our Samsung Galaxy Fold 7 Buyback Works</b></p><p>Get a quote – Tell us your Galaxy Fold 7 condition</p><p>Ship or drop off – Safe, insured options available</p><p>Get paid fast – Cash, Zelle, ACH, or other quick payment methods</p><p>No hidden fees. No surprises. Just top cash for your Samsung Galaxy Fold 7.</p><p><b>We Buy More Than Just Galaxy Fold 7</b></p><p>OCBuyBack also pays top dollar for:</p><p>Samsung Galaxy Fold &amp; Flip series</p><p>Galaxy S and Galaxy Ultra models</p><p>iPhones, iPads, MacBooks, and more</p><p>Ready to Sell Your Samsung Galaxy Fold 7?</p><p><b>If you’re searching for:</b></p><p><b>Sell Samsung Galaxy Fold 7</b></p><p><b>Samsung Galaxy Fold 7 cash near me</b></p><p><b>Best Samsung buyback service</b></p><p><b>Sell Samsung phone for cash nationwide</b></p><p>👉 <a href=""/sell/cell-phone/samsung/galaxy-z-fold7"">OCBuyBack.com</a> is your trusted solution.</p><p><a href=""/sell/cell-phone/samsung/galaxy-z-fold7"">Get your quote</a> today and turn your Galaxy Fold 7 into cash—fast.</p>",true
2026/02/10/why-ocbuyback-com-is-the-best-place-to-sell-your-phone-in-2026,2026-02-10,why-ocbuyback-com-is-the-best-place-to-sell-your-phone-in-2026,Why OCBuyBack.com Is the Best Place to Sell Your Phone in 2026,"Sell new or used phones in 2026 with OCBuyBack.com. Located in Orange County, CA with free shipping nationwide. Get paid fast online or in Brea.",why-ocbuyback-com-is-the-best-place-to-sell-your-phone-in-20-59fd09.jpg,"<p>If you’re looking to <a href=""/sell/cell-phone"">sell your phone</a> in 2026, choosing the right buyback company matters more than ever. With phone prices rising and new models released every year, consumers want a fast, safe, and profitable way to turn their old devices into cash.</p><p>That’s exactly why <a href=""/sell/cell-phone"">OCBuyBack.com</a> has become the best place to sell your phone in 2026, whether you’re located in Orange County, California, or anywhere else in the United States.</p><p>We buy new and used phones, offer free shipping nationwide, and provide a local in-person payout option in Brea, CA for customers who prefer face-to-face service. No gimmicks, no hidden fees—just top dollar for your device.</p><p><b>We Buy New and Used Phones — Any Condition</b></p><p>One of the biggest reasons customers choose <a href=""/sell/cell-phone"">OCBuyBack.com</a> is flexibility. We buy:</p><p>Brand-new phones (sealed or open box)</p><p>Lightly used phones</p><p>Older models</p><p>Phones with cosmetic wear</p><p>Phones from all major brands</p><p>Whether you’re selling the latest iPhone, a Samsung Galaxy, or another popular smartphone, OCBuyBack.com pays competitive market prices based on real-time demand in 2026.</p><p>If you’re searching online for:</p><p>“sell my phone Orange County”</p><p>“sell used phone California”</p><p>“sell my phone online with free shipping”</p><p>You’re in the right place.</p><p><b>The Best Place to Sell Your Phone in Orange County, California</b></p><p>For local customers, <a href=""/sell/cell-phone"">OCBuyBack.com</a> is proudly based in Orange County, California, serving cities like:</p><p>Brea</p><p>Anaheim</p><p>Fullerton</p><p>Santa Ana</p><p>Irvine</p><p>Yorba Linda</p><p>Orange</p><p>And surrounding OC cities</p><p>Unlike national companies with no physical presence, we offer something better: a real local location where you can walk in and get paid.</p><p><b>Sell Your Phone Locally in Brea, CA</b></p><p>If you prefer a same-day, in-person experience, you can bring your phone directly to our Brea, California location.</p><p><b>How it works locally:</b></p><p>1. Get a quote online at <a href=""/sell/cell-phone"">OCBuyBack.com</a></p><p>2. Bring your phone to our Brea location</p><p>3. Our team inspects the device</p><p>4. Get paid quickly and securely</p><p>This option is perfect for customers searching:</p><p>“sell phone near me”</p><p>“phone buyback Brea CA”</p><p>“sell iPhone Orange County”</p><p><b>Sell Your Phone Online With Free Shipping Nationwide</b></p><p>Not in California? No problem.</p><p>OCBuyBack.com offers free shipping nationwide, making us one of the best national phone buyback services in 2026.</p><p>We serve customers across all 50 states, with a simple and secure online process designed for convenience.</p><p><b>How to Sell Your Phone Online at OCBuyBack.com</b></p><p>Our online process is fast, transparent, and easy:</p><p><b>1. Get an Instant Quote</b></p><p>Visit <a href=""/sell/cell-phone"">OCBuyBack.com</a> and select your phone model and condition.</p><p><b>2. Ship Your Phone for Free</b></p><p>We provide free shipping nationwide, so you don’t pay anything out of pocket.</p><p><b>3. We Inspect &amp; Verify</b></p><p>Once received, our team quickly inspects your device.</p><p><b>4. Get Paid Fast</b></p><p>Receive your payout promptly after inspection.</p><p>This makes OCBuyBack.com a top choice for searches like:</p><p>“sell my phone online”</p><p>“best place to sell phones in the US”</p><p>“sell phone online free shipping”</p><p><b>Why Customers Choose OCBuyBack.com in 2026</b></p><p>With so many buyback companies out there, here’s what sets us apart:</p><p>✅ We buy new and used phones</p><p>✅ Local Orange County location</p><p>✅ Free shipping nationwide</p><p>✅ Transparent pricing</p><p>✅ Fast payouts</p><p>✅ Trusted US-based business</p><p>✅ No middlemen or overseas shipping</p><p>Whether you’re selling one phone or multiple devices, we make the process easy, safe, and worth your time.</p><p><b>Sell Your Phone Today With OCBuyBack.com</b></p><p>If you’re ready to upgrade or simply want cash for your old device, OCBuyBack.com is the best place to <a href=""/sell/cell-phone"">sell your phone</a> in 2026—locally in Orange County, California, or anywhere nationwide with free shipping.</p><p>👉 Get your free quote today at<a href=""/sell/cell-phone""> OCBuyBack.com</a></p><p>👉 Visit us in Brea, CA for an in-person payout</p><p>👉 Or sell online from anywhere in the U.S.</p><p>Your phone is worth more than you think—sell it the smart way with <a href=""/sell/cell-phone"">OCBuyBack.com</a>.</p>",true
2026/06/15/sell-your-iphone-before-the-iphone-18-launches-get-top-cash-in-brea-and-orange-county,2026-06-15,sell-your-iphone-before-the-iphone-18-launches-get-top-cash-in-brea-and-orange-county,Sell Your iPhone Before the iPhone 18 Launches: Get Top Cash in Brea and Orange County,Looking to sell your iPhone in Brea or Orange County? OCBuyBack pays top cash for new and used iPhones. Get the best value before the iPhone 18 launch.,sell-your-iphone-before-the-iphone-18-launches-get-top-cash--77e340.jpg,"<p>If you've been thinking about upgrading your iPhone, now is the time to act. With the highly anticipated iPhone 18 expected to arrive soon, many Orange County residents are looking for the best way to sell their current devices and maximize their value before prices drop.</p><p>At <a href=""/sell/cell-phone/apple"">OCBuyBack </a>in Brea, we help customers throughout Orange County get top cash for new and used iPhones quickly, safely, and conveniently.</p><p><b>Why You Should Sell Your iPhone Before the iPhone 18 Release</b></p><p>Every year, when Apple announces a new iPhone model, the resale market changes dramatically. As more people upgrade and flood the market with older devices, trade-in values and resale prices often decrease.</p><p>Selling your iPhone before the iPhone 18 launch can help you:</p><p>Get the highest possible resale value</p><p>Avoid market depreciation</p><p>Put cash toward your next upgrade</p><p>Free up unused devices sitting at home</p><p>Whether you own an iPhone 15 Pro Max, iPhone 14, iPhone 13, or even an older model, now is typically the best time to sell.</p><p><b>Where to Sell an iPhone in Brea</b></p><p>If you're searching for:</p><p><a href=""/sell/cell-phone/apple"">Sell my iPhone</a> in Brea</p><p>Cash for iPhone near me</p><p>Best place to sell an iPhone in Orange County</p><p>iPhone buyer in Brea</p><p>Electronics buyback near me</p><p><a href=""/sell/cell-phone/apple"">OCBuyBack </a>is a trusted local option serving customers throughout Orange County.</p><p>Unlike online marketplaces that require shipping, waiting for buyers, or dealing with scams, we provide a fast and secure selling experience right here in Brea.</p><p>We Buy New and Used iPhones</p><p><b>OCBuyBack purchases a wide variety of Apple devices, including:</b></p><p>iPhone 15 Pro, Pro Max, Plus, and Standard Models</p><p>iPhone 14 Series</p><p>iPhone 13 Series</p><p>iPhone 12 Series</p><p>Older iPhone Models</p><p>Unlocked Devices</p><p>Carrier Devices</p><p>Paid-Off Phones</p><p>New and Used Condition Phones</p><p>Even if your device has minor wear, it may still have significant value.</p><p>Serving Customers Throughout Orange County</p><p>Our Brea location is convenient for customers across Orange County, including:</p><p>Fullerton</p><p>Anaheim</p><p>Yorba Linda</p><p>Placentia</p><p>La Habra</p><p>Orange</p><p>Santa Ana</p><p>Irvine</p><p>Tustin</p><p>Costa Mesa</p><p>Many customers choose OCBuyBack because they want a local business that offers fair pricing and immediate payment without the hassles of online selling platforms.</p><p><b>Why Choose OCBuyBack?</b></p><p>When <a href=""/sell/cell-phone/apple"">selling your iPhone</a>, you want a buyer you can trust.</p><p>At OCBuyBack, we offer:</p><p>Competitive Cash Offers</p><p>We monitor market conditions to provide strong offers for Apple devices.</p><p>Fast Transactions</p><p>Most evaluations take just minutes.</p><p>Safe and Secure Process</p><p>Meet with a local business instead of strangers from online marketplaces.</p><p>Experienced Electronics Buyers</p><p>Our team specializes in evaluating and purchasing smartphones and consumer electronics.</p><p>Get a <a href=""/sell/cell-phone/apple"">Free Quote</a> Today</p><p>The closer we get to the iPhone 18 release date, the more likely iPhone values are to decline. If you're planning to upgrade, don't wait until the market becomes saturated with older devices.</p><p>Visit OCBuyBack in Brea today for a free quote and discover how much your iPhone is worth.</p><p>Whether you're in Brea, Fullerton, Anaheim, Yorba Linda, Irvine, or anywhere in Orange County, we're here to help you turn your old iPhone into cash.</p><p>Looking to Sell Your iPhone?</p><p>Contact <a href=""/sell/cell-phone/apple"">OCBuyBack </a>today and get top cash for your device before the iPhone 18 arrives.</p>",true
2026/07/28/sell-your-iphone-before-the-iphone-18-launch-get-top-cash-at-ocbuyback,2026-07-28,sell-your-iphone-before-the-iphone-18-launch-get-top-cash-at-ocbuyback,📱 Sell Your iPhone Before the iPhone 18 Launch – Get Top Cash at OCBuyBack!,Sell your iPhone before the iPhone 18 release and lock in today's higher value. OCBuyBack in Brea pays top cash for iPhones with same-day payouts and free nationwide shipping.,sell-your-iphone-before-the-iphone-18-launch-get-top-cash-at-7866c7.jpg,"<p>Thinking about upgrading to the new iPhone 18? Now is the best time to <a href=""/sell/cell-phone/apple"">sell your current iPhone</a> before trade-in and resale values begin to drop.</p><p>At <a href=""/sell/cell-phone/apple"">OCBuyBack</a> in Brea, CA, we pay top dollar for new and used iPhones, including the iPhone 17, iPhone 16, iPhone 15, iPhone 14, and older models. As new iPhone models are released, the market value of previous generations typically declines—so don't wait!</p><p><b>💰 Why sell your iPhone now?</b></p><p>Get paid before prices decrease.</p><p>Receive a fast, competitive quote.</p><p>Same-day payouts for local customers.</p><p>Free nationwide shipping if you're outside Orange County.</p><p>Whether you're in Brea, Fullerton, Anaheim, Yorba Linda, Placentia, La Habra, Orange, or anywhere in Orange County, OCBuyBack makes it quick and easy to <a href=""/sell/cell-phone/apple"">turn your iPhone into cash</a>.</p><p>📍 Visit our Brea location or get an <a href=""/sell/cell-phone/apple"">instant quote online</a> at OCBuyBack.com and lock in today's higher value before the iPhone 18 arrives!</p>",true
2026/08/18/sell-your-ipad-or-apple-watch-for-top-cash-in-brea-ca,2026-08-18,sell-your-ipad-or-apple-watch-for-top-cash-in-brea-ca,"Sell Your iPad or Apple Watch for Top Cash in Brea, CA","Sell your Apple iPad or Apple Watch for top cash at OCBuyBack in Brea, CA. Get a fast quote and visit our local Orange County shop today.",sell-your-ipad-or-apple-watch-for-top-cash-in-brea-ca-8e229f.png,"<p>Have an old Apple iPad or Apple Watch sitting around? Turn it into cash at OCBuyBack in Brea, California.</p><p>At OCBuyBack, we buy used Apple devices and offer competitive cash prices for many models of iPads and Apple Watches. Whether you recently upgraded or simply have unused Apple devices sitting around, we make selling them quick and easy.</p><p>Looking to <a href=""/sell/tablet/apple"">sell your iPad for cash in Brea</a>? OCBuyBack purchases many popular iPad models, including iPad Pro, iPad Air, iPad Mini, and standard iPad models.</p><p>Have an Apple Watch instead? Get started here to <a href=""/sell/smartwatch/apple"">sell your Apple Watch for cash</a>, including Apple Watch Series and Apple Watch Ultra models.</p><p><b>Sell Apple Devices Locally in Orange County</b></p><p>If you've been searching for “sell my iPad near me,” “sell Apple Watch near me,” “cash for iPad in Brea,” or the “best place to sell Apple devices in Orange County,” OCBuyBack is a convenient local option.</p><p>Customers can visit our <a href=""/locations/brea-ca-92821"">OCBuyBack Brea, CA</a> location at:</p><p>OCBuyBack</p><p>1203 W Imperial Hwy, Suite 103</p><p>Brea, CA 92821</p><p>Our Brea shop is convenient for customers coming from Fullerton, Placentia, Yorba Linda, La Habra, Anaheim, and surrounding Orange County communities.</p><p><b>Why Sell Your iPad or Apple Watch to OCBuyBack?</b></p><p>Competitive cash offers for Apple devices</p><p>Fast local service in Brea</p><p>Sell many generations of iPads and Apple Watches</p><p>Avoid the hassle of selling to strangers online</p><p>Get an online quote before visiting</p><p>Don't let your old Apple devices collect dust. <a href=""/"">Visit OCBuyBack.com</a> or choose your device online to see what it could be worth.</p><p><b>Ready to get started?</b></p><p>👉 <a href=""/sell/tablet/apple"">Sell Your Apple iPad</a></p><p>👉 <a href=""/sell/smartwatch/apple"">Sell Your Apple Watch</a></p><p>👉 <a href=""/locations/brea-ca-92821"">Visit OCBuyBack in Brea, CA</a></p><p>Turn your old tech into cash today with OCBuyBack — your local electronics buyback shop in Brea, California.</p>",true
2026/09/1/sell-your-iphone-17-pro-max-before-the-iphone-18-pro-max-arrives-get-top-cash-at-ocbuyback,2026-09-01,sell-your-iphone-17-pro-max-before-the-iphone-18-pro-max-arrives-get-top-cash-at-ocbuyback,Sell Your iPhone 17 Pro Max Before the iPhone 18 Pro Max Arrives — Get Top Cash at OCBuyBack,"Sell your iPhone 17 Pro Max before the iPhone 18 Pro Max arrives. Get a competitive cash offer from OCBuyBack in Brea, CA or ship free nationwide.",sell-your-iphone-17-pro-max-before-the-iphone-18-pro-max-arr-773542.png,"<p>If you’re thinking about selling your iPhone 17 Pro Max, now may be one of the best times to do it.</p><p>With Apple’s next generation of iPhones approaching, demand and resale values for current-generation devices can change quickly. Once a new Pro Max model hits the market and more people begin upgrading, the supply of previous-generation iPhones typically increases.</p><p>That means waiting could cost you money.</p><p>At OCBuyBack in Brea, CA, we’re currently buying the iPhone 17 Pro Max and other Apple iPhones for competitive cash offers. You can sell locally at our Orange County store or get a quote online and ship your device to us for free.</p><p><b>Why Sell Your iPhone 17 Pro Max Before the iPhone 18 Pro Max?</b></p><p>New iPhone launches create a wave of trade-ins and resales.</p><p>As customers upgrade, more iPhone 17 Pro Max devices can enter the resale market. Increased supply can put downward pressure on what buyers are willing to pay for the previous generation.</p><p>If you already know you’re planning to sell your iPhone 17 Pro Max, selling before the next Pro Max arrives can help you take advantage of its current market value rather than waiting until after the upgrade rush begins.</p><p><b>Selling now can help you:</b></p><p>    •Get more value from your iPhone 17 Pro Max while it’s still a current-generation device</p><p>    •Avoid waiting until the market fills with iPhone 17 trade-ins</p><p>    •Put cash toward your next iPhone upgrade</p><p>    •Turn an extra or unused iPhone into cash</p><p>    •Avoid the hassle of finding a buyer yourself</p><p><b>How Much Is Your iPhone 17 Pro Max Worth?</b></p><p>The value of an iPhone 17 Pro Max can depend on several factors, including:</p><p>    •Storage capacity</p><p>    •Carrier or unlocked status</p><p>    •Cosmetic condition</p><p>    •Screen and housing condition</p><p>    •Battery and functionality</p><p>    •Whether the phone is new, used, or unopened</p><p>    •Current market demand</p><p>The easiest way to find out what your phone is worth is to <a href=""/sell/cell-phone/apple"">get an iPhone quote directly from OCBuyBack</a>.</p><p>Select the iPhone 17 Pro Max, enter your device details and see your current offer.</p><p>Because electronics prices can change as the market changes, getting a quote now gives you a better idea of what your iPhone is worth today.</p><p><b>Where Can I Sell My iPhone 17 Pro Max in Orange County?</b></p><p>If you’ve been searching for “sell iPhone 17 Pro Max near me,” “cash for iPhone 17 Pro Max,” or “best place to sell an iPhone in Orange County,” you can visit OCBuyBack in Brea.</p><p><b>OCBuyBack</b></p><p>1203 W Imperial Hwy, Suite 103</p><p>Brea, CA 92821</p><p>We serve customers from Brea, Fullerton, Yorba Linda, Placentia, La Habra, Anaheim, Orange and surrounding Orange County communities.</p><p>You can learn more about selling locally on our <a href=""/locations/brea-ca-92821"">Brea, CA OCBuyBack location page</a>.</p><p>Local customers can bring their iPhone directly to our store for an in-person evaluation and elect to receive cash on the spot once the device and offer are confirmed.</p><p><b>Not Near Brea? Sell Your iPhone 17 Pro Max Online</b></p><p>You don’t have to live in Orange County to sell your iPhone to OCBuyBack.</p><p>Our online buyback service is available nationwide.</p><p>The process is simple:</p><p><b>1. Get Your Quote</b></p><p>Visit our <a href=""/sell/cell-phone/apple"">iPhone buyback page</a> and select your iPhone 17 Pro Max.</p><p>Tell us about the carrier, storage and condition of your device to receive an offer.</p><p><b>2. Ship Your iPhone for Free</b></p><p>If you accept your offer, use the free prepaid shipping option to send your device to OCBuyBack.</p><p><b>3. Get Paid</b></p><p>Once your device arrives, we inspect it and confirm its condition. OCBuyBack processes payments quickly after the inspection is completed.</p><p>It’s an easy alternative to listing your iPhone yourself, answering messages from strangers or meeting unknown buyers.</p><p><b>Why iPhone Values Can Drop After a New iPhone Launch</b></p><p>Smartphones are depreciating electronics.</p><p>One of the biggest events affecting the value of an existing iPhone is the introduction of its replacement.</p><p>When a new generation launches, three things can happen:</p><p><b>More people sell their old phones.</b></p><p>Customers upgrading to the latest model begin trading in their current devices.</p><p><b>Buyers have more choices.</b></p><p>The resale market receives additional inventory as those trade-ins enter circulation.</p><p><b>Attention shifts to the newest model.</b></p><p>Demand naturally begins moving toward Apple's latest devices.</p><p>That's why timing matters when selling a high-value phone such as the iPhone 17 Pro Max.</p><p>We’ve covered this topic in more detail in our guide on <a href=""/blog/2026/07/28/sell-your-iphone-before-the-iphone-18-launch-get-top-cash-at-ocbuyback"">selling your iPhone before the iPhone 18 launch</a>.</p><p><b>We Buy More Than the iPhone 17 Pro Max</b></p><p>Not using the newest Pro Max?</p><p>That’s okay.</p><p>OCBuyBack buys a wide range of new and used iPhones, including previous iPhone generations. You can view the models we currently purchase on our <a href=""/sell/cell-phone/apple"">Sell iPhone page</a>.</p><p>We also buy many other types of electronics, including tablets, smartwatches, MacBooks, Samsung Galaxy phones, Google Pixel phones, gaming systems and more.</p><p>Visit <a href=""/"">OCBuyBack.com</a> to see your selling options.</p><p><b>Ready to Sell Your iPhone 17 Pro Max?</b></p><p>If you already know you’re going to sell or upgrade your iPhone 17 Pro Max, there may be little benefit in leaving it sitting around while the next generation approaches.</p><p>Find out what it’s worth today.</p><p><a href=""/sell/cell-phone/apple"">Get your iPhone 17 Pro Max quote from OCBuyBack</a> or visit our Brea store for an in-person evaluation.</p><p><b>📍 OCBuyBack</b></p><p>1203 W Imperial Hwy, Suite 103</p><p>Brea, CA 92821</p><p>🌐 OCBuyBack.com</p><p>We Buy. You Get Paid.</p>",true
