variant_id,condition,price,enabled
1,Brand New,0.0,False
1,Flawless,0.0,False
1,Good,0.0,False
1,Fair,0.0,False
1,Minor Damage,0.0,False
1,Broken,0.0,False
2,Brand New,0.0,False
2,Flawless,0.0,False
2,Good,0.0,False
2,Fair,0.0,False
2,Minor Damage,0.0,False
2,Broken,0.0,False
3,Brand New,0.0,False
3,Flawless,0.0,False
3,Good,0.0,False
3,Fair,0.0,False
3,Minor Damage,0.0,False
3,Broken,0.0,False
4,Brand New,0.0,False
4,Flawless,0.0,False
4,Good,0.0,False
4,Fair,0.0,False
4,Minor Damage,0.0,False
4,Broken,0.0,False
5,Brand New,0.0,False
5,Flawless,0.0,False
5,Good,0.0,False
5,Fair,0.0,False
5,Minor Damage,0.0,False
5,Broken,0.0,False
6,Brand New,0.0,False
6,Flawless,0.0,False
6,Good,0.0,False
6,Fair,0.0,False
6,Minor Damage,0.0,False
6,Broken,0.0,False
7,Brand New,0.0,False
7,Flawless,0.0,False
7,Good,0.0,False
7,Fair,0.0,False
7,Minor Damage,0.0,False
7,Broken,0.0,False
8,Brand New,0.0,False
8,Flawless,0.0,False
8,Good,0.0,False
8,Fair,0.0,False
8,Minor Damage,0.0,False
8,Broken,0.0,False
9,Brand New,0.0,False
9,Flawless,0.0,False
9,Good,0.0,False
9,Fair,0.0,False
9,Minor Damage,0.0,False
9,Broken,0.0,False
10,Brand New,0.0,False
10,Flawless,0.0,False
10,Good,0.0,False
10,Fair,0.0,False
10,Minor Damage,0.0,False
10,Broken,0.0,False
11,Brand New,0.0,False
11,Flawless,0.0,False
11,Good,0.0,False
11,Fair,0.0,False
11,Minor Damage,0.0,False
11,Broken,0.0,False
12,Brand New,0.0,False
12,Flawless,0.0,False
12,Good,0.0,False
12,Fair,0.0,False
12,Minor Damage,0.0,False
12,Broken,0.0,False
13,Brand New,0.0,False
13,Flawless,0.0,False
13,Good,0.0,False
13,Fair,0.0,False
13,Minor Damage,0.0,False
13,Broken,0.0,False
14,Brand New,0.0,False
14,Flawless,0.0,False
14,Good,0.0,False
14,Fair,0.0,False
14,Minor Damage,0.0,False
14,Broken,0.0,False
15,Brand New,0.0,False
15,Flawless,0.0,False
15,Good,0.0,False
15,Fair,0.0,False
15,Minor Damage,0.0,False
15,Broken,0.0,False
16,Brand New,0.0,False
16,Flawless,0.0,False
16,Good,0.0,False
16,Fair,0.0,False
16,Minor Damage,0.0,False
16,Broken,0.0,False
17,Brand New,0.0,False
17,Flawless,0.0,False
17,Good,0.0,False
17,Fair,0.0,False
17,Minor Damage,0.0,False
17,Broken,0.0,False
18,Brand New,0.0,False
18,Flawless,0.0,False
18,Good,0.0,False
18,Fair,0.0,False
18,Minor Damage,0.0,False
18,Broken,0.0,False
19,Brand New,0.0,False
19,Flawless,0.0,False
19,Good,0.0,False
19,Fair,0.0,False
19,Minor Damage,0.0,False
19,Broken,0.0,False
20,Brand New,0.0,False
20,Flawless,0.0,False
20,Good,0.0,False
20,Fair,0.0,False
20,Minor Damage,0.0,False
20,Broken,0.0,False
21,Brand New,0.0,False
21,Flawless,0.0,False
21,Good,0.0,False
21,Fair,0.0,False
21,Minor Damage,0.0,False
21,Broken,0.0,False
22,Brand New,0.0,False
22,Flawless,0.0,False
22,Good,0.0,False
22,Fair,0.0,False
22,Minor Damage,0.0,False
22,Broken,0.0,False
23,Brand New,0.0,False
23,Flawless,0.0,False
23,Good,0.0,False
23,Fair,0.0,False
23,Minor Damage,0.0,False
23,Broken,0.0,False
24,Brand New,0.0,False
24,Flawless,0.0,False
24,Good,0.0,False
24,Fair,0.0,False
24,Minor Damage,0.0,False
24,Broken,0.0,False
25,Brand New,0.0,False
25,Flawless,0.0,False
25,Good,0.0,False
25,Fair,0.0,False
25,Minor Damage,0.0,False
25,Broken,0.0,False
26,Brand New,0.0,False
26,Flawless,0.0,False
26,Good,0.0,False
26,Fair,0.0,False
26,Minor Damage,0.0,False
26,Broken,0.0,False
27,Brand New,0.0,False
27,Flawless,0.0,False
27,Good,0.0,False
27,Fair,0.0,False
27,Minor Damage,0.0,False
27,Broken,0.0,False
28,Brand New,0.0,False
28,Flawless,0.0,False
28,Good,0.0,False
28,Fair,0.0,False
28,Minor Damage,0.0,False
28,Broken,0.0,False
29,Brand New,0.0,False
29,Flawless,0.0,False
29,Good,0.0,False
29,Fair,0.0,False
29,Minor Damage,0.0,False
29,Broken,0.0,False
30,Brand New,0.0,False
30,Flawless,0.0,False
30,Good,0.0,False
30,Fair,0.0,False
30,Minor Damage,0.0,False
30,Broken,0.0,False
31,Brand New,0.0,False
31,Flawless,0.0,False
31,Good,0.0,False
31,Fair,0.0,False
31,Minor Damage,0.0,False
31,Broken,0.0,False
32,Brand New,0.0,False
32,Flawless,0.0,False
32,Good,0.0,False
32,Fair,0.0,False
32,Minor Damage,0.0,False
32,Broken,0.0,False
33,Brand New,0.0,False
33,Flawless,0.0,False
33,Good,0.0,False
33,Fair,0.0,False
33,Minor Damage,0.0,False
33,Broken,0.0,False
34,Brand New,0.0,False
34,Flawless,0.0,False
34,Good,0.0,False
34,Fair,0.0,False
34,Minor Damage,0.0,False
34,Broken,0.0,False
35,Brand New,0.0,False
35,Flawless,0.0,False
35,Good,0.0,False
35,Fair,0.0,False
35,Minor Damage,0.0,False
35,Broken,0.0,False
36,Brand New,0.0,False
36,Flawless,0.0,False
36,Good,0.0,False
36,Fair,0.0,False
36,Minor Damage,0.0,False
36,Broken,0.0,False
37,Brand New,0.0,False
37,Flawless,0.0,False
37,Good,0.0,False
37,Fair,0.0,False
37,Minor Damage,0.0,False
37,Broken,0.0,False
38,Brand New,0.0,False
38,Flawless,0.0,False
38,Good,0.0,False
38,Fair,0.0,False
38,Minor Damage,0.0,False
38,Broken,0.0,False
39,Brand New,0.0,False
39,Flawless,0.0,False
39,Good,0.0,False
39,Fair,0.0,False
39,Minor Damage,0.0,False
39,Broken,0.0,False
40,Brand New,0.0,False
40,Flawless,0.0,False
40,Good,0.0,False
40,Fair,0.0,False
40,Minor Damage,0.0,False
40,Broken,0.0,False
41,Brand New,0.0,False
41,Flawless,0.0,False
41,Good,0.0,False
41,Fair,0.0,False
41,Minor Damage,0.0,False
41,Broken,0.0,False
42,Brand New,0.0,False
42,Flawless,0.0,False
42,Good,0.0,False
42,Fair,0.0,False
42,Minor Damage,0.0,False
42,Broken,0.0,False
43,Brand New,0.0,False
43,Flawless,0.0,False
43,Good,0.0,False
43,Fair,0.0,False
43,Minor Damage,0.0,False
43,Broken,0.0,False
44,Brand New,0.0,False
44,Flawless,0.0,False
44,Good,0.0,False
44,Fair,0.0,False
44,Minor Damage,0.0,False
44,Broken,0.0,False
45,Brand New,0.0,False
45,Flawless,0.0,False
45,Good,0.0,False
45,Fair,0.0,False
45,Minor Damage,0.0,False
45,Broken,0.0,False
46,Brand New,0.0,False
46,Flawless,0.0,False
46,Good,0.0,False
46,Fair,0.0,False
46,Minor Damage,0.0,False
46,Broken,0.0,False
47,Brand New,0.0,False
47,Flawless,0.0,False
47,Good,0.0,False
47,Fair,0.0,False
47,Minor Damage,0.0,False
47,Broken,0.0,False
48,Brand New,0.0,False
48,Flawless,0.0,False
48,Good,0.0,False
48,Fair,0.0,False
48,Minor Damage,0.0,False
48,Broken,0.0,False
49,Brand New,0.0,False
49,Flawless,0.0,False
49,Good,0.0,False
49,Fair,0.0,False
49,Minor Damage,0.0,False
49,Broken,0.0,False
50,Brand New,0.0,False
50,Flawless,0.0,False
50,Good,0.0,False
50,Fair,0.0,False
50,Minor Damage,0.0,False
50,Broken,0.0,False
51,Brand New,0.0,False
51,Flawless,0.0,False
51,Good,0.0,False
51,Fair,0.0,False
51,Minor Damage,0.0,False
51,Broken,0.0,False
52,Brand New,0.0,False
52,Flawless,0.0,False
52,Good,0.0,False
52,Fair,0.0,False
52,Minor Damage,0.0,False
52,Broken,0.0,False
53,Brand New,0.0,False
53,Flawless,0.0,False
53,Good,0.0,False
53,Fair,0.0,False
53,Minor Damage,0.0,False
53,Broken,0.0,False
54,Brand New,0.0,False
54,Flawless,0.0,False
54,Good,0.0,False
54,Fair,0.0,False
54,Minor Damage,0.0,False
54,Broken,0.0,False
55,Brand New,0.0,False
55,Flawless,0.0,False
55,Good,0.0,False
55,Fair,0.0,False
55,Minor Damage,0.0,False
55,Broken,0.0,False
56,Brand New,0.0,False
56,Flawless,0.0,False
56,Good,0.0,False
56,Fair,0.0,False
56,Minor Damage,0.0,False
56,Broken,0.0,False
57,Brand New,0.0,False
57,Flawless,0.0,False
57,Good,0.0,False
57,Fair,0.0,False
57,Minor Damage,0.0,False
57,Broken,0.0,False
58,Brand New,0.0,False
58,Flawless,0.0,False
58,Good,0.0,False
58,Fair,0.0,False
58,Minor Damage,0.0,False
58,Broken,0.0,False
59,Brand New,0.0,False
59,Flawless,0.0,False
59,Good,0.0,False
59,Fair,0.0,False
59,Minor Damage,0.0,False
59,Broken,0.0,False
60,Brand New,0.0,False
60,Flawless,0.0,False
60,Good,0.0,False
60,Fair,0.0,False
60,Minor Damage,0.0,False
60,Broken,0.0,False
61,Brand New,0.0,False
61,Flawless,0.0,False
61,Good,0.0,False
61,Fair,0.0,False
61,Minor Damage,0.0,False
61,Broken,0.0,False
62,Brand New,0.0,False
62,Flawless,0.0,False
62,Good,0.0,False
62,Fair,0.0,False
62,Minor Damage,0.0,False
62,Broken,0.0,False
63,Brand New,0.0,False
63,Flawless,0.0,False
63,Good,0.0,False
63,Fair,0.0,False
63,Minor Damage,0.0,False
63,Broken,0.0,False
64,Brand New,0.0,False
64,Flawless,0.0,False
64,Good,0.0,False
64,Fair,0.0,False
64,Minor Damage,0.0,False
64,Broken,0.0,False
65,Brand New,0.0,False
65,Flawless,0.0,False
65,Good,0.0,False
65,Fair,0.0,False
65,Minor Damage,0.0,False
65,Broken,0.0,False
66,Brand New,0.0,False
66,Flawless,0.0,False
66,Good,0.0,False
66,Fair,0.0,False
66,Minor Damage,0.0,False
66,Broken,0.0,False
67,Brand New,0.0,False
67,Flawless,0.0,False
67,Good,0.0,False
67,Fair,0.0,False
67,Minor Damage,0.0,False
67,Broken,0.0,False
68,Brand New,0.0,False
68,Flawless,0.0,False
68,Good,0.0,False
68,Fair,0.0,False
68,Minor Damage,0.0,False
68,Broken,0.0,False
69,Brand New,0.0,False
69,Flawless,0.0,False
69,Good,0.0,False
69,Fair,0.0,False
69,Minor Damage,0.0,False
69,Broken,0.0,False
70,Brand New,0.0,False
70,Flawless,0.0,False
70,Good,0.0,False
70,Fair,0.0,False
70,Minor Damage,0.0,False
70,Broken,0.0,False
71,Brand New,0.0,False
71,Flawless,0.0,False
71,Good,0.0,False
71,Fair,0.0,False
71,Minor Damage,0.0,False
71,Broken,0.0,False
72,Brand New,0.0,False
72,Flawless,0.0,False
72,Good,0.0,False
72,Fair,0.0,False
72,Minor Damage,0.0,False
72,Broken,0.0,False
73,Brand New,0.0,False
73,Flawless,0.0,False
73,Good,0.0,False
73,Fair,0.0,False
73,Minor Damage,0.0,False
73,Broken,0.0,False
74,Brand New,0.0,False
74,Flawless,0.0,False
74,Good,0.0,False
74,Fair,0.0,False
74,Minor Damage,0.0,False
74,Broken,0.0,False
75,Brand New,0.0,False
75,Flawless,0.0,False
75,Good,0.0,False
75,Fair,0.0,False
75,Minor Damage,0.0,False
75,Broken,0.0,False
76,Brand New,0.0,False
76,Flawless,0.0,False
76,Good,0.0,False
76,Fair,0.0,False
76,Minor Damage,0.0,False
76,Broken,0.0,False
77,Brand New,0.0,False
77,Flawless,0.0,False
77,Good,0.0,False
77,Fair,0.0,False
77,Minor Damage,0.0,False
77,Broken,0.0,False
78,Brand New,0.0,False
78,Flawless,0.0,False
78,Good,0.0,False
78,Fair,0.0,False
78,Minor Damage,0.0,False
78,Broken,0.0,False
79,Brand New,0.0,False
79,Flawless,0.0,False
79,Good,0.0,False
79,Fair,0.0,False
79,Minor Damage,0.0,False
79,Broken,0.0,False
80,Brand New,0.0,False
80,Flawless,0.0,False
80,Good,0.0,False
80,Fair,0.0,False
80,Minor Damage,0.0,False
80,Broken,0.0,False
81,Brand New,0.0,False
81,Flawless,0.0,False
81,Good,0.0,False
81,Fair,0.0,False
81,Minor Damage,0.0,False
81,Broken,0.0,False
82,Brand New,0.0,False
82,Flawless,0.0,False
82,Good,0.0,False
82,Fair,0.0,False
82,Minor Damage,0.0,False
82,Broken,0.0,False
83,Brand New,0.0,False
83,Flawless,0.0,False
83,Good,0.0,False
83,Fair,0.0,False
83,Minor Damage,0.0,False
83,Broken,0.0,False
84,Brand New,0.0,False
84,Flawless,0.0,False
84,Good,0.0,False
84,Fair,0.0,False
84,Minor Damage,0.0,False
84,Broken,0.0,False
85,Brand New,0.0,False
85,Flawless,0.0,False
85,Good,0.0,False
85,Fair,0.0,False
85,Minor Damage,0.0,False
85,Broken,0.0,False
86,Brand New,0.0,False
86,Flawless,0.0,False
86,Good,0.0,False
86,Fair,0.0,False
86,Minor Damage,0.0,False
86,Broken,0.0,False
87,Brand New,0.0,False
87,Flawless,0.0,False
87,Good,0.0,False
87,Fair,0.0,False
87,Minor Damage,0.0,False
87,Broken,0.0,False
88,Brand New,0.0,False
88,Flawless,0.0,False
88,Good,0.0,False
88,Fair,0.0,False
88,Minor Damage,0.0,False
88,Broken,0.0,False
89,Brand New,0.0,False
89,Flawless,0.0,False
89,Good,0.0,False
89,Fair,0.0,False
89,Minor Damage,0.0,False
89,Broken,0.0,False
90,Brand New,0.0,False
90,Flawless,0.0,False
90,Good,0.0,False
90,Fair,0.0,False
90,Minor Damage,0.0,False
90,Broken,0.0,False
91,Brand New,0.0,False
91,Flawless,0.0,False
91,Good,0.0,False
91,Fair,0.0,False
91,Minor Damage,0.0,False
91,Broken,0.0,False
92,Brand New,0.0,False
92,Flawless,0.0,False
92,Good,0.0,False
92,Fair,0.0,False
92,Minor Damage,0.0,False
92,Broken,0.0,False
93,Brand New,0.0,False
93,Flawless,0.0,False
93,Good,0.0,False
93,Fair,0.0,False
93,Minor Damage,0.0,False
93,Broken,0.0,False
94,Brand New,0.0,False
94,Flawless,0.0,False
94,Good,0.0,False
94,Fair,0.0,False
94,Minor Damage,0.0,False
94,Broken,0.0,False
95,Brand New,0.0,False
95,Flawless,0.0,False
95,Good,0.0,False
95,Fair,0.0,False
95,Minor Damage,0.0,False
95,Broken,0.0,False
96,Brand New,0.0,False
96,Flawless,0.0,False
96,Good,0.0,False
96,Fair,0.0,False
96,Minor Damage,0.0,False
96,Broken,0.0,False
97,Brand New,0.0,False
97,Flawless,0.0,False
97,Good,0.0,False
97,Fair,0.0,False
97,Minor Damage,0.0,False
97,Broken,0.0,False
98,Brand New,0.0,False
98,Flawless,0.0,False
98,Good,0.0,False
98,Fair,0.0,False
98,Minor Damage,0.0,False
98,Broken,0.0,False
99,Brand New,0.0,False
99,Flawless,0.0,False
99,Good,0.0,False
99,Fair,0.0,False
99,Minor Damage,0.0,False
99,Broken,0.0,False
100,Brand New,0.0,False
100,Flawless,0.0,False
100,Good,0.0,False
100,Fair,0.0,False
100,Minor Damage,0.0,False
100,Broken,0.0,False
101,Brand New,0.0,False
101,Flawless,0.0,False
101,Good,0.0,False
101,Fair,0.0,False
101,Minor Damage,0.0,False
101,Broken,0.0,False
102,Brand New,0.0,False
102,Flawless,0.0,False
102,Good,0.0,False
102,Fair,0.0,False
102,Minor Damage,0.0,False
102,Broken,0.0,False
103,Brand New,0.0,False
103,Flawless,0.0,False
103,Good,0.0,False
103,Fair,0.0,False
103,Minor Damage,0.0,False
103,Broken,0.0,False
104,Brand New,0.0,False
104,Flawless,0.0,False
104,Good,0.0,False
104,Fair,0.0,False
104,Minor Damage,0.0,False
104,Broken,0.0,False
105,Brand New,0.0,False
105,Flawless,0.0,False
105,Good,0.0,False
105,Fair,0.0,False
105,Minor Damage,0.0,False
105,Broken,0.0,False
106,Brand New,0.0,False
106,Flawless,0.0,False
106,Good,0.0,False
106,Fair,0.0,False
106,Minor Damage,0.0,False
106,Broken,0.0,False
107,Brand New,0.0,False
107,Flawless,0.0,False
107,Good,0.0,False
107,Fair,0.0,False
107,Minor Damage,0.0,False
107,Broken,0.0,False
108,Brand New,0.0,False
108,Flawless,0.0,False
108,Good,0.0,False
108,Fair,0.0,False
108,Minor Damage,0.0,False
108,Broken,0.0,False
109,Brand New,0.0,False
109,Flawless,0.0,False
109,Good,0.0,False
109,Fair,0.0,False
109,Minor Damage,0.0,False
109,Broken,0.0,False
110,Brand New,0.0,False
110,Flawless,0.0,False
110,Good,0.0,False
110,Fair,0.0,False
110,Minor Damage,0.0,False
110,Broken,0.0,False
111,Brand New,0.0,False
111,Flawless,0.0,False
111,Good,0.0,False
111,Fair,0.0,False
111,Minor Damage,0.0,False
111,Broken,0.0,False
112,Brand New,0.0,False
112,Flawless,0.0,False
112,Good,0.0,False
112,Fair,0.0,False
112,Minor Damage,0.0,False
112,Broken,0.0,False
113,Brand New,0.0,False
113,Flawless,0.0,False
113,Good,0.0,False
113,Fair,0.0,False
113,Minor Damage,0.0,False
113,Broken,0.0,False
114,Brand New,0.0,False
114,Flawless,0.0,False
114,Good,0.0,False
114,Fair,0.0,False
114,Minor Damage,0.0,False
114,Broken,0.0,False
115,Brand New,0.0,False
115,Flawless,0.0,False
115,Good,0.0,False
115,Fair,0.0,False
115,Minor Damage,0.0,False
115,Broken,0.0,False
116,Brand New,0.0,False
116,Flawless,0.0,False
116,Good,0.0,False
116,Fair,0.0,False
116,Minor Damage,0.0,False
116,Broken,0.0,False
117,Brand New,0.0,False
117,Flawless,0.0,False
117,Good,0.0,False
117,Fair,0.0,False
117,Minor Damage,0.0,False
117,Broken,0.0,False
118,Brand New,0.0,False
118,Flawless,0.0,False
118,Good,0.0,False
118,Fair,0.0,False
118,Minor Damage,0.0,False
118,Broken,0.0,False
119,Brand New,0.0,False
119,Flawless,0.0,False
119,Good,0.0,False
119,Fair,0.0,False
119,Minor Damage,0.0,False
119,Broken,0.0,False
120,Brand New,0.0,False
120,Flawless,0.0,False
120,Good,0.0,False
120,Fair,0.0,False
120,Minor Damage,0.0,False
120,Broken,0.0,False
121,Brand New,0.0,False
121,Flawless,0.0,False
121,Good,0.0,False
121,Fair,0.0,False
121,Minor Damage,0.0,False
121,Broken,0.0,False
122,Brand New,0.0,False
122,Flawless,0.0,False
122,Good,0.0,False
122,Fair,0.0,False
122,Minor Damage,0.0,False
122,Broken,0.0,False
123,Brand New,0.0,False
123,Flawless,0.0,False
123,Good,0.0,False
123,Fair,0.0,False
123,Minor Damage,0.0,False
123,Broken,0.0,False
124,Brand New,0.0,False
124,Flawless,0.0,False
124,Good,0.0,False
124,Fair,0.0,False
124,Minor Damage,0.0,False
124,Broken,0.0,False
125,Brand New,0.0,False
125,Flawless,0.0,False
125,Good,0.0,False
125,Fair,0.0,False
125,Minor Damage,0.0,False
125,Broken,0.0,False
126,Brand New,0.0,False
126,Flawless,0.0,False
126,Good,0.0,False
126,Fair,0.0,False
126,Minor Damage,0.0,False
126,Broken,0.0,False
127,Brand New,0.0,False
127,Flawless,0.0,False
127,Good,0.0,False
127,Fair,0.0,False
127,Minor Damage,0.0,False
127,Broken,0.0,False
128,Brand New,0.0,False
128,Flawless,0.0,False
128,Good,0.0,False
128,Fair,0.0,False
128,Minor Damage,0.0,False
128,Broken,0.0,False
129,Brand New,0.0,False
129,Flawless,0.0,False
129,Good,0.0,False
129,Fair,0.0,False
129,Minor Damage,0.0,False
129,Broken,0.0,False
130,Brand New,0.0,False
130,Flawless,0.0,False
130,Good,0.0,False
130,Fair,0.0,False
130,Minor Damage,0.0,False
130,Broken,0.0,False
131,Brand New,0.0,False
131,Flawless,0.0,False
131,Good,0.0,False
131,Fair,0.0,False
131,Minor Damage,0.0,False
131,Broken,0.0,False
132,Brand New,0.0,False
132,Flawless,0.0,False
132,Good,0.0,False
132,Fair,0.0,False
132,Minor Damage,0.0,False
132,Broken,0.0,False
133,Brand New,0.0,False
133,Flawless,0.0,False
133,Good,0.0,False
133,Fair,0.0,False
133,Minor Damage,0.0,False
133,Broken,0.0,False
134,Brand New,0.0,False
134,Flawless,0.0,False
134,Good,0.0,False
134,Fair,0.0,False
134,Minor Damage,0.0,False
134,Broken,0.0,False
135,Brand New,0.0,False
135,Flawless,0.0,False
135,Good,0.0,False
135,Fair,0.0,False
135,Minor Damage,0.0,False
135,Broken,0.0,False
136,Brand New,0.0,False
136,Flawless,0.0,False
136,Good,0.0,False
136,Fair,0.0,False
136,Minor Damage,0.0,False
136,Broken,0.0,False
137,Brand New,0.0,False
137,Flawless,0.0,False
137,Good,0.0,False
137,Fair,0.0,False
137,Minor Damage,0.0,False
137,Broken,0.0,False
138,Brand New,0.0,False
138,Flawless,0.0,False
138,Good,0.0,False
138,Fair,0.0,False
138,Minor Damage,0.0,False
138,Broken,0.0,False
139,Brand New,0.0,False
139,Flawless,0.0,False
139,Good,0.0,False
139,Fair,0.0,False
139,Minor Damage,0.0,False
139,Broken,0.0,False
140,Brand New,0.0,False
140,Flawless,0.0,False
140,Good,0.0,False
140,Fair,0.0,False
140,Minor Damage,0.0,False
140,Broken,0.0,False
141,Brand New,0.0,False
141,Flawless,0.0,False
141,Good,0.0,False
141,Fair,0.0,False
141,Minor Damage,0.0,False
141,Broken,0.0,False
142,Brand New,0.0,False
142,Flawless,0.0,False
142,Good,0.0,False
142,Fair,0.0,False
142,Minor Damage,0.0,False
142,Broken,0.0,False
143,Brand New,0.0,False
143,Flawless,0.0,False
143,Good,0.0,False
143,Fair,0.0,False
143,Minor Damage,0.0,False
143,Broken,0.0,False
144,Brand New,0.0,False
144,Flawless,0.0,False
144,Good,0.0,False
144,Fair,0.0,False
144,Minor Damage,0.0,False
144,Broken,0.0,False
145,Brand New,0.0,False
145,Flawless,0.0,False
145,Good,0.0,False
145,Fair,0.0,False
145,Minor Damage,0.0,False
145,Broken,0.0,False
146,Brand New,0.0,False
146,Flawless,0.0,False
146,Good,0.0,False
146,Fair,0.0,False
146,Minor Damage,0.0,False
146,Broken,0.0,False
147,Brand New,0.0,False
147,Flawless,0.0,False
147,Good,0.0,False
147,Fair,0.0,False
147,Minor Damage,0.0,False
147,Broken,0.0,False
148,Brand New,0.0,False
148,Flawless,0.0,False
148,Good,0.0,False
148,Fair,0.0,False
148,Minor Damage,0.0,False
148,Broken,0.0,False
149,Brand New,0.0,False
149,Fair,0.0,False
149,Flawless,0.0,False
149,Minor Damage,0.0,False
149,Good,0.0,False
149,Broken,0.0,False
150,Brand New,0.0,False
150,Flawless,0.0,False
150,Good,0.0,False
150,Fair,0.0,False
150,Minor Damage,0.0,False
150,Broken,0.0,False
151,Brand New,0.0,False
151,Flawless,0.0,False
151,Good,0.0,False
151,Fair,0.0,False
151,Minor Damage,0.0,False
151,Broken,0.0,False
152,Brand New,0.0,False
152,Flawless,0.0,False
152,Good,0.0,False
152,Fair,0.0,False
152,Minor Damage,0.0,False
152,Broken,0.0,False
153,Brand New,0.0,False
153,Flawless,0.0,False
153,Good,0.0,False
153,Fair,0.0,False
153,Minor Damage,0.0,False
153,Broken,0.0,False
154,Brand New,0.0,False
154,Flawless,0.0,False
154,Good,0.0,False
154,Fair,0.0,False
154,Minor Damage,0.0,False
154,Broken,0.0,False
155,Brand New,0.0,False
155,Flawless,0.0,False
155,Good,0.0,False
155,Fair,0.0,False
155,Minor Damage,0.0,False
155,Broken,0.0,False
156,Brand New,0.0,False
156,Flawless,0.0,False
156,Good,0.0,False
156,Fair,0.0,False
156,Minor Damage,0.0,False
156,Broken,0.0,False
157,Brand New,0.0,False
157,Flawless,0.0,False
157,Good,0.0,False
157,Fair,0.0,False
157,Minor Damage,0.0,False
157,Broken,0.0,False
158,Brand New,0.0,False
158,Flawless,0.0,False
158,Good,0.0,False
158,Fair,0.0,False
158,Minor Damage,0.0,False
158,Broken,0.0,False
159,Brand New,0.0,False
159,Flawless,0.0,False
159,Good,0.0,False
159,Fair,0.0,False
159,Minor Damage,0.0,False
159,Broken,0.0,False
160,Brand New,0.0,False
160,Flawless,0.0,False
160,Good,0.0,False
160,Fair,0.0,False
160,Minor Damage,0.0,False
160,Broken,0.0,False
161,Brand New,0.0,False
161,Flawless,0.0,True
161,Good,0.0,True
161,Fair,0.0,True
161,Minor Damage,0.0,True
161,Broken,0.0,True
162,Brand New,0.0,False
162,Flawless,0.0,True
162,Good,0.0,True
162,Fair,0.0,True
162,Minor Damage,0.0,True
162,Broken,0.0,True
163,Brand New,0.0,False
163,Flawless,0.0,True
163,Good,0.0,True
163,Fair,0.0,True
163,Minor Damage,0.0,True
163,Broken,0.0,True
164,Brand New,0.0,False
164,Flawless,0.0,False
164,Good,0.0,False
164,Fair,0.0,False
164,Minor Damage,0.0,False
164,Broken,0.0,False
165,Brand New,0.0,False
165,Flawless,0.0,True
165,Good,0.0,True
165,Fair,0.0,True
165,Minor Damage,0.0,True
165,Broken,0.0,True
166,Brand New,0.0,False
166,Flawless,0.0,True
166,Good,0.0,True
166,Fair,0.0,True
166,Minor Damage,0.0,True
166,Broken,0.0,True
167,Brand New,0.0,False
167,Flawless,0.0,True
167,Good,0.0,True
167,Fair,0.0,True
167,Minor Damage,0.0,True
167,Broken,0.0,True
168,Brand New,0.0,False
168,Flawless,0.0,True
168,Good,0.0,True
168,Fair,0.0,True
168,Minor Damage,0.0,True
168,Broken,0.0,True
169,Brand New,0.0,False
169,Flawless,0.0,False
169,Good,0.0,False
169,Fair,0.0,False
169,Minor Damage,0.0,False
169,Broken,0.0,False
170,Brand New,0.0,False
170,Flawless,0.0,True
170,Good,0.0,True
170,Fair,0.0,True
170,Minor Damage,0.0,True
170,Broken,0.0,True
171,Brand New,0.0,False
171,Flawless,0.0,True
171,Good,0.0,True
171,Fair,0.0,True
171,Minor Damage,0.0,True
171,Broken,0.0,True
172,Brand New,0.0,False
172,Flawless,0.0,True
172,Good,0.0,True
172,Fair,0.0,True
172,Minor Damage,0.0,True
172,Broken,0.0,True
173,Brand New,0.0,False
173,Flawless,0.0,True
173,Good,0.0,True
173,Fair,0.0,True
173,Minor Damage,0.0,True
173,Broken,0.0,True
174,Brand New,0.0,False
174,Flawless,0.0,False
174,Good,0.0,False
174,Fair,0.0,False
174,Minor Damage,0.0,False
174,Broken,0.0,False
175,Brand New,0.0,False
175,Flawless,0.0,True
175,Good,0.0,True
175,Fair,0.0,True
175,Minor Damage,0.0,True
175,Broken,0.0,True
176,Brand New,0.0,False
176,Flawless,0.0,True
176,Good,0.0,True
176,Fair,0.0,True
176,Minor Damage,0.0,True
176,Broken,0.0,True
177,Brand New,0.0,False
177,Flawless,0.0,True
177,Good,0.0,True
177,Fair,0.0,True
177,Minor Damage,0.0,True
177,Broken,0.0,True
178,Brand New,0.0,False
178,Flawless,0.0,True
178,Good,0.0,True
178,Fair,0.0,True
178,Minor Damage,0.0,True
178,Broken,0.0,True
179,Brand New,0.0,False
179,Flawless,0.0,False
179,Good,0.0,False
179,Fair,0.0,False
179,Minor Damage,0.0,False
179,Broken,0.0,False
180,Brand New,0.0,False
180,Flawless,0.0,True
180,Good,0.0,True
180,Fair,0.0,True
180,Minor Damage,0.0,True
180,Broken,0.0,True
181,Brand New,0.0,False
181,Flawless,0.0,True
181,Good,0.0,True
181,Fair,0.0,True
181,Minor Damage,0.0,True
181,Broken,0.0,True
182,Brand New,0.0,False
182,Flawless,0.0,True
182,Good,0.0,True
182,Fair,0.0,True
182,Minor Damage,0.0,True
182,Broken,0.0,True
183,Brand New,0.0,False
183,Flawless,0.0,True
183,Good,0.0,True
183,Fair,0.0,True
183,Minor Damage,0.0,True
183,Broken,0.0,True
184,Brand New,0.0,False
184,Flawless,0.0,False
184,Good,0.0,False
184,Fair,0.0,False
184,Minor Damage,0.0,False
184,Broken,0.0,False
185,Brand New,0.0,False
185,Flawless,0.0,True
185,Good,0.0,True
185,Fair,0.0,True
185,Minor Damage,0.0,True
185,Broken,0.0,True
186,Brand New,0.0,False
186,Flawless,0.0,True
186,Good,0.0,True
186,Fair,0.0,True
186,Minor Damage,0.0,True
186,Broken,0.0,True
187,Brand New,0.0,False
187,Flawless,0.0,True
187,Good,0.0,True
187,Fair,0.0,True
187,Minor Damage,0.0,True
187,Broken,0.0,True
188,Brand New,0.0,False
188,Flawless,0.0,True
188,Good,0.0,True
188,Fair,0.0,True
188,Minor Damage,0.0,True
188,Broken,0.0,True
189,Brand New,0.0,False
189,Flawless,0.0,False
189,Good,0.0,False
189,Fair,0.0,False
189,Minor Damage,0.0,False
189,Broken,0.0,False
190,Brand New,0.0,False
190,Flawless,0.0,True
190,Good,0.0,True
190,Fair,0.0,True
190,Minor Damage,0.0,True
190,Broken,0.0,True
191,Brand New,0.0,False
191,Flawless,0.0,True
191,Good,0.0,True
191,Fair,0.0,True
191,Minor Damage,0.0,True
191,Broken,0.0,True
192,Brand New,0.0,False
192,Flawless,0.0,True
192,Good,0.0,True
192,Fair,0.0,True
192,Minor Damage,0.0,True
192,Broken,0.0,True
193,Brand New,0.0,False
193,Flawless,0.0,True
193,Good,0.0,True
193,Fair,0.0,True
193,Minor Damage,0.0,True
193,Broken,0.0,True
194,Brand New,0.0,False
194,Flawless,0.0,False
194,Good,0.0,False
194,Fair,0.0,False
194,Minor Damage,0.0,False
194,Broken,0.0,False
195,Brand New,0.0,False
195,Flawless,0.0,True
195,Good,0.0,True
195,Fair,0.0,True
195,Minor Damage,0.0,True
195,Broken,0.0,True
196,Brand New,0.0,False
196,Flawless,0.0,True
196,Good,0.0,True
196,Fair,0.0,True
196,Minor Damage,0.0,True
196,Broken,0.0,True
197,Brand New,0.0,False
197,Flawless,0.0,True
197,Good,0.0,True
197,Fair,0.0,True
197,Minor Damage,0.0,True
197,Broken,0.0,True
198,Brand New,0.0,False
198,Flawless,0.0,True
198,Good,0.0,True
198,Fair,0.0,True
198,Minor Damage,0.0,True
198,Broken,0.0,True
199,Brand New,0.0,False
199,Flawless,0.0,False
199,Good,0.0,False
199,Fair,0.0,False
199,Minor Damage,0.0,False
199,Broken,0.0,False
200,Brand New,0.0,False
200,Flawless,0.0,True
200,Good,0.0,True
200,Fair,0.0,True
200,Minor Damage,0.0,True
200,Broken,0.0,True
201,Brand New,0.0,True
201,Flawless,0.0,True
201,Good,0.0,True
201,Fair,0.0,True
201,Minor Damage,0.0,True
201,Broken,0.0,True
202,Brand New,0.0,True
202,Flawless,0.0,True
202,Good,0.0,True
202,Fair,0.0,True
202,Minor Damage,0.0,True
202,Broken,0.0,True
203,Brand New,0.0,True
203,Flawless,0.0,True
203,Good,0.0,True
203,Fair,0.0,True
203,Minor Damage,0.0,True
203,Broken,0.0,True
204,Brand New,0.0,False
204,Flawless,0.0,False
204,Good,0.0,False
204,Fair,0.0,False
204,Minor Damage,0.0,False
204,Broken,0.0,False
205,Brand New,0.0,True
205,Flawless,0.0,True
205,Good,0.0,True
205,Fair,0.0,True
205,Minor Damage,0.0,True
205,Broken,0.0,True
206,Brand New,0.0,True
206,Flawless,0.0,True
206,Good,0.0,True
206,Fair,0.0,True
206,Minor Damage,0.0,True
206,Broken,0.0,True
207,Brand New,0.0,True
207,Flawless,0.0,True
207,Good,0.0,True
207,Fair,0.0,True
207,Minor Damage,0.0,True
207,Broken,0.0,True
208,Brand New,0.0,True
208,Flawless,0.0,True
208,Good,0.0,True
208,Fair,0.0,True
208,Minor Damage,0.0,True
208,Broken,0.0,True
209,Brand New,0.0,False
209,Flawless,0.0,False
209,Good,0.0,False
209,Fair,0.0,False
209,Minor Damage,0.0,False
209,Broken,0.0,False
210,Brand New,0.0,True
210,Flawless,0.0,True
210,Good,0.0,True
210,Fair,0.0,True
210,Minor Damage,0.0,True
210,Broken,0.0,True
211,Brand New,0.0,True
211,Flawless,0.0,True
211,Good,0.0,True
211,Fair,0.0,True
211,Minor Damage,0.0,True
211,Broken,0.0,True
212,Brand New,0.0,True
212,Flawless,0.0,True
212,Good,0.0,True
212,Fair,0.0,True
212,Minor Damage,0.0,True
212,Broken,0.0,True
213,Brand New,0.0,True
213,Flawless,0.0,True
213,Good,0.0,True
213,Fair,0.0,True
213,Minor Damage,0.0,True
213,Broken,0.0,True
214,Brand New,0.0,False
214,Flawless,0.0,False
214,Good,0.0,False
214,Fair,0.0,False
214,Minor Damage,0.0,False
214,Broken,0.0,False
215,Brand New,0.0,True
215,Flawless,0.0,True
215,Good,0.0,True
215,Fair,0.0,True
215,Minor Damage,0.0,True
215,Broken,0.0,True
216,Brand New,0.0,False
216,Flawless,0.0,True
216,Good,0.0,True
216,Fair,0.0,True
216,Minor Damage,0.0,True
216,Broken,0.0,True
217,Brand New,0.0,False
217,Flawless,0.0,True
217,Good,0.0,True
217,Fair,0.0,True
217,Minor Damage,0.0,True
217,Broken,0.0,True
218,Brand New,0.0,False
218,Flawless,0.0,True
218,Good,0.0,True
218,Fair,0.0,True
218,Minor Damage,0.0,True
218,Broken,0.0,True
219,Brand New,0.0,False
219,Flawless,0.0,False
219,Good,0.0,False
219,Fair,0.0,False
219,Minor Damage,0.0,False
219,Broken,0.0,False
220,Brand New,0.0,False
220,Flawless,0.0,True
220,Good,0.0,True
220,Fair,0.0,True
220,Minor Damage,0.0,True
220,Broken,0.0,True
221,Brand New,0.0,False
221,Flawless,0.0,True
221,Good,0.0,True
221,Fair,0.0,True
221,Minor Damage,0.0,True
221,Broken,0.0,True
222,Brand New,0.0,False
222,Flawless,0.0,True
222,Good,0.0,True
222,Fair,0.0,True
222,Minor Damage,0.0,True
222,Broken,0.0,True
223,Brand New,0.0,False
223,Flawless,0.0,True
223,Good,0.0,True
223,Fair,0.0,True
223,Minor Damage,0.0,True
223,Broken,0.0,True
224,Brand New,0.0,False
224,Flawless,0.0,False
224,Good,0.0,False
224,Fair,0.0,False
224,Minor Damage,0.0,False
224,Broken,0.0,False
225,Brand New,0.0,False
225,Flawless,0.0,True
225,Good,0.0,True
225,Fair,0.0,True
225,Minor Damage,0.0,True
225,Broken,0.0,True
226,Brand New,0.0,False
226,Flawless,0.0,True
226,Good,0.0,True
226,Fair,0.0,True
226,Minor Damage,0.0,True
226,Broken,0.0,True
227,Brand New,0.0,False
227,Flawless,0.0,True
227,Good,0.0,True
227,Fair,0.0,True
227,Minor Damage,0.0,True
227,Broken,0.0,True
228,Brand New,0.0,False
228,Flawless,0.0,True
228,Good,0.0,True
228,Fair,0.0,True
228,Minor Damage,0.0,True
228,Broken,0.0,True
229,Brand New,0.0,False
229,Flawless,0.0,False
229,Good,0.0,False
229,Fair,0.0,False
229,Minor Damage,0.0,False
229,Broken,0.0,False
230,Brand New,0.0,False
230,Flawless,0.0,True
230,Good,0.0,True
230,Fair,0.0,True
230,Minor Damage,0.0,True
230,Broken,0.0,True
231,Brand New,0.0,False
231,Flawless,0.0,True
231,Good,0.0,True
231,Fair,0.0,True
231,Minor Damage,0.0,True
231,Broken,0.0,True
232,Brand New,0.0,False
232,Flawless,0.0,True
232,Good,0.0,True
232,Fair,0.0,True
232,Minor Damage,0.0,True
232,Broken,0.0,True
233,Brand New,0.0,False
233,Flawless,0.0,True
233,Good,0.0,True
233,Fair,0.0,True
233,Minor Damage,0.0,True
233,Broken,0.0,True
234,Brand New,0.0,False
234,Flawless,0.0,False
234,Good,0.0,False
234,Fair,0.0,False
234,Minor Damage,0.0,False
234,Broken,0.0,False
235,Brand New,0.0,False
235,Flawless,0.0,True
235,Good,0.0,True
235,Fair,0.0,True
235,Minor Damage,0.0,True
235,Broken,0.0,True
236,Brand New,0.0,False
236,Flawless,0.0,True
236,Good,0.0,True
236,Fair,0.0,True
236,Minor Damage,0.0,True
236,Broken,0.0,True
237,Brand New,0.0,False
237,Flawless,0.0,True
237,Good,0.0,True
237,Fair,0.0,True
237,Minor Damage,0.0,True
237,Broken,0.0,True
238,Brand New,0.0,False
238,Flawless,0.0,True
238,Good,0.0,True
238,Fair,0.0,True
238,Minor Damage,0.0,True
238,Broken,0.0,True
239,Brand New,0.0,False
239,Flawless,0.0,False
239,Good,0.0,False
239,Fair,0.0,False
239,Minor Damage,0.0,False
239,Broken,0.0,False
240,Brand New,0.0,False
240,Flawless,0.0,True
240,Good,0.0,True
240,Fair,0.0,True
240,Minor Damage,0.0,True
240,Broken,0.0,True
241,Brand New,0.0,False
241,Flawless,0.0,True
241,Good,0.0,True
241,Fair,0.0,True
241,Minor Damage,0.0,True
241,Broken,0.0,True
242,Brand New,0.0,False
242,Flawless,0.0,True
242,Good,0.0,True
242,Fair,0.0,True
242,Minor Damage,0.0,True
242,Broken,0.0,True
243,Brand New,0.0,False
243,Flawless,0.0,True
243,Good,0.0,True
243,Fair,0.0,True
243,Minor Damage,0.0,True
243,Broken,0.0,True
244,Brand New,0.0,False
244,Flawless,0.0,False
244,Good,0.0,False
244,Fair,0.0,False
244,Minor Damage,0.0,False
244,Broken,0.0,False
245,Brand New,0.0,False
245,Flawless,0.0,True
245,Good,0.0,True
245,Fair,0.0,True
245,Minor Damage,0.0,True
245,Broken,0.0,True
246,Brand New,0.0,False
246,Flawless,65.0,True
246,Good,55.0,True
246,Fair,30.0,True
246,Minor Damage,20.0,True
246,Broken,5.0,True
247,Brand New,0.0,False
247,Flawless,65.0,True
247,Good,55.0,True
247,Fair,30.0,True
247,Minor Damage,10.0,True
247,Broken,5.0,True
248,Brand New,0.0,False
248,Flawless,80.0,True
248,Good,70.0,True
248,Fair,45.0,True
248,Minor Damage,25.0,True
248,Broken,5.0,True
249,Brand New,0.0,False
249,Flawless,0.0,False
249,Good,0.0,False
249,Fair,0.0,False
249,Minor Damage,0.0,False
249,Broken,0.0,False
250,Brand New,0.0,False
250,Flawless,80.0,True
250,Good,70.0,True
250,Fair,45.0,True
250,Minor Damage,25.0,True
250,Broken,5.0,True
251,Brand New,0.0,False
251,Flawless,75.0,True
251,Good,65.0,True
251,Fair,40.0,True
251,Minor Damage,21.0,True
251,Broken,5.0,True
252,Brand New,0.0,False
252,Flawless,75.0,True
252,Good,65.0,True
252,Fair,40.0,True
252,Minor Damage,10.0,True
252,Broken,5.0,True
253,Brand New,0.0,False
253,Flawless,90.0,True
253,Good,80.0,True
253,Fair,55.0,True
253,Minor Damage,26.0,True
253,Broken,5.0,True
254,Brand New,0.0,False
254,Flawless,0.0,False
254,Good,0.0,False
254,Fair,0.0,False
254,Minor Damage,0.0,False
254,Broken,0.0,False
255,Brand New,0.0,False
255,Flawless,90.0,True
255,Good,80.0,True
255,Fair,55.0,True
255,Minor Damage,26.0,True
255,Broken,5.0,True
256,Brand New,0.0,False
256,Flawless,85.0,True
256,Good,75.0,True
256,Fair,50.0,True
256,Minor Damage,22.0,True
256,Broken,5.0,True
257,Brand New,0.0,False
257,Flawless,85.0,True
257,Good,75.0,True
257,Fair,50.0,True
257,Minor Damage,10.0,True
257,Broken,5.0,True
258,Brand New,0.0,False
258,Flawless,100.0,True
258,Good,90.0,True
258,Fair,65.0,True
258,Minor Damage,27.0,True
258,Broken,5.0,True
259,Brand New,0.0,False
259,Flawless,0.0,False
259,Good,0.0,False
259,Fair,0.0,False
259,Minor Damage,0.0,False
259,Broken,0.0,False
260,Brand New,0.0,False
260,Flawless,100.0,True
260,Good,90.0,True
260,Fair,65.0,True
260,Minor Damage,27.0,True
260,Broken,5.0,True
261,Brand New,140.0,True
261,Flawless,90.0,True
261,Good,80.0,True
261,Fair,50.0,True
261,Minor Damage,20.0,True
261,Broken,5.0,True
262,Brand New,120.0,True
262,Flawless,70.0,True
262,Good,60.0,True
262,Fair,30.0,True
262,Minor Damage,15.0,True
262,Broken,5.0,True
263,Brand New,160.0,True
263,Flawless,110.0,True
263,Good,100.0,True
263,Fair,70.0,True
263,Minor Damage,20.0,True
263,Broken,5.0,True
264,Brand New,0.0,False
264,Flawless,0.0,False
264,Good,0.0,False
264,Fair,0.0,False
264,Minor Damage,0.0,False
264,Broken,0.0,False
265,Brand New,170.0,True
265,Flawless,120.0,True
265,Good,110.0,True
265,Fair,80.0,True
265,Minor Damage,30.0,True
265,Broken,5.0,True
266,Brand New,165.0,True
266,Flawless,115.0,True
266,Good,95.0,True
266,Fair,75.0,True
266,Minor Damage,25.0,True
266,Broken,5.0,True
267,Brand New,145.0,True
267,Flawless,95.0,True
267,Good,85.0,True
267,Fair,55.0,True
267,Minor Damage,10.0,True
267,Broken,5.0,True
268,Brand New,185.0,True
268,Flawless,135.0,True
268,Good,125.0,True
268,Fair,95.0,True
268,Minor Damage,25.0,True
268,Broken,5.0,True
269,Brand New,0.0,False
269,Flawless,0.0,False
269,Good,0.0,False
269,Fair,0.0,False
269,Minor Damage,0.0,False
269,Broken,0.0,False
270,Brand New,195.0,True
270,Flawless,145.0,True
270,Good,135.0,True
270,Fair,105.0,True
270,Minor Damage,35.0,True
270,Broken,5.0,True
271,Brand New,175.0,True
271,Flawless,125.0,True
271,Good,115.0,True
271,Fair,85.0,True
271,Minor Damage,30.0,True
271,Broken,5.0,True
272,Brand New,155.0,True
272,Flawless,105.0,True
272,Good,95.0,True
272,Fair,65.0,True
272,Minor Damage,10.0,True
272,Broken,5.0,True
273,Brand New,195.0,True
273,Flawless,145.0,True
273,Good,135.0,True
273,Fair,105.0,True
273,Minor Damage,30.0,True
273,Broken,5.0,True
274,Brand New,0.0,False
274,Flawless,0.0,False
274,Good,0.0,False
274,Fair,0.0,False
274,Minor Damage,0.0,False
274,Broken,0.0,False
275,Brand New,205.0,True
275,Flawless,155.0,True
275,Good,145.0,True
275,Fair,115.0,True
275,Minor Damage,40.0,True
275,Broken,5.0,True
276,Brand New,0.0,False
276,Flawless,115.0,True
276,Good,95.0,True
276,Fair,60.0,True
276,Minor Damage,40.0,True
276,Broken,5.0,True
277,Brand New,0.0,False
277,Flawless,85.0,True
277,Good,65.0,True
277,Fair,30.0,True
277,Minor Damage,15.0,True
277,Broken,5.0,True
278,Brand New,0.0,False
278,Flawless,125.0,True
278,Good,105.0,True
278,Fair,70.0,True
278,Minor Damage,40.0,True
278,Broken,5.0,True
279,Brand New,0.0,False
279,Flawless,0.0,False
279,Good,0.0,False
279,Fair,0.0,False
279,Minor Damage,0.0,False
279,Broken,0.0,False
280,Brand New,0.0,False
280,Flawless,140.0,True
280,Good,120.0,True
280,Fair,85.0,True
280,Minor Damage,40.0,True
280,Broken,5.0,True
281,Brand New,0.0,False
281,Flawless,130.0,True
281,Good,110.0,True
281,Fair,75.0,True
281,Minor Damage,45.0,True
281,Broken,5.0,True
282,Brand New,0.0,False
282,Flawless,100.0,True
282,Good,80.0,True
282,Fair,45.0,True
282,Minor Damage,20.0,True
282,Broken,5.0,True
283,Brand New,0.0,False
283,Flawless,140.0,True
283,Good,120.0,True
283,Fair,85.0,True
283,Minor Damage,45.0,True
283,Broken,5.0,True
284,Brand New,0.0,False
284,Flawless,0.0,False
284,Good,0.0,False
284,Fair,0.0,False
284,Minor Damage,0.0,False
284,Broken,0.0,False
285,Brand New,0.0,False
285,Flawless,155.0,True
285,Good,135.0,True
285,Fair,100.0,True
285,Minor Damage,45.0,True
285,Broken,5.0,True
286,Brand New,0.0,False
286,Flawless,145.0,True
286,Good,125.0,True
286,Fair,90.0,True
286,Minor Damage,50.0,True
286,Broken,5.0,True
287,Brand New,0.0,False
287,Flawless,115.0,True
287,Good,95.0,True
287,Fair,60.0,True
287,Minor Damage,25.0,True
287,Broken,5.0,True
288,Brand New,0.0,False
288,Flawless,155.0,True
288,Good,145.0,True
288,Fair,95.0,True
288,Minor Damage,50.0,True
288,Broken,5.0,True
289,Brand New,0.0,False
289,Flawless,0.0,False
289,Good,0.0,False
289,Fair,0.0,False
289,Minor Damage,0.0,False
289,Broken,0.0,False
290,Brand New,0.0,False
290,Flawless,170.0,True
290,Good,150.0,True
290,Fair,105.0,True
290,Minor Damage,50.0,True
290,Broken,5.0,True
291,Brand New,0.0,False
291,Flawless,105.0,True
291,Good,85.0,True
291,Fair,50.0,True
291,Minor Damage,35.0,True
291,Broken,10.0,True
292,Brand New,0.0,False
292,Flawless,75.0,True
292,Good,55.0,True
292,Fair,30.0,True
292,Minor Damage,15.0,True
292,Broken,10.0,True
293,Brand New,0.0,False
293,Flawless,115.0,True
293,Good,95.0,True
293,Fair,60.0,True
293,Minor Damage,35.0,True
293,Broken,10.0,True
294,Brand New,0.0,False
294,Flawless,0.0,False
294,Good,0.0,False
294,Fair,0.0,False
294,Minor Damage,0.0,False
294,Broken,0.0,False
295,Brand New,0.0,False
295,Flawless,120.0,True
295,Good,100.0,True
295,Fair,65.0,True
295,Minor Damage,35.0,True
295,Broken,10.0,True
296,Brand New,0.0,False
296,Flawless,130.0,True
296,Good,110.0,True
296,Fair,70.0,True
296,Minor Damage,45.0,True
296,Broken,10.0,True
297,Brand New,0.0,False
297,Flawless,100.0,True
297,Good,80.0,True
297,Fair,40.0,True
297,Minor Damage,25.0,True
297,Broken,10.0,True
298,Brand New,0.0,False
298,Flawless,140.0,True
298,Good,120.0,True
298,Fair,80.0,True
298,Minor Damage,55.0,True
298,Broken,10.0,True
299,Brand New,0.0,False
299,Flawless,0.0,False
299,Good,0.0,False
299,Fair,0.0,False
299,Minor Damage,0.0,False
299,Broken,0.0,False
300,Brand New,0.0,False
300,Flawless,145.0,True
300,Good,125.0,True
300,Fair,85.0,True
300,Minor Damage,45.0,True
300,Broken,10.0,True
301,Brand New,0.0,False
301,Flawless,150.0,True
301,Good,130.0,True
301,Fair,90.0,True
301,Minor Damage,50.0,True
301,Broken,10.0,True
302,Brand New,0.0,False
302,Flawless,120.0,True
302,Good,100.0,True
302,Fair,60.0,True
302,Minor Damage,30.0,True
302,Broken,10.0,True
303,Brand New,0.0,False
303,Flawless,160.0,True
303,Good,140.0,True
303,Fair,100.0,True
303,Minor Damage,50.0,True
303,Broken,10.0,True
304,Brand New,0.0,False
304,Flawless,0.0,False
304,Good,0.0,False
304,Fair,0.0,False
304,Minor Damage,0.0,False
304,Broken,0.0,False
305,Brand New,0.0,False
305,Flawless,165.0,True
305,Good,145.0,True
305,Fair,105.0,True
305,Minor Damage,50.0,True
305,Broken,10.0,True
306,Brand New,120.0,True
306,Flawless,80.0,True
306,Good,60.0,True
306,Fair,30.0,True
306,Minor Damage,5.0,True
306,Broken,5.0,True
307,Brand New,85.0,True
307,Flawless,45.0,True
307,Good,25.0,True
307,Fair,10.0,True
307,Minor Damage,5.0,True
307,Broken,5.0,True
308,Brand New,140.0,True
308,Flawless,100.0,True
308,Good,80.0,True
308,Fair,50.0,True
308,Minor Damage,25.0,True
308,Broken,5.0,True
309,Brand New,0.0,False
309,Flawless,0.0,False
309,Good,0.0,False
309,Fair,0.0,False
309,Minor Damage,0.0,False
309,Broken,0.0,False
310,Brand New,140.0,True
310,Flawless,100.0,True
310,Good,80.0,True
310,Fair,50.0,True
310,Minor Damage,25.0,True
310,Broken,5.0,True
311,Brand New,140.0,True
311,Flawless,100.0,True
311,Good,80.0,True
311,Fair,50.0,True
311,Minor Damage,10.0,True
311,Broken,5.0,True
312,Brand New,105.0,True
312,Flawless,65.0,True
312,Good,45.0,True
312,Fair,15.0,True
312,Minor Damage,10.0,True
312,Broken,5.0,True
313,Brand New,160.0,True
313,Flawless,120.0,True
313,Good,100.0,True
313,Fair,70.0,True
313,Minor Damage,35.0,True
313,Broken,5.0,True
314,Brand New,0.0,False
314,Flawless,0.0,False
314,Good,0.0,False
314,Fair,0.0,False
314,Minor Damage,0.0,False
314,Broken,0.0,False
315,Brand New,160.0,True
315,Flawless,120.0,True
315,Good,100.0,True
315,Fair,70.0,True
315,Minor Damage,35.0,True
315,Broken,5.0,True
316,Brand New,155.0,True
316,Flawless,115.0,True
316,Good,95.0,True
316,Fair,65.0,True
316,Minor Damage,15.0,True
316,Broken,5.0,True
317,Brand New,120.0,True
317,Flawless,80.0,True
317,Good,60.0,True
317,Fair,30.0,True
317,Minor Damage,10.0,True
317,Broken,5.0,True
318,Brand New,175.0,True
318,Flawless,135.0,True
318,Good,115.0,True
318,Fair,85.0,True
318,Minor Damage,35.0,True
318,Broken,5.0,True
319,Brand New,0.0,False
319,Flawless,0.0,False
319,Good,0.0,False
319,Fair,0.0,False
319,Minor Damage,0.0,False
319,Broken,0.0,False
320,Brand New,175.0,True
320,Flawless,135.0,True
320,Good,115.0,True
320,Fair,85.0,True
320,Minor Damage,35.0,True
320,Broken,5.0,True
321,Brand New,0.0,False
321,Flawless,130.0,True
321,Good,110.0,True
321,Fair,60.0,True
321,Minor Damage,20.0,True
321,Broken,10.0,True
322,Brand New,0.0,False
322,Flawless,100.0,True
322,Good,80.0,True
322,Fair,30.0,True
322,Minor Damage,20.0,True
322,Broken,10.0,True
323,Brand New,0.0,False
323,Flawless,170.0,True
323,Good,150.0,True
323,Fair,100.0,True
323,Minor Damage,50.0,True
323,Broken,20.0,True
324,Brand New,0.0,False
324,Flawless,0.0,True
324,Good,0.0,True
324,Fair,0.0,True
324,Minor Damage,0.0,True
324,Broken,0.0,True
325,Brand New,0.0,False
325,Flawless,170.0,True
325,Good,150.0,True
325,Fair,100.0,True
325,Minor Damage,50.0,True
325,Broken,20.0,True
326,Brand New,0.0,False
326,Flawless,170.0,True
326,Good,150.0,True
326,Fair,100.0,True
326,Minor Damage,30.0,True
326,Broken,20.0,True
327,Brand New,0.0,False
327,Flawless,140.0,True
327,Good,120.0,True
327,Fair,70.0,True
327,Minor Damage,30.0,True
327,Broken,20.0,True
328,Brand New,0.0,False
328,Flawless,210.0,True
328,Good,190.0,True
328,Fair,140.0,True
328,Minor Damage,60.0,True
328,Broken,20.0,True
329,Brand New,0.0,False
329,Flawless,0.0,True
329,Good,0.0,True
329,Fair,0.0,True
329,Minor Damage,0.0,True
329,Broken,0.0,True
330,Brand New,0.0,False
330,Flawless,210.0,True
330,Good,190.0,True
330,Fair,140.0,True
330,Minor Damage,60.0,True
330,Broken,20.0,True
331,Brand New,0.0,False
331,Flawless,180.0,True
331,Good,160.0,True
331,Fair,110.0,True
331,Minor Damage,35.0,True
331,Broken,20.0,True
332,Brand New,0.0,False
332,Flawless,150.0,True
332,Good,130.0,True
332,Fair,80.0,True
332,Minor Damage,35.0,True
332,Broken,20.0,True
333,Brand New,0.0,False
333,Flawless,220.0,True
333,Good,200.0,True
333,Fair,150.0,True
333,Minor Damage,65.0,True
333,Broken,20.0,True
334,Brand New,0.0,False
334,Flawless,0.0,True
334,Good,0.0,True
334,Fair,0.0,True
334,Minor Damage,0.0,True
334,Broken,0.0,True
335,Brand New,0.0,False
335,Flawless,220.0,True
335,Good,200.0,True
335,Fair,150.0,True
335,Minor Damage,65.0,True
335,Broken,20.0,True
336,Brand New,0.0,False
336,Flawless,205.0,True
336,Good,175.0,True
336,Fair,115.0,True
336,Minor Damage,60.0,True
336,Broken,20.0,True
337,Brand New,0.0,False
337,Flawless,150.0,True
337,Good,120.0,True
337,Fair,60.0,True
337,Minor Damage,40.0,True
337,Broken,20.0,True
338,Brand New,0.0,False
338,Flawless,225.0,True
338,Good,195.0,True
338,Fair,135.0,True
338,Minor Damage,60.0,True
338,Broken,20.0,True
339,Brand New,0.0,False
339,Flawless,0.0,True
339,Good,0.0,True
339,Fair,0.0,True
339,Minor Damage,0.0,True
339,Broken,0.0,True
340,Brand New,0.0,False
340,Flawless,245.0,True
340,Good,215.0,True
340,Fair,155.0,True
340,Minor Damage,80.0,True
340,Broken,20.0,True
341,Brand New,0.0,False
341,Flawless,225.0,True
341,Good,195.0,True
341,Fair,125.0,True
341,Minor Damage,60.0,True
341,Broken,20.0,True
342,Brand New,0.0,False
342,Flawless,170.0,True
342,Good,140.0,True
342,Fair,70.0,True
342,Minor Damage,40.0,True
342,Broken,20.0,True
343,Brand New,0.0,False
343,Flawless,245.0,True
343,Good,215.0,True
343,Fair,145.0,True
343,Minor Damage,60.0,True
343,Broken,20.0,True
344,Brand New,0.0,False
344,Flawless,0.0,True
344,Good,0.0,True
344,Fair,0.0,True
344,Minor Damage,0.0,True
344,Broken,0.0,True
345,Brand New,0.0,False
345,Flawless,265.0,True
345,Good,235.0,True
345,Fair,165.0,True
345,Minor Damage,80.0,True
345,Broken,20.0,True
346,Brand New,0.0,False
346,Flawless,240.0,True
346,Good,215.0,True
346,Fair,145.0,True
346,Minor Damage,65.0,True
346,Broken,20.0,True
347,Brand New,0.0,False
347,Flawless,185.0,True
347,Good,170.0,True
347,Fair,90.0,True
347,Minor Damage,45.0,True
347,Broken,20.0,True
348,Brand New,0.0,False
348,Flawless,260.0,True
348,Good,235.0,True
348,Fair,165.0,True
348,Minor Damage,65.0,True
348,Broken,20.0,True
349,Brand New,0.0,False
349,Flawless,0.0,True
349,Good,0.0,True
349,Fair,0.0,True
349,Minor Damage,0.0,True
349,Broken,0.0,True
350,Brand New,0.0,False
350,Flawless,280.0,True
350,Good,255.0,True
350,Fair,185.0,True
350,Minor Damage,85.0,True
350,Broken,20.0,True
351,Brand New,0.0,False
351,Flawless,155.0,True
351,Good,125.0,True
351,Fair,70.0,True
351,Minor Damage,30.0,True
351,Broken,5.0,True
352,Brand New,0.0,False
352,Flawless,135.0,True
352,Good,105.0,True
352,Fair,50.0,True
352,Minor Damage,20.0,True
352,Broken,5.0,True
353,Brand New,0.0,False
353,Flawless,130.0,True
353,Good,100.0,True
353,Fair,45.0,True
353,Minor Damage,25.0,True
353,Broken,5.0,True
354,Brand New,0.0,False
354,Flawless,0.0,True
354,Good,0.0,True
354,Fair,0.0,True
354,Minor Damage,0.0,True
354,Broken,0.0,True
355,Brand New,0.0,False
355,Flawless,195.0,True
355,Good,155.0,True
355,Fair,110.0,True
355,Minor Damage,50.0,True
355,Broken,5.0,True
356,Brand New,0.0,False
356,Flawless,175.0,True
356,Good,145.0,True
356,Fair,95.0,True
356,Minor Damage,35.0,True
356,Broken,5.0,True
357,Brand New,0.0,False
357,Flawless,155.0,True
357,Good,125.0,True
357,Fair,75.0,True
357,Minor Damage,30.0,True
357,Broken,5.0,True
358,Brand New,0.0,False
358,Flawless,150.0,True
358,Good,115.0,True
358,Fair,70.0,True
358,Minor Damage,30.0,True
358,Broken,5.0,True
359,Brand New,0.0,True
359,Flawless,0.0,True
359,Good,0.0,True
359,Fair,0.0,True
359,Minor Damage,0.0,True
359,Broken,0.0,True
360,Brand New,0.0,False
360,Flawless,215.0,True
360,Good,180.0,True
360,Fair,135.0,True
360,Minor Damage,55.0,True
360,Broken,5.0,True
361,Brand New,0.0,False
361,Flawless,185.0,True
361,Good,155.0,True
361,Fair,110.0,True
361,Minor Damage,40.0,True
361,Broken,5.0,True
362,Brand New,0.0,False
362,Flawless,150.0,True
362,Good,130.0,True
362,Fair,90.0,True
362,Minor Damage,35.0,True
362,Broken,5.0,True
363,Brand New,0.0,False
363,Flawless,150.0,True
363,Good,130.0,True
363,Fair,85.0,True
363,Minor Damage,35.0,True
363,Broken,5.0,True
364,Brand New,0.0,False
364,Flawless,0.0,True
364,Good,0.0,True
364,Fair,0.0,True
364,Minor Damage,0.0,True
364,Broken,0.0,True
365,Brand New,0.0,False
365,Flawless,225.0,True
365,Good,195.0,True
365,Fair,150.0,True
365,Minor Damage,60.0,True
365,Broken,5.0,True
366,Brand New,0.0,False
366,Flawless,115.0,True
366,Good,100.0,True
366,Fair,45.0,True
366,Minor Damage,40.0,True
366,Broken,5.0,True
367,Brand New,0.0,False
367,Flawless,80.0,True
367,Good,55.0,True
367,Fair,30.0,True
367,Minor Damage,30.0,True
367,Broken,5.0,True
368,Brand New,0.0,False
368,Flawless,125.0,True
368,Good,100.0,True
368,Fair,45.0,True
368,Minor Damage,25.0,True
368,Broken,5.0,True
369,Brand New,0.0,False
369,Flawless,0.0,True
369,Good,0.0,True
369,Fair,0.0,True
369,Minor Damage,0.0,True
369,Broken,0.0,True
370,Brand New,0.0,False
370,Flawless,155.0,True
370,Good,140.0,True
370,Fair,85.0,True
370,Minor Damage,50.0,True
370,Broken,5.0,True
371,Brand New,0.0,False
371,Flawless,155.0,True
371,Good,140.0,True
371,Fair,85.0,True
371,Minor Damage,50.0,True
371,Broken,5.0,True
372,Brand New,0.0,False
372,Flawless,120.0,True
372,Good,95.0,True
372,Fair,40.0,True
372,Minor Damage,40.0,True
372,Broken,5.0,True
373,Brand New,0.0,False
373,Flawless,165.0,True
373,Good,140.0,True
373,Fair,85.0,True
373,Minor Damage,35.0,True
373,Broken,5.0,True
374,Brand New,0.0,False
374,Flawless,0.0,True
374,Good,0.0,True
374,Fair,0.0,True
374,Minor Damage,0.0,True
374,Broken,0.0,True
375,Brand New,0.0,False
375,Flawless,195.0,True
375,Good,180.0,True
375,Fair,125.0,True
375,Minor Damage,60.0,True
375,Broken,5.0,True
376,Brand New,0.0,False
376,Flawless,170.0,True
376,Good,155.0,True
376,Fair,100.0,True
376,Minor Damage,55.0,True
376,Broken,5.0,True
377,Brand New,0.0,False
377,Flawless,130.0,True
377,Good,105.0,True
377,Fair,55.0,True
377,Minor Damage,30.0,True
377,Broken,5.0,True
378,Brand New,0.0,False
378,Flawless,180.0,True
378,Good,145.0,True
378,Fair,100.0,True
378,Minor Damage,25.0,True
378,Broken,5.0,True
379,Brand New,0.0,False
379,Flawless,0.0,True
379,Good,0.0,True
379,Fair,0.0,True
379,Minor Damage,0.0,True
379,Broken,0.0,True
380,Brand New,0.0,False
380,Flawless,210.0,True
380,Good,195.0,True
380,Fair,140.0,True
380,Minor Damage,65.0,True
380,Broken,5.0,True
381,Brand New,0.0,False
381,Flawless,190.0,True
381,Good,160.0,True
381,Fair,100.0,True
381,Minor Damage,70.0,True
381,Broken,20.0,True
382,Brand New,0.0,False
382,Flawless,145.0,True
382,Good,115.0,True
382,Fair,75.0,True
382,Minor Damage,30.0,True
382,Broken,20.0,True
383,Brand New,0.0,False
383,Flawless,190.0,True
383,Good,160.0,True
383,Fair,100.0,True
383,Minor Damage,70.0,True
383,Broken,20.0,True
384,Brand New,0.0,False
384,Flawless,0.0,True
384,Good,0.0,True
384,Fair,0.0,True
384,Minor Damage,0.0,True
384,Broken,0.0,True
385,Brand New,0.0,False
385,Flawless,250.0,True
385,Good,220.0,True
385,Fair,150.0,True
385,Minor Damage,90.0,True
385,Broken,20.0,True
386,Brand New,0.0,False
386,Flawless,220.0,True
386,Good,190.0,True
386,Fair,120.0,True
386,Minor Damage,85.0,True
386,Broken,20.0,True
387,Brand New,0.0,False
387,Flawless,175.0,True
387,Good,145.0,True
387,Fair,75.0,True
387,Minor Damage,45.0,True
387,Broken,20.0,True
388,Brand New,0.0,False
388,Flawless,220.0,True
388,Good,190.0,True
388,Fair,120.0,True
388,Minor Damage,40.0,True
388,Broken,20.0,True
389,Brand New,0.0,False
389,Flawless,0.0,True
389,Good,0.0,True
389,Fair,0.0,True
389,Minor Damage,0.0,True
389,Broken,0.0,True
390,Brand New,0.0,False
390,Flawless,280.0,True
390,Good,250.0,True
390,Fair,175.0,True
390,Minor Damage,105.0,True
390,Broken,20.0,True
391,Brand New,0.0,False
391,Flawless,240.0,True
391,Good,210.0,True
391,Fair,140.0,True
391,Minor Damage,90.0,True
391,Broken,20.0,True
392,Brand New,0.0,False
392,Flawless,195.0,True
392,Good,175.0,True
392,Fair,95.0,True
392,Minor Damage,50.0,True
392,Broken,0.0,True
393,Brand New,0.0,False
393,Flawless,240.0,True
393,Good,210.0,True
393,Fair,140.0,True
393,Minor Damage,45.0,True
393,Broken,20.0,True
394,Brand New,0.0,False
394,Flawless,0.0,True
394,Good,0.0,True
394,Fair,0.0,True
394,Minor Damage,0.0,True
394,Broken,0.0,True
395,Brand New,0.0,False
395,Flawless,300.0,True
395,Good,270.0,True
395,Fair,195.0,True
395,Minor Damage,110.0,True
395,Broken,20.0,True
396,Brand New,0.0,False
396,Flawless,250.0,True
396,Good,220.0,True
396,Fair,150.0,True
396,Minor Damage,100.0,True
396,Broken,20.0,True
397,Brand New,0.0,False
397,Flawless,205.0,True
397,Good,175.0,True
397,Fair,105.0,True
397,Minor Damage,60.0,True
397,Broken,20.0,True
398,Brand New,0.0,False
398,Flawless,250.0,True
398,Good,220.0,True
398,Fair,150.0,True
398,Minor Damage,55.0,True
398,Broken,20.0,True
399,Brand New,0.0,False
399,Flawless,0.0,True
399,Good,0.0,True
399,Fair,0.0,True
399,Minor Damage,0.0,True
399,Broken,0.0,True
400,Brand New,0.0,False
400,Flawless,310.0,True
400,Good,280.0,True
400,Fair,210.0,True
400,Minor Damage,120.0,True
400,Broken,20.0,True
401,Brand New,0.0,False
401,Flawless,245.0,True
401,Good,215.0,True
401,Fair,135.0,True
401,Minor Damage,85.0,True
401,Broken,20.0,True
402,Brand New,0.0,False
402,Flawless,215.0,True
402,Good,190.0,True
402,Fair,95.0,True
402,Minor Damage,60.0,True
402,Broken,20.0,True
403,Brand New,0.0,False
403,Flawless,205.0,True
403,Good,180.0,True
403,Fair,85.0,True
403,Minor Damage,50.0,True
403,Broken,20.0,True
404,Brand New,0.0,False
404,Flawless,0.0,True
404,Good,0.0,True
404,Fair,0.0,True
404,Minor Damage,0.0,True
404,Broken,0.0,True
405,Brand New,0.0,False
405,Flawless,285.0,True
405,Good,255.0,True
405,Fair,175.0,True
405,Minor Damage,95.0,True
405,Broken,20.0,True
406,Brand New,0.0,False
406,Flawless,295.0,True
406,Good,255.0,True
406,Fair,180.0,True
406,Minor Damage,90.0,True
406,Broken,20.0,True
407,Brand New,0.0,False
407,Flawless,255.0,True
407,Good,230.0,True
407,Fair,145.0,True
407,Minor Damage,70.0,True
407,Broken,20.0,True
408,Brand New,0.0,False
408,Flawless,245.0,True
408,Good,220.0,True
408,Fair,125.0,True
408,Minor Damage,55.0,True
408,Broken,20.0,True
409,Brand New,0.0,False
409,Flawless,0.0,True
409,Good,0.0,True
409,Fair,0.0,True
409,Minor Damage,0.0,True
409,Broken,0.0,True
410,Brand New,0.0,False
410,Flawless,340.0,True
410,Good,305.0,True
410,Fair,220.0,True
410,Minor Damage,100.0,True
410,Broken,20.0,True
411,Brand New,0.0,False
411,Flawless,300.0,True
411,Good,260.0,True
411,Fair,190.0,True
411,Minor Damage,95.0,True
411,Broken,20.0,True
412,Brand New,0.0,False
412,Flawless,260.0,True
412,Good,235.0,True
412,Fair,150.0,True
412,Minor Damage,60.0,True
412,Broken,20.0,True
413,Brand New,0.0,False
413,Flawless,260.0,True
413,Good,235.0,True
413,Fair,150.0,True
413,Minor Damage,60.0,True
413,Broken,20.0,True
414,Brand New,0.0,False
414,Flawless,0.0,True
414,Good,0.0,True
414,Fair,0.0,True
414,Minor Damage,0.0,True
414,Broken,0.0,True
415,Brand New,0.0,False
415,Flawless,350.0,True
415,Good,310.0,True
415,Fair,230.0,True
415,Minor Damage,105.0,True
415,Broken,20.0,True
416,Brand New,0.0,False
416,Flawless,325.0,True
416,Good,285.0,True
416,Fair,205.0,True
416,Minor Damage,100.0,True
416,Broken,20.0,True
417,Brand New,0.0,False
417,Flawless,295.0,True
417,Good,265.0,True
417,Fair,175.0,True
417,Minor Damage,80.0,True
417,Broken,20.0,True
418,Brand New,0.0,False
418,Flawless,295.0,True
418,Good,265.0,True
418,Fair,175.0,True
418,Minor Damage,80.0,True
418,Broken,20.0,True
419,Brand New,0.0,False
419,Flawless,0.0,True
419,Good,0.0,True
419,Fair,0.0,True
419,Minor Damage,0.0,True
419,Broken,0.0,True
420,Brand New,0.0,False
420,Flawless,375.0,True
420,Good,335.0,True
420,Fair,245.0,True
420,Minor Damage,110.0,True
420,Broken,20.0,True
421,Brand New,0.0,True
421,Flawless,0.0,True
421,Good,0.0,True
421,Fair,0.0,True
421,Minor Damage,0.0,True
421,Broken,0.0,True
422,Brand New,0.0,True
422,Flawless,0.0,True
422,Good,0.0,True
422,Fair,0.0,True
422,Minor Damage,0.0,True
422,Broken,0.0,True
423,Brand New,0.0,True
423,Flawless,0.0,True
423,Good,0.0,True
423,Fair,0.0,True
423,Minor Damage,0.0,True
423,Broken,0.0,True
424,Brand New,0.0,False
424,Flawless,0.0,False
424,Good,0.0,False
424,Fair,0.0,False
424,Minor Damage,0.0,False
424,Broken,0.0,False
425,Brand New,0.0,True
425,Flawless,0.0,True
425,Good,0.0,True
425,Fair,0.0,True
425,Minor Damage,0.0,True
425,Broken,0.0,True
426,Brand New,0.0,True
426,Flawless,0.0,True
426,Good,0.0,True
426,Fair,0.0,True
426,Minor Damage,0.0,True
426,Broken,0.0,True
427,Brand New,0.0,True
427,Flawless,0.0,True
427,Good,0.0,True
427,Fair,0.0,True
427,Minor Damage,0.0,True
427,Broken,0.0,True
428,Brand New,0.0,True
428,Flawless,0.0,True
428,Good,0.0,True
428,Fair,0.0,True
428,Minor Damage,0.0,True
428,Broken,0.0,True
429,Brand New,0.0,False
429,Flawless,0.0,False
429,Good,0.0,False
429,Fair,0.0,False
429,Minor Damage,0.0,False
429,Broken,0.0,False
430,Brand New,0.0,True
430,Flawless,0.0,True
430,Good,0.0,True
430,Fair,0.0,True
430,Minor Damage,0.0,True
430,Broken,0.0,True
431,Brand New,0.0,True
431,Flawless,0.0,True
431,Good,0.0,True
431,Fair,0.0,True
431,Minor Damage,0.0,True
431,Broken,0.0,True
432,Brand New,0.0,True
432,Flawless,0.0,True
432,Good,0.0,True
432,Fair,0.0,True
432,Minor Damage,0.0,True
432,Broken,0.0,True
433,Brand New,0.0,True
433,Flawless,0.0,True
433,Good,0.0,True
433,Fair,0.0,True
433,Minor Damage,0.0,True
433,Broken,0.0,True
434,Brand New,0.0,False
434,Flawless,0.0,False
434,Good,0.0,False
434,Fair,0.0,False
434,Minor Damage,0.0,False
434,Broken,0.0,False
435,Brand New,0.0,True
435,Flawless,0.0,True
435,Good,0.0,True
435,Fair,0.0,True
435,Minor Damage,0.0,True
435,Broken,0.0,True
436,Brand New,95.0,True
436,Flawless,55.0,True
436,Good,40.0,True
436,Fair,15.0,True
436,Minor Damage,15.0,True
436,Broken,5.0,True
437,Brand New,75.0,True
437,Flawless,35.0,True
437,Good,20.0,True
437,Fair,10.0,True
437,Minor Damage,10.0,True
437,Broken,5.0,True
438,Brand New,105.0,True
438,Flawless,65.0,True
438,Good,50.0,True
438,Fair,25.0,True
438,Minor Damage,15.0,True
438,Broken,5.0,True
439,Brand New,0.0,False
439,Flawless,0.0,False
439,Good,0.0,False
439,Fair,0.0,False
439,Minor Damage,0.0,False
439,Broken,0.0,False
440,Brand New,105.0,True
440,Flawless,65.0,True
440,Good,50.0,True
440,Fair,25.0,True
440,Minor Damage,15.0,True
440,Broken,5.0,True
441,Brand New,120.0,True
441,Flawless,80.0,True
441,Good,65.0,True
441,Fair,40.0,True
441,Minor Damage,16.0,True
441,Broken,5.0,True
442,Brand New,100.0,True
442,Flawless,60.0,True
442,Good,45.0,True
442,Fair,20.0,True
442,Minor Damage,11.0,True
442,Broken,5.0,True
443,Brand New,130.0,True
443,Flawless,90.0,True
443,Good,75.0,True
443,Fair,50.0,True
443,Minor Damage,16.0,True
443,Broken,5.0,True
444,Brand New,0.0,False
444,Flawless,0.0,False
444,Good,0.0,False
444,Fair,0.0,False
444,Minor Damage,0.0,False
444,Broken,0.0,False
445,Brand New,130.0,True
445,Flawless,90.0,True
445,Good,75.0,True
445,Fair,50.0,True
445,Minor Damage,16.0,True
445,Broken,5.0,True
446,Brand New,130.0,True
446,Flawless,90.0,True
446,Good,75.0,True
446,Fair,50.0,True
446,Minor Damage,17.0,True
446,Broken,5.0,True
447,Brand New,110.0,True
447,Flawless,70.0,True
447,Good,55.0,True
447,Fair,30.0,True
447,Minor Damage,12.0,True
447,Broken,5.0,True
448,Brand New,140.0,True
448,Flawless,100.0,True
448,Good,85.0,True
448,Fair,60.0,True
448,Minor Damage,17.0,True
448,Broken,5.0,True
449,Brand New,0.0,False
449,Flawless,0.0,False
449,Good,0.0,False
449,Fair,0.0,False
449,Minor Damage,0.0,False
449,Broken,0.0,False
450,Brand New,140.0,True
450,Flawless,100.0,True
450,Good,85.0,True
450,Fair,60.0,True
450,Minor Damage,17.0,True
450,Broken,5.0,True
451,Brand New,0.0,False
451,Flawless,145.0,True
451,Good,125.0,True
451,Fair,75.0,True
451,Minor Damage,45.0,True
451,Broken,10.0,True
452,Brand New,0.0,False
452,Flawless,105.0,True
452,Good,85.0,True
452,Fair,45.0,True
452,Minor Damage,35.0,True
452,Broken,0.0,True
453,Brand New,0.0,False
453,Flawless,110.0,True
453,Good,90.0,True
453,Fair,40.0,True
453,Minor Damage,30.0,True
453,Broken,10.0,True
454,Brand New,0.0,False
454,Flawless,0.0,True
454,Good,0.0,True
454,Fair,0.0,True
454,Minor Damage,0.0,True
454,Broken,0.0,True
455,Brand New,0.0,False
455,Flawless,185.0,True
455,Good,165.0,True
455,Fair,115.0,True
455,Minor Damage,60.0,True
455,Broken,10.0,True
456,Brand New,0.0,False
456,Flawless,180.0,True
456,Good,160.0,True
456,Fair,110.0,True
456,Minor Damage,50.0,True
456,Broken,10.0,True
457,Brand New,0.0,False
457,Flawless,140.0,True
457,Good,120.0,True
457,Fair,70.0,True
457,Minor Damage,50.0,True
457,Broken,10.0,True
458,Brand New,0.0,False
458,Flawless,145.0,True
458,Good,125.0,True
458,Fair,75.0,True
458,Minor Damage,35.0,True
458,Broken,10.0,True
459,Brand New,0.0,False
459,Flawless,0.0,True
459,Good,0.0,True
459,Fair,0.0,True
459,Minor Damage,0.0,True
459,Broken,0.0,True
460,Brand New,0.0,False
460,Flawless,220.0,True
460,Good,200.0,True
460,Fair,150.0,True
460,Minor Damage,65.0,True
460,Broken,10.0,True
461,Brand New,0.0,False
461,Flawless,255.0,True
461,Good,235.0,True
461,Fair,185.0,True
461,Minor Damage,52.0,True
461,Broken,10.0,True
462,Brand New,0.0,False
462,Flawless,215.0,True
462,Good,195.0,True
462,Fair,145.0,True
462,Minor Damage,52.0,True
462,Broken,10.0,True
463,Brand New,0.0,False
463,Flawless,220.0,True
463,Good,200.0,True
463,Fair,150.0,True
463,Minor Damage,37.0,True
463,Broken,10.0,True
464,Brand New,0.0,False
464,Flawless,0.0,True
464,Good,0.0,True
464,Fair,0.0,True
464,Minor Damage,0.0,True
464,Broken,0.0,True
465,Brand New,0.0,False
465,Flawless,295.0,True
465,Good,275.0,True
465,Fair,225.0,True
465,Minor Damage,67.0,True
465,Broken,10.0,True
466,Brand New,260.0,True
466,Flawless,210.0,True
466,Good,160.0,True
466,Fair,110.0,True
466,Minor Damage,45.0,True
466,Broken,20.0,True
467,Brand New,230.0,True
467,Flawless,180.0,True
467,Good,130.0,True
467,Fair,80.0,True
467,Minor Damage,45.0,True
467,Broken,20.0,True
468,Brand New,245.0,True
468,Flawless,185.0,True
468,Good,145.0,True
468,Fair,90.0,True
468,Minor Damage,45.0,True
468,Broken,20.0,True
469,Brand New,90.0,True
469,Flawless,60.0,True
469,Good,40.0,True
469,Fair,25.0,True
469,Minor Damage,15.0,True
469,Broken,5.0,True
470,Brand New,310.0,True
470,Flawless,260.0,True
470,Good,210.0,True
470,Fair,160.0,True
470,Minor Damage,95.0,True
470,Broken,20.0,True
471,Brand New,290.0,True
471,Flawless,240.0,True
471,Good,200.0,True
471,Fair,150.0,True
471,Minor Damage,60.0,True
471,Broken,10.0,True
472,Brand New,260.0,True
472,Flawless,210.0,True
472,Good,170.0,True
472,Fair,120.0,True
472,Minor Damage,60.0,True
472,Broken,10.0,True
473,Brand New,265.0,True
473,Flawless,215.0,True
473,Good,175.0,True
473,Fair,125.0,True
473,Minor Damage,60.0,True
473,Broken,10.0,True
474,Brand New,115.0,True
474,Flawless,65.0,True
474,Good,55.0,True
474,Fair,35.0,True
474,Minor Damage,20.0,True
474,Broken,10.0,True
475,Brand New,340.0,True
475,Flawless,290.0,True
475,Good,250.0,True
475,Fair,200.0,True
475,Minor Damage,110.0,True
475,Broken,10.0,True
476,Brand New,310.0,True
476,Flawless,260.0,True
476,Good,210.0,True
476,Fair,175.0,True
476,Minor Damage,65.0,True
476,Broken,10.0,True
477,Brand New,280.0,True
477,Flawless,230.0,True
477,Good,190.0,True
477,Fair,145.0,True
477,Minor Damage,65.0,True
477,Broken,10.0,True
478,Brand New,285.0,True
478,Flawless,235.0,True
478,Good,195.0,True
478,Fair,150.0,True
478,Minor Damage,65.0,True
478,Broken,10.0,True
479,Brand New,155.0,True
479,Flawless,105.0,True
479,Good,75.0,True
479,Fair,35.0,True
479,Minor Damage,25.0,True
479,Broken,10.0,True
480,Brand New,360.0,True
480,Flawless,310.0,True
480,Good,270.0,True
480,Fair,225.0,True
480,Minor Damage,115.0,True
480,Broken,10.0,True
481,Brand New,240.0,True
481,Flawless,190.0,True
481,Good,140.0,True
481,Fair,90.0,True
481,Minor Damage,75.0,True
481,Broken,20.0,True
482,Brand New,260.0,True
482,Flawless,210.0,True
482,Good,160.0,True
482,Fair,110.0,True
482,Minor Damage,65.0,True
482,Broken,20.0,True
483,Brand New,190.0,True
483,Flawless,140.0,True
483,Good,90.0,True
483,Fair,50.0,True
483,Minor Damage,40.0,True
483,Broken,20.0,True
484,Brand New,0.0,True
484,Flawless,0.0,True
484,Good,0.0,True
484,Fair,0.0,True
484,Minor Damage,0.0,True
484,Broken,0.0,True
485,Brand New,340.0,True
485,Flawless,290.0,True
485,Good,240.0,True
485,Fair,190.0,True
485,Minor Damage,125.0,True
485,Broken,20.0,True
486,Brand New,270.0,True
486,Flawless,220.0,True
486,Good,170.0,True
486,Fair,120.0,True
486,Minor Damage,85.0,True
486,Broken,20.0,True
487,Brand New,290.0,True
487,Flawless,240.0,True
487,Good,190.0,True
487,Fair,140.0,True
487,Minor Damage,75.0,True
487,Broken,20.0,True
488,Brand New,220.0,True
488,Flawless,170.0,True
488,Good,120.0,True
488,Fair,70.0,True
488,Minor Damage,60.0,True
488,Broken,20.0,True
489,Brand New,0.0,True
489,Flawless,0.0,True
489,Good,0.0,True
489,Fair,0.0,True
489,Minor Damage,0.0,True
489,Broken,0.0,True
490,Brand New,370.0,True
490,Flawless,320.0,True
490,Good,270.0,True
490,Fair,215.0,True
490,Minor Damage,135.0,True
490,Broken,20.0,True
491,Brand New,300.0,True
491,Flawless,250.0,True
491,Good,190.0,True
491,Fair,140.0,True
491,Minor Damage,90.0,True
491,Broken,20.0,True
492,Brand New,320.0,True
492,Flawless,270.0,True
492,Good,210.0,True
492,Fair,160.0,True
492,Minor Damage,80.0,True
492,Broken,20.0,True
493,Brand New,250.0,True
493,Flawless,200.0,True
493,Good,140.0,True
493,Fair,100.0,True
493,Minor Damage,65.0,True
493,Broken,20.0,True
494,Brand New,0.0,True
494,Flawless,0.0,True
494,Good,0.0,True
494,Fair,0.0,True
494,Minor Damage,0.0,True
494,Broken,0.0,True
495,Brand New,400.0,True
495,Flawless,350.0,True
495,Good,300.0,True
495,Fair,245.0,True
495,Minor Damage,140.0,True
495,Broken,20.0,True
496,Brand New,320.0,True
496,Flawless,270.0,True
496,Good,220.0,True
496,Fair,170.0,True
496,Minor Damage,95.0,True
496,Broken,20.0,True
497,Brand New,340.0,True
497,Flawless,290.0,True
497,Good,240.0,True
497,Fair,190.0,True
497,Minor Damage,85.0,True
497,Broken,20.0,True
498,Brand New,270.0,True
498,Flawless,220.0,True
498,Good,170.0,True
498,Fair,120.0,True
498,Minor Damage,70.0,True
498,Broken,20.0,True
499,Brand New,0.0,True
499,Flawless,0.0,True
499,Good,0.0,True
499,Fair,0.0,True
499,Minor Damage,0.0,True
499,Broken,0.0,True
500,Brand New,420.0,True
500,Flawless,370.0,True
500,Good,320.0,True
500,Fair,270.0,True
500,Minor Damage,145.0,True
500,Broken,20.0,True
501,Brand New,280.0,True
501,Flawless,230.0,True
501,Good,195.0,True
501,Fair,140.0,True
501,Minor Damage,100.0,True
501,Broken,20.0,True
502,Brand New,295.0,True
502,Flawless,245.0,True
502,Good,210.0,True
502,Fair,155.0,True
502,Minor Damage,75.0,True
502,Broken,20.0,True
503,Brand New,230.0,True
503,Flawless,180.0,True
503,Good,160.0,True
503,Fair,90.0,True
503,Minor Damage,90.0,True
503,Broken,20.0,True
504,Brand New,0.0,True
504,Flawless,0.0,True
504,Good,0.0,True
504,Fair,0.0,True
504,Minor Damage,0.0,True
504,Broken,0.0,True
505,Brand New,390.0,True
505,Flawless,340.0,True
505,Good,295.0,True
505,Fair,240.0,True
505,Minor Damage,150.0,True
505,Broken,20.0,True
506,Brand New,320.0,True
506,Flawless,270.0,True
506,Good,230.0,True
506,Fair,170.0,True
506,Minor Damage,120.0,True
506,Broken,20.0,True
507,Brand New,315.0,True
507,Flawless,285.0,True
507,Good,245.0,True
507,Fair,185.0,True
507,Minor Damage,95.0,True
507,Broken,20.0,True
508,Brand New,280.0,True
508,Flawless,230.0,True
508,Good,200.0,True
508,Fair,130.0,True
508,Minor Damage,120.0,True
508,Broken,20.0,True
509,Brand New,0.0,True
509,Flawless,0.0,True
509,Good,0.0,True
509,Fair,0.0,True
509,Minor Damage,0.0,True
509,Broken,0.0,True
510,Brand New,420.0,True
510,Flawless,370.0,True
510,Good,330.0,True
510,Fair,270.0,True
510,Minor Damage,170.0,True
510,Broken,20.0,True
511,Brand New,340.0,True
511,Flawless,290.0,True
511,Good,250.0,True
511,Fair,190.0,True
511,Minor Damage,140.0,True
511,Broken,20.0,True
512,Brand New,355.0,True
512,Flawless,305.0,True
512,Good,265.0,True
512,Fair,205.0,True
512,Minor Damage,115.0,True
512,Broken,20.0,True
513,Brand New,290.0,True
513,Flawless,240.0,True
513,Good,205.0,True
513,Fair,140.0,True
513,Minor Damage,130.0,True
513,Broken,20.0,True
514,Brand New,0.0,True
514,Flawless,0.0,True
514,Good,0.0,True
514,Fair,0.0,True
514,Minor Damage,0.0,True
514,Broken,0.0,True
515,Brand New,440.0,True
515,Flawless,390.0,True
515,Good,350.0,True
515,Fair,290.0,True
515,Minor Damage,190.0,True
515,Broken,20.0,True
516,Brand New,360.0,True
516,Flawless,310.0,True
516,Good,275.0,True
516,Fair,210.0,True
516,Minor Damage,160.0,True
516,Broken,20.0,True
517,Brand New,375.0,True
517,Flawless,325.0,True
517,Good,295.0,True
517,Fair,225.0,True
517,Minor Damage,135.0,True
517,Broken,20.0,True
518,Brand New,310.0,True
518,Flawless,260.0,True
518,Good,230.0,True
518,Fair,160.0,True
518,Minor Damage,150.0,True
518,Broken,20.0,True
519,Brand New,0.0,True
519,Flawless,0.0,True
519,Good,0.0,True
519,Fair,0.0,True
519,Minor Damage,0.0,True
519,Broken,0.0,True
520,Brand New,460.0,True
520,Flawless,410.0,True
520,Good,375.0,True
520,Fair,310.0,True
520,Minor Damage,210.0,True
520,Broken,20.0,True
521,Brand New,230.0,True
521,Flawless,180.0,True
521,Good,150.0,True
521,Fair,100.0,True
521,Minor Damage,50.0,True
521,Broken,15.0,True
522,Brand New,205.0,True
522,Flawless,155.0,True
522,Good,125.0,True
522,Fair,75.0,True
522,Minor Damage,50.0,True
522,Broken,15.0,True
523,Brand New,230.0,True
523,Flawless,180.0,True
523,Good,150.0,True
523,Fair,100.0,True
523,Minor Damage,50.0,True
523,Broken,15.0,True
524,Brand New,120.0,True
524,Flawless,90.0,True
524,Good,60.0,True
524,Fair,45.0,True
524,Minor Damage,30.0,True
524,Broken,15.0,True
525,Brand New,330.0,True
525,Flawless,280.0,True
525,Good,250.0,True
525,Fair,200.0,True
525,Minor Damage,100.0,True
525,Broken,15.0,True
526,Brand New,280.0,True
526,Flawless,230.0,True
526,Good,200.0,True
526,Fair,150.0,True
526,Minor Damage,60.0,True
526,Broken,15.0,True
527,Brand New,255.0,True
527,Flawless,205.0,True
527,Good,175.0,True
527,Fair,125.0,True
527,Minor Damage,60.0,True
527,Broken,15.0,True
528,Brand New,280.0,True
528,Flawless,230.0,True
528,Good,200.0,True
528,Fair,150.0,True
528,Minor Damage,65.0,True
528,Broken,15.0,True
529,Brand New,150.0,True
529,Flawless,100.0,True
529,Good,70.0,True
529,Fair,35.0,True
529,Minor Damage,25.0,True
529,Broken,15.0,True
530,Brand New,380.0,True
530,Flawless,330.0,True
530,Good,300.0,True
530,Fair,250.0,True
530,Minor Damage,110.0,True
530,Broken,15.0,True
531,Brand New,310.0,True
531,Flawless,280.0,True
531,Good,260.0,True
531,Fair,200.0,True
531,Minor Damage,75.0,True
531,Broken,15.0,True
532,Brand New,305.0,True
532,Flawless,255.0,True
532,Good,225.0,True
532,Fair,185.0,True
532,Minor Damage,75.0,True
532,Broken,15.0,True
533,Brand New,330.0,True
533,Flawless,280.0,True
533,Good,250.0,True
533,Fair,200.0,True
533,Minor Damage,75.0,True
533,Broken,15.0,True
534,Brand New,210.0,True
534,Flawless,180.0,True
534,Good,160.0,True
534,Fair,110.0,True
534,Minor Damage,35.0,True
534,Broken,15.0,True
535,Brand New,430.0,True
535,Flawless,380.0,True
535,Good,350.0,True
535,Fair,300.0,True
535,Minor Damage,115.0,True
535,Broken,15.0,True
536,Brand New,240.0,True
536,Flawless,190.0,True
536,Good,140.0,True
536,Fair,95.0,True
536,Minor Damage,90.0,True
536,Broken,30.0,True
537,Brand New,240.0,True
537,Flawless,190.0,True
537,Good,140.0,True
537,Fair,90.0,True
537,Minor Damage,70.0,True
537,Broken,30.0,True
538,Brand New,290.0,True
538,Flawless,240.0,True
538,Good,190.0,True
538,Fair,140.0,True
538,Minor Damage,95.0,True
538,Broken,30.0,True
539,Brand New,125.0,True
539,Flawless,75.0,True
539,Good,55.0,True
539,Fair,45.0,True
539,Minor Damage,45.0,True
539,Broken,30.0,True
540,Brand New,390.0,True
540,Flawless,340.0,True
540,Good,290.0,True
540,Fair,240.0,True
540,Minor Damage,145.0,True
540,Broken,30.0,True
541,Brand New,265.0,True
541,Flawless,215.0,True
541,Good,165.0,True
541,Fair,115.0,True
541,Minor Damage,105.0,True
541,Broken,30.0,True
542,Brand New,265.0,True
542,Flawless,215.0,True
542,Good,165.0,True
542,Fair,115.0,True
542,Minor Damage,80.0,True
542,Broken,30.0,True
543,Brand New,315.0,True
543,Flawless,265.0,True
543,Good,215.0,True
543,Fair,165.0,True
543,Minor Damage,105.0,True
543,Broken,30.0,True
544,Brand New,175.0,True
544,Flawless,125.0,True
544,Good,115.0,True
544,Fair,65.0,True
544,Minor Damage,55.0,True
544,Broken,30.0,True
545,Brand New,415.0,True
545,Flawless,365.0,True
545,Good,315.0,True
545,Fair,265.0,True
545,Minor Damage,155.0,True
545,Broken,30.0,True
546,Brand New,320.0,True
546,Flawless,270.0,True
546,Good,220.0,True
546,Fair,170.0,True
546,Minor Damage,115.0,True
546,Broken,30.0,True
547,Brand New,320.0,True
547,Flawless,270.0,True
547,Good,220.0,True
547,Fair,170.0,True
547,Minor Damage,90.0,True
547,Broken,30.0,True
548,Brand New,370.0,True
548,Flawless,320.0,True
548,Good,270.0,True
548,Fair,220.0,True
548,Minor Damage,115.0,True
548,Broken,30.0,True
549,Brand New,235.0,True
549,Flawless,185.0,True
549,Good,165.0,True
549,Fair,105.0,True
549,Minor Damage,65.0,True
549,Broken,30.0,True
550,Brand New,470.0,True
550,Flawless,420.0,True
550,Good,370.0,True
550,Fair,320.0,True
550,Minor Damage,165.0,True
550,Broken,30.0,True
551,Brand New,230.0,True
551,Flawless,180.0,True
551,Good,145.0,True
551,Fair,95.0,True
551,Minor Damage,105.0,True
551,Broken,40.0,True
552,Brand New,270.0,True
552,Flawless,220.0,True
552,Good,185.0,True
552,Fair,135.0,True
552,Minor Damage,115.0,True
552,Broken,40.0,True
553,Brand New,230.0,True
553,Flawless,180.0,True
553,Good,145.0,True
553,Fair,95.0,True
553,Minor Damage,70.0,True
553,Broken,40.0,True
554,Brand New,155.0,True
554,Flawless,105.0,True
554,Good,60.0,True
554,Fair,50.0,True
554,Minor Damage,30.0,True
554,Broken,40.0,True
555,Brand New,380.0,True
555,Flawless,330.0,True
555,Good,295.0,True
555,Fair,240.0,True
555,Minor Damage,190.0,True
555,Broken,40.0,True
556,Brand New,270.0,True
556,Flawless,220.0,True
556,Good,185.0,True
556,Fair,130.0,True
556,Minor Damage,140.0,True
556,Broken,40.0,True
557,Brand New,310.0,True
557,Flawless,260.0,True
557,Good,230.0,True
557,Fair,170.0,True
557,Minor Damage,135.0,True
557,Broken,40.0,True
558,Brand New,270.0,True
558,Flawless,220.0,True
558,Good,185.0,True
558,Fair,130.0,True
558,Minor Damage,110.0,True
558,Broken,40.0,True
559,Brand New,170.0,True
559,Flawless,120.0,True
559,Good,85.0,True
559,Fair,60.0,True
559,Minor Damage,50.0,True
559,Broken,40.0,True
560,Brand New,410.0,True
560,Flawless,360.0,True
560,Good,335.0,True
560,Fair,280.0,True
560,Minor Damage,210.0,True
560,Broken,40.0,True
561,Brand New,290.0,True
561,Flawless,240.0,True
561,Good,205.0,True
561,Fair,155.0,True
561,Minor Damage,150.0,True
561,Broken,40.0,True
562,Brand New,330.0,True
562,Flawless,280.0,True
562,Good,245.0,True
562,Fair,195.0,True
562,Minor Damage,145.0,True
562,Broken,40.0,True
563,Brand New,290.0,True
563,Flawless,240.0,True
563,Good,205.0,True
563,Fair,155.0,True
563,Minor Damage,120.0,True
563,Broken,40.0,True
564,Brand New,190.0,True
564,Flawless,140.0,True
564,Good,105.0,True
564,Fair,75.0,True
564,Minor Damage,70.0,True
564,Broken,40.0,True
565,Brand New,440.0,True
565,Flawless,390.0,True
565,Good,355.0,True
565,Fair,305.0,True
565,Minor Damage,220.0,True
565,Broken,40.0,True
566,Brand New,350.0,True
566,Flawless,300.0,True
566,Good,260.0,True
566,Fair,215.0,True
566,Minor Damage,190.0,True
566,Broken,40.0,True
567,Brand New,425.0,True
567,Flawless,375.0,True
567,Good,305.0,True
567,Fair,260.0,True
567,Minor Damage,165.0,True
567,Broken,40.0,True
568,Brand New,350.0,True
568,Flawless,300.0,True
568,Good,260.0,True
568,Fair,215.0,True
568,Minor Damage,140.0,True
568,Broken,40.0,True
569,Brand New,275.0,True
569,Flawless,225.0,True
569,Good,185.0,True
569,Fair,100.0,True
569,Minor Damage,80.0,True
569,Broken,40.0,True
570,Brand New,500.0,True
570,Flawless,450.0,True
570,Good,410.0,True
570,Fair,365.0,True
570,Minor Damage,240.0,True
570,Broken,40.0,True
571,Brand New,360.0,True
571,Flawless,310.0,True
571,Good,280.0,True
571,Fair,210.0,True
571,Minor Damage,150.0,True
571,Broken,40.0,True
572,Brand New,375.0,True
572,Flawless,325.0,True
572,Good,295.0,True
572,Fair,225.0,True
572,Minor Damage,125.0,True
572,Broken,40.0,True
573,Brand New,280.0,True
573,Flawless,230.0,True
573,Good,200.0,True
573,Fair,110.0,True
573,Minor Damage,90.0,True
573,Broken,40.0,True
574,Brand New,165.0,True
574,Flawless,115.0,True
574,Good,70.0,True
574,Fair,50.0,True
574,Minor Damage,40.0,True
574,Broken,40.0,True
575,Brand New,480.0,True
575,Flawless,430.0,True
575,Good,390.0,True
575,Fair,330.0,True
575,Minor Damage,200.0,True
575,Broken,40.0,True
576,Brand New,390.0,True
576,Flawless,340.0,True
576,Good,300.0,True
576,Fair,240.0,True
576,Minor Damage,170.0,True
576,Broken,40.0,True
577,Brand New,405.0,True
577,Flawless,355.0,True
577,Good,325.0,True
577,Fair,255.0,True
577,Minor Damage,145.0,True
577,Broken,40.0,True
578,Brand New,310.0,True
578,Flawless,260.0,True
578,Good,230.0,True
578,Fair,160.0,True
578,Minor Damage,140.0,True
578,Broken,40.0,True
579,Brand New,210.0,True
579,Flawless,160.0,True
579,Good,135.0,True
579,Fair,90.0,True
579,Minor Damage,60.0,True
579,Broken,40.0,True
580,Brand New,510.0,True
580,Flawless,460.0,True
580,Good,430.0,True
580,Fair,360.0,True
580,Minor Damage,220.0,True
580,Broken,40.0,True
581,Brand New,430.0,True
581,Flawless,380.0,True
581,Good,350.0,True
581,Fair,280.0,True
581,Minor Damage,200.0,True
581,Broken,40.0,True
582,Brand New,445.0,True
582,Flawless,395.0,True
582,Good,355.0,True
582,Fair,295.0,True
582,Minor Damage,175.0,True
582,Broken,40.0,True
583,Brand New,350.0,True
583,Flawless,300.0,True
583,Good,270.0,True
583,Fair,200.0,True
583,Minor Damage,170.0,True
583,Broken,40.0,True
584,Brand New,255.0,True
584,Flawless,205.0,True
584,Good,165.0,True
584,Fair,110.0,True
584,Minor Damage,80.0,True
584,Broken,40.0,True
585,Brand New,550.0,True
585,Flawless,500.0,True
585,Good,470.0,True
585,Fair,400.0,True
585,Minor Damage,250.0,True
585,Broken,40.0,True
586,Brand New,350.0,True
586,Flawless,300.0,True
586,Good,265.0,True
586,Fair,205.0,True
586,Minor Damage,130.0,True
586,Broken,30.0,True
587,Brand New,325.0,True
587,Flawless,275.0,True
587,Good,240.0,True
587,Fair,180.0,True
587,Minor Damage,105.0,True
587,Broken,30.0,True
588,Brand New,350.0,True
588,Flawless,300.0,True
588,Good,265.0,True
588,Fair,205.0,True
588,Minor Damage,130.0,True
588,Broken,30.0,True
589,Brand New,245.0,True
589,Flawless,195.0,True
589,Good,155.0,True
589,Fair,100.0,True
589,Minor Damage,65.0,True
589,Broken,30.0,True
590,Brand New,450.0,True
590,Flawless,400.0,True
590,Good,365.0,True
590,Fair,305.0,True
590,Minor Damage,185.0,True
590,Broken,30.0,True
591,Brand New,380.0,True
591,Flawless,330.0,True
591,Good,290.0,True
591,Fair,245.0,True
591,Minor Damage,175.0,True
591,Broken,30.0,True
592,Brand New,355.0,True
592,Flawless,305.0,True
592,Good,265.0,True
592,Fair,220.0,True
592,Minor Damage,150.0,True
592,Broken,30.0,True
593,Brand New,380.0,True
593,Flawless,330.0,True
593,Good,290.0,True
593,Fair,245.0,True
593,Minor Damage,175.0,True
593,Broken,30.0,True
594,Brand New,295.0,True
594,Flawless,245.0,True
594,Good,200.0,True
594,Fair,110.0,True
594,Minor Damage,80.0,True
594,Broken,30.0,True
595,Brand New,490.0,True
595,Flawless,440.0,True
595,Good,390.0,True
595,Fair,345.0,True
595,Minor Damage,220.0,True
595,Broken,30.0,True
596,Brand New,410.0,True
596,Flawless,360.0,True
596,Good,325.0,True
596,Fair,265.0,True
596,Minor Damage,210.0,True
596,Broken,30.0,True
597,Brand New,385.0,True
597,Flawless,335.0,True
597,Good,300.0,True
597,Fair,240.0,True
597,Minor Damage,185.0,True
597,Broken,30.0,True
598,Brand New,410.0,True
598,Flawless,360.0,True
598,Good,325.0,True
598,Fair,265.0,True
598,Minor Damage,210.0,True
598,Broken,30.0,True
599,Brand New,335.0,True
599,Flawless,285.0,True
599,Good,230.0,True
599,Fair,160.0,True
599,Minor Damage,135.0,True
599,Broken,30.0,True
600,Brand New,510.0,True
600,Flawless,460.0,True
600,Good,425.0,True
600,Fair,365.0,True
600,Minor Damage,260.0,True
600,Broken,30.0,True
601,Brand New,360.0,True
601,Flawless,310.0,True
601,Good,280.0,True
601,Fair,210.0,True
601,Minor Damage,165.0,True
601,Broken,40.0,True
602,Brand New,410.0,True
602,Flawless,360.0,True
602,Good,330.0,True
602,Fair,260.0,True
602,Minor Damage,190.0,True
602,Broken,30.0,True
603,Brand New,235.0,True
603,Flawless,185.0,True
603,Good,155.0,True
603,Fair,90.0,True
603,Minor Damage,45.0,True
603,Broken,30.0,True
604,Brand New,510.0,True
604,Flawless,460.0,True
604,Good,430.0,True
604,Fair,360.0,True
604,Minor Damage,240.0,True
604,Broken,30.0,True
605,Brand New,400.0,True
605,Flawless,350.0,True
605,Good,320.0,True
605,Fair,250.0,True
605,Minor Damage,230.0,True
605,Broken,30.0,True
606,Brand New,400.0,True
606,Flawless,350.0,True
606,Good,320.0,True
606,Fair,250.0,True
606,Minor Damage,205.0,True
606,Broken,30.0,True
607,Brand New,450.0,True
607,Flawless,400.0,True
607,Good,370.0,True
607,Fair,300.0,True
607,Minor Damage,230.0,True
607,Broken,30.0,True
608,Brand New,275.0,True
608,Flawless,225.0,True
608,Good,195.0,True
608,Fair,125.0,True
608,Minor Damage,80.0,True
608,Broken,30.0,True
609,Brand New,550.0,True
609,Flawless,500.0,True
609,Good,470.0,True
609,Fair,400.0,True
609,Minor Damage,280.0,True
609,Broken,30.0,True
610,Brand New,435.0,True
610,Flawless,385.0,True
610,Good,355.0,True
610,Fair,285.0,True
610,Minor Damage,270.0,True
610,Broken,30.0,True
611,Brand New,435.0,True
611,Flawless,385.0,True
611,Good,355.0,True
611,Fair,285.0,True
611,Minor Damage,245.0,True
611,Broken,30.0,True
612,Brand New,485.0,True
612,Flawless,435.0,True
612,Good,405.0,True
612,Fair,335.0,True
612,Minor Damage,270.0,True
612,Broken,30.0,True
613,Brand New,310.0,True
613,Flawless,260.0,True
613,Good,230.0,True
613,Fair,160.0,True
613,Minor Damage,120.0,True
613,Broken,30.0,True
614,Brand New,585.0,True
614,Flawless,535.0,True
614,Good,505.0,True
614,Fair,435.0,True
614,Minor Damage,320.0,True
614,Broken,30.0,True
615,Brand New,340.0,True
615,Flawless,290.0,True
615,Good,260.0,True
615,Fair,190.0,True
615,Minor Damage,170.0,True
615,Broken,40.0,True
616,Brand New,435.0,True
616,Flawless,385.0,True
616,Good,345.0,True
616,Fair,290.0,True
616,Minor Damage,180.0,True
616,Broken,40.0,True
617,Brand New,260.0,True
617,Flawless,210.0,True
617,Good,170.0,True
617,Fair,115.0,True
617,Minor Damage,105.0,True
617,Broken,40.0,True
618,Brand New,265.0,True
618,Flawless,215.0,True
618,Good,160.0,True
618,Fair,125.0,True
618,Minor Damage,100.0,True
618,Broken,40.0,True
619,Brand New,510.0,True
619,Flawless,460.0,True
619,Good,420.0,True
619,Fair,365.0,True
619,Minor Damage,275.0,True
619,Broken,40.0,True
620,Brand New,460.0,True
620,Flawless,410.0,True
620,Good,385.0,True
620,Fair,330.0,True
620,Minor Damage,235.0,True
620,Broken,40.0,True
621,Brand New,495.0,True
621,Flawless,445.0,True
621,Good,415.0,True
621,Fair,340.0,True
621,Minor Damage,210.0,True
621,Broken,40.0,True
622,Brand New,310.0,True
622,Flawless,260.0,True
622,Good,230.0,True
622,Fair,175.0,True
622,Minor Damage,165.0,True
622,Broken,40.0,True
623,Brand New,315.0,True
623,Flawless,265.0,True
623,Good,220.0,True
623,Fair,135.0,True
623,Minor Damage,85.0,True
623,Broken,40.0,True
624,Brand New,560.0,True
624,Flawless,510.0,True
624,Good,480.0,True
624,Fair,415.0,True
624,Minor Damage,285.0,True
624,Broken,40.0,True
625,Brand New,500.0,True
625,Flawless,450.0,True
625,Good,425.0,True
625,Fair,370.0,True
625,Minor Damage,275.0,True
625,Broken,40.0,True
626,Brand New,525.0,True
626,Flawless,475.0,True
626,Good,445.0,True
626,Fair,395.0,True
626,Minor Damage,250.0,True
626,Broken,40.0,True
627,Brand New,350.0,True
627,Flawless,300.0,True
627,Good,270.0,True
627,Fair,220.0,True
627,Minor Damage,205.0,True
627,Broken,40.0,True
628,Brand New,300.0,True
628,Flawless,250.0,True
628,Good,165.0,True
628,Fair,155.0,True
628,Minor Damage,125.0,True
628,Broken,40.0,True
629,Brand New,600.0,True
629,Flawless,550.0,True
629,Good,520.0,True
629,Fair,470.0,True
629,Minor Damage,325.0,True
629,Broken,40.0,True
630,Brand New,560.0,True
630,Flawless,510.0,True
630,Good,485.0,True
630,Fair,430.0,True
630,Minor Damage,300.0,True
630,Broken,40.0,True
631,Brand New,585.0,True
631,Flawless,535.0,True
631,Good,505.0,True
631,Fair,455.0,True
631,Minor Damage,275.0,True
631,Broken,40.0,True
632,Brand New,410.0,True
632,Flawless,360.0,True
632,Good,330.0,True
632,Fair,280.0,True
632,Minor Damage,230.0,True
632,Broken,40.0,True
633,Brand New,330.0,True
633,Flawless,280.0,True
633,Good,250.0,True
633,Fair,130.0,True
633,Minor Damage,110.0,True
633,Broken,40.0,True
634,Brand New,660.0,True
634,Flawless,610.0,True
634,Good,580.0,True
634,Fair,530.0,True
634,Minor Damage,350.0,True
634,Broken,40.0,True
635,Brand New,530.0,True
635,Flawless,480.0,True
635,Good,440.0,True
635,Fair,350.0,True
635,Minor Damage,230.0,True
635,Broken,40.0,True
636,Brand New,545.0,True
636,Flawless,495.0,True
636,Good,455.0,True
636,Fair,365.0,True
636,Minor Damage,205.0,True
636,Broken,40.0,True
637,Brand New,450.0,True
637,Flawless,400.0,True
637,Good,360.0,True
637,Fair,270.0,True
637,Minor Damage,230.0,True
637,Broken,40.0,True
638,Brand New,360.0,True
638,Flawless,310.0,True
638,Good,245.0,True
638,Fair,190.0,True
638,Minor Damage,105.0,True
638,Broken,40.0,True
639,Brand New,650.0,True
639,Flawless,600.0,True
639,Good,560.0,True
639,Fair,470.0,True
639,Minor Damage,280.0,True
639,Broken,40.0,True
640,Brand New,590.0,True
640,Flawless,540.0,True
640,Good,500.0,True
640,Fair,440.0,True
640,Minor Damage,255.0,True
640,Broken,40.0,True
641,Brand New,605.0,True
641,Flawless,555.0,True
641,Good,515.0,True
641,Fair,455.0,True
641,Minor Damage,230.0,True
641,Broken,40.0,True
642,Brand New,510.0,True
642,Flawless,460.0,True
642,Good,420.0,True
642,Fair,360.0,True
642,Minor Damage,255.0,True
642,Broken,40.0,True
643,Brand New,370.0,True
643,Flawless,320.0,True
643,Good,255.0,True
643,Fair,170.0,True
643,Minor Damage,60.0,True
643,Broken,40.0,True
644,Brand New,710.0,True
644,Flawless,660.0,True
644,Good,610.0,True
644,Fair,560.0,True
644,Minor Damage,305.0,True
644,Broken,40.0,True
645,Brand New,680.0,True
645,Flawless,630.0,True
645,Good,590.0,True
645,Fair,520.0,True
645,Minor Damage,305.0,True
645,Broken,40.0,True
646,Brand New,695.0,True
646,Flawless,645.0,True
646,Good,605.0,True
646,Fair,535.0,True
646,Minor Damage,280.0,True
646,Broken,40.0,True
647,Brand New,600.0,True
647,Flawless,550.0,True
647,Good,510.0,True
647,Fair,440.0,True
647,Minor Damage,305.0,True
647,Broken,40.0,True
648,Brand New,425.0,True
648,Flawless,365.0,True
648,Good,280.0,True
648,Fair,175.0,True
648,Minor Damage,105.0,True
648,Broken,40.0,True
649,Brand New,800.0,True
649,Flawless,750.0,True
649,Good,710.0,True
649,Fair,660.0,True
649,Minor Damage,355.0,True
649,Broken,40.0,True
650,Brand New,220.0,True
650,Flawless,170.0,True
650,Good,130.0,True
650,Fair,85.0,True
650,Minor Damage,25.0,True
650,Broken,20.0,True
651,Brand New,195.0,True
651,Flawless,145.0,True
651,Good,105.0,True
651,Fair,80.0,True
651,Minor Damage,25.0,True
651,Broken,20.0,True
652,Brand New,220.0,True
652,Flawless,170.0,True
652,Good,130.0,True
652,Fair,85.0,True
652,Minor Damage,25.0,True
652,Broken,20.0,True
653,Brand New,0.0,True
653,Flawless,0.0,True
653,Good,0.0,True
653,Fair,0.0,True
653,Minor Damage,0.0,True
653,Broken,0.0,True
654,Brand New,320.0,True
654,Flawless,270.0,True
654,Good,230.0,True
654,Fair,185.0,True
654,Minor Damage,35.0,True
654,Broken,20.0,True
655,Brand New,290.0,True
655,Flawless,240.0,True
655,Good,200.0,True
655,Fair,155.0,True
655,Minor Damage,25.0,True
655,Broken,20.0,True
656,Brand New,265.0,True
656,Flawless,215.0,True
656,Good,175.0,True
656,Fair,130.0,True
656,Minor Damage,25.0,True
656,Broken,20.0,True
657,Brand New,290.0,True
657,Flawless,240.0,True
657,Good,200.0,True
657,Fair,155.0,True
657,Minor Damage,25.0,True
657,Broken,20.0,True
658,Brand New,0.0,True
658,Flawless,0.0,True
658,Good,0.0,True
658,Fair,0.0,True
658,Minor Damage,0.0,True
658,Broken,0.0,True
659,Brand New,390.0,True
659,Flawless,340.0,True
659,Good,300.0,True
659,Fair,255.0,True
659,Minor Damage,75.0,True
659,Broken,20.0,True
660,Brand New,340.0,True
660,Flawless,290.0,True
660,Good,250.0,True
660,Fair,205.0,True
660,Minor Damage,65.0,True
660,Broken,20.0,True
661,Brand New,315.0,True
661,Flawless,265.0,True
661,Good,225.0,True
661,Fair,180.0,True
661,Minor Damage,40.0,True
661,Broken,20.0,True
662,Brand New,340.0,True
662,Flawless,290.0,True
662,Good,250.0,True
662,Fair,205.0,True
662,Minor Damage,65.0,True
662,Broken,20.0,True
663,Brand New,0.0,True
663,Flawless,0.0,True
663,Good,0.0,True
663,Fair,0.0,True
663,Minor Damage,0.0,True
663,Broken,0.0,True
664,Brand New,440.0,True
664,Flawless,390.0,True
664,Good,350.0,True
664,Fair,305.0,True
664,Minor Damage,115.0,True
664,Broken,20.0,True
665,Brand New,295.0,True
665,Flawless,245.0,True
665,Good,190.0,True
665,Fair,125.0,True
665,Minor Damage,70.0,True
665,Broken,10.0,True
666,Brand New,310.0,True
666,Flawless,260.0,True
666,Good,215.0,True
666,Fair,150.0,True
666,Minor Damage,55.0,True
666,Broken,10.0,True
667,Brand New,260.0,True
667,Flawless,210.0,True
667,Good,165.0,True
667,Fair,100.0,True
667,Minor Damage,55.0,True
667,Broken,10.0,True
668,Brand New,410.0,True
668,Flawless,360.0,True
668,Good,325.0,True
668,Fair,250.0,True
668,Minor Damage,100.0,True
668,Broken,10.0,True
669,Brand New,360.0,True
669,Flawless,310.0,True
669,Good,265.0,True
669,Fair,200.0,True
669,Minor Damage,90.0,True
669,Broken,10.0,True
670,Brand New,335.0,True
670,Flawless,285.0,True
670,Good,240.0,True
670,Fair,175.0,True
670,Minor Damage,95.0,True
670,Broken,10.0,True
671,Brand New,360.0,True
671,Flawless,310.0,True
671,Good,265.0,True
671,Fair,200.0,True
671,Minor Damage,70.0,True
671,Broken,10.0,True
672,Brand New,310.0,True
672,Flawless,260.0,True
672,Good,225.0,True
672,Fair,150.0,True
672,Minor Damage,70.0,True
672,Broken,10.0,True
673,Brand New,460.0,True
673,Flawless,410.0,True
673,Good,365.0,True
673,Fair,300.0,True
673,Minor Damage,120.0,True
673,Broken,10.0,True
674,Brand New,0.0,True
674,Flawless,0.0,True
674,Good,0.0,True
674,Fair,0.0,True
674,Minor Damage,0.0,True
674,Broken,0.0,True
675,Brand New,0.0,True
675,Flawless,0.0,True
675,Good,0.0,True
675,Fair,0.0,True
675,Minor Damage,0.0,True
675,Broken,0.0,True
676,Brand New,0.0,True
676,Flawless,0.0,True
676,Good,0.0,True
676,Fair,0.0,True
676,Minor Damage,0.0,True
676,Broken,0.0,True
677,Brand New,0.0,True
677,Flawless,0.0,True
677,Good,0.0,True
677,Fair,0.0,True
677,Minor Damage,0.0,True
677,Broken,0.0,True
678,Brand New,0.0,True
678,Flawless,0.0,True
678,Good,0.0,True
678,Fair,0.0,True
678,Minor Damage,0.0,True
678,Broken,0.0,True
679,Brand New,525.0,True
679,Flawless,475.0,True
679,Good,420.0,True
679,Fair,340.0,True
679,Minor Damage,210.0,True
679,Broken,30.0,True
680,Brand New,500.0,True
680,Flawless,450.0,True
680,Good,395.0,True
680,Fair,315.0,True
680,Minor Damage,185.0,True
680,Broken,30.0,True
681,Brand New,525.0,True
681,Flawless,475.0,True
681,Good,420.0,True
681,Fair,340.0,True
681,Minor Damage,210.0,True
681,Broken,30.0,True
682,Brand New,275.0,True
682,Flawless,225.0,True
682,Good,170.0,True
682,Fair,160.0,True
682,Minor Damage,90.0,True
682,Broken,30.0,True
683,Brand New,625.0,True
683,Flawless,575.0,True
683,Good,520.0,True
683,Fair,440.0,True
683,Minor Damage,260.0,True
683,Broken,30.0,True
684,Brand New,625.0,True
684,Flawless,575.0,True
684,Good,520.0,True
684,Fair,440.0,True
684,Minor Damage,290.0,True
684,Broken,30.0,True
685,Brand New,600.0,True
685,Flawless,550.0,True
685,Good,495.0,True
685,Fair,415.0,True
685,Minor Damage,265.0,True
685,Broken,30.0,True
686,Brand New,625.0,True
686,Flawless,575.0,True
686,Good,520.0,True
686,Fair,440.0,True
686,Minor Damage,290.0,True
686,Broken,30.0,True
687,Brand New,375.0,True
687,Flawless,325.0,True
687,Good,270.0,True
687,Fair,240.0,True
687,Minor Damage,190.0,True
687,Broken,30.0,True
688,Brand New,725.0,True
688,Flawless,675.0,True
688,Good,620.0,True
688,Fair,540.0,True
688,Minor Damage,340.0,True
688,Broken,30.0,True
689,Brand New,0.0,True
689,Flawless,0.0,True
689,Good,0.0,True
689,Fair,0.0,True
689,Minor Damage,0.0,True
689,Broken,0.0,True
690,Brand New,0.0,True
690,Flawless,0.0,True
690,Good,0.0,True
690,Fair,0.0,True
690,Minor Damage,0.0,True
690,Broken,0.0,True
691,Brand New,0.0,True
691,Flawless,0.0,True
691,Good,0.0,True
691,Fair,0.0,True
691,Minor Damage,0.0,True
691,Broken,0.0,True
692,Brand New,0.0,True
692,Flawless,0.0,True
692,Good,0.0,True
692,Fair,0.0,True
692,Minor Damage,0.0,True
692,Broken,0.0,True
693,Brand New,695.0,True
693,Flawless,645.0,True
693,Good,565.0,True
693,Fair,425.0,True
693,Minor Damage,250.0,True
693,Broken,40.0,True
694,Brand New,770.0,True
694,Flawless,720.0,True
694,Good,640.0,True
694,Fair,500.0,True
694,Minor Damage,225.0,True
694,Broken,40.0,True
695,Brand New,595.0,True
695,Flawless,545.0,True
695,Good,465.0,True
695,Fair,325.0,True
695,Minor Damage,200.0,True
695,Broken,40.0,True
696,Brand New,395.0,True
696,Flawless,345.0,True
696,Good,265.0,True
696,Fair,125.0,True
696,Minor Damage,100.0,True
696,Broken,40.0,True
697,Brand New,845.0,True
697,Flawless,795.0,True
697,Good,715.0,True
697,Fair,575.0,True
697,Minor Damage,300.0,True
697,Broken,40.0,True
698,Brand New,795.0,True
698,Flawless,745.0,True
698,Good,665.0,True
698,Fair,525.0,True
698,Minor Damage,370.0,True
698,Broken,40.0,True
699,Brand New,870.0,True
699,Flawless,820.0,True
699,Good,740.0,True
699,Fair,600.0,True
699,Minor Damage,345.0,True
699,Broken,40.0,True
700,Brand New,695.0,True
700,Flawless,645.0,True
700,Good,565.0,True
700,Fair,425.0,True
700,Minor Damage,320.0,True
700,Broken,40.0,True
701,Brand New,495.0,True
701,Flawless,445.0,True
701,Good,365.0,True
701,Fair,225.0,True
701,Minor Damage,200.0,True
701,Broken,40.0,True
702,Brand New,945.0,True
702,Flawless,895.0,True
702,Good,815.0,True
702,Fair,675.0,True
702,Minor Damage,420.0,True
702,Broken,40.0,True
703,Brand New,845.0,True
703,Flawless,795.0,True
703,Good,715.0,True
703,Fair,575.0,True
703,Minor Damage,410.0,True
703,Broken,40.0,True
704,Brand New,920.0,True
704,Flawless,870.0,True
704,Good,790.0,True
704,Fair,650.0,True
704,Minor Damage,385.0,True
704,Broken,40.0,True
705,Brand New,745.0,True
705,Flawless,695.0,True
705,Good,615.0,True
705,Fair,475.0,True
705,Minor Damage,360.0,True
705,Broken,40.0,True
706,Brand New,545.0,True
706,Flawless,495.0,True
706,Good,415.0,True
706,Fair,275.0,True
706,Minor Damage,260.0,True
706,Broken,40.0,True
707,Brand New,995.0,True
707,Flawless,945.0,True
707,Good,865.0,True
707,Fair,725.0,True
707,Minor Damage,460.0,True
707,Broken,40.0,True
708,Brand New,835.0,True
708,Flawless,785.0,True
708,Good,735.0,True
708,Fair,635.0,True
708,Minor Damage,250.0,True
708,Broken,50.0,True
709,Brand New,850.0,True
709,Flawless,800.0,True
709,Good,750.0,True
709,Fair,650.0,True
709,Minor Damage,275.0,True
709,Broken,50.0,True
710,Brand New,755.0,True
710,Flawless,705.0,True
710,Good,655.0,True
710,Fair,555.0,True
710,Minor Damage,300.0,True
710,Broken,50.0,True
711,Brand New,455.0,True
711,Flawless,405.0,True
711,Good,355.0,True
711,Fair,255.0,True
711,Minor Damage,100.0,True
711,Broken,50.0,True
712,Brand New,955.0,True
712,Flawless,905.0,True
712,Good,855.0,True
712,Fair,755.0,True
712,Minor Damage,350.0,True
712,Broken,50.0,True
713,Brand New,935.0,True
713,Flawless,885.0,True
713,Good,835.0,True
713,Fair,735.0,True
713,Minor Damage,280.0,True
713,Broken,50.0,True
714,Brand New,950.0,True
714,Flawless,900.0,True
714,Good,850.0,True
714,Fair,750.0,True
714,Minor Damage,305.0,True
714,Broken,50.0,True
715,Brand New,855.0,True
715,Flawless,805.0,True
715,Good,755.0,True
715,Fair,655.0,True
715,Minor Damage,330.0,True
715,Broken,50.0,True
716,Brand New,555.0,True
716,Flawless,505.0,True
716,Good,455.0,True
716,Fair,355.0,True
716,Minor Damage,130.0,True
716,Broken,50.0,True
717,Brand New,1055.0,True
717,Flawless,1005.0,True
717,Good,955.0,True
717,Fair,855.0,True
717,Minor Damage,380.0,True
717,Broken,50.0,True
718,Brand New,1000.0,True
718,Flawless,950.0,True
718,Good,900.0,True
718,Fair,800.0,True
718,Minor Damage,320.0,True
718,Broken,50.0,True
719,Brand New,1015.0,True
719,Flawless,965.0,True
719,Good,915.0,True
719,Fair,815.0,True
719,Minor Damage,345.0,True
719,Broken,50.0,True
720,Brand New,920.0,True
720,Flawless,870.0,True
720,Good,820.0,True
720,Fair,720.0,True
720,Minor Damage,370.0,True
720,Broken,50.0,True
721,Brand New,620.0,True
721,Flawless,570.0,True
721,Good,520.0,True
721,Fair,420.0,True
721,Minor Damage,170.0,True
721,Broken,50.0,True
722,Brand New,1120.0,True
722,Flawless,1070.0,True
722,Good,1020.0,True
722,Fair,920.0,True
722,Minor Damage,420.0,True
722,Broken,50.0,True
723,Brand New,1035.0,True
723,Flawless,985.0,True
723,Good,935.0,True
723,Fair,835.0,True
723,Minor Damage,400.0,True
723,Broken,50.0,True
724,Brand New,1050.0,True
724,Flawless,1000.0,True
724,Good,950.0,True
724,Fair,850.0,True
724,Minor Damage,425.0,True
724,Broken,50.0,True
725,Brand New,955.0,True
725,Flawless,905.0,True
725,Good,855.0,True
725,Fair,755.0,True
725,Minor Damage,450.0,True
725,Broken,50.0,True
726,Brand New,655.0,True
726,Flawless,605.0,True
726,Good,555.0,True
726,Fair,455.0,True
726,Minor Damage,250.0,True
726,Broken,50.0,True
727,Brand New,1155.0,True
727,Flawless,1105.0,True
727,Good,1055.0,True
727,Fair,955.0,True
727,Minor Damage,500.0,True
727,Broken,50.0,True
728,Brand New,0.0,True
728,Flawless,0.0,True
728,Good,0.0,True
728,Fair,0.0,True
728,Minor Damage,0.0,True
728,Broken,0.0,True
729,Brand New,0.0,True
729,Flawless,0.0,True
729,Good,0.0,True
729,Fair,0.0,True
729,Minor Damage,0.0,True
729,Broken,0.0,True
730,Brand New,0.0,True
730,Flawless,0.0,True
730,Good,0.0,True
730,Fair,0.0,True
730,Minor Damage,0.0,True
730,Broken,0.0,True
731,Brand New,0.0,True
731,Flawless,0.0,True
731,Good,0.0,True
731,Fair,0.0,True
731,Minor Damage,0.0,True
731,Broken,0.0,True
732,Brand New,0.0,True
732,Flawless,0.0,True
732,Good,0.0,True
732,Fair,0.0,True
732,Minor Damage,0.0,True
732,Broken,0.0,True
733,Brand New,550.0,True
733,Flawless,500.0,True
733,Good,430.0,True
733,Fair,350.0,True
733,Minor Damage,180.0,True
733,Broken,30.0,True
734,Brand New,525.0,True
734,Flawless,475.0,True
734,Good,405.0,True
734,Fair,325.0,True
734,Minor Damage,155.0,True
734,Broken,30.0,True
735,Brand New,550.0,True
735,Flawless,500.0,True
735,Good,430.0,True
735,Fair,350.0,True
735,Minor Damage,180.0,True
735,Broken,30.0,True
736,Brand New,300.0,True
736,Flawless,250.0,True
736,Good,180.0,True
736,Fair,100.0,True
736,Minor Damage,90.0,True
736,Broken,30.0,True
737,Brand New,650.0,True
737,Flawless,600.0,True
737,Good,530.0,True
737,Fair,450.0,True
737,Minor Damage,230.0,True
737,Broken,30.0,True
738,Brand New,610.0,True
738,Flawless,560.0,True
738,Good,490.0,True
738,Fair,410.0,True
738,Minor Damage,260.0,True
738,Broken,30.0,True
739,Brand New,585.0,True
739,Flawless,535.0,True
739,Good,465.0,True
739,Fair,385.0,True
739,Minor Damage,235.0,True
739,Broken,30.0,True
740,Brand New,610.0,True
740,Flawless,560.0,True
740,Good,490.0,True
740,Fair,410.0,True
740,Minor Damage,260.0,True
740,Broken,30.0,True
741,Brand New,360.0,True
741,Flawless,310.0,True
741,Good,240.0,True
741,Fair,160.0,True
741,Minor Damage,155.0,True
741,Broken,30.0,True
742,Brand New,710.0,True
742,Flawless,660.0,True
742,Good,590.0,True
742,Fair,510.0,True
742,Minor Damage,310.0,True
742,Broken,30.0,True
743,Brand New,685.0,True
743,Flawless,635.0,True
743,Good,565.0,True
743,Fair,485.0,True
743,Minor Damage,300.0,True
743,Broken,30.0,True
744,Brand New,660.0,True
744,Flawless,610.0,True
744,Good,540.0,True
744,Fair,460.0,True
744,Minor Damage,275.0,True
744,Broken,30.0,True
745,Brand New,685.0,True
745,Flawless,635.0,True
745,Good,565.0,True
745,Fair,485.0,True
745,Minor Damage,300.0,True
745,Broken,30.0,True
746,Brand New,435.0,True
746,Flawless,385.0,True
746,Good,315.0,True
746,Fair,235.0,True
746,Minor Damage,235.0,True
746,Broken,30.0,True
747,Brand New,785.0,True
747,Flawless,735.0,True
747,Good,665.0,True
747,Fair,585.0,True
747,Minor Damage,350.0,True
747,Broken,30.0,True
748,Brand New,0.0,False
748,Flawless,0.0,False
748,Good,0.0,False
748,Fair,0.0,False
748,Minor Damage,0.0,False
748,Broken,0.0,False
749,Brand New,0.0,False
749,Flawless,0.0,False
749,Good,0.0,False
749,Fair,0.0,False
749,Minor Damage,0.0,False
749,Broken,0.0,False
750,Brand New,0.0,False
750,Flawless,0.0,False
750,Good,0.0,False
750,Fair,0.0,False
750,Minor Damage,0.0,False
750,Broken,0.0,False
751,Brand New,0.0,False
751,Flawless,0.0,False
751,Good,0.0,False
751,Fair,0.0,False
751,Minor Damage,0.0,False
751,Broken,0.0,False
752,Brand New,0.0,False
752,Flawless,0.0,False
752,Good,0.0,False
752,Fair,0.0,False
752,Minor Damage,0.0,False
752,Broken,0.0,False
753,Brand New,0.0,False
753,Flawless,0.0,False
753,Good,0.0,False
753,Fair,0.0,False
753,Minor Damage,0.0,False
753,Broken,0.0,False
754,Brand New,0.0,False
754,Flawless,0.0,False
754,Good,0.0,False
754,Fair,0.0,False
754,Minor Damage,0.0,False
754,Broken,0.0,False
755,Brand New,0.0,False
755,Flawless,0.0,False
755,Good,0.0,False
755,Fair,0.0,False
755,Minor Damage,0.0,False
755,Broken,0.0,False
756,Brand New,0.0,False
756,Flawless,0.0,False
756,Good,0.0,False
756,Fair,0.0,False
756,Minor Damage,0.0,False
756,Broken,0.0,False
757,Brand New,0.0,False
757,Flawless,0.0,False
757,Good,0.0,False
757,Fair,0.0,False
757,Minor Damage,0.0,False
757,Broken,0.0,False
758,Brand New,0.0,False
758,Flawless,0.0,False
758,Good,0.0,False
758,Fair,0.0,False
758,Minor Damage,0.0,False
758,Broken,0.0,False
759,Brand New,0.0,False
759,Flawless,0.0,False
759,Good,0.0,False
759,Fair,0.0,False
759,Minor Damage,0.0,False
759,Broken,0.0,False
760,Brand New,0.0,False
760,Flawless,0.0,False
760,Good,0.0,False
760,Fair,0.0,False
760,Minor Damage,0.0,False
760,Broken,0.0,False
761,Brand New,0.0,False
761,Flawless,0.0,False
761,Good,0.0,False
761,Fair,0.0,False
761,Minor Damage,0.0,False
761,Broken,0.0,False
762,Brand New,0.0,False
762,Flawless,0.0,False
762,Good,0.0,False
762,Fair,0.0,False
762,Minor Damage,0.0,False
762,Broken,0.0,False
763,Brand New,0.0,False
763,Flawless,0.0,False
763,Good,0.0,False
763,Fair,0.0,False
763,Minor Damage,0.0,False
763,Broken,0.0,False
764,Brand New,0.0,False
764,Flawless,0.0,False
764,Good,0.0,False
764,Fair,0.0,False
764,Minor Damage,0.0,False
764,Broken,0.0,False
765,Brand New,0.0,False
765,Flawless,0.0,False
765,Good,0.0,False
765,Fair,0.0,False
765,Minor Damage,0.0,False
765,Broken,0.0,False
766,Brand New,0.0,False
766,Flawless,0.0,False
766,Good,0.0,False
766,Fair,0.0,False
766,Minor Damage,0.0,False
766,Broken,0.0,False
767,Brand New,0.0,False
767,Flawless,0.0,False
767,Good,0.0,False
767,Fair,0.0,False
767,Minor Damage,0.0,False
767,Broken,0.0,False
768,Brand New,0.0,False
768,Flawless,0.0,False
768,Good,0.0,False
768,Fair,0.0,False
768,Minor Damage,0.0,False
768,Broken,0.0,False
769,Brand New,0.0,False
769,Flawless,0.0,False
769,Good,0.0,False
769,Fair,0.0,False
769,Minor Damage,0.0,False
769,Broken,0.0,False
770,Brand New,0.0,False
770,Flawless,0.0,False
770,Good,0.0,False
770,Fair,0.0,False
770,Minor Damage,0.0,False
770,Broken,0.0,False
771,Brand New,0.0,False
771,Flawless,0.0,False
771,Good,0.0,False
771,Fair,0.0,False
771,Minor Damage,0.0,False
771,Broken,0.0,False
772,Brand New,0.0,False
772,Flawless,0.0,False
772,Good,0.0,False
772,Fair,0.0,False
772,Minor Damage,0.0,False
772,Broken,0.0,False
773,Brand New,0.0,False
773,Flawless,0.0,False
773,Good,0.0,False
773,Fair,0.0,False
773,Minor Damage,0.0,False
773,Broken,0.0,False
774,Brand New,0.0,False
774,Flawless,0.0,False
774,Good,0.0,False
774,Fair,0.0,False
774,Minor Damage,0.0,False
774,Broken,0.0,False
775,Brand New,0.0,False
775,Flawless,0.0,False
775,Good,0.0,False
775,Fair,0.0,False
775,Minor Damage,0.0,False
775,Broken,0.0,False
776,Brand New,0.0,False
776,Flawless,0.0,False
776,Good,0.0,False
776,Fair,0.0,False
776,Minor Damage,0.0,False
776,Broken,0.0,False
777,Brand New,0.0,False
777,Flawless,0.0,False
777,Good,0.0,False
777,Fair,0.0,False
777,Minor Damage,0.0,False
777,Broken,0.0,False
778,Brand New,0.0,False
778,Flawless,0.0,False
778,Good,0.0,False
778,Fair,0.0,False
778,Minor Damage,0.0,False
778,Broken,0.0,False
779,Brand New,0.0,False
779,Flawless,0.0,False
779,Good,0.0,False
779,Fair,0.0,False
779,Minor Damage,0.0,False
779,Broken,0.0,False
780,Brand New,0.0,False
780,Flawless,0.0,False
780,Good,0.0,False
780,Fair,0.0,False
780,Minor Damage,0.0,False
780,Broken,0.0,False
781,Brand New,0.0,False
781,Flawless,0.0,False
781,Good,0.0,False
781,Fair,0.0,False
781,Minor Damage,0.0,False
781,Broken,0.0,False
782,Brand New,0.0,False
782,Flawless,0.0,False
782,Good,0.0,False
782,Fair,0.0,False
782,Minor Damage,0.0,False
782,Broken,0.0,False
783,Brand New,0.0,False
783,Flawless,0.0,False
783,Good,0.0,False
783,Fair,0.0,False
783,Minor Damage,0.0,False
783,Broken,0.0,False
784,Brand New,0.0,False
784,Flawless,0.0,False
784,Good,0.0,False
784,Fair,0.0,False
784,Minor Damage,0.0,False
784,Broken,0.0,False
785,Brand New,0.0,False
785,Flawless,0.0,False
785,Good,0.0,False
785,Fair,0.0,False
785,Minor Damage,0.0,False
785,Broken,0.0,False
786,Brand New,0.0,False
786,Flawless,0.0,False
786,Good,0.0,False
786,Fair,0.0,False
786,Minor Damage,0.0,False
786,Broken,0.0,False
787,Brand New,0.0,False
787,Flawless,0.0,False
787,Good,0.0,False
787,Fair,0.0,False
787,Minor Damage,0.0,False
787,Broken,0.0,False
788,Brand New,0.0,False
788,Flawless,0.0,False
788,Good,0.0,False
788,Fair,0.0,False
788,Minor Damage,0.0,False
788,Broken,0.0,False
789,Brand New,0.0,False
789,Flawless,0.0,False
789,Good,0.0,False
789,Fair,0.0,False
789,Minor Damage,0.0,False
789,Broken,0.0,False
790,Brand New,0.0,False
790,Flawless,0.0,False
790,Good,0.0,False
790,Fair,0.0,False
790,Minor Damage,0.0,False
790,Broken,0.0,False
791,Brand New,0.0,False
791,Flawless,0.0,False
791,Good,0.0,False
791,Fair,0.0,False
791,Minor Damage,0.0,False
791,Broken,0.0,False
792,Brand New,0.0,False
792,Flawless,0.0,False
792,Good,0.0,False
792,Fair,0.0,False
792,Minor Damage,0.0,False
792,Broken,0.0,False
793,Brand New,0.0,False
793,Flawless,0.0,False
793,Good,0.0,False
793,Fair,0.0,False
793,Minor Damage,0.0,False
793,Broken,0.0,False
794,Brand New,0.0,False
794,Flawless,0.0,False
794,Good,0.0,False
794,Fair,0.0,False
794,Minor Damage,0.0,False
794,Broken,0.0,False
795,Brand New,0.0,False
795,Flawless,0.0,False
795,Good,0.0,False
795,Fair,0.0,False
795,Minor Damage,0.0,False
795,Broken,0.0,False
796,Brand New,0.0,False
796,Flawless,0.0,False
796,Good,0.0,False
796,Fair,0.0,False
796,Minor Damage,0.0,False
796,Broken,0.0,False
797,Brand New,0.0,False
797,Flawless,0.0,False
797,Good,0.0,False
797,Fair,0.0,False
797,Minor Damage,0.0,False
797,Broken,0.0,False
798,Brand New,0.0,False
798,Flawless,0.0,False
798,Good,0.0,False
798,Fair,0.0,False
798,Minor Damage,0.0,False
798,Broken,0.0,False
799,Brand New,0.0,False
799,Flawless,0.0,False
799,Good,0.0,False
799,Fair,0.0,False
799,Minor Damage,0.0,False
799,Broken,0.0,False
800,Brand New,0.0,False
800,Flawless,0.0,False
800,Good,0.0,False
800,Fair,0.0,False
800,Minor Damage,0.0,False
800,Broken,0.0,False
801,Brand New,0.0,False
801,Flawless,0.0,False
801,Good,0.0,False
801,Fair,0.0,False
801,Minor Damage,0.0,False
801,Broken,0.0,False
802,Brand New,0.0,False
802,Flawless,0.0,False
802,Good,0.0,False
802,Fair,0.0,False
802,Minor Damage,0.0,False
802,Broken,0.0,False
803,Brand New,0.0,False
803,Flawless,0.0,False
803,Good,0.0,False
803,Fair,0.0,False
803,Minor Damage,0.0,False
803,Broken,0.0,False
804,Brand New,0.0,False
804,Flawless,0.0,False
804,Good,0.0,False
804,Fair,0.0,False
804,Minor Damage,0.0,False
804,Broken,0.0,False
805,Brand New,0.0,False
805,Flawless,0.0,False
805,Good,0.0,False
805,Fair,0.0,False
805,Minor Damage,0.0,False
805,Broken,0.0,False
806,Brand New,0.0,False
806,Flawless,0.0,False
806,Good,0.0,False
806,Fair,0.0,False
806,Minor Damage,0.0,False
806,Broken,0.0,False
807,Brand New,0.0,False
807,Flawless,0.0,False
807,Good,0.0,False
807,Fair,0.0,False
807,Minor Damage,0.0,False
807,Broken,0.0,False
808,Brand New,0.0,False
808,Flawless,0.0,False
808,Good,0.0,False
808,Fair,0.0,False
808,Minor Damage,0.0,False
808,Broken,0.0,False
809,Brand New,0.0,False
809,Flawless,0.0,False
809,Good,0.0,False
809,Fair,0.0,False
809,Minor Damage,0.0,False
809,Broken,0.0,False
810,Brand New,0.0,False
810,Flawless,0.0,False
810,Good,0.0,False
810,Fair,0.0,False
810,Minor Damage,0.0,False
810,Broken,0.0,False
811,Brand New,0.0,False
811,Flawless,0.0,False
811,Good,0.0,False
811,Fair,0.0,False
811,Minor Damage,0.0,False
811,Broken,0.0,False
812,Brand New,0.0,True
812,Flawless,0.0,True
812,Good,0.0,True
812,Fair,0.0,True
812,Minor Damage,0.0,True
812,Broken,0.0,True
813,Brand New,0.0,False
813,Flawless,0.0,False
813,Good,0.0,False
813,Fair,0.0,False
813,Minor Damage,0.0,False
813,Broken,0.0,False
814,Brand New,0.0,False
814,Flawless,0.0,False
814,Good,0.0,False
814,Fair,0.0,False
814,Minor Damage,0.0,False
814,Broken,0.0,False
815,Brand New,0.0,False
815,Flawless,0.0,False
815,Good,0.0,False
815,Fair,0.0,False
815,Minor Damage,0.0,False
815,Broken,0.0,False
816,Brand New,0.0,False
816,Flawless,0.0,False
816,Good,0.0,False
816,Fair,0.0,False
816,Minor Damage,0.0,False
816,Broken,0.0,False
817,Brand New,0.0,False
817,Flawless,0.0,False
817,Good,0.0,False
817,Fair,0.0,False
817,Minor Damage,0.0,False
817,Broken,0.0,False
818,Brand New,0.0,False
818,Flawless,0.0,False
818,Good,0.0,False
818,Fair,0.0,False
818,Minor Damage,0.0,False
818,Broken,0.0,False
819,Brand New,0.0,False
819,Flawless,0.0,False
819,Good,0.0,False
819,Fair,0.0,False
819,Minor Damage,0.0,False
819,Broken,0.0,False
820,Brand New,0.0,False
820,Flawless,0.0,False
820,Good,0.0,False
820,Fair,0.0,False
820,Minor Damage,0.0,False
820,Broken,0.0,False
821,Brand New,0.0,False
821,Flawless,0.0,False
821,Good,0.0,False
821,Fair,0.0,False
821,Minor Damage,0.0,False
821,Broken,0.0,False
822,Brand New,0.0,False
822,Flawless,0.0,False
822,Good,0.0,False
822,Fair,0.0,False
822,Minor Damage,0.0,False
822,Broken,0.0,False
823,Brand New,0.0,False
823,Flawless,0.0,False
823,Good,0.0,False
823,Fair,0.0,False
823,Minor Damage,0.0,False
823,Broken,0.0,False
824,Brand New,0.0,False
824,Flawless,0.0,False
824,Good,0.0,False
824,Fair,0.0,False
824,Minor Damage,0.0,False
824,Broken,0.0,False
825,Brand New,0.0,False
825,Flawless,0.0,False
825,Good,0.0,False
825,Fair,0.0,False
825,Minor Damage,0.0,False
825,Broken,0.0,False
826,Brand New,0.0,False
826,Flawless,0.0,False
826,Good,0.0,False
826,Fair,0.0,False
826,Minor Damage,0.0,False
826,Broken,0.0,False
827,Brand New,0.0,False
827,Flawless,0.0,False
827,Good,0.0,False
827,Fair,0.0,False
827,Minor Damage,0.0,False
827,Broken,0.0,False
828,Brand New,0.0,False
828,Flawless,0.0,False
828,Good,0.0,False
828,Fair,0.0,False
828,Minor Damage,0.0,False
828,Broken,0.0,False
829,Brand New,0.0,False
829,Flawless,0.0,False
829,Good,0.0,False
829,Fair,0.0,False
829,Minor Damage,0.0,False
829,Broken,0.0,False
830,Brand New,0.0,False
830,Flawless,0.0,False
830,Good,0.0,False
830,Fair,0.0,False
830,Minor Damage,0.0,False
830,Broken,0.0,False
831,Brand New,0.0,False
831,Flawless,0.0,False
831,Good,0.0,False
831,Fair,0.0,False
831,Minor Damage,0.0,False
831,Broken,0.0,False
832,Brand New,0.0,False
832,Flawless,0.0,True
832,Good,0.0,True
832,Fair,0.0,True
832,Minor Damage,0.0,True
832,Broken,0.0,True
833,Brand New,0.0,False
833,Flawless,0.0,True
833,Good,0.0,True
833,Fair,0.0,True
833,Minor Damage,0.0,True
833,Broken,0.0,True
834,Brand New,0.0,False
834,Flawless,0.0,True
834,Good,0.0,True
834,Fair,0.0,True
834,Minor Damage,0.0,True
834,Broken,0.0,True
835,Brand New,0.0,False
835,Flawless,0.0,True
835,Good,0.0,True
835,Fair,0.0,True
835,Minor Damage,0.0,True
835,Broken,0.0,True
836,Brand New,0.0,False
836,Flawless,0.0,True
836,Good,0.0,True
836,Fair,0.0,True
836,Minor Damage,0.0,True
836,Broken,0.0,True
837,Brand New,0.0,False
837,Flawless,0.0,True
837,Good,0.0,True
837,Fair,0.0,True
837,Minor Damage,0.0,True
837,Broken,0.0,True
838,Brand New,0.0,False
838,Flawless,0.0,True
838,Good,0.0,True
838,Fair,0.0,True
838,Minor Damage,0.0,True
838,Broken,0.0,True
839,Brand New,0.0,False
839,Flawless,0.0,True
839,Good,0.0,True
839,Fair,0.0,True
839,Minor Damage,0.0,True
839,Broken,0.0,True
840,Brand New,0.0,False
840,Flawless,0.0,True
840,Good,0.0,True
840,Fair,0.0,True
840,Minor Damage,0.0,True
840,Broken,0.0,True
841,Brand New,0.0,False
841,Flawless,0.0,False
841,Good,0.0,False
841,Fair,0.0,False
841,Minor Damage,0.0,False
841,Broken,0.0,False
842,Brand New,0.0,False
842,Flawless,0.0,True
842,Good,0.0,True
842,Fair,0.0,True
842,Minor Damage,0.0,True
842,Broken,0.0,True
843,Brand New,0.0,False
843,Flawless,0.0,True
843,Good,0.0,True
843,Fair,0.0,True
843,Minor Damage,0.0,True
843,Broken,0.0,True
844,Brand New,0.0,False
844,Flawless,0.0,True
844,Good,0.0,True
844,Fair,0.0,True
844,Minor Damage,0.0,True
844,Broken,0.0,True
845,Brand New,0.0,False
845,Flawless,0.0,False
845,Good,0.0,False
845,Fair,0.0,False
845,Minor Damage,0.0,False
845,Broken,0.0,False
846,Brand New,0.0,False
846,Flawless,0.0,True
846,Good,0.0,True
846,Fair,0.0,True
846,Minor Damage,0.0,True
846,Broken,0.0,True
847,Brand New,0.0,False
847,Flawless,0.0,True
847,Good,0.0,True
847,Fair,0.0,True
847,Minor Damage,0.0,True
847,Broken,0.0,True
848,Brand New,0.0,False
848,Flawless,0.0,True
848,Good,0.0,True
848,Fair,0.0,True
848,Minor Damage,0.0,True
848,Broken,0.0,True
849,Brand New,0.0,False
849,Flawless,0.0,False
849,Good,0.0,False
849,Fair,0.0,False
849,Minor Damage,0.0,False
849,Broken,0.0,False
850,Brand New,0.0,False
850,Flawless,0.0,True
850,Good,0.0,True
850,Fair,0.0,True
850,Minor Damage,0.0,True
850,Broken,0.0,True
851,Brand New,0.0,False
851,Flawless,0.0,True
851,Good,0.0,True
851,Fair,0.0,True
851,Minor Damage,0.0,True
851,Broken,0.0,True
852,Brand New,0.0,False
852,Flawless,0.0,True
852,Good,0.0,True
852,Fair,0.0,True
852,Minor Damage,0.0,True
852,Broken,0.0,True
853,Brand New,0.0,False
853,Flawless,0.0,True
853,Good,0.0,True
853,Fair,0.0,True
853,Minor Damage,0.0,True
853,Broken,0.0,True
854,Brand New,0.0,False
854,Flawless,0.0,True
854,Good,0.0,True
854,Fair,0.0,True
854,Minor Damage,0.0,True
854,Broken,0.0,True
855,Brand New,0.0,False
855,Flawless,0.0,True
855,Good,0.0,True
855,Fair,0.0,True
855,Minor Damage,0.0,True
855,Broken,0.0,True
856,Brand New,0.0,False
856,Flawless,0.0,True
856,Good,0.0,True
856,Fair,0.0,True
856,Minor Damage,0.0,True
856,Broken,0.0,True
857,Brand New,0.0,False
857,Flawless,0.0,True
857,Good,0.0,True
857,Fair,0.0,True
857,Minor Damage,0.0,True
857,Broken,0.0,True
858,Brand New,0.0,False
858,Flawless,0.0,True
858,Good,0.0,True
858,Fair,0.0,True
858,Minor Damage,0.0,True
858,Broken,0.0,True
859,Brand New,0.0,False
859,Flawless,0.0,True
859,Good,0.0,True
859,Fair,0.0,True
859,Minor Damage,0.0,True
859,Broken,0.0,True
860,Brand New,0.0,False
860,Flawless,40.0,True
860,Good,25.0,True
860,Fair,10.0,True
860,Minor Damage,5.0,True
860,Broken,0.0,True
861,Brand New,0.0,False
861,Flawless,0.0,False
861,Good,0.0,False
861,Fair,0.0,False
861,Minor Damage,0.0,False
861,Broken,0.0,False
862,Brand New,0.0,False
862,Flawless,40.0,True
862,Good,25.0,True
862,Fair,5.0,True
862,Minor Damage,5.0,True
862,Broken,0.0,True
863,Brand New,0.0,True
863,Flawless,0.0,True
863,Good,0.0,True
863,Fair,0.0,True
863,Minor Damage,0.0,True
863,Broken,0.0,True
864,Brand New,0.0,False
864,Flawless,70.0,True
864,Good,55.0,True
864,Fair,40.0,True
864,Minor Damage,15.0,True
864,Broken,0.0,True
865,Brand New,0.0,False
865,Flawless,60.0,True
865,Good,45.0,True
865,Fair,30.0,True
865,Minor Damage,10.0,True
865,Broken,0.0,True
866,Brand New,0.0,False
866,Flawless,0.0,False
866,Good,0.0,False
866,Fair,0.0,False
866,Minor Damage,0.0,False
866,Broken,0.0,False
867,Brand New,0.0,False
867,Flawless,40.0,True
867,Good,25.0,True
867,Fair,10.0,True
867,Minor Damage,5.0,True
867,Broken,0.0,True
868,Brand New,0.0,True
868,Flawless,0.0,True
868,Good,0.0,True
868,Fair,0.0,True
868,Minor Damage,0.0,True
868,Broken,0.0,True
869,Brand New,0.0,False
869,Flawless,90.0,True
869,Good,75.0,True
869,Fair,60.0,True
869,Minor Damage,25.0,True
869,Broken,0.0,True
870,Brand New,95.0,True
870,Flawless,55.0,True
870,Good,40.0,True
870,Fair,10.0,True
870,Minor Damage,5.0,True
870,Broken,0.0,True
871,Brand New,0.0,False
871,Flawless,0.0,False
871,Good,0.0,False
871,Fair,0.0,False
871,Minor Damage,0.0,False
871,Broken,0.0,False
872,Brand New,75.0,True
872,Flawless,45.0,True
872,Good,30.0,True
872,Fair,20.0,True
872,Minor Damage,10.0,True
872,Broken,0.0,True
873,Brand New,0.0,False
873,Flawless,0.0,False
873,Good,0.0,False
873,Fair,0.0,False
873,Minor Damage,0.0,False
873,Broken,0.0,False
874,Brand New,155.0,True
874,Flawless,115.0,True
874,Good,100.0,True
874,Fair,60.0,True
874,Minor Damage,20.0,True
874,Broken,0.0,True
875,Brand New,115.0,True
875,Flawless,75.0,True
875,Good,60.0,True
875,Fair,25.0,True
875,Minor Damage,10.0,True
875,Broken,0.0,True
876,Brand New,0.0,False
876,Flawless,0.0,False
876,Good,0.0,False
876,Fair,0.0,False
876,Minor Damage,0.0,False
876,Broken,0.0,False
877,Brand New,95.0,True
877,Flawless,55.0,True
877,Good,40.0,True
877,Fair,15.0,True
877,Minor Damage,10.0,True
877,Broken,0.0,True
878,Brand New,0.0,True
878,Flawless,0.0,True
878,Good,0.0,True
878,Fair,0.0,True
878,Minor Damage,0.0,True
878,Broken,0.0,True
879,Brand New,175.0,True
879,Flawless,135.0,True
879,Good,120.0,True
879,Fair,80.0,True
879,Minor Damage,20.0,True
879,Broken,0.0,True
880,Brand New,120.0,True
880,Flawless,80.0,True
880,Good,65.0,True
880,Fair,25.0,True
880,Minor Damage,10.0,True
880,Broken,0.0,True
881,Brand New,0.0,True
881,Flawless,0.0,True
881,Good,0.0,True
881,Fair,0.0,True
881,Minor Damage,0.0,True
881,Broken,0.0,True
882,Brand New,100.0,True
882,Flawless,60.0,True
882,Good,45.0,True
882,Fair,15.0,True
882,Minor Damage,10.0,True
882,Broken,0.0,True
883,Brand New,0.0,False
883,Flawless,0.0,False
883,Good,0.0,False
883,Fair,0.0,False
883,Minor Damage,0.0,False
883,Broken,0.0,False
884,Brand New,180.0,True
884,Flawless,140.0,True
884,Good,125.0,True
884,Fair,85.0,True
884,Minor Damage,20.0,True
884,Broken,0.0,True
885,Brand New,0.0,False
885,Flawless,90.0,True
885,Good,70.0,True
885,Fair,35.0,True
885,Minor Damage,10.0,True
885,Broken,0.0,True
886,Brand New,0.0,False
886,Flawless,65.0,True
886,Good,45.0,True
886,Fair,20.0,True
886,Minor Damage,10.0,True
886,Broken,0.0,True
887,Brand New,0.0,False
887,Flawless,55.0,True
887,Good,35.0,True
887,Fair,15.0,True
887,Minor Damage,5.0,True
887,Broken,0.0,True
888,Brand New,0.0,False
888,Flawless,0.0,False
888,Good,0.0,False
888,Fair,0.0,False
888,Minor Damage,0.0,False
888,Broken,0.0,False
889,Brand New,0.0,False
889,Flawless,115.0,True
889,Good,95.0,True
889,Fair,60.0,True
889,Minor Damage,15.0,True
889,Broken,0.0,True
890,Brand New,0.0,True
890,Flawless,0.0,True
890,Good,0.0,True
890,Fair,0.0,True
890,Minor Damage,0.0,True
890,Broken,0.0,True
891,Brand New,0.0,True
891,Flawless,0.0,True
891,Good,0.0,True
891,Fair,0.0,True
891,Minor Damage,0.0,True
891,Broken,0.0,True
892,Brand New,0.0,True
892,Flawless,0.0,True
892,Good,0.0,True
892,Fair,0.0,True
892,Minor Damage,0.0,True
892,Broken,0.0,True
893,Brand New,0.0,False
893,Flawless,0.0,False
893,Good,0.0,False
893,Fair,0.0,False
893,Minor Damage,0.0,False
893,Broken,0.0,False
894,Brand New,225.0,True
894,Flawless,175.0,True
894,Good,150.0,True
894,Fair,100.0,True
894,Minor Damage,35.0,True
894,Broken,0.0,True
895,Brand New,0.0,True
895,Flawless,0.0,True
895,Good,0.0,True
895,Fair,0.0,True
895,Minor Damage,0.0,True
895,Broken,0.0,True
896,Brand New,0.0,True
896,Flawless,0.0,True
896,Good,0.0,True
896,Fair,0.0,True
896,Minor Damage,0.0,True
896,Broken,0.0,True
897,Brand New,0.0,True
897,Flawless,0.0,True
897,Good,0.0,True
897,Fair,0.0,True
897,Minor Damage,0.0,True
897,Broken,0.0,True
898,Brand New,0.0,False
898,Flawless,0.0,False
898,Good,0.0,False
898,Fair,0.0,False
898,Minor Damage,0.0,False
898,Broken,0.0,False
899,Brand New,265.0,True
899,Flawless,215.0,True
899,Good,190.0,True
899,Fair,145.0,True
899,Minor Damage,36.0,True
899,Broken,0.0,True
900,Brand New,175.0,True
900,Flawless,135.0,True
900,Good,115.0,True
900,Fair,70.0,True
900,Minor Damage,25.0,True
900,Broken,0.0,True
901,Brand New,150.0,True
901,Flawless,110.0,True
901,Good,90.0,True
901,Fair,40.0,True
901,Minor Damage,20.0,True
901,Broken,0.0,True
902,Brand New,150.0,True
902,Flawless,110.0,True
902,Good,90.0,True
902,Fair,40.0,True
902,Minor Damage,35.0,True
902,Broken,0.0,True
903,Brand New,0.0,False
903,Flawless,0.0,False
903,Good,0.0,False
903,Fair,0.0,False
903,Minor Damage,0.0,False
903,Broken,0.0,False
904,Brand New,200.0,True
904,Flawless,160.0,True
904,Good,140.0,True
904,Fair,90.0,True
904,Minor Damage,50.0,True
904,Broken,0.0,True
905,Brand New,200.0,True
905,Flawless,160.0,True
905,Good,140.0,True
905,Fair,105.0,True
905,Minor Damage,35.0,True
905,Broken,0.0,True
906,Brand New,175.0,True
906,Flawless,135.0,True
906,Good,115.0,True
906,Fair,100.0,True
906,Minor Damage,30.0,True
906,Broken,0.0,True
907,Brand New,175.0,True
907,Flawless,135.0,True
907,Good,115.0,True
907,Fair,100.0,True
907,Minor Damage,45.0,True
907,Broken,0.0,True
908,Brand New,0.0,False
908,Flawless,0.0,False
908,Good,0.0,False
908,Fair,0.0,False
908,Minor Damage,0.0,False
908,Broken,0.0,False
909,Brand New,225.0,True
909,Flawless,185.0,True
909,Good,165.0,True
909,Fair,100.0,True
909,Minor Damage,60.0,True
909,Broken,0.0,True
910,Brand New,235.0,True
910,Flawless,185.0,True
910,Good,140.0,True
910,Fair,100.0,True
910,Minor Damage,20.0,True
910,Broken,0.0,True
911,Brand New,215.0,True
911,Flawless,165.0,True
911,Good,120.0,True
911,Fair,80.0,True
911,Minor Damage,20.0,True
911,Broken,0.0,True
912,Brand New,0.0,True
912,Flawless,0.0,True
912,Good,0.0,True
912,Fair,0.0,True
912,Minor Damage,0.0,True
912,Broken,0.0,True
913,Brand New,0.0,False
913,Flawless,0.0,False
913,Good,0.0,False
913,Fair,0.0,False
913,Minor Damage,0.0,False
913,Broken,0.0,False
914,Brand New,265.0,True
914,Flawless,215.0,True
914,Good,170.0,True
914,Fair,130.0,True
914,Minor Damage,40.0,True
914,Broken,0.0,True
915,Brand New,245.0,True
915,Flawless,195.0,True
915,Good,150.0,True
915,Fair,110.0,True
915,Minor Damage,22.0,True
915,Broken,0.0,True
916,Brand New,225.0,True
916,Flawless,175.0,True
916,Good,130.0,True
916,Fair,90.0,True
916,Minor Damage,22.0,True
916,Broken,0.0,True
917,Brand New,0.0,True
917,Flawless,0.0,True
917,Good,0.0,True
917,Fair,0.0,True
917,Minor Damage,0.0,True
917,Broken,0.0,True
918,Brand New,0.0,False
918,Flawless,0.0,False
918,Good,0.0,False
918,Fair,0.0,False
918,Minor Damage,0.0,False
918,Broken,0.0,False
919,Brand New,275.0,True
919,Flawless,225.0,True
919,Good,180.0,True
919,Fair,140.0,True
919,Minor Damage,42.0,True
919,Broken,0.0,True
920,Brand New,265.0,True
920,Flawless,215.0,True
920,Good,160.0,True
920,Fair,125.0,True
920,Minor Damage,23.0,True
920,Broken,0.0,True
921,Brand New,245.0,True
921,Flawless,195.0,True
921,Good,150.0,True
921,Fair,110.0,True
921,Minor Damage,23.0,True
921,Broken,0.0,True
922,Brand New,0.0,True
922,Flawless,0.0,True
922,Good,0.0,True
922,Fair,0.0,True
922,Minor Damage,0.0,True
922,Broken,0.0,True
923,Brand New,0.0,False
923,Flawless,0.0,False
923,Good,0.0,False
923,Fair,0.0,False
923,Minor Damage,0.0,False
923,Broken,0.0,False
924,Brand New,265.0,True
924,Flawless,215.0,True
924,Good,170.0,True
924,Fair,130.0,True
924,Minor Damage,23.0,True
924,Broken,0.0,True
925,Brand New,275.0,True
925,Flawless,225.0,True
925,Good,170.0,True
925,Fair,140.0,True
925,Minor Damage,25.0,True
925,Broken,0.0,True
926,Brand New,255.0,True
926,Flawless,205.0,True
926,Good,160.0,True
926,Fair,120.0,True
926,Minor Damage,25.0,True
926,Broken,0.0,True
927,Brand New,0.0,True
927,Flawless,0.0,True
927,Good,0.0,True
927,Fair,0.0,True
927,Minor Damage,0.0,True
927,Broken,0.0,True
928,Brand New,0.0,False
928,Flawless,0.0,False
928,Good,0.0,False
928,Fair,0.0,False
928,Minor Damage,0.0,False
928,Broken,0.0,False
929,Brand New,305.0,True
929,Flawless,255.0,True
929,Good,200.0,True
929,Fair,165.0,True
929,Minor Damage,40.0,True
929,Broken,0.0,True
930,Brand New,155.0,True
930,Flawless,115.0,True
930,Good,95.0,True
930,Fair,55.0,True
930,Minor Damage,10.0,True
930,Broken,5.0,True
931,Brand New,0.0,False
931,Flawless,0.0,False
931,Good,0.0,False
931,Fair,0.0,False
931,Minor Damage,0.0,False
931,Broken,0.0,False
932,Brand New,130.0,True
932,Flawless,90.0,True
932,Good,70.0,True
932,Fair,30.0,True
932,Minor Damage,10.0,True
932,Broken,5.0,True
933,Brand New,0.0,False
933,Flawless,0.0,False
933,Good,0.0,False
933,Fair,0.0,False
933,Minor Damage,0.0,False
933,Broken,0.0,False
934,Brand New,180.0,True
934,Flawless,140.0,True
934,Good,120.0,True
934,Fair,80.0,True
934,Minor Damage,20.0,True
934,Broken,5.0,True
935,Brand New,165.0,True
935,Flawless,125.0,True
935,Good,105.0,True
935,Fair,65.0,True
935,Minor Damage,10.0,True
935,Broken,5.0,True
936,Brand New,0.0,True
936,Flawless,0.0,True
936,Good,0.0,True
936,Fair,0.0,True
936,Minor Damage,0.0,True
936,Broken,0.0,True
937,Brand New,140.0,True
937,Flawless,100.0,True
937,Good,80.0,True
937,Fair,40.0,True
937,Minor Damage,10.0,True
937,Broken,5.0,True
938,Brand New,0.0,False
938,Flawless,0.0,False
938,Good,0.0,False
938,Fair,0.0,False
938,Minor Damage,0.0,False
938,Broken,0.0,False
939,Brand New,190.0,True
939,Flawless,150.0,True
939,Good,130.0,True
939,Fair,90.0,True
939,Minor Damage,20.0,True
939,Broken,5.0,True
940,Brand New,0.0,True
940,Flawless,0.0,True
940,Good,0.0,True
940,Fair,0.0,True
940,Minor Damage,0.0,True
940,Broken,0.0,True
941,Brand New,0.0,True
941,Flawless,0.0,True
941,Good,0.0,True
941,Fair,0.0,True
941,Minor Damage,0.0,True
941,Broken,0.0,True
942,Brand New,0.0,True
942,Flawless,0.0,True
942,Good,0.0,True
942,Fair,0.0,True
942,Minor Damage,0.0,True
942,Broken,0.0,True
943,Brand New,0.0,False
943,Flawless,0.0,False
943,Good,0.0,False
943,Fair,0.0,False
943,Minor Damage,0.0,False
943,Broken,0.0,False
944,Brand New,510.0,True
944,Flawless,460.0,True
944,Good,410.0,True
944,Fair,330.0,True
944,Minor Damage,110.0,True
944,Broken,20.0,True
945,Brand New,0.0,True
945,Flawless,0.0,True
945,Good,0.0,True
945,Fair,0.0,True
945,Minor Damage,0.0,True
945,Broken,0.0,True
946,Brand New,0.0,True
946,Flawless,0.0,True
946,Good,0.0,True
946,Fair,0.0,True
946,Minor Damage,0.0,True
946,Broken,0.0,True
947,Brand New,0.0,True
947,Flawless,0.0,True
947,Good,0.0,True
947,Fair,0.0,True
947,Minor Damage,0.0,True
947,Broken,0.0,True
948,Brand New,0.0,False
948,Flawless,0.0,False
948,Good,0.0,False
948,Fair,0.0,False
948,Minor Damage,0.0,False
948,Broken,0.0,False
949,Brand New,540.0,True
949,Flawless,490.0,True
949,Good,440.0,True
949,Fair,360.0,True
949,Minor Damage,120.0,True
949,Broken,20.0,True
950,Brand New,0.0,True
950,Flawless,0.0,True
950,Good,0.0,True
950,Fair,0.0,True
950,Minor Damage,0.0,True
950,Broken,0.0,True
951,Brand New,0.0,True
951,Flawless,0.0,True
951,Good,0.0,True
951,Fair,0.0,True
951,Minor Damage,0.0,True
951,Broken,0.0,True
952,Brand New,0.0,True
952,Flawless,0.0,True
952,Good,0.0,True
952,Fair,0.0,True
952,Minor Damage,0.0,True
952,Broken,0.0,True
953,Brand New,0.0,False
953,Flawless,0.0,False
953,Good,0.0,False
953,Fair,0.0,False
953,Minor Damage,0.0,False
953,Broken,0.0,False
954,Brand New,285.0,True
954,Flawless,235.0,True
954,Good,185.0,True
954,Fair,130.0,True
954,Minor Damage,50.0,True
954,Broken,10.0,True
955,Brand New,0.0,True
955,Flawless,0.0,True
955,Good,0.0,True
955,Fair,0.0,True
955,Minor Damage,0.0,True
955,Broken,0.0,True
956,Brand New,0.0,True
956,Flawless,0.0,True
956,Good,0.0,True
956,Fair,0.0,True
956,Minor Damage,0.0,True
956,Broken,0.0,True
957,Brand New,0.0,True
957,Flawless,0.0,True
957,Good,0.0,True
957,Fair,0.0,True
957,Minor Damage,0.0,True
957,Broken,0.0,True
958,Brand New,0.0,False
958,Flawless,0.0,False
958,Good,0.0,False
958,Fair,0.0,False
958,Minor Damage,0.0,False
958,Broken,0.0,False
959,Brand New,305.0,True
959,Flawless,255.0,True
959,Good,205.0,True
959,Fair,150.0,True
959,Minor Damage,50.0,True
959,Broken,10.0,True
960,Brand New,200.0,True
960,Flawless,150.0,True
960,Good,120.0,True
960,Fair,75.0,True
960,Minor Damage,25.0,True
960,Broken,10.0,True
961,Brand New,175.0,True
961,Flawless,125.0,True
961,Good,95.0,True
961,Fair,50.0,True
961,Minor Damage,25.0,True
961,Broken,10.0,True
962,Brand New,0.0,True
962,Flawless,0.0,True
962,Good,0.0,True
962,Fair,0.0,True
962,Minor Damage,0.0,True
962,Broken,0.0,True
963,Brand New,0.0,True
963,Flawless,0.0,True
963,Good,0.0,True
963,Fair,0.0,True
963,Minor Damage,0.0,True
963,Broken,0.0,True
964,Brand New,225.0,True
964,Flawless,175.0,True
964,Good,145.0,True
964,Fair,100.0,True
964,Minor Damage,50.0,True
964,Broken,10.0,True
965,Brand New,220.0,True
965,Flawless,170.0,True
965,Good,140.0,True
965,Fair,95.0,True
965,Minor Damage,30.0,True
965,Broken,10.0,True
966,Brand New,195.0,True
966,Flawless,145.0,True
966,Good,115.0,True
966,Fair,70.0,True
966,Minor Damage,10.0,True
966,Broken,10.0,True
967,Brand New,0.0,True
967,Flawless,0.0,True
967,Good,0.0,True
967,Fair,0.0,True
967,Minor Damage,0.0,True
967,Broken,0.0,True
968,Brand New,0.0,True
968,Flawless,0.0,True
968,Good,0.0,True
968,Fair,0.0,True
968,Minor Damage,0.0,True
968,Broken,0.0,True
969,Brand New,245.0,True
969,Flawless,195.0,True
969,Good,165.0,True
969,Fair,120.0,True
969,Minor Damage,55.0,True
969,Broken,10.0,True
970,Brand New,0.0,True
970,Flawless,0.0,True
970,Good,0.0,True
970,Fair,0.0,True
970,Minor Damage,0.0,True
970,Broken,0.0,True
971,Brand New,0.0,False
971,Flawless,0.0,False
971,Good,0.0,False
971,Fair,0.0,False
971,Minor Damage,0.0,False
971,Broken,0.0,False
972,Brand New,0.0,True
972,Flawless,0.0,True
972,Good,0.0,True
972,Fair,0.0,True
972,Minor Damage,0.0,True
972,Broken,0.0,True
973,Brand New,0.0,False
973,Flawless,0.0,False
973,Good,0.0,False
973,Fair,0.0,False
973,Minor Damage,0.0,False
973,Broken,0.0,False
974,Brand New,320.0,True
974,Flawless,270.0,True
974,Good,230.0,True
974,Fair,165.0,True
974,Minor Damage,55.0,True
974,Broken,10.0,True
975,Brand New,0.0,True
975,Flawless,0.0,True
975,Good,0.0,True
975,Fair,0.0,True
975,Minor Damage,0.0,True
975,Broken,0.0,True
976,Brand New,0.0,False
976,Flawless,0.0,False
976,Good,0.0,False
976,Fair,0.0,False
976,Minor Damage,0.0,False
976,Broken,0.0,False
977,Brand New,0.0,True
977,Flawless,0.0,True
977,Good,0.0,True
977,Fair,0.0,True
977,Minor Damage,0.0,True
977,Broken,0.0,True
978,Brand New,0.0,False
978,Flawless,0.0,False
978,Good,0.0,False
978,Fair,0.0,False
978,Minor Damage,0.0,False
978,Broken,0.0,False
979,Brand New,350.0,True
979,Flawless,300.0,True
979,Good,260.0,True
979,Fair,195.0,True
979,Minor Damage,57.0,True
979,Broken,10.0,True
980,Brand New,0.0,True
980,Flawless,0.0,True
980,Good,0.0,True
980,Fair,0.0,True
980,Minor Damage,0.0,True
980,Broken,0.0,True
981,Brand New,0.0,False
981,Flawless,0.0,False
981,Good,0.0,False
981,Fair,0.0,False
981,Minor Damage,0.0,False
981,Broken,0.0,False
982,Brand New,0.0,True
982,Flawless,0.0,True
982,Good,0.0,True
982,Fair,0.0,True
982,Minor Damage,0.0,True
982,Broken,0.0,True
983,Brand New,0.0,False
983,Flawless,0.0,False
983,Good,0.0,False
983,Fair,0.0,False
983,Minor Damage,0.0,False
983,Broken,0.0,False
984,Brand New,370.0,True
984,Flawless,320.0,True
984,Good,280.0,True
984,Fair,215.0,True
984,Minor Damage,60.0,True
984,Broken,10.0,True
985,Brand New,0.0,True
985,Flawless,0.0,True
985,Good,0.0,True
985,Fair,0.0,True
985,Minor Damage,0.0,True
985,Broken,0.0,True
986,Brand New,0.0,False
986,Flawless,0.0,False
986,Good,0.0,False
986,Fair,0.0,False
986,Minor Damage,0.0,False
986,Broken,0.0,False
987,Brand New,0.0,True
987,Flawless,0.0,True
987,Good,0.0,True
987,Fair,0.0,True
987,Minor Damage,0.0,True
987,Broken,0.0,True
988,Brand New,0.0,False
988,Flawless,0.0,False
988,Good,0.0,False
988,Fair,0.0,False
988,Minor Damage,0.0,False
988,Broken,0.0,False
989,Brand New,395.0,True
989,Flawless,345.0,True
989,Good,305.0,True
989,Fair,240.0,True
989,Minor Damage,65.0,True
989,Broken,10.0,True
990,Brand New,0.0,True
990,Flawless,0.0,True
990,Good,0.0,True
990,Fair,0.0,True
990,Minor Damage,0.0,True
990,Broken,0.0,True
991,Brand New,0.0,False
991,Flawless,0.0,False
991,Good,0.0,False
991,Fair,0.0,False
991,Minor Damage,0.0,False
991,Broken,0.0,False
992,Brand New,0.0,True
992,Flawless,0.0,True
992,Good,0.0,True
992,Fair,0.0,True
992,Minor Damage,0.0,True
992,Broken,0.0,True
993,Brand New,0.0,False
993,Flawless,0.0,False
993,Good,0.0,False
993,Fair,0.0,False
993,Minor Damage,0.0,False
993,Broken,0.0,False
994,Brand New,380.0,True
994,Flawless,330.0,True
994,Good,280.0,True
994,Fair,215.0,True
994,Minor Damage,75.0,True
994,Broken,10.0,True
995,Brand New,0.0,True
995,Flawless,0.0,True
995,Good,0.0,True
995,Fair,0.0,True
995,Minor Damage,0.0,True
995,Broken,0.0,True
996,Brand New,0.0,True
996,Flawless,0.0,True
996,Good,0.0,True
996,Fair,0.0,True
996,Minor Damage,0.0,True
996,Broken,0.0,True
997,Brand New,0.0,True
997,Flawless,0.0,True
997,Good,0.0,True
997,Fair,0.0,True
997,Minor Damage,0.0,True
997,Broken,0.0,True
998,Brand New,0.0,False
998,Flawless,0.0,False
998,Good,0.0,False
998,Fair,0.0,False
998,Minor Damage,0.0,False
998,Broken,0.0,False
999,Brand New,390.0,True
999,Flawless,340.0,True
999,Good,290.0,True
999,Fair,230.0,True
999,Minor Damage,80.0,True
999,Broken,10.0,True
1000,Brand New,0.0,True
1000,Flawless,0.0,True
1000,Good,0.0,True
1000,Fair,0.0,True
1000,Minor Damage,0.0,True
1000,Broken,0.0,True
1001,Brand New,0.0,False
1001,Flawless,0.0,False
1001,Good,0.0,False
1001,Fair,0.0,False
1001,Minor Damage,0.0,False
1001,Broken,0.0,False
1002,Brand New,0.0,True
1002,Flawless,0.0,True
1002,Good,0.0,True
1002,Fair,0.0,True
1002,Minor Damage,0.0,True
1002,Broken,0.0,True
1003,Brand New,0.0,False
1003,Flawless,0.0,False
1003,Good,0.0,False
1003,Fair,0.0,False
1003,Minor Damage,0.0,False
1003,Broken,0.0,False
1004,Brand New,420.0,True
1004,Flawless,370.0,True
1004,Good,320.0,True
1004,Fair,255.0,True
1004,Minor Damage,85.0,True
1004,Broken,10.0,True
1005,Brand New,0.0,True
1005,Flawless,0.0,True
1005,Good,0.0,True
1005,Fair,0.0,True
1005,Minor Damage,0.0,True
1005,Broken,0.0,True
1006,Brand New,0.0,True
1006,Flawless,0.0,True
1006,Good,0.0,True
1006,Fair,0.0,True
1006,Minor Damage,0.0,True
1006,Broken,0.0,True
1007,Brand New,0.0,True
1007,Flawless,0.0,True
1007,Good,0.0,True
1007,Fair,0.0,True
1007,Minor Damage,0.0,True
1007,Broken,0.0,True
1008,Brand New,0.0,False
1008,Flawless,0.0,False
1008,Good,0.0,False
1008,Fair,0.0,False
1008,Minor Damage,0.0,False
1008,Broken,0.0,False
1009,Brand New,440.0,True
1009,Flawless,390.0,True
1009,Good,330.0,True
1009,Fair,275.0,True
1009,Minor Damage,90.0,True
1009,Broken,10.0,True
1010,Brand New,560.0,True
1010,Flawless,510.0,True
1010,Good,470.0,True
1010,Fair,380.0,True
1010,Minor Damage,90.0,True
1010,Broken,20.0,True
1011,Brand New,510.0,True
1011,Flawless,460.0,True
1011,Good,420.0,True
1011,Fair,330.0,True
1011,Minor Damage,65.0,True
1011,Broken,20.0,True
1012,Brand New,310.0,True
1012,Flawless,260.0,True
1012,Good,220.0,True
1012,Fair,130.0,True
1012,Minor Damage,25.0,True
1012,Broken,20.0,True
1013,Brand New,0.0,True
1013,Flawless,0.0,True
1013,Good,0.0,True
1013,Fair,0.0,True
1013,Minor Damage,0.0,True
1013,Broken,0.0,True
1014,Brand New,730.0,True
1014,Flawless,680.0,True
1014,Good,580.0,True
1014,Fair,365.0,True
1014,Minor Damage,90.0,True
1014,Broken,20.0,True
1015,Brand New,590.0,True
1015,Flawless,540.0,True
1015,Good,500.0,True
1015,Fair,410.0,True
1015,Minor Damage,105.0,True
1015,Broken,20.0,True
1016,Brand New,540.0,True
1016,Flawless,490.0,True
1016,Good,450.0,True
1016,Fair,360.0,True
1016,Minor Damage,80.0,True
1016,Broken,20.0,True
1017,Brand New,340.0,True
1017,Flawless,290.0,True
1017,Good,250.0,True
1017,Fair,160.0,True
1017,Minor Damage,40.0,True
1017,Broken,20.0,True
1018,Brand New,0.0,True
1018,Flawless,0.0,True
1018,Good,0.0,True
1018,Fair,0.0,True
1018,Minor Damage,0.0,True
1018,Broken,0.0,True
1019,Brand New,770.0,True
1019,Flawless,720.0,True
1019,Good,610.0,True
1019,Fair,390.0,True
1019,Minor Damage,95.0,True
1019,Broken,20.0,True
1020,Brand New,620.0,True
1020,Flawless,570.0,True
1020,Good,530.0,True
1020,Fair,440.0,True
1020,Minor Damage,120.0,True
1020,Broken,20.0,True
1021,Brand New,570.0,True
1021,Flawless,520.0,True
1021,Good,480.0,True
1021,Fair,390.0,True
1021,Minor Damage,95.0,True
1021,Broken,20.0,True
1022,Brand New,370.0,True
1022,Flawless,320.0,True
1022,Good,280.0,True
1022,Fair,190.0,True
1022,Minor Damage,55.0,True
1022,Broken,20.0,True
1023,Brand New,0.0,True
1023,Flawless,0.0,True
1023,Good,0.0,True
1023,Fair,0.0,True
1023,Minor Damage,0.0,True
1023,Broken,0.0,True
1024,Brand New,810.0,True
1024,Flawless,760.0,True
1024,Good,660.0,True
1024,Fair,420.0,True
1024,Minor Damage,100.0,True
1024,Broken,20.0,True
1025,Brand New,355.0,True
1025,Flawless,305.0,True
1025,Good,280.0,True
1025,Fair,215.0,True
1025,Minor Damage,50.0,True
1025,Broken,10.0,True
1026,Brand New,330.0,True
1026,Flawless,280.0,True
1026,Good,255.0,True
1026,Fair,190.0,True
1026,Minor Damage,25.0,True
1026,Broken,10.0,True
1027,Brand New,180.0,True
1027,Flawless,130.0,True
1027,Good,105.0,True
1027,Fair,40.0,True
1027,Minor Damage,30.0,True
1027,Broken,10.0,True
1028,Brand New,0.0,True
1028,Flawless,0.0,True
1028,Good,0.0,True
1028,Fair,0.0,True
1028,Minor Damage,0.0,True
1028,Broken,0.0,True
1029,Brand New,380.0,True
1029,Flawless,330.0,True
1029,Good,285.0,True
1029,Fair,188.0,True
1029,Minor Damage,50.0,True
1029,Broken,10.0,True
1030,Brand New,375.0,True
1030,Flawless,325.0,True
1030,Good,300.0,True
1030,Fair,235.0,True
1030,Minor Damage,60.0,True
1030,Broken,0.0,True
1031,Brand New,350.0,True
1031,Flawless,300.0,True
1031,Good,275.0,True
1031,Fair,210.0,True
1031,Minor Damage,35.0,True
1031,Broken,10.0,True
1032,Brand New,200.0,True
1032,Flawless,150.0,True
1032,Good,125.0,True
1032,Fair,60.0,True
1032,Minor Damage,44.0,True
1032,Broken,10.0,True
1033,Brand New,0.0,True
1033,Flawless,0.0,True
1033,Good,0.0,True
1033,Fair,0.0,True
1033,Minor Damage,0.0,True
1033,Broken,0.0,True
1034,Brand New,400.0,True
1034,Flawless,350.0,True
1034,Good,305.0,True
1034,Fair,204.0,True
1034,Minor Damage,47.0,True
1034,Broken,10.0,True
1035,Brand New,0.0,True
1035,Flawless,0.0,True
1035,Good,0.0,True
1035,Fair,0.0,True
1035,Minor Damage,0.0,True
1035,Broken,0.0,True
1036,Brand New,0.0,True
1036,Flawless,0.0,True
1036,Good,0.0,True
1036,Fair,0.0,True
1036,Minor Damage,0.0,True
1036,Broken,0.0,True
1037,Brand New,0.0,True
1037,Flawless,0.0,True
1037,Good,0.0,True
1037,Fair,0.0,True
1037,Minor Damage,0.0,True
1037,Broken,0.0,True
1038,Brand New,0.0,True
1038,Flawless,0.0,True
1038,Good,0.0,True
1038,Fair,0.0,True
1038,Minor Damage,0.0,True
1038,Broken,0.0,True
1039,Brand New,0.0,True
1039,Flawless,0.0,True
1039,Good,0.0,True
1039,Fair,0.0,True
1039,Minor Damage,0.0,True
1039,Broken,0.0,True
1040,Brand New,0.0,True
1040,Flawless,0.0,True
1040,Good,0.0,True
1040,Fair,0.0,True
1040,Minor Damage,0.0,True
1040,Broken,0.0,True
1041,Brand New,0.0,True
1041,Flawless,0.0,True
1041,Good,0.0,True
1041,Fair,0.0,True
1041,Minor Damage,0.0,True
1041,Broken,0.0,True
1042,Brand New,0.0,True
1042,Flawless,0.0,True
1042,Good,0.0,True
1042,Fair,0.0,True
1042,Minor Damage,0.0,True
1042,Broken,0.0,True
1043,Brand New,0.0,True
1043,Flawless,0.0,True
1043,Good,0.0,True
1043,Fair,0.0,True
1043,Minor Damage,0.0,True
1043,Broken,0.0,True
1044,Brand New,0.0,True
1044,Flawless,0.0,True
1044,Good,0.0,True
1044,Fair,0.0,True
1044,Minor Damage,0.0,True
1044,Broken,0.0,True
1045,Brand New,400.0,True
1045,Flawless,350.0,True
1045,Good,330.0,True
1045,Fair,250.0,True
1045,Minor Damage,50.0,True
1045,Broken,10.0,True
1046,Brand New,400.0,True
1046,Flawless,350.0,True
1046,Good,330.0,True
1046,Fair,250.0,True
1046,Minor Damage,50.0,True
1046,Broken,10.0,True
1047,Brand New,250.0,True
1047,Flawless,200.0,True
1047,Good,180.0,True
1047,Fair,100.0,True
1047,Minor Damage,47.0,True
1047,Broken,10.0,True
1048,Brand New,0.0,True
1048,Flawless,0.0,True
1048,Good,0.0,True
1048,Fair,0.0,True
1048,Minor Damage,0.0,True
1048,Broken,0.0,True
1049,Brand New,465.0,True
1049,Flawless,415.0,True
1049,Good,355.0,True
1049,Fair,275.0,True
1049,Minor Damage,55.0,True
1049,Broken,10.0,True
1050,Brand New,465.0,True
1050,Flawless,415.0,True
1050,Good,395.0,True
1050,Fair,315.0,True
1050,Minor Damage,60.0,True
1050,Broken,10.0,True
1051,Brand New,465.0,True
1051,Flawless,415.0,True
1051,Good,395.0,True
1051,Fair,315.0,True
1051,Minor Damage,60.0,True
1051,Broken,10.0,True
1052,Brand New,315.0,True
1052,Flawless,265.0,True
1052,Good,245.0,True
1052,Fair,165.0,True
1052,Minor Damage,50.0,True
1052,Broken,10.0,True
1053,Brand New,0.0,True
1053,Flawless,0.0,True
1053,Good,0.0,True
1053,Fair,0.0,True
1053,Minor Damage,0.0,True
1053,Broken,0.0,True
1054,Brand New,505.0,True
1054,Flawless,455.0,True
1054,Good,405.0,True
1054,Fair,315.0,True
1054,Minor Damage,60.0,True
1054,Broken,10.0,True
1055,Brand New,485.0,True
1055,Flawless,435.0,True
1055,Good,415.0,True
1055,Fair,335.0,True
1055,Minor Damage,70.0,True
1055,Broken,10.0,True
1056,Brand New,485.0,True
1056,Flawless,435.0,True
1056,Good,415.0,True
1056,Fair,335.0,True
1056,Minor Damage,70.0,True
1056,Broken,10.0,True
1057,Brand New,335.0,True
1057,Flawless,285.0,True
1057,Good,265.0,True
1057,Fair,185.0,True
1057,Minor Damage,55.0,True
1057,Broken,10.0,True
1058,Brand New,0.0,True
1058,Flawless,0.0,True
1058,Good,0.0,True
1058,Fair,0.0,True
1058,Minor Damage,0.0,True
1058,Broken,0.0,True
1059,Brand New,540.0,True
1059,Flawless,490.0,True
1059,Good,440.0,True
1059,Fair,280.0,True
1059,Minor Damage,70.0,True
1059,Broken,10.0,True
1060,Brand New,500.0,True
1060,Flawless,450.0,True
1060,Good,430.0,True
1060,Fair,350.0,True
1060,Minor Damage,85.0,True
1060,Broken,10.0,True
1061,Brand New,500.0,True
1061,Flawless,450.0,True
1061,Good,430.0,True
1061,Fair,350.0,True
1061,Minor Damage,85.0,True
1061,Broken,10.0,True
1062,Brand New,350.0,True
1062,Flawless,300.0,True
1062,Good,280.0,True
1062,Fair,200.0,True
1062,Minor Damage,60.0,True
1062,Broken,10.0,True
1063,Brand New,0.0,True
1063,Flawless,0.0,True
1063,Good,0.0,True
1063,Fair,0.0,True
1063,Minor Damage,0.0,True
1063,Broken,0.0,True
1064,Brand New,550.0,True
1064,Flawless,500.0,True
1064,Good,430.0,True
1064,Fair,350.0,True
1064,Minor Damage,85.0,True
1064,Broken,10.0,True
1065,Brand New,440.0,True
1065,Flawless,390.0,True
1065,Good,370.0,True
1065,Fair,310.0,True
1065,Minor Damage,65.0,True
1065,Broken,10.0,True
1066,Brand New,415.0,True
1066,Flawless,365.0,True
1066,Good,345.0,True
1066,Fair,285.0,True
1066,Minor Damage,65.0,True
1066,Broken,10.0,True
1067,Brand New,300.0,True
1067,Flawless,250.0,True
1067,Good,230.0,True
1067,Fair,170.0,True
1067,Minor Damage,50.0,True
1067,Broken,10.0,True
1068,Brand New,0.0,True
1068,Flawless,0.0,True
1068,Good,0.0,True
1068,Fair,0.0,True
1068,Minor Damage,0.0,True
1068,Broken,0.0,True
1069,Brand New,525.0,True
1069,Flawless,475.0,True
1069,Good,405.0,True
1069,Fair,265.0,True
1069,Minor Damage,65.0,True
1069,Broken,10.0,True
1070,Brand New,475.0,True
1070,Flawless,425.0,True
1070,Good,405.0,True
1070,Fair,345.0,True
1070,Minor Damage,75.0,True
1070,Broken,10.0,True
1071,Brand New,450.0,True
1071,Flawless,400.0,True
1071,Good,380.0,True
1071,Fair,320.0,True
1071,Minor Damage,75.0,True
1071,Broken,10.0,True
1072,Brand New,335.0,True
1072,Flawless,285.0,True
1072,Good,265.0,True
1072,Fair,205.0,True
1072,Minor Damage,50.0,True
1072,Broken,10.0,True
1073,Brand New,0.0,True
1073,Flawless,0.0,True
1073,Good,0.0,True
1073,Fair,0.0,True
1073,Minor Damage,0.0,True
1073,Broken,0.0,True
1074,Brand New,550.0,True
1074,Flawless,500.0,True
1074,Good,430.0,True
1074,Fair,285.0,True
1074,Minor Damage,95.0,True
1074,Broken,10.0,True
1075,Brand New,490.0,True
1075,Flawless,440.0,True
1075,Good,420.0,True
1075,Fair,360.0,True
1075,Minor Damage,90.0,True
1075,Broken,10.0,True
1076,Brand New,465.0,True
1076,Flawless,415.0,True
1076,Good,395.0,True
1076,Fair,335.0,True
1076,Minor Damage,90.0,True
1076,Broken,10.0,True
1077,Brand New,350.0,True
1077,Flawless,300.0,True
1077,Good,280.0,True
1077,Fair,220.0,True
1077,Minor Damage,50.0,True
1077,Broken,10.0,True
1078,Brand New,0.0,True
1078,Flawless,0.0,True
1078,Good,0.0,True
1078,Fair,0.0,True
1078,Minor Damage,0.0,True
1078,Broken,0.0,True
1079,Brand New,575.0,True
1079,Flawless,525.0,True
1079,Good,450.0,True
1079,Fair,310.0,True
1079,Minor Damage,110.0,True
1079,Broken,10.0,True
1080,Brand New,0.0,False
1080,Flawless,0.0,False
1080,Good,0.0,False
1080,Fair,0.0,False
1080,Minor Damage,0.0,False
1080,Broken,0.0,False
1081,Brand New,0.0,False
1081,Flawless,0.0,False
1081,Good,0.0,False
1081,Fair,0.0,False
1081,Minor Damage,0.0,False
1081,Broken,0.0,False
1082,Brand New,0.0,False
1082,Flawless,0.0,False
1082,Good,0.0,False
1082,Fair,0.0,False
1082,Minor Damage,0.0,False
1082,Broken,0.0,False
1083,Brand New,0.0,False
1083,Flawless,0.0,False
1083,Good,0.0,False
1083,Fair,0.0,False
1083,Minor Damage,0.0,False
1083,Broken,0.0,False
1084,Brand New,0.0,False
1084,Flawless,0.0,False
1084,Good,0.0,False
1084,Fair,0.0,False
1084,Minor Damage,0.0,False
1084,Broken,0.0,False
1085,Brand New,0.0,False
1085,Flawless,0.0,False
1085,Good,0.0,False
1085,Fair,0.0,False
1085,Minor Damage,0.0,False
1085,Broken,0.0,False
1086,Brand New,0.0,False
1086,Flawless,0.0,False
1086,Good,0.0,False
1086,Fair,0.0,False
1086,Minor Damage,0.0,False
1086,Broken,0.0,False
1087,Brand New,0.0,False
1087,Flawless,0.0,False
1087,Good,0.0,False
1087,Fair,0.0,False
1087,Minor Damage,0.0,False
1087,Broken,0.0,False
1088,Brand New,0.0,False
1088,Flawless,0.0,False
1088,Good,0.0,False
1088,Fair,0.0,False
1088,Minor Damage,0.0,False
1088,Broken,0.0,False
1089,Brand New,0.0,False
1089,Flawless,0.0,False
1089,Good,0.0,False
1089,Fair,0.0,False
1089,Minor Damage,0.0,False
1089,Broken,0.0,False
1090,Brand New,0.0,False
1090,Flawless,0.0,False
1090,Good,0.0,False
1090,Fair,0.0,False
1090,Minor Damage,0.0,False
1090,Broken,0.0,False
1091,Brand New,0.0,False
1091,Flawless,0.0,False
1091,Good,0.0,False
1091,Fair,0.0,False
1091,Minor Damage,0.0,False
1091,Broken,0.0,False
1092,Brand New,0.0,False
1092,Flawless,0.0,False
1092,Good,0.0,False
1092,Fair,0.0,False
1092,Minor Damage,0.0,False
1092,Broken,0.0,False
1093,Brand New,0.0,False
1093,Flawless,0.0,False
1093,Good,0.0,False
1093,Fair,0.0,False
1093,Minor Damage,0.0,False
1093,Broken,0.0,False
1094,Brand New,0.0,False
1094,Flawless,0.0,False
1094,Good,0.0,False
1094,Fair,0.0,False
1094,Minor Damage,0.0,False
1094,Broken,0.0,False
1095,Brand New,0.0,False
1095,Flawless,0.0,False
1095,Good,0.0,False
1095,Fair,0.0,False
1095,Minor Damage,0.0,False
1095,Broken,0.0,False
1096,Brand New,0.0,False
1096,Flawless,0.0,False
1096,Good,0.0,False
1096,Fair,0.0,False
1096,Minor Damage,0.0,False
1096,Broken,0.0,False
1097,Brand New,0.0,False
1097,Flawless,0.0,False
1097,Good,0.0,False
1097,Fair,0.0,False
1097,Minor Damage,0.0,False
1097,Broken,0.0,False
1098,Brand New,0.0,False
1098,Flawless,0.0,False
1098,Good,0.0,False
1098,Fair,0.0,False
1098,Minor Damage,0.0,False
1098,Broken,0.0,False
1099,Brand New,0.0,False
1099,Flawless,0.0,False
1099,Good,0.0,False
1099,Fair,0.0,False
1099,Minor Damage,0.0,False
1099,Broken,0.0,False
1100,Brand New,0.0,False
1100,Flawless,0.0,False
1100,Good,0.0,False
1100,Fair,0.0,False
1100,Minor Damage,0.0,False
1100,Broken,0.0,False
1101,Brand New,0.0,False
1101,Flawless,0.0,False
1101,Good,0.0,False
1101,Fair,0.0,False
1101,Minor Damage,0.0,False
1101,Broken,0.0,False
1102,Brand New,0.0,False
1102,Flawless,0.0,False
1102,Good,0.0,False
1102,Fair,0.0,False
1102,Minor Damage,0.0,False
1102,Broken,0.0,False
1103,Brand New,0.0,False
1103,Flawless,0.0,False
1103,Good,0.0,False
1103,Fair,0.0,False
1103,Minor Damage,0.0,False
1103,Broken,0.0,False
1104,Brand New,0.0,False
1104,Flawless,0.0,False
1104,Good,0.0,False
1104,Fair,0.0,False
1104,Minor Damage,0.0,False
1104,Broken,0.0,False
1105,Brand New,0.0,False
1105,Flawless,0.0,False
1105,Good,0.0,False
1105,Fair,0.0,False
1105,Minor Damage,0.0,False
1105,Broken,0.0,False
1106,Brand New,0.0,False
1106,Flawless,0.0,False
1106,Good,0.0,False
1106,Fair,0.0,False
1106,Minor Damage,0.0,False
1106,Broken,0.0,False
1107,Brand New,0.0,False
1107,Flawless,0.0,False
1107,Good,0.0,False
1107,Fair,0.0,False
1107,Minor Damage,0.0,False
1107,Broken,0.0,False
1108,Brand New,0.0,False
1108,Flawless,0.0,False
1108,Good,0.0,False
1108,Fair,0.0,False
1108,Minor Damage,0.0,False
1108,Broken,0.0,False
1109,Brand New,0.0,False
1109,Flawless,0.0,False
1109,Good,0.0,False
1109,Fair,0.0,False
1109,Minor Damage,0.0,False
1109,Broken,0.0,False
1110,Brand New,0.0,False
1110,Flawless,0.0,False
1110,Good,0.0,False
1110,Fair,0.0,False
1110,Minor Damage,0.0,False
1110,Broken,0.0,False
1111,Brand New,0.0,False
1111,Flawless,0.0,False
1111,Good,0.0,False
1111,Fair,0.0,False
1111,Minor Damage,0.0,False
1111,Broken,0.0,False
1112,Brand New,0.0,False
1112,Flawless,0.0,False
1112,Good,0.0,False
1112,Fair,0.0,False
1112,Minor Damage,0.0,False
1112,Broken,0.0,False
1113,Brand New,0.0,False
1113,Flawless,0.0,False
1113,Good,0.0,False
1113,Fair,0.0,False
1113,Minor Damage,0.0,False
1113,Broken,0.0,False
1114,Brand New,0.0,False
1114,Flawless,0.0,False
1114,Good,0.0,False
1114,Fair,0.0,False
1114,Minor Damage,0.0,False
1114,Broken,0.0,False
1115,Brand New,0.0,False
1115,Flawless,0.0,False
1115,Good,0.0,False
1115,Fair,0.0,False
1115,Minor Damage,0.0,False
1115,Broken,0.0,False
1116,Brand New,0.0,False
1116,Flawless,0.0,False
1116,Good,0.0,False
1116,Fair,0.0,False
1116,Minor Damage,0.0,False
1116,Broken,0.0,False
1117,Brand New,0.0,False
1117,Flawless,0.0,False
1117,Good,0.0,False
1117,Fair,0.0,False
1117,Minor Damage,0.0,False
1117,Broken,0.0,False
1118,Brand New,0.0,False
1118,Flawless,0.0,False
1118,Good,0.0,False
1118,Fair,0.0,False
1118,Minor Damage,0.0,False
1118,Broken,0.0,False
1119,Brand New,0.0,False
1119,Flawless,0.0,False
1119,Good,0.0,False
1119,Fair,0.0,False
1119,Minor Damage,0.0,False
1119,Broken,0.0,False
1120,Brand New,0.0,False
1120,Flawless,0.0,False
1120,Good,0.0,False
1120,Fair,0.0,False
1120,Minor Damage,0.0,False
1120,Broken,0.0,False
1121,Brand New,0.0,False
1121,Flawless,0.0,False
1121,Good,0.0,False
1121,Fair,0.0,False
1121,Minor Damage,0.0,False
1121,Broken,0.0,False
1122,Brand New,0.0,False
1122,Flawless,0.0,False
1122,Good,0.0,False
1122,Fair,0.0,False
1122,Minor Damage,0.0,False
1122,Broken,0.0,False
1123,Brand New,0.0,False
1123,Flawless,0.0,False
1123,Good,0.0,False
1123,Fair,0.0,False
1123,Minor Damage,0.0,False
1123,Broken,0.0,False
1124,Brand New,0.0,False
1124,Flawless,0.0,False
1124,Good,0.0,False
1124,Fair,0.0,False
1124,Minor Damage,0.0,False
1124,Broken,0.0,False
1125,Brand New,0.0,False
1125,Flawless,0.0,False
1125,Good,0.0,False
1125,Fair,0.0,False
1125,Minor Damage,0.0,False
1125,Broken,0.0,False
1126,Brand New,0.0,False
1126,Flawless,0.0,False
1126,Good,0.0,False
1126,Fair,0.0,False
1126,Minor Damage,0.0,False
1126,Broken,0.0,False
1127,Brand New,0.0,False
1127,Flawless,0.0,False
1127,Good,0.0,False
1127,Fair,0.0,False
1127,Minor Damage,0.0,False
1127,Broken,0.0,False
1128,Brand New,0.0,False
1128,Flawless,0.0,False
1128,Good,0.0,False
1128,Fair,0.0,False
1128,Minor Damage,0.0,False
1128,Broken,0.0,False
1129,Brand New,0.0,False
1129,Flawless,0.0,False
1129,Good,0.0,False
1129,Fair,0.0,False
1129,Minor Damage,0.0,False
1129,Broken,0.0,False
1130,Brand New,0.0,False
1130,Flawless,0.0,False
1130,Good,0.0,False
1130,Fair,0.0,False
1130,Minor Damage,0.0,False
1130,Broken,0.0,False
1131,Brand New,0.0,False
1131,Flawless,0.0,False
1131,Good,0.0,False
1131,Fair,0.0,False
1131,Minor Damage,0.0,False
1131,Broken,0.0,False
1132,Brand New,0.0,False
1132,Flawless,0.0,False
1132,Good,0.0,False
1132,Fair,0.0,False
1132,Minor Damage,0.0,False
1132,Broken,0.0,False
1133,Brand New,0.0,False
1133,Flawless,0.0,False
1133,Good,0.0,False
1133,Fair,0.0,False
1133,Minor Damage,0.0,False
1133,Broken,0.0,False
1134,Brand New,0.0,False
1134,Flawless,0.0,False
1134,Good,0.0,False
1134,Fair,0.0,False
1134,Minor Damage,0.0,False
1134,Broken,0.0,False
1135,Brand New,0.0,False
1135,Flawless,0.0,False
1135,Good,0.0,False
1135,Fair,0.0,False
1135,Minor Damage,0.0,False
1135,Broken,0.0,False
1136,Brand New,0.0,False
1136,Flawless,0.0,False
1136,Good,0.0,False
1136,Fair,0.0,False
1136,Minor Damage,0.0,False
1136,Broken,0.0,False
1137,Brand New,0.0,False
1137,Flawless,0.0,False
1137,Good,0.0,False
1137,Fair,0.0,False
1137,Minor Damage,0.0,False
1137,Broken,0.0,False
1138,Brand New,0.0,False
1138,Flawless,0.0,False
1138,Good,0.0,False
1138,Fair,0.0,False
1138,Minor Damage,0.0,False
1138,Broken,0.0,False
1139,Brand New,0.0,False
1139,Flawless,0.0,False
1139,Good,0.0,False
1139,Fair,0.0,False
1139,Minor Damage,0.0,False
1139,Broken,0.0,False
1140,Brand New,0.0,False
1140,Flawless,0.0,False
1140,Good,0.0,False
1140,Fair,0.0,False
1140,Minor Damage,0.0,False
1140,Broken,0.0,False
1141,Brand New,0.0,False
1141,Flawless,0.0,False
1141,Good,0.0,False
1141,Fair,0.0,False
1141,Minor Damage,0.0,False
1141,Broken,0.0,False
1142,Brand New,0.0,False
1142,Flawless,0.0,False
1142,Good,0.0,False
1142,Fair,0.0,False
1142,Minor Damage,0.0,False
1142,Broken,0.0,False
1143,Brand New,0.0,False
1143,Flawless,0.0,False
1143,Good,0.0,False
1143,Fair,0.0,False
1143,Minor Damage,0.0,False
1143,Broken,0.0,False
1144,Brand New,0.0,False
1144,Flawless,0.0,False
1144,Good,0.0,False
1144,Fair,0.0,False
1144,Minor Damage,0.0,False
1144,Broken,0.0,False
1145,Brand New,0.0,False
1145,Flawless,0.0,False
1145,Good,0.0,False
1145,Fair,0.0,False
1145,Minor Damage,0.0,False
1145,Broken,0.0,False
1146,Brand New,0.0,False
1146,Flawless,0.0,False
1146,Good,0.0,False
1146,Fair,0.0,False
1146,Minor Damage,0.0,False
1146,Broken,0.0,False
1147,Brand New,0.0,False
1147,Flawless,0.0,False
1147,Good,0.0,False
1147,Fair,0.0,False
1147,Minor Damage,0.0,False
1147,Broken,0.0,False
1148,Brand New,0.0,False
1148,Flawless,0.0,False
1148,Good,0.0,False
1148,Fair,0.0,False
1148,Minor Damage,0.0,False
1148,Broken,0.0,False
1149,Brand New,0.0,False
1149,Flawless,0.0,False
1149,Good,0.0,False
1149,Fair,0.0,False
1149,Minor Damage,0.0,False
1149,Broken,0.0,False
1150,Brand New,0.0,False
1150,Flawless,0.0,False
1150,Good,0.0,False
1150,Fair,0.0,False
1150,Minor Damage,0.0,False
1150,Broken,0.0,False
1151,Brand New,0.0,False
1151,Flawless,0.0,False
1151,Good,0.0,False
1151,Fair,0.0,False
1151,Minor Damage,0.0,False
1151,Broken,0.0,False
1152,Brand New,0.0,False
1152,Flawless,0.0,False
1152,Good,0.0,False
1152,Fair,0.0,False
1152,Minor Damage,0.0,False
1152,Broken,0.0,False
1153,Brand New,0.0,False
1153,Flawless,0.0,False
1153,Good,0.0,False
1153,Fair,0.0,False
1153,Minor Damage,0.0,False
1153,Broken,0.0,False
1154,Brand New,0.0,False
1154,Flawless,0.0,False
1154,Good,0.0,False
1154,Fair,0.0,False
1154,Minor Damage,0.0,False
1154,Broken,0.0,False
1155,Brand New,0.0,False
1155,Flawless,0.0,False
1155,Good,0.0,False
1155,Fair,0.0,False
1155,Minor Damage,0.0,False
1155,Broken,0.0,False
1156,Brand New,0.0,False
1156,Flawless,0.0,False
1156,Good,0.0,False
1156,Fair,0.0,False
1156,Minor Damage,0.0,False
1156,Broken,0.0,False
1157,Brand New,0.0,False
1157,Flawless,0.0,False
1157,Good,0.0,False
1157,Fair,0.0,False
1157,Minor Damage,0.0,False
1157,Broken,0.0,False
1158,Brand New,0.0,False
1158,Flawless,0.0,False
1158,Good,0.0,False
1158,Fair,0.0,False
1158,Minor Damage,0.0,False
1158,Broken,0.0,False
1159,Brand New,0.0,False
1159,Flawless,0.0,False
1159,Good,0.0,False
1159,Fair,0.0,False
1159,Minor Damage,0.0,False
1159,Broken,0.0,False
1160,Brand New,0.0,False
1160,Flawless,0.0,False
1160,Good,0.0,False
1160,Fair,0.0,False
1160,Minor Damage,0.0,False
1160,Broken,0.0,False
1161,Brand New,0.0,False
1161,Flawless,0.0,False
1161,Good,0.0,False
1161,Fair,0.0,False
1161,Minor Damage,0.0,False
1161,Broken,0.0,False
1162,Brand New,0.0,False
1162,Flawless,0.0,False
1162,Good,0.0,False
1162,Fair,0.0,False
1162,Minor Damage,0.0,False
1162,Broken,0.0,False
1163,Brand New,0.0,False
1163,Flawless,0.0,False
1163,Good,0.0,False
1163,Fair,0.0,False
1163,Minor Damage,0.0,False
1163,Broken,0.0,False
1164,Brand New,0.0,False
1164,Flawless,0.0,False
1164,Good,0.0,False
1164,Fair,0.0,False
1164,Minor Damage,0.0,False
1164,Broken,0.0,False
1165,Brand New,0.0,False
1165,Flawless,0.0,False
1165,Good,0.0,False
1165,Fair,0.0,False
1165,Minor Damage,0.0,False
1165,Broken,0.0,False
1166,Brand New,0.0,False
1166,Flawless,0.0,False
1166,Good,0.0,False
1166,Fair,0.0,False
1166,Minor Damage,0.0,False
1166,Broken,0.0,False
1167,Brand New,0.0,False
1167,Flawless,0.0,False
1167,Good,0.0,False
1167,Fair,0.0,False
1167,Minor Damage,0.0,False
1167,Broken,0.0,False
1168,Brand New,0.0,False
1168,Flawless,0.0,False
1168,Good,0.0,False
1168,Fair,0.0,False
1168,Minor Damage,0.0,False
1168,Broken,0.0,False
1169,Brand New,0.0,False
1169,Flawless,0.0,False
1169,Good,0.0,False
1169,Fair,0.0,False
1169,Minor Damage,0.0,False
1169,Broken,0.0,False
1170,Brand New,0.0,False
1170,Flawless,0.0,False
1170,Good,0.0,False
1170,Fair,0.0,False
1170,Minor Damage,0.0,False
1170,Broken,0.0,False
1171,Brand New,0.0,False
1171,Flawless,0.0,False
1171,Good,0.0,False
1171,Fair,0.0,False
1171,Minor Damage,0.0,False
1171,Broken,0.0,False
1172,Brand New,0.0,False
1172,Flawless,0.0,False
1172,Good,0.0,False
1172,Fair,0.0,False
1172,Minor Damage,0.0,False
1172,Broken,0.0,False
1173,Brand New,0.0,False
1173,Flawless,0.0,False
1173,Good,0.0,False
1173,Fair,0.0,False
1173,Minor Damage,0.0,False
1173,Broken,0.0,False
1174,Brand New,0.0,False
1174,Flawless,0.0,False
1174,Good,0.0,False
1174,Fair,0.0,False
1174,Minor Damage,0.0,False
1174,Broken,0.0,False
1175,Brand New,0.0,False
1175,Flawless,0.0,False
1175,Good,0.0,False
1175,Fair,0.0,False
1175,Minor Damage,0.0,False
1175,Broken,0.0,False
1176,Brand New,0.0,False
1176,Flawless,0.0,False
1176,Good,0.0,False
1176,Fair,0.0,False
1176,Minor Damage,0.0,False
1176,Broken,0.0,False
1177,Brand New,0.0,False
1177,Flawless,0.0,False
1177,Good,0.0,False
1177,Fair,0.0,False
1177,Minor Damage,0.0,False
1177,Broken,0.0,False
1178,Brand New,0.0,False
1178,Flawless,0.0,False
1178,Good,0.0,False
1178,Fair,0.0,False
1178,Minor Damage,0.0,False
1178,Broken,0.0,False
1179,Brand New,0.0,False
1179,Flawless,0.0,False
1179,Good,0.0,False
1179,Fair,0.0,False
1179,Minor Damage,0.0,False
1179,Broken,0.0,False
1180,Brand New,0.0,False
1180,Flawless,0.0,False
1180,Good,0.0,False
1180,Fair,0.0,False
1180,Minor Damage,0.0,False
1180,Broken,0.0,False
1181,Brand New,0.0,False
1181,Flawless,0.0,False
1181,Good,0.0,False
1181,Fair,0.0,False
1181,Minor Damage,0.0,False
1181,Broken,0.0,False
1182,Brand New,0.0,False
1182,Flawless,0.0,False
1182,Good,0.0,False
1182,Fair,0.0,False
1182,Minor Damage,0.0,False
1182,Broken,0.0,False
1183,Brand New,0.0,False
1183,Flawless,0.0,False
1183,Good,0.0,False
1183,Fair,0.0,False
1183,Minor Damage,0.0,False
1183,Broken,0.0,False
1184,Brand New,0.0,False
1184,Flawless,0.0,False
1184,Good,0.0,False
1184,Fair,0.0,False
1184,Minor Damage,0.0,False
1184,Broken,0.0,False
1185,Brand New,0.0,False
1185,Flawless,0.0,False
1185,Good,0.0,False
1185,Fair,0.0,False
1185,Minor Damage,0.0,False
1185,Broken,0.0,False
1186,Brand New,0.0,False
1186,Flawless,0.0,False
1186,Good,0.0,False
1186,Fair,0.0,False
1186,Minor Damage,0.0,False
1186,Broken,0.0,False
1187,Brand New,0.0,False
1187,Flawless,0.0,False
1187,Good,0.0,False
1187,Fair,0.0,False
1187,Minor Damage,0.0,False
1187,Broken,0.0,False
1188,Brand New,0.0,False
1188,Flawless,0.0,False
1188,Good,0.0,False
1188,Fair,0.0,False
1188,Minor Damage,0.0,False
1188,Broken,0.0,False
1189,Brand New,0.0,False
1189,Flawless,0.0,False
1189,Good,0.0,False
1189,Fair,0.0,False
1189,Minor Damage,0.0,False
1189,Broken,0.0,False
1190,Brand New,0.0,False
1190,Flawless,0.0,True
1190,Good,0.0,True
1190,Fair,0.0,True
1190,Minor Damage,0.0,True
1190,Broken,0.0,True
1191,Brand New,0.0,False
1191,Flawless,0.0,True
1191,Good,0.0,True
1191,Fair,0.0,True
1191,Minor Damage,0.0,True
1191,Broken,0.0,True
1192,Brand New,0.0,False
1192,Flawless,0.0,True
1192,Good,0.0,True
1192,Fair,0.0,True
1192,Minor Damage,0.0,True
1192,Broken,0.0,True
1193,Brand New,0.0,False
1193,Flawless,0.0,True
1193,Good,0.0,True
1193,Fair,0.0,True
1193,Minor Damage,0.0,True
1193,Broken,0.0,True
1194,Brand New,0.0,False
1194,Flawless,0.0,True
1194,Good,0.0,True
1194,Fair,0.0,True
1194,Minor Damage,0.0,True
1194,Broken,0.0,True
1195,Brand New,0.0,False
1195,Flawless,0.0,True
1195,Good,0.0,True
1195,Fair,0.0,True
1195,Minor Damage,0.0,True
1195,Broken,0.0,True
1196,Brand New,0.0,False
1196,Flawless,90.0,True
1196,Good,80.0,True
1196,Fair,50.0,True
1196,Minor Damage,15.0,True
1196,Broken,5.0,True
1197,Brand New,0.0,False
1197,Flawless,125.0,True
1197,Good,105.0,True
1197,Fair,75.0,True
1197,Minor Damage,35.0,True
1197,Broken,5.0,True
1198,Brand New,100.0,True
1198,Flawless,70.0,True
1198,Good,60.0,True
1198,Fair,30.0,True
1198,Minor Damage,10.0,True
1198,Broken,5.0,True
1199,Brand New,110.0,True
1199,Flawless,80.0,True
1199,Good,70.0,True
1199,Fair,40.0,True
1199,Minor Damage,10.0,True
1199,Broken,5.0,True
1200,Brand New,120.0,True
1200,Flawless,90.0,True
1200,Good,80.0,True
1200,Fair,50.0,True
1200,Minor Damage,15.0,True
1200,Broken,5.0,True
1201,Brand New,115.0,True
1201,Flawless,85.0,True
1201,Good,75.0,True
1201,Fair,45.0,True
1201,Minor Damage,15.0,True
1201,Broken,5.0,True
1202,Brand New,125.0,True
1202,Flawless,95.0,True
1202,Good,85.0,True
1202,Fair,55.0,True
1202,Minor Damage,15.0,True
1202,Broken,5.0,True
1203,Brand New,135.0,True
1203,Flawless,105.0,True
1203,Good,95.0,True
1203,Fair,65.0,True
1203,Minor Damage,20.0,True
1203,Broken,5.0,True
1204,Brand New,130.0,True
1204,Flawless,90.0,True
1204,Good,70.0,True
1204,Fair,40.0,True
1204,Minor Damage,10.0,True
1204,Broken,0.0,True
1205,Brand New,140.0,True
1205,Flawless,110.0,True
1205,Good,90.0,True
1205,Fair,60.0,True
1205,Minor Damage,20.0,True
1205,Broken,0.0,True
1206,Brand New,150.0,True
1206,Flawless,110.0,True
1206,Good,90.0,True
1206,Fair,60.0,True
1206,Minor Damage,20.0,True
1206,Broken,0.0,True
1207,Brand New,150.0,True
1207,Flawless,110.0,True
1207,Good,90.0,True
1207,Fair,60.0,True
1207,Minor Damage,10.0,True
1207,Broken,0.0,True
1208,Brand New,160.0,True
1208,Flawless,120.0,True
1208,Good,100.0,True
1208,Fair,70.0,True
1208,Minor Damage,35.0,True
1208,Broken,0.0,True
1209,Brand New,170.0,True
1209,Flawless,130.0,True
1209,Good,110.0,True
1209,Fair,80.0,True
1209,Minor Damage,35.0,True
1209,Broken,0.0,True
1210,Brand New,0.0,False
1210,Flawless,75.0,True
1210,Good,50.0,True
1210,Fair,10.0,True
1210,Minor Damage,10.0,True
1210,Broken,0.0,True
1211,Brand New,210.0,True
1211,Flawless,200.0,True
1211,Good,170.0,True
1211,Fair,120.0,True
1211,Minor Damage,20.0,True
1211,Broken,0.0,True
1212,Brand New,0.0,False
1212,Flawless,105.0,True
1212,Good,80.0,True
1212,Fair,40.0,True
1212,Minor Damage,12.0,True
1212,Broken,0.0,True
1213,Brand New,265.0,True
1213,Flawless,155.0,True
1213,Good,205.0,True
1213,Fair,130.0,True
1213,Minor Damage,32.0,True
1213,Broken,0.0,True
1214,Brand New,0.0,False
1214,Flawless,105.0,True
1214,Good,80.0,True
1214,Fair,40.0,True
1214,Minor Damage,13.0,True
1214,Broken,0.0,True
1215,Brand New,0.0,False
1215,Flawless,155.0,True
1215,Good,130.0,True
1215,Fair,90.0,True
1215,Minor Damage,23.0,True
1215,Broken,0.0,True
1216,Brand New,0.0,False
1216,Flawless,200.0,True
1216,Good,170.0,True
1216,Fair,115.0,True
1216,Minor Damage,50.0,True
1216,Broken,20.0,True
1217,Brand New,0.0,False
1217,Flawless,250.0,True
1217,Good,220.0,True
1217,Fair,165.0,True
1217,Minor Damage,75.0,True
1217,Broken,20.0,True
1218,Brand New,0.0,False
1218,Flawless,220.0,True
1218,Good,190.0,True
1218,Fair,135.0,True
1218,Minor Damage,55.0,True
1218,Broken,20.0,True
1219,Brand New,0.0,False
1219,Flawless,270.0,True
1219,Good,240.0,True
1219,Fair,185.0,True
1219,Minor Damage,80.0,True
1219,Broken,20.0,True
1220,Brand New,0.0,False
1220,Flawless,240.0,True
1220,Good,210.0,True
1220,Fair,155.0,True
1220,Minor Damage,65.0,True
1220,Broken,20.0,True
1221,Brand New,0.0,False
1221,Flawless,290.0,True
1221,Good,260.0,True
1221,Fair,205.0,True
1221,Minor Damage,90.0,True
1221,Broken,20.0,True
1222,Brand New,0.0,False
1222,Flawless,0.0,False
1222,Good,0.0,False
1222,Fair,0.0,False
1222,Minor Damage,0.0,False
1222,Broken,0.0,False
1223,Brand New,0.0,False
1223,Flawless,0.0,False
1223,Good,0.0,False
1223,Fair,0.0,False
1223,Minor Damage,0.0,False
1223,Broken,0.0,False
1224,Brand New,535.0,True
1224,Flawless,485.0,True
1224,Good,415.0,True
1224,Fair,335.0,True
1224,Minor Damage,100.0,True
1224,Broken,20.0,True
1225,Brand New,600.0,True
1225,Flawless,550.0,True
1225,Good,480.0,True
1225,Fair,400.0,True
1225,Minor Damage,150.0,True
1225,Broken,20.0,True
1226,Brand New,0.0,False
1226,Flawless,0.0,False
1226,Good,0.0,False
1226,Fair,0.0,False
1226,Minor Damage,0.0,False
1226,Broken,0.0,False
1227,Brand New,0.0,False
1227,Flawless,0.0,False
1227,Good,0.0,False
1227,Fair,0.0,False
1227,Minor Damage,0.0,False
1227,Broken,0.0,False
1228,Brand New,390.0,True
1228,Flawless,340.0,True
1228,Good,295.0,True
1228,Fair,250.0,True
1228,Minor Damage,70.0,True
1228,Broken,10.0,True
1229,Brand New,420.0,True
1229,Flawless,370.0,True
1229,Good,325.0,True
1229,Fair,280.0,True
1229,Minor Damage,85.0,True
1229,Broken,10.0,True
1230,Brand New,220.0,True
1230,Flawless,170.0,True
1230,Good,140.0,True
1230,Fair,75.0,True
1230,Minor Damage,50.0,True
1230,Broken,10.0,True
1231,Brand New,270.0,True
1231,Flawless,220.0,True
1231,Good,190.0,True
1231,Fair,125.0,True
1231,Minor Damage,75.0,True
1231,Broken,10.0,True
1232,Brand New,255.0,True
1232,Flawless,205.0,True
1232,Good,175.0,True
1232,Fair,110.0,True
1232,Minor Damage,55.0,True
1232,Broken,10.0,True
1233,Brand New,305.0,True
1233,Flawless,255.0,True
1233,Good,225.0,True
1233,Fair,160.0,True
1233,Minor Damage,80.0,True
1233,Broken,10.0,True
1234,Brand New,0.0,True
1234,Flawless,0.0,True
1234,Good,0.0,True
1234,Fair,0.0,True
1234,Minor Damage,0.0,True
1234,Broken,0.0,True
1235,Brand New,490.0,True
1235,Flawless,440.0,True
1235,Good,380.0,True
1235,Fair,300.0,True
1235,Minor Damage,150.0,True
1235,Broken,10.0,True
1236,Brand New,0.0,True
1236,Flawless,0.0,True
1236,Good,0.0,True
1236,Fair,0.0,True
1236,Minor Damage,0.0,True
1236,Broken,0.0,True
1237,Brand New,525.0,True
1237,Flawless,475.0,True
1237,Good,415.0,True
1237,Fair,335.0,True
1237,Minor Damage,165.0,True
1237,Broken,10.0,True
1238,Brand New,0.0,True
1238,Flawless,0.0,True
1238,Good,0.0,True
1238,Fair,0.0,True
1238,Minor Damage,0.0,True
1238,Broken,0.0,True
1239,Brand New,0.0,True
1239,Flawless,0.0,True
1239,Good,0.0,True
1239,Fair,0.0,True
1239,Minor Damage,0.0,True
1239,Broken,0.0,True
1240,Brand New,340.0,True
1240,Flawless,290.0,True
1240,Good,225.0,True
1240,Fair,160.0,True
1240,Minor Damage,80.0,True
1240,Broken,10.0,True
1241,Brand New,375.0,True
1241,Flawless,325.0,True
1241,Good,260.0,True
1241,Fair,195.0,True
1241,Minor Damage,85.0,True
1241,Broken,10.0,True
1242,Flawless,0.0,True
1242,Good,0.0,True
1242,Fair,0.0,True
1242,Minor Damage,0.0,True
1242,Broken,0.0,True
1243,Flawless,500.0,True
1243,Good,465.0,True
1243,Fair,375.0,True
1243,Minor Damage,150.0,True
1243,Broken,10.0,True
1244,Flawless,0.0,True
1244,Good,0.0,True
1244,Fair,0.0,True
1244,Minor Damage,0.0,True
1244,Broken,0.0,True
1245,Flawless,535.0,True
1245,Good,500.0,True
1245,Fair,410.0,True
1245,Minor Damage,165.0,True
1245,Broken,10.0,True
1246,Flawless,0.0,True
1246,Good,0.0,True
1246,Fair,0.0,True
1246,Minor Damage,0.0,True
1246,Broken,0.0,True
1247,Flawless,0.0,True
1247,Good,0.0,True
1247,Fair,0.0,True
1247,Minor Damage,0.0,True
1247,Broken,0.0,True
1248,Flawless,350.0,True
1248,Good,300.0,True
1248,Fair,200.0,True
1248,Minor Damage,100.0,True
1248,Broken,10.0,True
1249,Flawless,385.0,True
1249,Good,335.0,True
1249,Fair,235.0,True
1249,Minor Damage,115.0,True
1249,Broken,10.0,True
1250,Brand New,0.0,False
1250,Flawless,0.0,False
1250,Good,0.0,False
1250,Fair,0.0,False
1250,Minor Damage,0.0,False
1250,Broken,0.0,False
1251,Brand New,0.0,False
1251,Flawless,0.0,False
1251,Good,0.0,False
1251,Fair,0.0,False
1251,Minor Damage,0.0,False
1251,Broken,0.0,False
1252,Brand New,0.0,False
1252,Flawless,0.0,False
1252,Good,0.0,False
1252,Fair,0.0,False
1252,Minor Damage,0.0,False
1252,Broken,0.0,False
1253,Brand New,0.0,False
1253,Flawless,0.0,False
1253,Good,0.0,False
1253,Fair,0.0,False
1253,Minor Damage,0.0,False
1253,Broken,0.0,False
1254,Brand New,0.0,False
1254,Flawless,0.0,False
1254,Good,0.0,False
1254,Fair,0.0,False
1254,Minor Damage,0.0,False
1254,Broken,0.0,False
1255,Brand New,0.0,False
1255,Flawless,0.0,False
1255,Good,0.0,False
1255,Fair,0.0,False
1255,Minor Damage,0.0,False
1255,Broken,0.0,False
1256,Brand New,0.0,False
1256,Flawless,0.0,False
1256,Good,0.0,False
1256,Fair,0.0,False
1256,Minor Damage,0.0,False
1256,Broken,0.0,False
1257,Brand New,0.0,False
1257,Flawless,0.0,False
1257,Good,0.0,False
1257,Fair,0.0,False
1257,Minor Damage,0.0,False
1257,Broken,0.0,False
1258,Brand New,0.0,False
1258,Flawless,0.0,False
1258,Good,0.0,False
1258,Fair,0.0,False
1258,Minor Damage,0.0,False
1258,Broken,0.0,False
1259,Brand New,0.0,False
1259,Flawless,0.0,False
1259,Good,0.0,False
1259,Fair,0.0,False
1259,Minor Damage,0.0,False
1259,Broken,0.0,False
1260,Brand New,0.0,False
1260,Flawless,0.0,False
1260,Good,0.0,False
1260,Fair,0.0,False
1260,Minor Damage,0.0,False
1260,Broken,0.0,False
1261,Brand New,0.0,False
1261,Flawless,0.0,False
1261,Good,0.0,False
1261,Fair,0.0,False
1261,Minor Damage,0.0,False
1261,Broken,0.0,False
1262,Brand New,0.0,False
1262,Flawless,0.0,False
1262,Good,0.0,False
1262,Fair,0.0,False
1262,Minor Damage,0.0,False
1262,Broken,0.0,False
1263,Brand New,0.0,False
1263,Flawless,0.0,False
1263,Good,0.0,False
1263,Fair,0.0,False
1263,Minor Damage,0.0,False
1263,Broken,0.0,False
1264,Brand New,0.0,False
1264,Flawless,0.0,False
1264,Good,0.0,False
1264,Fair,0.0,False
1264,Minor Damage,0.0,False
1264,Broken,0.0,False
1265,Brand New,0.0,False
1265,Flawless,0.0,False
1265,Good,0.0,False
1265,Fair,0.0,False
1265,Minor Damage,0.0,False
1265,Broken,0.0,False
1266,Brand New,0.0,False
1266,Flawless,0.0,False
1266,Good,0.0,False
1266,Fair,0.0,False
1266,Minor Damage,0.0,False
1266,Broken,0.0,False
1267,Brand New,0.0,False
1267,Flawless,0.0,False
1267,Good,0.0,False
1267,Fair,0.0,False
1267,Minor Damage,0.0,False
1267,Broken,0.0,False
1268,Brand New,0.0,False
1268,Flawless,0.0,False
1268,Good,0.0,False
1268,Fair,0.0,False
1268,Minor Damage,0.0,False
1268,Broken,0.0,False
1269,Brand New,0.0,False
1269,Flawless,0.0,False
1269,Good,0.0,False
1269,Fair,0.0,False
1269,Minor Damage,0.0,False
1269,Broken,0.0,False
1270,Brand New,0.0,False
1270,Flawless,0.0,False
1270,Good,0.0,False
1270,Fair,0.0,False
1270,Minor Damage,0.0,False
1270,Broken,0.0,False
1271,Brand New,0.0,False
1271,Flawless,0.0,False
1271,Good,0.0,False
1271,Fair,0.0,False
1271,Minor Damage,0.0,False
1271,Broken,0.0,False
1272,Brand New,0.0,False
1272,Flawless,0.0,False
1272,Good,0.0,False
1272,Fair,0.0,False
1272,Minor Damage,0.0,False
1272,Broken,0.0,False
1273,Brand New,0.0,False
1273,Flawless,0.0,False
1273,Good,0.0,False
1273,Fair,0.0,False
1273,Minor Damage,0.0,False
1274,Brand New,0.0,False
1274,Flawless,0.0,False
1274,Good,0.0,False
1274,Fair,0.0,False
1274,Minor Damage,0.0,False
1274,Broken,0.0,False
1275,Brand New,0.0,False
1275,Flawless,0.0,False
1275,Good,0.0,False
1275,Fair,0.0,False
1275,Minor Damage,0.0,False
1275,Broken,0.0,False
1276,Brand New,0.0,False
1276,Flawless,0.0,False
1276,Good,0.0,False
1276,Fair,0.0,False
1276,Minor Damage,0.0,False
1276,Broken,0.0,False
1277,Brand New,0.0,False
1277,Flawless,0.0,False
1277,Good,0.0,False
1277,Fair,0.0,False
1277,Minor Damage,0.0,False
1277,Broken,0.0,False
1278,Brand New,0.0,False
1278,Flawless,0.0,False
1278,Good,0.0,False
1278,Fair,0.0,False
1278,Minor Damage,0.0,False
1278,Broken,0.0,False
1279,Brand New,0.0,False
1279,Flawless,0.0,False
1279,Good,0.0,False
1279,Fair,0.0,False
1279,Minor Damage,0.0,False
1279,Broken,0.0,False
1280,Brand New,0.0,False
1280,Flawless,0.0,False
1280,Good,0.0,False
1280,Fair,0.0,False
1280,Minor Damage,0.0,False
1280,Broken,0.0,False
1281,Brand New,0.0,False
1281,Flawless,0.0,False
1281,Good,0.0,False
1281,Fair,0.0,False
1281,Minor Damage,0.0,False
1281,Broken,0.0,False
1282,Brand New,0.0,False
1282,Flawless,0.0,False
1282,Good,0.0,False
1282,Fair,0.0,False
1282,Minor Damage,0.0,False
1282,Broken,0.0,False
1283,Brand New,0.0,False
1283,Flawless,0.0,False
1283,Good,0.0,False
1283,Fair,0.0,False
1283,Minor Damage,0.0,False
1283,Broken,0.0,False
1284,Brand New,0.0,False
1284,Flawless,0.0,False
1284,Good,0.0,False
1284,Fair,0.0,False
1284,Minor Damage,0.0,False
1284,Broken,0.0,False
1285,Brand New,0.0,False
1285,Flawless,0.0,False
1285,Good,0.0,False
1285,Fair,0.0,False
1285,Minor Damage,0.0,False
1285,Broken,0.0,False
1286,Brand New,0.0,False
1286,Flawless,0.0,False
1286,Good,0.0,False
1286,Fair,0.0,False
1286,Minor Damage,0.0,False
1286,Broken,0.0,False
1287,Brand New,0.0,False
1287,Flawless,0.0,False
1287,Good,0.0,False
1287,Fair,0.0,False
1287,Minor Damage,0.0,False
1287,Broken,0.0,False
1288,Brand New,0.0,False
1288,Flawless,0.0,False
1288,Good,0.0,False
1288,Fair,0.0,False
1288,Minor Damage,0.0,False
1288,Broken,0.0,False
1289,Brand New,0.0,False
1289,Flawless,0.0,False
1289,Good,0.0,False
1289,Fair,0.0,False
1289,Minor Damage,0.0,False
1289,Broken,0.0,False
1290,Brand New,0.0,False
1290,Flawless,0.0,False
1290,Good,0.0,False
1290,Fair,0.0,False
1290,Minor Damage,0.0,False
1290,Broken,0.0,False
1291,Brand New,0.0,False
1291,Flawless,0.0,False
1291,Good,0.0,False
1291,Fair,0.0,False
1291,Minor Damage,0.0,False
1291,Broken,0.0,False
1292,Brand New,0.0,False
1292,Flawless,0.0,False
1292,Good,0.0,False
1292,Fair,0.0,False
1292,Minor Damage,0.0,False
1292,Broken,0.0,False
1293,Brand New,0.0,False
1293,Flawless,0.0,False
1293,Good,0.0,False
1293,Fair,0.0,False
1293,Minor Damage,0.0,False
1293,Broken,0.0,False
1294,Brand New,0.0,False
1294,Flawless,0.0,False
1294,Good,0.0,False
1294,Fair,0.0,False
1294,Minor Damage,0.0,False
1294,Broken,0.0,False
1295,Brand New,0.0,False
1295,Flawless,0.0,False
1295,Good,0.0,False
1295,Fair,0.0,False
1295,Minor Damage,0.0,False
1295,Broken,0.0,False
1296,Brand New,0.0,False
1296,Flawless,0.0,False
1296,Good,0.0,False
1296,Fair,0.0,False
1296,Minor Damage,0.0,False
1296,Broken,0.0,False
1297,Brand New,0.0,False
1297,Flawless,0.0,False
1297,Good,0.0,False
1297,Fair,0.0,False
1297,Minor Damage,0.0,False
1297,Broken,0.0,False
1298,Brand New,0.0,False
1298,Flawless,0.0,False
1298,Good,0.0,False
1298,Fair,0.0,False
1298,Minor Damage,0.0,False
1298,Broken,0.0,False
1299,Brand New,0.0,False
1299,Flawless,0.0,False
1299,Good,0.0,False
1299,Fair,0.0,False
1299,Minor Damage,0.0,False
1299,Broken,0.0,False
1300,Brand New,0.0,False
1300,Flawless,0.0,False
1300,Good,0.0,False
1300,Fair,0.0,False
1300,Minor Damage,0.0,False
1300,Broken,0.0,False
1301,Brand New,0.0,False
1301,Flawless,0.0,False
1301,Good,0.0,False
1301,Fair,0.0,False
1301,Minor Damage,0.0,False
1301,Broken,0.0,False
1302,Brand New,0.0,False
1302,Flawless,0.0,False
1302,Good,0.0,False
1302,Fair,0.0,False
1302,Minor Damage,0.0,False
1302,Broken,0.0,False
1303,Brand New,0.0,False
1303,Flawless,0.0,False
1303,Good,0.0,False
1303,Fair,0.0,False
1303,Minor Damage,0.0,False
1303,Broken,0.0,False
1304,Brand New,0.0,False
1304,Flawless,0.0,False
1304,Good,0.0,False
1304,Fair,0.0,False
1304,Minor Damage,0.0,False
1304,Broken,0.0,False
1305,Brand New,0.0,False
1305,Flawless,0.0,False
1305,Good,0.0,False
1305,Fair,0.0,False
1305,Minor Damage,0.0,False
1305,Broken,0.0,False
1306,Brand New,0.0,False
1306,Flawless,0.0,False
1306,Good,0.0,False
1306,Fair,0.0,False
1306,Minor Damage,0.0,False
1306,Broken,0.0,False
1307,Brand New,0.0,False
1307,Flawless,0.0,False
1307,Good,0.0,False
1307,Fair,0.0,False
1307,Minor Damage,0.0,False
1307,Broken,0.0,False
1308,Brand New,0.0,False
1308,Flawless,0.0,False
1308,Good,0.0,False
1308,Fair,0.0,False
1308,Minor Damage,0.0,False
1308,Broken,0.0,False
1309,Brand New,0.0,False
1309,Flawless,0.0,False
1309,Good,0.0,False
1309,Fair,0.0,False
1309,Minor Damage,0.0,False
1309,Broken,0.0,False
1310,Brand New,0.0,False
1310,Flawless,0.0,False
1310,Good,0.0,False
1310,Fair,0.0,False
1310,Minor Damage,0.0,False
1310,Broken,0.0,False
1311,Brand New,0.0,False
1311,Flawless,0.0,False
1311,Good,0.0,False
1311,Fair,0.0,False
1311,Minor Damage,0.0,False
1311,Broken,0.0,False
1312,Brand New,0.0,False
1312,Flawless,0.0,False
1312,Good,0.0,False
1312,Fair,0.0,False
1312,Minor Damage,0.0,False
1312,Broken,0.0,False
1313,Brand New,0.0,False
1313,Flawless,0.0,False
1313,Good,0.0,False
1313,Fair,0.0,False
1313,Minor Damage,0.0,False
1313,Broken,0.0,False
1314,Brand New,0.0,False
1314,Flawless,0.0,False
1314,Good,0.0,False
1314,Fair,0.0,False
1314,Minor Damage,0.0,False
1314,Broken,0.0,False
1315,Brand New,0.0,False
1315,Flawless,0.0,False
1315,Good,0.0,False
1315,Fair,0.0,False
1315,Minor Damage,0.0,False
1315,Broken,0.0,False
1316,Brand New,0.0,False
1316,Flawless,0.0,False
1316,Good,0.0,False
1316,Fair,0.0,False
1316,Minor Damage,0.0,False
1316,Broken,0.0,False
1317,Brand New,0.0,False
1317,Flawless,0.0,False
1317,Good,0.0,False
1317,Fair,0.0,False
1317,Minor Damage,0.0,False
1317,Broken,0.0,False
1318,Brand New,0.0,False
1318,Flawless,0.0,False
1318,Good,0.0,False
1318,Fair,0.0,False
1318,Minor Damage,0.0,False
1318,Broken,0.0,False
1319,Brand New,0.0,False
1319,Flawless,0.0,False
1319,Good,0.0,False
1319,Fair,0.0,False
1319,Minor Damage,0.0,False
1319,Broken,0.0,False
1320,Brand New,0.0,False
1320,Flawless,0.0,False
1320,Good,0.0,False
1320,Fair,0.0,False
1320,Minor Damage,0.0,False
1320,Broken,0.0,False
1321,Brand New,0.0,False
1321,Flawless,0.0,False
1321,Good,0.0,False
1321,Fair,0.0,False
1321,Minor Damage,0.0,False
1321,Broken,0.0,False
1322,Brand New,0.0,False
1322,Flawless,0.0,False
1322,Good,0.0,False
1322,Fair,0.0,False
1322,Minor Damage,0.0,False
1322,Broken,0.0,False
1323,Brand New,0.0,False
1323,Flawless,0.0,False
1323,Good,0.0,False
1323,Fair,0.0,False
1323,Minor Damage,0.0,False
1323,Broken,0.0,False
1324,Brand New,0.0,False
1324,Flawless,0.0,False
1324,Good,0.0,False
1324,Fair,0.0,False
1324,Minor Damage,0.0,False
1324,Broken,0.0,False
1325,Brand New,0.0,False
1325,Flawless,0.0,False
1325,Good,0.0,False
1325,Fair,0.0,False
1325,Minor Damage,0.0,False
1325,Broken,0.0,False
1326,Brand New,0.0,False
1326,Flawless,0.0,False
1326,Good,0.0,False
1326,Fair,0.0,False
1326,Minor Damage,0.0,False
1326,Broken,0.0,False
1327,Brand New,0.0,False
1327,Flawless,0.0,False
1327,Good,0.0,False
1327,Fair,0.0,False
1327,Minor Damage,0.0,False
1327,Broken,0.0,False
1328,Brand New,0.0,False
1328,Flawless,0.0,False
1328,Good,0.0,False
1328,Fair,0.0,False
1328,Minor Damage,0.0,False
1328,Broken,0.0,False
1329,Brand New,0.0,False
1329,Flawless,0.0,False
1329,Good,0.0,False
1329,Fair,0.0,False
1329,Minor Damage,0.0,False
1329,Broken,0.0,False
1330,Brand New,0.0,False
1330,Flawless,0.0,False
1330,Good,0.0,False
1330,Fair,0.0,False
1330,Minor Damage,0.0,False
1330,Broken,0.0,False
1331,Brand New,0.0,False
1331,Flawless,0.0,False
1331,Good,0.0,False
1331,Fair,0.0,False
1331,Minor Damage,0.0,False
1331,Broken,0.0,False
1332,Brand New,0.0,False
1332,Flawless,0.0,False
1332,Good,0.0,False
1332,Fair,0.0,False
1332,Minor Damage,0.0,False
1332,Broken,0.0,False
1333,Brand New,0.0,False
1333,Flawless,0.0,False
1333,Good,0.0,False
1333,Fair,0.0,False
1333,Minor Damage,0.0,False
1333,Broken,0.0,False
1334,Brand New,0.0,False
1334,Flawless,0.0,False
1334,Good,0.0,False
1334,Fair,0.0,False
1334,Minor Damage,0.0,False
1334,Broken,0.0,False
1335,Brand New,0.0,False
1335,Flawless,0.0,False
1335,Good,0.0,False
1335,Fair,0.0,False
1335,Minor Damage,0.0,False
1335,Broken,0.0,False
1336,Brand New,0.0,False
1336,Flawless,0.0,False
1336,Good,0.0,False
1336,Fair,0.0,False
1336,Minor Damage,0.0,False
1336,Broken,0.0,False
1337,Brand New,0.0,False
1337,Flawless,0.0,False
1337,Good,0.0,False
1337,Fair,0.0,False
1337,Minor Damage,0.0,False
1337,Broken,0.0,False
1338,Brand New,0.0,False
1338,Flawless,0.0,False
1338,Good,0.0,False
1338,Fair,0.0,False
1338,Minor Damage,0.0,False
1338,Broken,0.0,False
1339,Brand New,0.0,False
1339,Flawless,0.0,False
1339,Good,0.0,False
1339,Fair,0.0,False
1339,Minor Damage,0.0,False
1339,Broken,0.0,False
1340,Brand New,0.0,False
1340,Flawless,0.0,False
1340,Good,0.0,False
1340,Fair,0.0,False
1340,Minor Damage,0.0,False
1340,Broken,0.0,False
1341,Brand New,0.0,False
1341,Flawless,0.0,False
1341,Good,0.0,False
1341,Fair,0.0,False
1341,Minor Damage,0.0,False
1341,Broken,0.0,False
1342,Brand New,0.0,False
1342,Flawless,0.0,False
1342,Good,0.0,False
1342,Fair,0.0,False
1342,Minor Damage,0.0,False
1342,Broken,0.0,False
1343,Brand New,0.0,False
1343,Flawless,0.0,False
1343,Good,0.0,False
1343,Fair,0.0,False
1343,Minor Damage,0.0,False
1343,Broken,0.0,False
1344,Brand New,0.0,False
1344,Flawless,0.0,False
1344,Good,0.0,False
1344,Fair,0.0,False
1344,Minor Damage,0.0,False
1344,Broken,0.0,False
1345,Brand New,0.0,False
1345,Flawless,0.0,False
1345,Good,0.0,False
1345,Fair,0.0,False
1345,Minor Damage,0.0,False
1345,Broken,0.0,False
1346,Brand New,0.0,False
1346,Flawless,0.0,False
1346,Good,0.0,False
1346,Fair,0.0,False
1346,Minor Damage,0.0,False
1346,Broken,0.0,False
1347,Brand New,0.0,False
1347,Flawless,0.0,False
1347,Good,0.0,False
1347,Fair,0.0,False
1347,Minor Damage,0.0,False
1347,Broken,0.0,False
1348,Brand New,0.0,False
1348,Flawless,0.0,False
1348,Good,0.0,False
1348,Fair,0.0,False
1348,Minor Damage,0.0,False
1348,Broken,0.0,False
1349,Brand New,0.0,False
1349,Flawless,0.0,False
1349,Good,0.0,False
1349,Fair,0.0,False
1349,Minor Damage,0.0,False
1349,Broken,0.0,False
1350,Brand New,0.0,False
1350,Flawless,0.0,False
1350,Good,0.0,False
1350,Fair,0.0,False
1350,Minor Damage,0.0,False
1350,Broken,0.0,False
1351,Brand New,0.0,False
1351,Flawless,0.0,False
1351,Good,0.0,False
1351,Fair,0.0,False
1351,Minor Damage,0.0,False
1351,Broken,0.0,False
1352,Brand New,0.0,False
1352,Flawless,0.0,False
1352,Good,0.0,False
1352,Fair,0.0,False
1352,Minor Damage,0.0,False
1352,Broken,0.0,False
1353,Brand New,0.0,False
1353,Flawless,0.0,False
1353,Good,0.0,False
1353,Fair,0.0,False
1353,Minor Damage,0.0,False
1353,Broken,0.0,False
1354,Brand New,0.0,False
1354,Flawless,0.0,False
1354,Good,0.0,False
1354,Fair,0.0,False
1354,Minor Damage,0.0,False
1354,Broken,0.0,False
1355,Brand New,0.0,False
1355,Flawless,0.0,False
1355,Good,0.0,False
1355,Fair,0.0,False
1355,Minor Damage,0.0,False
1355,Broken,0.0,False
1356,Brand New,0.0,False
1356,Flawless,0.0,False
1356,Good,0.0,False
1356,Fair,0.0,False
1356,Minor Damage,0.0,False
1356,Broken,0.0,False
1357,Brand New,0.0,False
1357,Flawless,0.0,False
1357,Good,0.0,False
1357,Fair,0.0,False
1357,Minor Damage,0.0,False
1357,Broken,0.0,False
1358,Brand New,0.0,False
1358,Flawless,0.0,False
1358,Good,0.0,False
1358,Fair,0.0,False
1358,Minor Damage,0.0,False
1358,Broken,0.0,False
1359,Brand New,0.0,False
1359,Flawless,0.0,False
1359,Good,0.0,False
1359,Fair,0.0,False
1359,Minor Damage,0.0,False
1359,Broken,0.0,False
1360,Brand New,0.0,False
1360,Flawless,0.0,False
1360,Good,0.0,False
1360,Fair,0.0,False
1360,Minor Damage,0.0,False
1360,Broken,0.0,False
1361,Brand New,0.0,False
1361,Flawless,0.0,False
1361,Good,0.0,False
1361,Fair,0.0,False
1361,Minor Damage,0.0,False
1361,Broken,0.0,False
1362,Brand New,0.0,False
1362,Flawless,0.0,False
1362,Good,0.0,False
1362,Fair,0.0,False
1362,Minor Damage,0.0,False
1362,Broken,0.0,False
1363,Brand New,0.0,False
1363,Flawless,0.0,False
1363,Good,0.0,False
1363,Fair,0.0,False
1363,Minor Damage,0.0,False
1363,Broken,0.0,False
1364,Brand New,0.0,False
1364,Flawless,0.0,False
1364,Good,0.0,False
1364,Fair,0.0,False
1364,Minor Damage,0.0,False
1364,Broken,0.0,False
1365,Brand New,0.0,False
1365,Flawless,0.0,False
1365,Good,0.0,False
1365,Fair,0.0,False
1365,Minor Damage,0.0,False
1365,Broken,0.0,False
1366,Brand New,0.0,False
1366,Flawless,0.0,False
1366,Good,0.0,False
1366,Fair,0.0,False
1366,Minor Damage,0.0,False
1366,Broken,0.0,False
1367,Brand New,0.0,False
1367,Flawless,0.0,False
1367,Good,0.0,False
1367,Fair,0.0,False
1367,Minor Damage,0.0,False
1367,Broken,0.0,False
1368,Brand New,0.0,False
1368,Flawless,0.0,False
1368,Good,0.0,False
1368,Fair,0.0,False
1368,Minor Damage,0.0,False
1368,Broken,0.0,False
1369,Brand New,0.0,False
1369,Flawless,0.0,False
1369,Good,0.0,False
1369,Fair,0.0,False
1369,Minor Damage,0.0,False
1369,Broken,0.0,False
1370,Brand New,0.0,False
1370,Flawless,0.0,False
1370,Good,0.0,False
1370,Fair,0.0,False
1370,Minor Damage,0.0,False
1370,Broken,0.0,False
1371,Brand New,0.0,False
1371,Flawless,0.0,False
1371,Good,0.0,False
1371,Fair,0.0,False
1371,Minor Damage,0.0,False
1371,Broken,0.0,False
1372,Brand New,0.0,False
1372,Flawless,0.0,False
1372,Good,0.0,False
1372,Fair,0.0,False
1372,Minor Damage,0.0,False
1372,Broken,0.0,False
1373,Brand New,0.0,False
1373,Flawless,0.0,True
1373,Good,0.0,True
1373,Fair,0.0,True
1373,Minor Damage,0.0,True
1373,Broken,0.0,True
1374,Brand New,0.0,False
1374,Flawless,0.0,False
1374,Good,0.0,False
1374,Fair,0.0,False
1374,Minor Damage,0.0,False
1374,Broken,0.0,False
1375,Brand New,0.0,False
1375,Flawless,0.0,False
1375,Good,0.0,False
1375,Fair,0.0,False
1375,Minor Damage,0.0,False
1375,Broken,0.0,False
1376,Brand New,0.0,False
1376,Flawless,0.0,False
1376,Good,0.0,False
1376,Fair,0.0,False
1376,Minor Damage,0.0,False
1376,Broken,0.0,False
1377,Brand New,0.0,False
1377,Flawless,0.0,True
1377,Good,0.0,True
1377,Fair,0.0,True
1377,Minor Damage,0.0,True
1377,Broken,0.0,True
1378,Brand New,0.0,False
1378,Flawless,0.0,False
1378,Good,0.0,False
1378,Fair,0.0,False
1378,Minor Damage,0.0,False
1378,Broken,0.0,False
1379,Brand New,0.0,False
1379,Flawless,0.0,False
1379,Good,0.0,False
1379,Fair,0.0,False
1379,Minor Damage,0.0,False
1379,Broken,0.0,False
1380,Brand New,0.0,False
1380,Flawless,0.0,False
1380,Good,0.0,False
1380,Fair,0.0,False
1380,Minor Damage,0.0,False
1380,Broken,0.0,False
1381,Brand New,0.0,False
1381,Flawless,0.0,False
1381,Good,0.0,False
1381,Fair,0.0,False
1381,Minor Damage,0.0,False
1381,Broken,0.0,False
1382,Brand New,0.0,False
1382,Flawless,0.0,False
1382,Good,0.0,False
1382,Fair,0.0,False
1382,Minor Damage,0.0,False
1382,Broken,0.0,False
1383,Brand New,0.0,False
1383,Flawless,0.0,False
1383,Good,0.0,False
1383,Fair,0.0,False
1383,Minor Damage,0.0,False
1383,Broken,0.0,False
1384,Brand New,0.0,False
1384,Flawless,0.0,False
1384,Good,0.0,False
1384,Fair,0.0,False
1384,Minor Damage,0.0,False
1384,Broken,0.0,False
1385,Brand New,0.0,False
1385,Flawless,0.0,False
1385,Good,0.0,False
1385,Fair,0.0,False
1385,Minor Damage,0.0,False
1385,Broken,0.0,False
1386,Brand New,0.0,False
1386,Flawless,0.0,False
1386,Good,0.0,False
1386,Fair,0.0,False
1386,Minor Damage,0.0,False
1386,Broken,0.0,False
1387,Brand New,0.0,False
1387,Flawless,0.0,False
1387,Good,0.0,False
1387,Fair,0.0,False
1387,Minor Damage,0.0,False
1387,Broken,0.0,False
1388,Brand New,0.0,False
1388,Flawless,0.0,False
1388,Good,0.0,False
1388,Fair,0.0,False
1388,Minor Damage,0.0,False
1388,Broken,0.0,False
1389,Brand New,0.0,False
1389,Flawless,0.0,False
1389,Good,0.0,False
1389,Fair,0.0,False
1389,Minor Damage,0.0,False
1389,Broken,0.0,False
1390,Brand New,0.0,False
1390,Flawless,0.0,False
1390,Good,0.0,False
1390,Fair,0.0,False
1390,Minor Damage,0.0,False
1390,Broken,0.0,False
1391,Brand New,0.0,False
1391,Flawless,0.0,False
1391,Good,0.0,False
1391,Fair,0.0,False
1391,Minor Damage,0.0,False
1391,Broken,0.0,False
1392,Brand New,0.0,False
1392,Flawless,0.0,False
1392,Good,0.0,False
1392,Fair,0.0,False
1392,Minor Damage,0.0,False
1392,Broken,0.0,False
1393,Brand New,0.0,False
1393,Flawless,0.0,False
1393,Good,0.0,False
1393,Fair,0.0,False
1393,Minor Damage,0.0,False
1393,Broken,0.0,False
1394,Brand New,0.0,False
1394,Flawless,0.0,False
1394,Good,0.0,False
1394,Fair,0.0,False
1394,Minor Damage,0.0,False
1394,Broken,0.0,False
1395,Brand New,0.0,False
1395,Flawless,0.0,False
1395,Good,0.0,False
1395,Fair,0.0,False
1395,Minor Damage,0.0,False
1395,Broken,0.0,False
1396,Brand New,0.0,False
1396,Flawless,0.0,False
1396,Good,0.0,False
1396,Fair,0.0,False
1396,Minor Damage,0.0,False
1396,Broken,0.0,False
1397,Brand New,0.0,False
1397,Flawless,0.0,False
1397,Good,0.0,False
1397,Fair,0.0,False
1397,Minor Damage,0.0,False
1397,Broken,0.0,False
1398,Brand New,0.0,False
1398,Flawless,0.0,False
1398,Good,0.0,False
1398,Fair,0.0,False
1398,Minor Damage,0.0,False
1398,Broken,0.0,False
1399,Brand New,0.0,False
1399,Flawless,0.0,False
1399,Good,0.0,False
1399,Fair,0.0,False
1399,Minor Damage,0.0,False
1399,Broken,0.0,False
1400,Brand New,0.0,False
1400,Flawless,0.0,False
1400,Good,0.0,False
1400,Fair,0.0,False
1400,Minor Damage,0.0,False
1400,Broken,0.0,False
1401,Brand New,0.0,False
1401,Flawless,0.0,False
1401,Good,0.0,False
1401,Fair,0.0,False
1401,Minor Damage,0.0,False
1401,Broken,0.0,False
1402,Brand New,0.0,False
1402,Flawless,0.0,False
1402,Good,0.0,False
1402,Fair,0.0,False
1402,Minor Damage,0.0,False
1402,Broken,0.0,False
1403,Brand New,0.0,False
1403,Flawless,0.0,False
1403,Good,0.0,False
1403,Fair,0.0,False
1403,Minor Damage,0.0,False
1403,Broken,0.0,False
1404,Brand New,0.0,False
1404,Flawless,0.0,False
1404,Good,0.0,False
1404,Fair,0.0,False
1404,Minor Damage,0.0,False
1404,Broken,0.0,False
1405,Brand New,0.0,False
1405,Flawless,0.0,False
1405,Good,0.0,False
1405,Fair,0.0,False
1405,Minor Damage,0.0,False
1405,Broken,0.0,False
1406,Brand New,0.0,False
1406,Flawless,0.0,False
1406,Good,0.0,False
1406,Fair,0.0,False
1406,Minor Damage,0.0,False
1406,Broken,0.0,False
1407,Brand New,0.0,False
1407,Flawless,0.0,False
1407,Good,0.0,False
1407,Fair,0.0,False
1407,Minor Damage,0.0,False
1407,Broken,0.0,False
1408,Brand New,0.0,False
1408,Flawless,0.0,False
1408,Good,0.0,False
1408,Fair,0.0,False
1408,Minor Damage,0.0,False
1408,Broken,0.0,False
1409,Brand New,0.0,False
1409,Flawless,0.0,False
1409,Good,0.0,False
1409,Fair,0.0,False
1409,Minor Damage,0.0,False
1409,Broken,0.0,False
1410,Brand New,0.0,False
1410,Flawless,0.0,False
1410,Good,0.0,False
1410,Fair,0.0,False
1410,Minor Damage,0.0,False
1410,Broken,0.0,False
1411,Brand New,0.0,False
1411,Flawless,0.0,False
1411,Good,0.0,False
1411,Fair,0.0,False
1411,Minor Damage,0.0,False
1411,Broken,0.0,False
1412,Brand New,0.0,False
1412,Flawless,0.0,False
1412,Good,0.0,False
1412,Fair,0.0,False
1412,Minor Damage,0.0,False
1412,Broken,0.0,False
1413,Brand New,0.0,True
1413,Flawless,0.0,True
1413,Good,0.0,True
1413,Fair,0.0,True
1413,Minor Damage,0.0,True
1413,Broken,0.0,True
1414,Brand New,0.0,True
1414,Flawless,0.0,True
1414,Good,0.0,True
1414,Fair,0.0,True
1414,Minor Damage,0.0,True
1414,Broken,0.0,True
1415,Brand New,0.0,True
1415,Flawless,0.0,True
1415,Good,0.0,True
1415,Fair,0.0,True
1415,Minor Damage,0.0,True
1415,Broken,0.0,True
1416,Brand New,0.0,True
1416,Flawless,0.0,True
1416,Good,0.0,True
1416,Fair,0.0,True
1416,Minor Damage,0.0,True
1416,Broken,0.0,True
1417,Brand New,0.0,True
1417,Flawless,0.0,True
1417,Good,0.0,True
1417,Fair,0.0,True
1417,Minor Damage,0.0,True
1417,Broken,0.0,True
1418,Brand New,0.0,True
1418,Flawless,0.0,True
1418,Good,0.0,True
1418,Fair,0.0,True
1418,Minor Damage,0.0,True
1418,Broken,0.0,True
1419,Brand New,0.0,True
1419,Flawless,0.0,True
1419,Good,0.0,True
1419,Fair,0.0,True
1419,Minor Damage,0.0,True
1419,Broken,0.0,True
1420,Brand New,0.0,True
1420,Flawless,0.0,True
1420,Good,0.0,True
1420,Fair,0.0,True
1420,Minor Damage,0.0,True
1420,Broken,0.0,True
1421,Brand New,0.0,True
1421,Flawless,0.0,True
1421,Good,0.0,True
1421,Fair,0.0,True
1421,Minor Damage,0.0,True
1421,Broken,0.0,True
1422,Brand New,0.0,True
1422,Flawless,0.0,True
1422,Good,0.0,True
1422,Fair,0.0,True
1422,Minor Damage,0.0,True
1422,Broken,0.0,True
1423,Brand New,0.0,False
1423,Flawless,0.0,True
1423,Good,0.0,True
1423,Fair,0.0,True
1423,Minor Damage,0.0,True
1423,Broken,0.0,True
1424,Brand New,0.0,False
1424,Flawless,0.0,True
1424,Good,0.0,True
1424,Fair,0.0,True
1424,Minor Damage,0.0,True
1424,Broken,0.0,True
1425,Brand New,0.0,False
1425,Flawless,0.0,True
1425,Good,0.0,True
1425,Fair,0.0,True
1425,Minor Damage,0.0,True
1425,Broken,0.0,True
1426,Brand New,0.0,False
1426,Flawless,0.0,False
1426,Good,0.0,False
1426,Fair,0.0,False
1426,Minor Damage,0.0,False
1426,Broken,0.0,False
1427,Brand New,0.0,False
1427,Flawless,0.0,True
1427,Good,0.0,True
1427,Fair,0.0,True
1427,Minor Damage,0.0,True
1427,Broken,0.0,True
1428,Brand New,0.0,False
1428,Flawless,0.0,True
1428,Good,0.0,True
1428,Fair,0.0,True
1428,Minor Damage,0.0,True
1428,Broken,0.0,True
1429,Brand New,0.0,False
1429,Flawless,0.0,True
1429,Good,0.0,True
1429,Fair,0.0,True
1429,Minor Damage,0.0,True
1429,Broken,0.0,True
1430,Brand New,0.0,False
1430,Flawless,0.0,True
1430,Good,0.0,True
1430,Fair,0.0,True
1430,Minor Damage,0.0,True
1430,Broken,0.0,True
1431,Brand New,0.0,False
1431,Flawless,0.0,False
1431,Good,0.0,False
1431,Fair,0.0,False
1431,Minor Damage,0.0,False
1431,Broken,0.0,False
1432,Brand New,0.0,False
1432,Flawless,0.0,True
1432,Good,0.0,True
1432,Fair,0.0,True
1432,Minor Damage,0.0,True
1432,Broken,0.0,True
1433,Brand New,0.0,False
1433,Flawless,0.0,True
1433,Good,0.0,True
1433,Fair,0.0,True
1433,Minor Damage,0.0,True
1433,Broken,0.0,True
1434,Brand New,0.0,False
1434,Flawless,0.0,True
1434,Good,0.0,True
1434,Fair,0.0,True
1434,Minor Damage,0.0,True
1434,Broken,0.0,True
1435,Brand New,0.0,False
1435,Flawless,0.0,True
1435,Good,0.0,True
1435,Fair,0.0,True
1435,Minor Damage,0.0,True
1435,Broken,0.0,True
1436,Brand New,0.0,False
1436,Flawless,0.0,False
1436,Good,0.0,False
1436,Fair,0.0,False
1436,Minor Damage,0.0,False
1436,Broken,0.0,False
1437,Brand New,0.0,False
1437,Flawless,0.0,True
1437,Good,0.0,True
1437,Fair,0.0,True
1437,Minor Damage,0.0,True
1437,Broken,0.0,True
1438,Brand New,0.0,False
1438,Flawless,0.0,False
1438,Good,0.0,False
1438,Fair,0.0,False
1438,Minor Damage,0.0,False
1438,Broken,0.0,False
1439,Brand New,0.0,False
1439,Flawless,0.0,False
1439,Good,0.0,False
1439,Fair,0.0,False
1439,Minor Damage,0.0,False
1439,Broken,0.0,False
1440,Brand New,0.0,False
1440,Flawless,0.0,False
1440,Good,0.0,False
1440,Fair,0.0,False
1440,Minor Damage,0.0,False
1440,Broken,0.0,False
1441,Brand New,0.0,False
1441,Flawless,0.0,False
1441,Good,0.0,False
1441,Fair,0.0,False
1441,Minor Damage,0.0,False
1441,Broken,0.0,False
1442,Brand New,0.0,False
1442,Flawless,0.0,False
1442,Good,0.0,False
1442,Fair,0.0,False
1442,Minor Damage,0.0,False
1442,Broken,0.0,False
1443,Brand New,0.0,False
1443,Flawless,0.0,True
1443,Good,0.0,True
1443,Fair,0.0,True
1443,Minor Damage,0.0,True
1443,Broken,0.0,True
1444,Brand New,0.0,False
1444,Flawless,0.0,True
1444,Good,0.0,True
1444,Fair,0.0,True
1444,Minor Damage,0.0,True
1444,Broken,0.0,True
1445,Brand New,0.0,False
1445,Flawless,0.0,True
1445,Good,0.0,True
1445,Fair,0.0,True
1445,Minor Damage,0.0,True
1445,Broken,0.0,True
1446,Brand New,0.0,False
1446,Flawless,0.0,False
1446,Good,0.0,False
1446,Fair,0.0,False
1446,Minor Damage,0.0,False
1446,Broken,0.0,False
1447,Brand New,0.0,False
1447,Flawless,0.0,True
1447,Good,0.0,True
1447,Fair,0.0,True
1447,Minor Damage,0.0,True
1447,Broken,0.0,True
1448,Brand New,0.0,False
1448,Flawless,0.0,True
1448,Good,0.0,True
1448,Fair,0.0,True
1448,Minor Damage,0.0,True
1448,Broken,0.0,True
1449,Brand New,0.0,False
1449,Flawless,0.0,True
1449,Good,0.0,True
1449,Fair,0.0,True
1449,Minor Damage,0.0,True
1449,Broken,0.0,True
1450,Brand New,0.0,False
1450,Flawless,0.0,True
1450,Good,0.0,True
1450,Fair,0.0,True
1450,Minor Damage,0.0,True
1450,Broken,0.0,True
1451,Brand New,0.0,False
1451,Flawless,0.0,False
1451,Good,0.0,False
1451,Fair,0.0,False
1451,Minor Damage,0.0,False
1451,Broken,0.0,False
1452,Brand New,0.0,False
1452,Flawless,0.0,True
1452,Good,0.0,True
1452,Fair,0.0,True
1452,Minor Damage,0.0,True
1452,Broken,0.0,True
1453,Brand New,0.0,False
1453,Flawless,95.0,True
1453,Good,75.0,True
1453,Fair,60.0,True
1453,Minor Damage,15.0,True
1453,Broken,0.0,True
1454,Brand New,0.0,False
1454,Flawless,95.0,True
1454,Good,75.0,True
1454,Fair,60.0,True
1454,Minor Damage,15.0,True
1454,Broken,0.0,True
1455,Brand New,0.0,False
1455,Flawless,60.0,True
1455,Good,40.0,True
1455,Fair,25.0,True
1455,Minor Damage,15.0,True
1455,Broken,0.0,True
1456,Brand New,0.0,False
1456,Flawless,0.0,False
1456,Good,0.0,False
1456,Fair,0.0,False
1456,Minor Damage,0.0,False
1456,Broken,0.0,False
1457,Brand New,0.0,False
1457,Flawless,110.0,True
1457,Good,90.0,True
1457,Fair,75.0,True
1457,Minor Damage,25.0,True
1457,Broken,0.0,True
1458,Brand New,0.0,False
1458,Flawless,0.0,False
1458,Good,0.0,False
1458,Fair,0.0,False
1458,Minor Damage,0.0,False
1458,Broken,0.0,False
1459,Brand New,0.0,False
1459,Flawless,0.0,False
1459,Good,0.0,False
1459,Fair,0.0,False
1459,Minor Damage,0.0,False
1459,Broken,0.0,False
1460,Brand New,0.0,False
1460,Flawless,0.0,False
1460,Good,0.0,False
1460,Fair,0.0,False
1460,Minor Damage,0.0,False
1460,Broken,0.0,False
1461,Brand New,0.0,False
1461,Flawless,0.0,False
1461,Good,0.0,False
1461,Fair,0.0,False
1461,Minor Damage,0.0,False
1461,Broken,0.0,False
1462,Brand New,0.0,False
1462,Flawless,0.0,False
1462,Good,0.0,False
1462,Fair,0.0,False
1462,Minor Damage,0.0,False
1462,Broken,0.0,False
1463,Brand New,0.0,False
1463,Flawless,0.0,False
1463,Good,0.0,False
1463,Fair,0.0,False
1463,Minor Damage,0.0,False
1463,Broken,0.0,True
1464,Brand New,0.0,False
1464,Flawless,0.0,False
1464,Good,0.0,False
1464,Fair,0.0,False
1464,Minor Damage,0.0,False
1464,Broken,0.0,False
1465,Brand New,0.0,False
1465,Flawless,0.0,False
1465,Good,0.0,False
1465,Fair,0.0,False
1465,Minor Damage,0.0,False
1465,Broken,0.0,False
1466,Brand New,0.0,False
1466,Flawless,0.0,False
1466,Good,0.0,False
1466,Fair,0.0,False
1466,Minor Damage,0.0,False
1466,Broken,0.0,False
1467,Brand New,0.0,False
1467,Flawless,0.0,False
1467,Good,0.0,False
1467,Fair,0.0,False
1467,Minor Damage,0.0,False
1467,Broken,0.0,False
1468,Brand New,0.0,False
1468,Flawless,155.0,True
1468,Good,135.0,True
1468,Fair,85.0,True
1468,Minor Damage,25.0,True
1468,Broken,0.0,True
1469,Brand New,0.0,False
1469,Flawless,105.0,True
1469,Good,85.0,True
1469,Fair,35.0,True
1469,Minor Damage,25.0,True
1469,Broken,0.0,True
1470,Brand New,0.0,False
1470,Flawless,80.0,True
1470,Good,60.0,True
1470,Fair,30.0,True
1470,Minor Damage,10.0,True
1470,Broken,0.0,True
1471,Brand New,0.0,False
1471,Flawless,0.0,False
1471,Good,0.0,False
1471,Fair,0.0,False
1471,Minor Damage,0.0,False
1471,Broken,0.0,False
1472,Brand New,0.0,False
1472,Flawless,170.0,True
1472,Good,150.0,True
1472,Fair,100.0,True
1472,Minor Damage,30.0,True
1472,Broken,0.0,True
1473,Brand New,0.0,False
1473,Flawless,0.0,False
1473,Good,0.0,False
1473,Fair,0.0,False
1473,Minor Damage,0.0,False
1473,Broken,0.0,False
1474,Brand New,0.0,False
1474,Flawless,0.0,False
1474,Good,0.0,False
1474,Fair,0.0,False
1474,Minor Damage,0.0,False
1474,Broken,0.0,False
1475,Brand New,0.0,False
1475,Flawless,0.0,False
1475,Good,0.0,False
1475,Fair,0.0,False
1475,Minor Damage,0.0,False
1475,Broken,0.0,False
1476,Brand New,0.0,False
1476,Flawless,0.0,False
1476,Good,0.0,False
1476,Fair,0.0,False
1476,Minor Damage,0.0,False
1476,Broken,0.0,False
1477,Brand New,0.0,False
1477,Flawless,0.0,False
1477,Good,0.0,False
1477,Fair,0.0,False
1477,Minor Damage,0.0,False
1477,Broken,0.0,False
1478,Brand New,0.0,False
1478,Flawless,165.0,True
1478,Good,145.0,True
1478,Fair,95.0,True
1478,Minor Damage,27.0,True
1478,Broken,0.0,True
1479,Brand New,0.0,False
1479,Flawless,115.0,True
1479,Good,95.0,True
1479,Fair,45.0,True
1479,Minor Damage,25.0,True
1479,Broken,0.0,True
1480,Brand New,0.0,False
1480,Flawless,90.0,True
1480,Good,70.0,True
1480,Fair,30.0,True
1480,Minor Damage,10.0,True
1480,Broken,0.0,True
1481,Brand New,0.0,False
1481,Flawless,0.0,False
1481,Good,0.0,False
1481,Fair,0.0,False
1481,Minor Damage,0.0,False
1481,Broken,0.0,False
1482,Brand New,0.0,False
1482,Flawless,190.0,True
1482,Good,170.0,True
1482,Fair,120.0,True
1482,Minor Damage,30.0,True
1482,Broken,0.0,True
1483,Brand New,0.0,False
1483,Flawless,0.0,False
1483,Good,0.0,False
1483,Fair,0.0,False
1483,Minor Damage,0.0,False
1483,Broken,0.0,False
1484,Brand New,0.0,False
1484,Flawless,0.0,False
1484,Good,0.0,False
1484,Fair,0.0,False
1484,Minor Damage,0.0,False
1484,Broken,0.0,False
1485,Brand New,0.0,False
1485,Flawless,0.0,False
1485,Good,0.0,False
1485,Fair,0.0,False
1485,Minor Damage,0.0,False
1485,Broken,0.0,False
1486,Brand New,0.0,False
1486,Flawless,0.0,False
1486,Good,0.0,False
1486,Fair,0.0,False
1486,Minor Damage,0.0,False
1486,Broken,0.0,False
1487,Brand New,0.0,False
1487,Flawless,0.0,False
1487,Good,0.0,False
1487,Fair,0.0,False
1487,Minor Damage,0.0,False
1487,Broken,0.0,False
1488,Brand New,0.0,False
1488,Flawless,0.0,False
1488,Good,0.0,False
1488,Fair,0.0,False
1488,Minor Damage,0.0,False
1488,Broken,0.0,False
1489,Brand New,0.0,False
1489,Flawless,0.0,False
1489,Good,0.0,False
1489,Fair,0.0,False
1489,Minor Damage,0.0,False
1489,Broken,0.0,False
1490,Brand New,0.0,False
1490,Flawless,0.0,False
1490,Good,0.0,False
1490,Fair,0.0,False
1490,Minor Damage,0.0,False
1490,Broken,0.0,False
1491,Brand New,0.0,False
1491,Flawless,0.0,False
1491,Good,0.0,False
1491,Fair,0.0,False
1491,Minor Damage,0.0,False
1491,Broken,0.0,False
1492,Brand New,0.0,False
1492,Flawless,0.0,False
1492,Good,0.0,False
1492,Fair,0.0,False
1492,Minor Damage,0.0,False
1492,Broken,0.0,False
1493,Brand New,0.0,False
1493,Flawless,0.0,False
1493,Good,0.0,False
1493,Fair,0.0,False
1493,Minor Damage,0.0,False
1493,Broken,0.0,False
1494,Brand New,0.0,False
1494,Flawless,0.0,False
1494,Good,0.0,False
1494,Fair,0.0,False
1494,Minor Damage,0.0,False
1494,Broken,0.0,False
1495,Brand New,0.0,False
1495,Flawless,0.0,False
1495,Good,0.0,False
1495,Fair,0.0,False
1495,Minor Damage,0.0,False
1495,Broken,0.0,False
1496,Brand New,0.0,False
1496,Flawless,0.0,False
1496,Good,0.0,False
1496,Fair,0.0,False
1496,Minor Damage,0.0,False
1496,Broken,0.0,False
1497,Brand New,0.0,False
1497,Flawless,0.0,False
1497,Good,0.0,False
1497,Fair,0.0,False
1497,Minor Damage,0.0,False
1497,Broken,0.0,False
1498,Brand New,0.0,False
1498,Flawless,0.0,False
1498,Good,0.0,False
1498,Fair,0.0,False
1498,Minor Damage,0.0,False
1498,Broken,0.0,False
1499,Brand New,0.0,False
1499,Flawless,0.0,False
1499,Good,0.0,False
1499,Fair,0.0,False
1499,Minor Damage,0.0,False
1499,Broken,0.0,False
1500,Brand New,0.0,False
1500,Flawless,0.0,False
1500,Good,0.0,False
1500,Fair,0.0,False
1500,Minor Damage,0.0,False
1500,Broken,0.0,False
1501,Brand New,0.0,False
1501,Flawless,0.0,False
1501,Good,0.0,False
1501,Fair,0.0,False
1501,Minor Damage,0.0,False
1501,Broken,0.0,False
1502,Brand New,0.0,False
1502,Flawless,0.0,False
1502,Good,0.0,False
1502,Fair,0.0,False
1502,Minor Damage,0.0,False
1502,Broken,0.0,False
1503,Brand New,0.0,False
1503,Flawless,0.0,False
1503,Good,0.0,False
1503,Fair,0.0,False
1503,Minor Damage,0.0,False
1503,Broken,0.0,False
1504,Brand New,0.0,False
1504,Flawless,0.0,False
1504,Good,0.0,False
1504,Fair,0.0,False
1504,Minor Damage,0.0,False
1504,Broken,0.0,False
1505,Brand New,0.0,False
1505,Flawless,0.0,False
1505,Good,0.0,False
1505,Fair,0.0,False
1505,Minor Damage,0.0,False
1505,Broken,0.0,False
1506,Brand New,0.0,False
1506,Flawless,0.0,False
1506,Good,0.0,False
1506,Fair,0.0,False
1506,Minor Damage,0.0,False
1506,Broken,0.0,False
1507,Brand New,0.0,False
1507,Flawless,0.0,False
1507,Good,0.0,False
1507,Fair,0.0,False
1507,Minor Damage,0.0,False
1507,Broken,0.0,False
1508,Brand New,0.0,False
1508,Flawless,0.0,False
1508,Good,0.0,False
1508,Fair,0.0,False
1508,Minor Damage,0.0,False
1508,Broken,0.0,False
1509,Brand New,0.0,False
1509,Flawless,0.0,False
1509,Good,0.0,False
1509,Fair,0.0,False
1509,Minor Damage,0.0,False
1509,Broken,0.0,False
1510,Brand New,0.0,False
1510,Flawless,0.0,False
1510,Good,0.0,False
1510,Fair,0.0,False
1510,Minor Damage,0.0,False
1510,Broken,0.0,False
1511,Brand New,0.0,False
1511,Flawless,0.0,False
1511,Good,0.0,False
1511,Fair,0.0,False
1511,Minor Damage,0.0,False
1511,Broken,0.0,False
1512,Brand New,0.0,False
1512,Flawless,0.0,False
1512,Good,0.0,False
1512,Fair,0.0,False
1512,Minor Damage,0.0,False
1512,Broken,0.0,False
1513,Brand New,0.0,False
1513,Flawless,0.0,False
1513,Good,0.0,False
1513,Fair,0.0,False
1513,Minor Damage,0.0,False
1513,Broken,0.0,False
1514,Brand New,0.0,False
1514,Flawless,0.0,False
1514,Good,0.0,False
1514,Fair,0.0,False
1514,Minor Damage,0.0,False
1514,Broken,0.0,False
1515,Brand New,0.0,False
1515,Flawless,0.0,False
1515,Good,0.0,False
1515,Fair,0.0,False
1515,Minor Damage,0.0,False
1515,Broken,0.0,False
1516,Brand New,0.0,False
1516,Flawless,0.0,False
1516,Good,0.0,False
1516,Fair,0.0,False
1516,Minor Damage,0.0,False
1516,Broken,0.0,False
1517,Brand New,0.0,False
1517,Flawless,0.0,False
1517,Good,0.0,False
1517,Fair,0.0,False
1517,Minor Damage,0.0,False
1517,Broken,0.0,False
1518,Brand New,0.0,False
1518,Flawless,0.0,False
1518,Good,0.0,False
1518,Fair,0.0,False
1518,Minor Damage,0.0,False
1518,Broken,0.0,False
1519,Brand New,0.0,False
1519,Flawless,0.0,False
1519,Good,0.0,False
1519,Fair,0.0,False
1519,Minor Damage,0.0,False
1519,Broken,0.0,False
1520,Brand New,0.0,False
1520,Flawless,0.0,False
1520,Good,0.0,False
1520,Fair,0.0,False
1520,Minor Damage,0.0,False
1520,Broken,0.0,False
1521,Brand New,0.0,False
1521,Flawless,0.0,False
1521,Good,0.0,False
1521,Fair,0.0,False
1521,Minor Damage,0.0,False
1521,Broken,0.0,False
1522,Brand New,0.0,False
1522,Flawless,0.0,False
1522,Good,0.0,False
1522,Fair,0.0,False
1522,Minor Damage,0.0,False
1522,Broken,0.0,False
1523,Brand New,0.0,False
1523,Flawless,0.0,False
1523,Good,0.0,False
1523,Fair,0.0,False
1523,Minor Damage,0.0,False
1523,Broken,0.0,False
1524,Brand New,0.0,False
1524,Flawless,0.0,False
1524,Good,0.0,False
1524,Fair,0.0,False
1524,Minor Damage,0.0,False
1524,Broken,0.0,False
1525,Brand New,0.0,False
1525,Flawless,0.0,False
1525,Good,0.0,False
1525,Fair,0.0,False
1525,Minor Damage,0.0,False
1525,Broken,0.0,False
1526,Brand New,0.0,False
1526,Flawless,0.0,False
1526,Good,0.0,False
1526,Fair,0.0,False
1526,Minor Damage,0.0,False
1526,Broken,0.0,False
1527,Brand New,0.0,False
1527,Flawless,0.0,False
1527,Good,0.0,False
1527,Fair,0.0,False
1527,Minor Damage,0.0,False
1527,Broken,0.0,False
1528,Brand New,0.0,False
1528,Flawless,0.0,False
1528,Good,0.0,False
1528,Fair,0.0,False
1528,Minor Damage,0.0,False
1528,Broken,0.0,False
1529,Brand New,0.0,False
1529,Flawless,0.0,False
1529,Good,0.0,False
1529,Fair,0.0,False
1529,Minor Damage,0.0,False
1529,Broken,0.0,False
1530,Brand New,0.0,False
1530,Flawless,0.0,False
1530,Good,0.0,False
1530,Fair,0.0,False
1530,Minor Damage,0.0,False
1530,Broken,0.0,False
1531,Brand New,0.0,False
1531,Flawless,0.0,False
1531,Good,0.0,False
1531,Fair,0.0,False
1531,Minor Damage,0.0,False
1531,Broken,0.0,False
1532,Brand New,0.0,False
1532,Flawless,0.0,False
1532,Good,0.0,False
1532,Fair,0.0,False
1532,Minor Damage,0.0,False
1532,Broken,0.0,False
1533,Brand New,0.0,False
1533,Flawless,0.0,False
1533,Good,0.0,False
1533,Fair,0.0,False
1533,Minor Damage,0.0,False
1533,Broken,0.0,False
1534,Brand New,0.0,False
1534,Flawless,0.0,False
1534,Good,0.0,False
1534,Fair,0.0,False
1534,Minor Damage,0.0,False
1534,Broken,0.0,False
1535,Brand New,0.0,False
1535,Flawless,0.0,False
1535,Good,0.0,False
1535,Fair,0.0,False
1535,Minor Damage,0.0,False
1535,Broken,0.0,False
1536,Brand New,0.0,False
1536,Flawless,0.0,False
1536,Good,0.0,False
1536,Fair,0.0,False
1536,Minor Damage,0.0,False
1536,Broken,0.0,False
1537,Brand New,0.0,False
1537,Flawless,0.0,False
1537,Good,0.0,False
1537,Fair,0.0,False
1537,Minor Damage,0.0,False
1537,Broken,0.0,False
1538,Brand New,0.0,True
1538,Flawless,0.0,True
1538,Good,0.0,True
1538,Fair,0.0,True
1538,Minor Damage,0.0,True
1538,Broken,0.0,True
1539,Brand New,0.0,True
1539,Flawless,0.0,True
1539,Good,0.0,True
1539,Fair,0.0,True
1539,Minor Damage,0.0,True
1539,Broken,0.0,True
1540,Brand New,0.0,True
1540,Flawless,0.0,True
1540,Good,0.0,True
1540,Fair,0.0,True
1540,Minor Damage,0.0,True
1540,Broken,0.0,True
1541,Brand New,0.0,True
1541,Flawless,0.0,True
1541,Good,0.0,True
1541,Fair,0.0,True
1541,Minor Damage,0.0,True
1541,Broken,0.0,True
1542,Brand New,0.0,True
1542,Flawless,0.0,True
1542,Good,0.0,True
1542,Fair,0.0,True
1542,Minor Damage,0.0,True
1542,Broken,0.0,True
1543,Brand New,0.0,False
1543,Flawless,0.0,False
1543,Good,0.0,False
1543,Fair,0.0,False
1543,Minor Damage,0.0,False
1543,Broken,0.0,False
1544,Brand New,0.0,True
1544,Flawless,0.0,True
1544,Good,0.0,True
1544,Fair,0.0,True
1544,Minor Damage,0.0,True
1544,Broken,0.0,True
1545,Brand New,0.0,True
1545,Flawless,0.0,True
1545,Good,0.0,True
1545,Fair,0.0,True
1545,Minor Damage,0.0,True
1545,Broken,0.0,True
1546,Brand New,0.0,True
1546,Flawless,0.0,True
1546,Good,0.0,True
1546,Fair,0.0,True
1546,Minor Damage,0.0,True
1546,Broken,0.0,True
1547,Brand New,0.0,True
1547,Flawless,0.0,True
1547,Good,0.0,True
1547,Fair,0.0,True
1547,Minor Damage,0.0,True
1547,Broken,0.0,True
1548,Brand New,0.0,True
1548,Flawless,0.0,True
1548,Good,0.0,True
1548,Fair,0.0,True
1548,Minor Damage,0.0,True
1548,Broken,0.0,True
1549,Brand New,0.0,False
1549,Flawless,0.0,False
1549,Good,0.0,False
1549,Fair,0.0,False
1549,Minor Damage,0.0,False
1549,Broken,0.0,False
1550,Brand New,0.0,False
1550,Flawless,0.0,False
1550,Good,0.0,False
1550,Fair,0.0,False
1550,Minor Damage,0.0,False
1550,Broken,0.0,False
1551,Brand New,0.0,False
1551,Flawless,0.0,False
1551,Good,0.0,False
1551,Fair,0.0,False
1551,Minor Damage,0.0,False
1551,Broken,0.0,False
1552,Brand New,0.0,False
1552,Flawless,0.0,False
1552,Good,0.0,False
1552,Fair,0.0,False
1552,Minor Damage,0.0,False
1552,Broken,0.0,False
1553,Brand New,0.0,False
1553,Flawless,0.0,False
1553,Good,0.0,False
1553,Fair,0.0,False
1553,Minor Damage,0.0,False
1553,Broken,0.0,False
1554,Brand New,0.0,False
1554,Flawless,0.0,False
1554,Good,0.0,False
1554,Fair,0.0,False
1554,Minor Damage,0.0,False
1554,Broken,0.0,False
1555,Brand New,0.0,False
1555,Flawless,0.0,False
1555,Good,0.0,False
1555,Fair,0.0,False
1555,Minor Damage,0.0,False
1555,Broken,0.0,False
1556,Brand New,0.0,False
1556,Flawless,0.0,False
1556,Good,0.0,False
1556,Fair,0.0,False
1556,Minor Damage,0.0,False
1556,Broken,0.0,False
1557,Brand New,0.0,False
1557,Flawless,0.0,False
1557,Good,0.0,False
1557,Fair,0.0,False
1557,Minor Damage,0.0,False
1557,Broken,0.0,False
1558,Brand New,0.0,False
1558,Flawless,0.0,False
1558,Good,0.0,False
1558,Fair,0.0,False
1558,Minor Damage,0.0,False
1558,Broken,0.0,False
1559,Brand New,0.0,False
1559,Flawless,0.0,False
1559,Good,0.0,False
1559,Fair,0.0,False
1559,Minor Damage,0.0,False
1559,Broken,0.0,False
1560,Brand New,0.0,False
1560,Flawless,0.0,False
1560,Good,0.0,False
1560,Fair,0.0,False
1560,Minor Damage,0.0,False
1560,Broken,0.0,False
1561,Brand New,0.0,False
1561,Flawless,0.0,False
1561,Good,0.0,False
1561,Fair,0.0,False
1561,Minor Damage,0.0,False
1561,Broken,0.0,False
1562,Brand New,0.0,False
1562,Flawless,0.0,False
1562,Good,0.0,False
1562,Fair,0.0,False
1562,Minor Damage,0.0,False
1562,Broken,0.0,False
1563,Brand New,0.0,False
1563,Flawless,0.0,False
1563,Good,0.0,False
1563,Fair,0.0,False
1563,Minor Damage,0.0,False
1563,Broken,0.0,False
1564,Brand New,0.0,False
1564,Flawless,0.0,False
1564,Good,0.0,False
1564,Fair,0.0,False
1564,Minor Damage,0.0,False
1564,Broken,0.0,False
1565,Brand New,0.0,False
1565,Flawless,0.0,False
1565,Good,0.0,False
1565,Fair,0.0,False
1565,Minor Damage,0.0,False
1565,Broken,0.0,False
1566,Brand New,0.0,False
1566,Flawless,0.0,False
1566,Good,0.0,False
1566,Fair,0.0,False
1566,Minor Damage,0.0,False
1566,Broken,0.0,False
1567,Brand New,0.0,False
1567,Flawless,0.0,False
1567,Good,0.0,False
1567,Fair,0.0,False
1567,Minor Damage,0.0,False
1567,Broken,0.0,False
1568,Brand New,0.0,False
1568,Flawless,0.0,False
1568,Good,0.0,False
1568,Fair,0.0,False
1568,Minor Damage,0.0,False
1568,Broken,0.0,False
1569,Brand New,0.0,False
1569,Flawless,0.0,True
1569,Good,0.0,True
1569,Fair,0.0,True
1569,Minor Damage,0.0,True
1569,Broken,0.0,True
1570,Brand New,0.0,False
1570,Flawless,0.0,True
1570,Good,0.0,True
1570,Fair,0.0,True
1570,Minor Damage,0.0,True
1570,Broken,0.0,True
1571,Brand New,0.0,False
1571,Flawless,0.0,True
1571,Good,0.0,True
1571,Fair,0.0,True
1571,Minor Damage,0.0,True
1571,Broken,0.0,True
1572,Brand New,0.0,False
1572,Flawless,0.0,False
1572,Good,0.0,False
1572,Fair,0.0,False
1572,Minor Damage,0.0,False
1572,Broken,0.0,False
1573,Brand New,0.0,False
1573,Flawless,0.0,True
1573,Good,0.0,True
1573,Fair,0.0,True
1573,Minor Damage,0.0,True
1573,Broken,0.0,True
1574,Brand New,0.0,False
1574,Flawless,0.0,False
1574,Good,0.0,False
1574,Fair,0.0,False
1574,Minor Damage,0.0,False
1574,Broken,0.0,False
1575,Brand New,0.0,False
1575,Flawless,0.0,False
1575,Good,0.0,False
1575,Fair,0.0,False
1575,Minor Damage,0.0,False
1575,Broken,0.0,False
1576,Brand New,0.0,False
1576,Flawless,0.0,False
1576,Good,0.0,False
1576,Fair,0.0,False
1576,Minor Damage,0.0,False
1576,Broken,0.0,False
1577,Brand New,0.0,False
1577,Flawless,0.0,False
1577,Good,0.0,False
1577,Fair,0.0,False
1577,Minor Damage,0.0,False
1577,Broken,0.0,False
1578,Brand New,0.0,False
1578,Flawless,0.0,False
1578,Good,0.0,False
1578,Fair,0.0,False
1578,Minor Damage,0.0,False
1578,Broken,0.0,False
1579,Brand New,0.0,False
1579,Flawless,0.0,False
1579,Good,0.0,False
1579,Fair,0.0,False
1579,Minor Damage,0.0,False
1579,Broken,0.0,False
1580,Brand New,0.0,False
1580,Flawless,0.0,False
1580,Good,0.0,False
1580,Fair,0.0,False
1580,Minor Damage,0.0,False
1580,Broken,0.0,False
1581,Brand New,0.0,False
1581,Flawless,0.0,False
1581,Good,0.0,False
1581,Fair,0.0,False
1581,Minor Damage,0.0,False
1581,Broken,0.0,False
1582,Brand New,0.0,False
1582,Flawless,0.0,False
1582,Good,0.0,False
1582,Fair,0.0,False
1582,Minor Damage,0.0,False
1582,Broken,0.0,False
1583,Brand New,0.0,False
1583,Flawless,0.0,False
1583,Good,0.0,False
1583,Fair,0.0,False
1583,Minor Damage,0.0,False
1583,Broken,0.0,False
1584,Brand New,0.0,False
1584,Flawless,0.0,True
1584,Good,0.0,True
1584,Fair,0.0,True
1584,Minor Damage,0.0,True
1584,Broken,0.0,True
1585,Brand New,0.0,False
1585,Flawless,0.0,True
1585,Good,0.0,True
1585,Fair,0.0,True
1585,Minor Damage,0.0,True
1585,Broken,0.0,True
1586,Brand New,0.0,False
1586,Flawless,0.0,True
1586,Good,0.0,True
1586,Fair,0.0,True
1586,Minor Damage,0.0,True
1586,Broken,0.0,True
1587,Brand New,0.0,False
1587,Flawless,0.0,False
1587,Good,0.0,False
1587,Fair,0.0,False
1587,Minor Damage,0.0,False
1587,Broken,0.0,False
1588,Brand New,0.0,False
1588,Flawless,0.0,True
1588,Good,0.0,True
1588,Fair,0.0,True
1588,Minor Damage,0.0,True
1588,Broken,0.0,True
1589,Brand New,0.0,False
1589,Flawless,0.0,False
1589,Good,0.0,False
1589,Fair,0.0,False
1589,Minor Damage,0.0,False
1589,Broken,0.0,False
1590,Brand New,0.0,False
1590,Flawless,0.0,False
1590,Good,0.0,False
1590,Fair,0.0,False
1590,Minor Damage,0.0,False
1590,Broken,0.0,False
1591,Brand New,0.0,False
1591,Flawless,0.0,False
1591,Good,0.0,False
1591,Fair,0.0,False
1591,Minor Damage,0.0,False
1591,Broken,0.0,False
1592,Brand New,0.0,False
1592,Flawless,0.0,False
1592,Good,0.0,False
1592,Fair,0.0,False
1592,Minor Damage,0.0,False
1592,Broken,0.0,False
1593,Brand New,0.0,False
1593,Flawless,0.0,False
1593,Good,0.0,False
1593,Fair,0.0,False
1593,Minor Damage,0.0,False
1593,Broken,0.0,False
1594,Brand New,0.0,False
1594,Flawless,0.0,False
1594,Good,0.0,False
1594,Fair,0.0,False
1594,Minor Damage,0.0,False
1594,Broken,0.0,False
1595,Brand New,0.0,False
1595,Flawless,0.0,False
1595,Good,0.0,False
1595,Fair,0.0,False
1595,Minor Damage,0.0,False
1595,Broken,0.0,False
1596,Brand New,0.0,False
1596,Flawless,0.0,False
1596,Good,0.0,False
1596,Fair,0.0,False
1596,Minor Damage,0.0,False
1596,Broken,0.0,False
1597,Brand New,0.0,False
1597,Flawless,0.0,False
1597,Good,0.0,False
1597,Fair,0.0,False
1597,Minor Damage,0.0,False
1597,Broken,0.0,False
1598,Brand New,0.0,False
1598,Flawless,0.0,False
1598,Good,0.0,False
1598,Fair,0.0,False
1598,Minor Damage,0.0,False
1598,Broken,0.0,False
1599,Brand New,0.0,True
1599,Flawless,0.0,True
1599,Good,0.0,True
1599,Fair,0.0,True
1599,Minor Damage,0.0,True
1599,Broken,0.0,True
1600,Brand New,0.0,True
1600,Flawless,0.0,True
1600,Good,0.0,True
1600,Fair,0.0,True
1600,Minor Damage,0.0,True
1600,Broken,0.0,True
1601,Brand New,0.0,True
1601,Flawless,0.0,True
1601,Good,0.0,True
1601,Fair,0.0,True
1601,Minor Damage,0.0,True
1601,Broken,0.0,True
1602,Brand New,0.0,True
1602,Flawless,0.0,True
1602,Good,0.0,True
1602,Fair,0.0,True
1602,Minor Damage,0.0,True
1602,Broken,0.0,True
1603,Brand New,0.0,True
1603,Flawless,0.0,True
1603,Good,0.0,True
1603,Fair,0.0,True
1603,Minor Damage,0.0,True
1603,Broken,0.0,True
1604,Brand New,0.0,True
1604,Flawless,0.0,True
1604,Good,0.0,True
1604,Fair,0.0,True
1604,Minor Damage,0.0,True
1604,Broken,0.0,True
1605,Brand New,0.0,True
1605,Flawless,0.0,True
1605,Good,0.0,True
1605,Fair,0.0,True
1605,Minor Damage,0.0,True
1605,Broken,0.0,True
1606,Brand New,0.0,True
1606,Flawless,0.0,True
1606,Good,0.0,True
1606,Fair,0.0,True
1606,Minor Damage,0.0,True
1606,Broken,0.0,True
1607,Brand New,0.0,True
1607,Flawless,0.0,True
1607,Good,0.0,True
1607,Fair,0.0,True
1607,Minor Damage,0.0,True
1607,Broken,0.0,True
1608,Brand New,0.0,True
1608,Flawless,0.0,True
1608,Good,0.0,True
1608,Fair,0.0,True
1608,Minor Damage,0.0,True
1608,Broken,0.0,True
1609,Brand New,0.0,True
1609,Flawless,0.0,True
1609,Good,0.0,True
1609,Fair,0.0,True
1609,Minor Damage,0.0,True
1609,Broken,0.0,True
1610,Brand New,0.0,True
1610,Flawless,0.0,True
1610,Good,0.0,True
1610,Fair,0.0,True
1610,Minor Damage,0.0,True
1610,Broken,0.0,True
1611,Brand New,0.0,True
1611,Flawless,0.0,True
1611,Good,0.0,True
1611,Fair,0.0,True
1611,Minor Damage,0.0,True
1611,Broken,0.0,True
1612,Brand New,0.0,True
1612,Flawless,0.0,True
1612,Good,0.0,True
1612,Fair,0.0,True
1612,Minor Damage,0.0,True
1612,Broken,0.0,True
1613,Brand New,0.0,True
1613,Flawless,0.0,True
1613,Good,0.0,True
1613,Fair,0.0,True
1613,Minor Damage,0.0,True
1613,Broken,0.0,True
1614,Brand New,0.0,True
1614,Flawless,0.0,True
1614,Good,0.0,True
1614,Fair,0.0,True
1614,Minor Damage,0.0,True
1614,Broken,0.0,True
1615,Brand New,0.0,True
1615,Flawless,0.0,True
1615,Good,0.0,True
1615,Fair,0.0,True
1615,Minor Damage,0.0,True
1615,Broken,0.0,True
1616,Brand New,0.0,True
1616,Flawless,0.0,True
1616,Good,0.0,True
1616,Fair,0.0,True
1616,Minor Damage,0.0,True
1616,Broken,0.0,True
1617,Brand New,0.0,True
1617,Flawless,0.0,True
1617,Good,0.0,True
1617,Fair,0.0,True
1617,Minor Damage,0.0,True
1617,Broken,0.0,True
1618,Brand New,0.0,True
1618,Flawless,0.0,True
1618,Good,0.0,True
1618,Fair,0.0,True
1618,Minor Damage,0.0,True
1618,Broken,0.0,True
1619,Brand New,0.0,False
1619,Flawless,0.0,True
1619,Good,0.0,True
1619,Fair,0.0,True
1619,Minor Damage,0.0,True
1619,Broken,0.0,True
1620,Brand New,0.0,False
1620,Flawless,0.0,True
1620,Good,0.0,True
1620,Fair,0.0,True
1620,Minor Damage,0.0,True
1620,Broken,0.0,True
1621,Brand New,0.0,False
1621,Flawless,0.0,True
1621,Good,0.0,True
1621,Fair,0.0,True
1621,Minor Damage,0.0,True
1621,Broken,0.0,True
1622,Brand New,0.0,False
1622,Flawless,0.0,False
1622,Good,0.0,False
1622,Fair,0.0,False
1622,Minor Damage,0.0,False
1622,Broken,0.0,False
1623,Brand New,0.0,False
1623,Flawless,0.0,True
1623,Good,0.0,True
1623,Fair,0.0,True
1623,Minor Damage,0.0,True
1623,Broken,0.0,True
1624,Brand New,0.0,False
1624,Flawless,0.0,False
1624,Good,0.0,False
1624,Fair,0.0,False
1624,Minor Damage,0.0,False
1624,Broken,0.0,False
1625,Brand New,0.0,False
1625,Flawless,0.0,False
1625,Good,0.0,False
1625,Fair,0.0,False
1625,Minor Damage,0.0,False
1625,Broken,0.0,False
1626,Brand New,0.0,False
1626,Flawless,0.0,False
1626,Good,0.0,False
1626,Fair,0.0,False
1626,Minor Damage,0.0,False
1626,Broken,0.0,False
1627,Brand New,0.0,False
1627,Flawless,0.0,False
1627,Good,0.0,False
1627,Fair,0.0,False
1627,Minor Damage,0.0,False
1627,Broken,0.0,False
1628,Brand New,0.0,False
1628,Flawless,0.0,False
1628,Good,0.0,False
1628,Fair,0.0,False
1628,Minor Damage,0.0,False
1628,Broken,0.0,False
1629,Brand New,0.0,False
1629,Flawless,0.0,False
1629,Good,0.0,False
1629,Fair,0.0,False
1629,Minor Damage,0.0,False
1629,Broken,0.0,False
1630,Brand New,0.0,False
1630,Flawless,0.0,False
1630,Good,0.0,False
1630,Fair,0.0,False
1630,Minor Damage,0.0,False
1630,Broken,0.0,False
1631,Brand New,0.0,False
1631,Flawless,0.0,False
1631,Good,0.0,False
1631,Fair,0.0,False
1631,Minor Damage,0.0,False
1631,Broken,0.0,False
1632,Brand New,0.0,False
1632,Flawless,0.0,False
1632,Good,0.0,False
1632,Fair,0.0,False
1632,Minor Damage,0.0,False
1632,Broken,0.0,False
1633,Brand New,0.0,False
1633,Flawless,0.0,False
1633,Good,0.0,False
1633,Fair,0.0,False
1633,Minor Damage,0.0,False
1633,Broken,0.0,False
1634,Brand New,0.0,False
1634,Flawless,0.0,True
1634,Good,0.0,True
1634,Fair,0.0,True
1634,Minor Damage,0.0,True
1634,Broken,0.0,True
1635,Brand New,0.0,False
1635,Flawless,0.0,True
1635,Good,0.0,True
1635,Fair,0.0,True
1635,Minor Damage,0.0,True
1635,Broken,0.0,True
1636,Brand New,0.0,False
1636,Flawless,0.0,True
1636,Good,0.0,True
1636,Fair,0.0,True
1636,Minor Damage,0.0,True
1636,Broken,0.0,True
1637,Brand New,0.0,False
1637,Flawless,0.0,False
1637,Good,0.0,False
1637,Fair,0.0,False
1637,Minor Damage,0.0,False
1637,Broken,0.0,False
1638,Brand New,0.0,False
1638,Flawless,0.0,True
1638,Good,0.0,True
1638,Fair,0.0,True
1638,Minor Damage,0.0,True
1638,Broken,0.0,True
1639,Brand New,0.0,False
1639,Flawless,0.0,True
1639,Good,0.0,True
1639,Fair,0.0,True
1639,Minor Damage,0.0,True
1639,Broken,0.0,True
1640,Brand New,0.0,False
1640,Flawless,0.0,True
1640,Good,0.0,True
1640,Fair,0.0,True
1640,Minor Damage,0.0,True
1640,Broken,0.0,True
1641,Brand New,0.0,False
1641,Flawless,0.0,True
1641,Good,0.0,True
1641,Fair,0.0,True
1641,Minor Damage,0.0,True
1641,Broken,0.0,True
1642,Brand New,0.0,False
1642,Flawless,0.0,False
1642,Good,0.0,False
1642,Fair,0.0,False
1642,Minor Damage,0.0,False
1642,Broken,0.0,False
1643,Brand New,0.0,False
1643,Flawless,0.0,True
1643,Good,0.0,True
1643,Fair,0.0,True
1643,Minor Damage,0.0,True
1643,Broken,0.0,True
1644,Brand New,0.0,False
1644,Flawless,0.0,True
1644,Good,0.0,True
1644,Fair,0.0,True
1644,Minor Damage,0.0,True
1644,Broken,0.0,True
1645,Brand New,0.0,False
1645,Flawless,0.0,True
1645,Good,0.0,True
1645,Fair,0.0,True
1645,Minor Damage,0.0,True
1645,Broken,0.0,True
1646,Brand New,0.0,False
1646,Flawless,0.0,True
1646,Good,0.0,True
1646,Fair,0.0,True
1646,Minor Damage,0.0,True
1646,Broken,0.0,True
1647,Brand New,0.0,False
1647,Flawless,0.0,False
1647,Good,0.0,False
1647,Fair,0.0,False
1647,Minor Damage,0.0,False
1647,Broken,0.0,False
1648,Brand New,0.0,False
1648,Flawless,0.0,True
1648,Good,0.0,True
1648,Fair,0.0,True
1648,Minor Damage,0.0,True
1648,Broken,0.0,True
1649,Brand New,0.0,False
1649,Flawless,0.0,True
1649,Good,0.0,True
1649,Fair,0.0,True
1649,Minor Damage,0.0,True
1649,Broken,0.0,True
1650,Brand New,0.0,False
1650,Flawless,0.0,True
1650,Good,0.0,True
1650,Fair,0.0,True
1650,Minor Damage,0.0,True
1650,Broken,0.0,True
1651,Brand New,0.0,False
1651,Flawless,0.0,True
1651,Good,0.0,True
1651,Fair,0.0,True
1651,Minor Damage,0.0,True
1651,Broken,0.0,True
1652,Brand New,0.0,False
1652,Flawless,0.0,False
1652,Good,0.0,False
1652,Fair,0.0,False
1652,Minor Damage,0.0,False
1652,Broken,0.0,False
1653,Brand New,0.0,False
1653,Flawless,0.0,True
1653,Good,0.0,True
1653,Fair,0.0,True
1653,Minor Damage,0.0,True
1653,Broken,0.0,True
1654,Brand New,0.0,False
1654,Flawless,0.0,True
1654,Good,0.0,True
1654,Fair,0.0,True
1654,Minor Damage,0.0,True
1654,Broken,0.0,True
1655,Brand New,0.0,False
1655,Flawless,0.0,True
1655,Good,0.0,True
1655,Fair,0.0,True
1655,Minor Damage,0.0,True
1655,Broken,0.0,True
1656,Brand New,0.0,False
1656,Flawless,0.0,True
1656,Good,0.0,True
1656,Fair,0.0,True
1656,Minor Damage,0.0,True
1656,Broken,0.0,True
1657,Brand New,0.0,False
1657,Flawless,0.0,False
1657,Good,0.0,False
1657,Fair,0.0,False
1657,Minor Damage,0.0,False
1657,Broken,0.0,False
1658,Brand New,0.0,False
1658,Flawless,0.0,True
1658,Good,0.0,True
1658,Fair,0.0,True
1658,Minor Damage,0.0,True
1658,Broken,0.0,True
1659,Brand New,0.0,False
1659,Flawless,0.0,True
1659,Good,0.0,True
1659,Fair,0.0,True
1659,Minor Damage,0.0,True
1659,Broken,0.0,True
1660,Brand New,0.0,False
1660,Flawless,0.0,True
1660,Good,0.0,True
1660,Fair,0.0,True
1660,Minor Damage,0.0,True
1660,Broken,0.0,True
1661,Brand New,0.0,False
1661,Flawless,0.0,True
1661,Good,0.0,True
1661,Fair,0.0,True
1661,Minor Damage,0.0,True
1661,Broken,0.0,True
1662,Brand New,0.0,False
1662,Flawless,0.0,False
1662,Good,0.0,False
1662,Fair,0.0,False
1662,Minor Damage,0.0,False
1662,Broken,0.0,False
1663,Brand New,0.0,False
1663,Flawless,0.0,True
1663,Good,0.0,True
1663,Fair,0.0,True
1663,Minor Damage,0.0,True
1663,Broken,0.0,True
1664,Brand New,0.0,False
1664,Flawless,0.0,True
1664,Good,0.0,True
1664,Fair,0.0,True
1664,Minor Damage,0.0,True
1664,Broken,0.0,True
1665,Brand New,0.0,False
1665,Flawless,0.0,True
1665,Good,0.0,True
1665,Fair,0.0,True
1665,Minor Damage,0.0,True
1665,Broken,0.0,True
1666,Brand New,0.0,False
1666,Flawless,0.0,True
1666,Good,0.0,True
1666,Fair,0.0,True
1666,Minor Damage,0.0,True
1666,Broken,0.0,True
1667,Brand New,0.0,False
1667,Flawless,0.0,False
1667,Good,0.0,False
1667,Fair,0.0,False
1667,Minor Damage,0.0,False
1667,Broken,0.0,False
1668,Brand New,0.0,False
1668,Flawless,0.0,True
1668,Good,0.0,True
1668,Fair,0.0,True
1668,Minor Damage,0.0,True
1668,Broken,0.0,True
1669,Brand New,0.0,False
1669,Flawless,0.0,True
1669,Good,0.0,True
1669,Fair,0.0,True
1669,Minor Damage,0.0,True
1669,Broken,0.0,True
1670,Brand New,0.0,False
1670,Flawless,0.0,True
1670,Good,0.0,True
1670,Fair,0.0,True
1670,Minor Damage,0.0,True
1670,Broken,0.0,True
1671,Brand New,0.0,False
1671,Flawless,0.0,True
1671,Good,0.0,True
1671,Fair,0.0,True
1671,Minor Damage,0.0,True
1671,Broken,0.0,True
1672,Brand New,0.0,False
1672,Flawless,0.0,False
1672,Good,0.0,False
1672,Fair,0.0,False
1672,Minor Damage,0.0,False
1672,Broken,0.0,False
1673,Brand New,0.0,False
1673,Flawless,0.0,True
1673,Good,0.0,True
1673,Fair,0.0,True
1673,Minor Damage,0.0,True
1673,Broken,0.0,True
1674,Brand New,0.0,False
1674,Flawless,0.0,True
1674,Good,0.0,True
1674,Fair,0.0,True
1674,Minor Damage,0.0,True
1674,Broken,0.0,True
1675,Brand New,0.0,False
1675,Flawless,0.0,True
1675,Good,0.0,True
1675,Fair,0.0,True
1675,Minor Damage,0.0,True
1675,Broken,0.0,True
1676,Brand New,0.0,False
1676,Flawless,0.0,True
1676,Good,0.0,True
1676,Fair,0.0,True
1676,Minor Damage,0.0,True
1676,Broken,0.0,True
1677,Brand New,0.0,False
1677,Flawless,0.0,False
1677,Good,0.0,False
1677,Fair,0.0,False
1677,Minor Damage,0.0,False
1677,Broken,0.0,False
1678,Brand New,0.0,False
1678,Flawless,0.0,True
1678,Good,0.0,True
1678,Fair,0.0,True
1678,Minor Damage,0.0,True
1678,Broken,0.0,True
1679,Brand New,0.0,False
1679,Flawless,50.0,True
1679,Good,35.0,True
1679,Fair,25.0,True
1679,Minor Damage,10.0,True
1679,Broken,5.0,True
1680,Brand New,0.0,False
1680,Flawless,30.0,True
1680,Good,15.0,True
1680,Fair,5.0,True
1680,Minor Damage,5.0,True
1680,Broken,5.0,True
1681,Brand New,0.0,False
1681,Flawless,30.0,True
1681,Good,15.0,True
1681,Fair,5.0,True
1681,Minor Damage,5.0,True
1681,Broken,5.0,True
1682,Brand New,0.0,False
1682,Flawless,0.0,False
1682,Good,0.0,False
1682,Fair,0.0,False
1682,Minor Damage,0.0,False
1682,Broken,0.0,False
1683,Brand New,0.0,False
1683,Flawless,60.0,True
1683,Good,45.0,True
1683,Fair,35.0,True
1683,Minor Damage,10.0,True
1683,Broken,5.0,True
1684,Brand New,0.0,False
1684,Flawless,0.0,False
1684,Good,0.0,False
1684,Fair,0.0,False
1684,Minor Damage,0.0,False
1684,Broken,0.0,False
1685,Brand New,0.0,False
1685,Flawless,0.0,False
1685,Good,0.0,False
1685,Fair,0.0,False
1685,Minor Damage,0.0,False
1685,Broken,0.0,False
1686,Brand New,0.0,False
1686,Flawless,0.0,False
1686,Good,0.0,False
1686,Fair,0.0,False
1686,Minor Damage,0.0,False
1686,Broken,0.0,False
1687,Brand New,0.0,False
1687,Flawless,0.0,False
1687,Good,0.0,False
1687,Fair,0.0,False
1687,Minor Damage,0.0,False
1687,Broken,0.0,False
1688,Brand New,0.0,False
1688,Flawless,0.0,False
1688,Good,0.0,False
1688,Fair,0.0,False
1688,Minor Damage,0.0,False
1688,Broken,0.0,False
1689,Brand New,0.0,False
1689,Flawless,45.0,True
1689,Good,35.0,True
1689,Fair,10.0,True
1689,Minor Damage,5.0,True
1689,Broken,0.0,True
1690,Brand New,0.0,False
1690,Flawless,25.0,True
1690,Good,15.0,True
1690,Fair,10.0,True
1690,Minor Damage,5.0,True
1690,Broken,0.0,True
1691,Brand New,0.0,False
1691,Flawless,20.0,True
1691,Good,10.0,True
1691,Fair,5.0,True
1691,Minor Damage,5.0,True
1691,Broken,0.0,True
1692,Brand New,0.0,False
1692,Flawless,0.0,False
1692,Good,0.0,False
1692,Fair,0.0,False
1692,Minor Damage,0.0,False
1692,Broken,0.0,False
1693,Brand New,0.0,False
1693,Flawless,65.0,True
1693,Good,55.0,True
1693,Fair,20.0,True
1693,Minor Damage,10.0,True
1693,Broken,0.0,True
1694,Brand New,0.0,False
1694,Flawless,65.0,True
1694,Good,55.0,True
1694,Fair,20.0,True
1694,Minor Damage,15.0,True
1694,Broken,0.0,True
1695,Brand New,0.0,False
1695,Flawless,45.0,True
1695,Good,35.0,True
1695,Fair,10.0,True
1695,Minor Damage,5.0,True
1695,Broken,0.0,True
1696,Brand New,0.0,False
1696,Flawless,30.0,True
1696,Good,20.0,True
1696,Fair,10.0,True
1696,Minor Damage,5.0,True
1696,Broken,0.0,True
1697,Brand New,0.0,False
1697,Flawless,0.0,False
1697,Good,0.0,False
1697,Fair,0.0,False
1697,Minor Damage,0.0,False
1697,Broken,0.0,False
1698,Brand New,0.0,False
1698,Flawless,85.0,True
1698,Good,75.0,True
1698,Fair,40.0,True
1698,Minor Damage,15.0,True
1698,Broken,0.0,True
1699,Brand New,0.0,False
1699,Flawless,55.0,True
1699,Good,45.0,True
1699,Fair,25.0,True
1699,Minor Damage,15.0,True
1699,Broken,0.0,True
1700,Brand New,0.0,False
1700,Flawless,55.0,True
1700,Good,45.0,True
1700,Fair,25.0,True
1700,Minor Damage,10.0,True
1700,Broken,0.0,True
1701,Brand New,0.0,False
1701,Flawless,30.0,True
1701,Good,20.0,True
1701,Fair,10.0,True
1701,Minor Damage,5.0,True
1701,Broken,0.0,True
1702,Brand New,0.0,False
1702,Flawless,0.0,False
1702,Good,0.0,False
1702,Fair,0.0,False
1702,Minor Damage,0.0,False
1702,Broken,0.0,False
1703,Brand New,0.0,False
1703,Flawless,70.0,True
1703,Good,60.0,True
1703,Fair,40.0,True
1703,Minor Damage,20.0,True
1703,Broken,0.0,True
1704,Brand New,0.0,False
1704,Flawless,65.0,True
1704,Good,55.0,True
1704,Fair,35.0,True
1704,Minor Damage,16.0,True
1704,Broken,0.0,True
1705,Brand New,0.0,False
1705,Flawless,65.0,True
1705,Good,55.0,True
1705,Fair,35.0,True
1705,Minor Damage,11.0,True
1705,Broken,0.0,True
1706,Brand New,0.0,False
1706,Flawless,40.0,True
1706,Good,30.0,True
1706,Fair,20.0,True
1706,Minor Damage,10.0,True
1706,Broken,0.0,True
1707,Brand New,0.0,False
1707,Flawless,0.0,False
1707,Good,0.0,False
1707,Fair,0.0,False
1707,Minor Damage,0.0,False
1707,Broken,0.0,False
1708,Brand New,0.0,False
1708,Flawless,80.0,True
1708,Good,70.0,True
1708,Fair,50.0,True
1708,Minor Damage,21.0,True
1708,Broken,0.0,True
1709,Brand New,0.0,False
1709,Flawless,0.0,False
1709,Good,0.0,False
1709,Fair,0.0,False
1709,Minor Damage,0.0,False
1709,Broken,0.0,False
1710,Brand New,0.0,False
1710,Flawless,0.0,False
1710,Good,0.0,False
1710,Fair,0.0,False
1710,Minor Damage,0.0,False
1710,Broken,0.0,False
1711,Brand New,0.0,False
1711,Flawless,0.0,False
1711,Good,0.0,False
1711,Fair,0.0,False
1711,Minor Damage,0.0,False
1711,Broken,0.0,False
1712,Brand New,0.0,False
1712,Flawless,0.0,False
1712,Good,0.0,False
1712,Fair,0.0,False
1712,Minor Damage,0.0,False
1712,Broken,0.0,False
1713,Brand New,0.0,False
1713,Flawless,0.0,False
1713,Good,0.0,False
1713,Fair,0.0,False
1713,Minor Damage,0.0,False
1713,Broken,0.0,False
1714,Brand New,0.0,False
1714,Flawless,0.0,False
1714,Good,0.0,False
1714,Fair,0.0,False
1714,Minor Damage,0.0,False
1714,Broken,0.0,False
1715,Brand New,0.0,False
1715,Flawless,0.0,False
1715,Good,0.0,False
1715,Fair,0.0,False
1715,Minor Damage,0.0,False
1715,Broken,0.0,False
1716,Brand New,0.0,False
1716,Flawless,0.0,False
1716,Good,0.0,False
1716,Fair,0.0,False
1716,Minor Damage,0.0,False
1716,Broken,0.0,False
1717,Brand New,0.0,False
1717,Flawless,0.0,False
1717,Good,0.0,False
1717,Fair,0.0,False
1717,Minor Damage,0.0,False
1717,Broken,0.0,False
1718,Brand New,0.0,False
1718,Flawless,0.0,False
1718,Good,0.0,False
1718,Fair,0.0,False
1718,Minor Damage,0.0,False
1718,Broken,0.0,False
1719,Brand New,0.0,False
1719,Flawless,90.0,True
1719,Good,70.0,True
1719,Fair,55.0,True
1719,Minor Damage,20.0,True
1719,Broken,5.0,True
1720,Brand New,0.0,False
1720,Flawless,60.0,True
1720,Good,40.0,True
1720,Fair,25.0,True
1720,Minor Damage,10.0,True
1720,Broken,5.0,True
1721,Brand New,0.0,False
1721,Flawless,60.0,True
1721,Good,40.0,True
1721,Fair,25.0,True
1721,Minor Damage,10.0,True
1721,Broken,5.0,True
1722,Brand New,0.0,False
1722,Flawless,0.0,False
1722,Good,0.0,False
1722,Fair,0.0,False
1722,Minor Damage,0.0,False
1722,Broken,0.0,False
1723,Brand New,0.0,False
1723,Flawless,100.0,True
1723,Good,80.0,True
1723,Fair,65.0,True
1723,Minor Damage,30.0,True
1723,Broken,5.0,True
1724,Brand New,0.0,False
1724,Flawless,100.0,True
1724,Good,80.0,True
1724,Fair,65.0,True
1724,Minor Damage,20.0,True
1724,Broken,5.0,True
1725,Brand New,0.0,False
1725,Flawless,70.0,True
1725,Good,50.0,True
1725,Fair,35.0,True
1725,Minor Damage,10.0,True
1725,Broken,5.0,True
1726,Brand New,0.0,False
1726,Flawless,70.0,True
1726,Good,50.0,True
1726,Fair,35.0,True
1726,Minor Damage,10.0,True
1726,Broken,5.0,True
1727,Brand New,0.0,False
1727,Flawless,0.0,False
1727,Good,0.0,False
1727,Fair,0.0,False
1727,Minor Damage,0.0,False
1727,Broken,0.0,False
1728,Brand New,0.0,False
1728,Flawless,110.0,True
1728,Good,90.0,True
1728,Fair,75.0,True
1728,Minor Damage,30.0,True
1728,Broken,5.0,True
1729,Brand New,0.0,False
1729,Flawless,105.0,True
1729,Good,85.0,True
1729,Fair,70.0,True
1729,Minor Damage,25.0,True
1729,Broken,5.0,True
1730,Brand New,0.0,False
1730,Flawless,75.0,True
1730,Good,55.0,True
1730,Fair,40.0,True
1730,Minor Damage,10.0,True
1730,Broken,5.0,True
1731,Brand New,0.0,False
1731,Flawless,75.0,True
1731,Good,55.0,True
1731,Fair,40.0,True
1731,Minor Damage,10.0,True
1731,Broken,5.0,True
1732,Brand New,0.0,False
1732,Flawless,0.0,False
1732,Good,0.0,False
1732,Fair,0.0,False
1732,Minor Damage,0.0,False
1732,Broken,0.0,False
1733,Brand New,0.0,False
1733,Flawless,115.0,True
1733,Good,95.0,True
1733,Fair,80.0,True
1733,Minor Damage,30.0,True
1733,Broken,5.0,True
1734,Brand New,0.0,False
1734,Flawless,0.0,False
1734,Good,0.0,False
1734,Fair,0.0,False
1734,Minor Damage,0.0,False
1734,Broken,0.0,False
1735,Brand New,0.0,False
1735,Flawless,0.0,False
1735,Good,0.0,False
1735,Fair,0.0,False
1735,Minor Damage,0.0,False
1735,Broken,0.0,False
1736,Brand New,0.0,False
1736,Flawless,0.0,False
1736,Good,0.0,False
1736,Fair,0.0,False
1736,Minor Damage,0.0,False
1736,Broken,0.0,False
1737,Brand New,0.0,False
1737,Flawless,0.0,False
1737,Good,0.0,False
1737,Fair,0.0,False
1737,Minor Damage,0.0,False
1737,Broken,0.0,False
1738,Brand New,0.0,False
1738,Flawless,0.0,False
1738,Good,0.0,False
1738,Fair,0.0,False
1738,Minor Damage,0.0,False
1738,Broken,0.0,False
1739,Brand New,0.0,False
1739,Flawless,0.0,False
1739,Good,0.0,False
1739,Fair,0.0,False
1739,Minor Damage,0.0,False
1739,Broken,0.0,False
1740,Brand New,0.0,False
1740,Flawless,0.0,False
1740,Good,0.0,False
1740,Fair,0.0,False
1740,Minor Damage,0.0,False
1740,Broken,0.0,False
1741,Brand New,0.0,False
1741,Flawless,0.0,False
1741,Good,0.0,False
1741,Fair,0.0,False
1741,Minor Damage,0.0,False
1741,Broken,0.0,False
1742,Brand New,0.0,False
1742,Flawless,0.0,False
1742,Good,0.0,False
1742,Fair,0.0,False
1742,Minor Damage,0.0,False
1742,Broken,0.0,False
1743,Brand New,0.0,False
1743,Flawless,0.0,False
1743,Good,0.0,False
1743,Fair,0.0,False
1743,Minor Damage,0.0,False
1743,Broken,0.0,False
1744,Brand New,0.0,False
1744,Flawless,0.0,False
1744,Good,0.0,False
1744,Fair,0.0,False
1744,Minor Damage,0.0,False
1744,Broken,0.0,False
1745,Brand New,0.0,False
1745,Flawless,0.0,False
1745,Good,0.0,False
1745,Fair,0.0,False
1745,Minor Damage,0.0,False
1745,Broken,0.0,False
1746,Brand New,0.0,False
1746,Flawless,0.0,False
1746,Good,0.0,False
1746,Fair,0.0,False
1746,Minor Damage,0.0,False
1746,Broken,0.0,False
1747,Brand New,0.0,False
1747,Flawless,0.0,False
1747,Good,0.0,False
1747,Fair,0.0,False
1747,Minor Damage,0.0,False
1747,Broken,0.0,False
1748,Brand New,0.0,False
1748,Flawless,0.0,False
1748,Good,0.0,False
1748,Fair,0.0,False
1748,Minor Damage,0.0,False
1748,Broken,0.0,False
1749,Brand New,0.0,False
1749,Flawless,70.0,True
1749,Good,55.0,True
1749,Fair,35.0,True
1749,Minor Damage,20.0,True
1749,Broken,5.0,True
1750,Brand New,0.0,False
1750,Flawless,50.0,True
1750,Good,45.0,True
1750,Fair,20.0,True
1750,Minor Damage,10.0,True
1750,Broken,0.0,True
1751,Brand New,0.0,False
1751,Flawless,30.0,True
1751,Good,15.0,True
1751,Fair,5.0,True
1751,Minor Damage,5.0,True
1751,Broken,0.0,True
1752,Brand New,0.0,False
1752,Flawless,0.0,False
1752,Good,0.0,False
1752,Fair,0.0,False
1752,Minor Damage,0.0,False
1752,Broken,0.0,False
1753,Brand New,0.0,False
1753,Flawless,90.0,True
1753,Good,75.0,True
1753,Fair,45.0,True
1753,Minor Damage,25.0,True
1753,Broken,0.0,True
1754,Brand New,0.0,False
1754,Flawless,80.0,True
1754,Good,65.0,True
1754,Fair,35.0,True
1754,Minor Damage,25.0,True
1754,Broken,0.0,True
1755,Brand New,0.0,False
1755,Flawless,60.0,True
1755,Good,45.0,True
1755,Fair,20.0,True
1755,Minor Damage,15.0,True
1755,Broken,0.0,True
1756,Brand New,0.0,False
1756,Flawless,40.0,True
1756,Good,25.0,True
1756,Fair,10.0,True
1756,Minor Damage,5.0,True
1756,Broken,0.0,True
1757,Brand New,0.0,False
1757,Flawless,0.0,False
1757,Good,0.0,False
1757,Fair,0.0,False
1757,Minor Damage,0.0,False
1757,Broken,0.0,False
1758,Brand New,0.0,False
1758,Flawless,100.0,True
1758,Good,85.0,True
1758,Fair,55.0,True
1758,Minor Damage,30.0,True
1758,Broken,0.0,True
1759,Brand New,0.0,False
1759,Flawless,0.0,False
1759,Good,0.0,False
1759,Fair,0.0,False
1759,Minor Damage,0.0,False
1759,Broken,0.0,False
1760,Brand New,0.0,False
1760,Flawless,0.0,False
1760,Good,0.0,False
1760,Fair,0.0,False
1760,Minor Damage,0.0,False
1760,Broken,0.0,False
1761,Brand New,0.0,False
1761,Flawless,0.0,False
1761,Good,0.0,False
1761,Fair,0.0,False
1761,Minor Damage,0.0,False
1761,Broken,0.0,False
1762,Brand New,0.0,False
1762,Flawless,0.0,False
1762,Good,0.0,False
1762,Fair,0.0,False
1762,Minor Damage,0.0,False
1762,Broken,0.0,False
1763,Brand New,0.0,False
1763,Flawless,0.0,False
1763,Good,0.0,False
1763,Fair,0.0,False
1763,Minor Damage,0.0,False
1763,Broken,0.0,False
1764,Brand New,0.0,False
1764,Flawless,0.0,False
1764,Good,0.0,False
1764,Fair,0.0,False
1764,Minor Damage,0.0,False
1764,Broken,0.0,False
1765,Brand New,0.0,False
1765,Flawless,0.0,False
1765,Good,0.0,False
1765,Fair,0.0,False
1765,Minor Damage,0.0,False
1765,Broken,0.0,False
1766,Brand New,0.0,False
1766,Flawless,0.0,False
1766,Good,0.0,False
1766,Fair,0.0,False
1766,Minor Damage,0.0,False
1766,Broken,0.0,False
1767,Brand New,0.0,False
1767,Flawless,0.0,False
1767,Good,0.0,False
1767,Fair,0.0,False
1767,Minor Damage,0.0,False
1767,Broken,0.0,False
1768,Brand New,0.0,False
1768,Flawless,0.0,False
1768,Good,0.0,False
1768,Fair,0.0,False
1768,Minor Damage,0.0,False
1768,Broken,0.0,False
1769,Brand New,0.0,False
1769,Flawless,80.0,True
1769,Good,65.0,True
1769,Fair,40.0,True
1769,Minor Damage,25.0,True
1769,Broken,0.0,True
1770,Brand New,0.0,False
1770,Flawless,50.0,True
1770,Good,35.0,True
1770,Fair,10.0,True
1770,Minor Damage,5.0,True
1770,Broken,0.0,True
1771,Brand New,0.0,False
1771,Flawless,35.0,True
1771,Good,20.0,True
1771,Fair,10.0,True
1771,Minor Damage,5.0,True
1771,Broken,0.0,True
1772,Brand New,0.0,False
1772,Flawless,0.0,False
1772,Good,0.0,False
1772,Fair,0.0,False
1772,Minor Damage,0.0,False
1772,Broken,0.0,False
1773,Brand New,0.0,False
1773,Flawless,110.0,True
1773,Good,95.0,True
1773,Fair,70.0,True
1773,Minor Damage,30.0,True
1773,Broken,0.0,True
1774,Brand New,0.0,False
1774,Flawless,90.0,True
1774,Good,75.0,True
1774,Fair,50.0,True
1774,Minor Damage,30.0,True
1774,Broken,0.0,True
1775,Brand New,0.0,False
1775,Flawless,60.0,True
1775,Good,45.0,True
1775,Fair,20.0,True
1775,Minor Damage,10.0,True
1775,Broken,0.0,True
1776,Brand New,0.0,False
1776,Flawless,45.0,True
1776,Good,30.0,True
1776,Fair,10.0,True
1776,Minor Damage,5.0,True
1776,Broken,0.0,True
1777,Brand New,0.0,False
1777,Flawless,0.0,False
1777,Good,0.0,False
1777,Fair,0.0,False
1777,Minor Damage,0.0,False
1777,Broken,0.0,False
1778,Brand New,0.0,False
1778,Flawless,120.0,True
1778,Good,105.0,True
1778,Fair,80.0,True
1778,Minor Damage,35.0,True
1778,Broken,0.0,True
1779,Brand New,0.0,False
1779,Flawless,0.0,False
1779,Good,0.0,False
1779,Fair,0.0,False
1779,Minor Damage,0.0,False
1779,Broken,0.0,False
1780,Brand New,0.0,False
1780,Flawless,0.0,False
1780,Good,0.0,False
1780,Fair,0.0,False
1780,Minor Damage,0.0,False
1780,Broken,0.0,False
1781,Brand New,0.0,False
1781,Flawless,0.0,False
1781,Good,0.0,False
1781,Fair,0.0,False
1781,Minor Damage,0.0,False
1781,Broken,0.0,False
1782,Brand New,0.0,False
1782,Flawless,0.0,False
1782,Good,0.0,False
1782,Fair,0.0,False
1782,Minor Damage,0.0,False
1782,Broken,0.0,False
1783,Brand New,0.0,False
1783,Flawless,0.0,False
1783,Good,0.0,False
1783,Fair,0.0,False
1783,Minor Damage,0.0,False
1783,Broken,0.0,False
1784,Brand New,0.0,False
1784,Flawless,0.0,False
1784,Good,0.0,False
1784,Fair,0.0,False
1784,Minor Damage,0.0,False
1784,Broken,0.0,False
1785,Brand New,0.0,False
1785,Flawless,0.0,False
1785,Good,0.0,False
1785,Fair,0.0,False
1785,Minor Damage,0.0,False
1785,Broken,0.0,False
1786,Brand New,0.0,False
1786,Flawless,0.0,False
1786,Good,0.0,False
1786,Fair,0.0,False
1786,Minor Damage,0.0,False
1786,Broken,0.0,False
1787,Brand New,0.0,False
1787,Flawless,0.0,False
1787,Good,0.0,False
1787,Fair,0.0,False
1787,Minor Damage,0.0,False
1787,Broken,0.0,False
1788,Brand New,0.0,False
1788,Flawless,0.0,False
1788,Good,0.0,False
1788,Fair,0.0,False
1788,Minor Damage,0.0,False
1788,Broken,0.0,False
1789,Brand New,165.0,True
1789,Flawless,115.0,True
1789,Good,95.0,True
1789,Fair,55.0,True
1789,Minor Damage,20.0,True
1789,Broken,5.0,True
1790,Brand New,160.0,True
1790,Flawless,110.0,True
1790,Good,90.0,True
1790,Fair,50.0,True
1790,Minor Damage,20.0,True
1790,Broken,5.0,True
1791,Brand New,110.0,True
1791,Flawless,60.0,True
1791,Good,40.0,True
1791,Fair,20.0,True
1791,Minor Damage,10.0,True
1791,Broken,5.0,True
1792,Brand New,0.0,False
1792,Flawless,0.0,False
1792,Good,0.0,False
1792,Fair,0.0,False
1792,Minor Damage,0.0,False
1792,Broken,0.0,False
1793,Brand New,195.0,True
1793,Flawless,145.0,True
1793,Good,125.0,True
1793,Fair,85.0,True
1793,Minor Damage,30.0,True
1793,Broken,5.0,True
1794,Brand New,180.0,True
1794,Flawless,130.0,True
1794,Good,110.0,True
1794,Fair,70.0,True
1794,Minor Damage,20.0,True
1794,Broken,5.0,True
1795,Brand New,175.0,True
1795,Flawless,125.0,True
1795,Good,105.0,True
1795,Fair,65.0,True
1795,Minor Damage,20.0,True
1795,Broken,5.0,True
1796,Brand New,125.0,True
1796,Flawless,75.0,True
1796,Good,55.0,True
1796,Fair,30.0,True
1796,Minor Damage,20.0,True
1796,Broken,5.0,True
1797,Brand New,0.0,False
1797,Flawless,0.0,False
1797,Good,0.0,False
1797,Fair,0.0,False
1797,Minor Damage,0.0,False
1797,Broken,0.0,False
1798,Brand New,210.0,True
1798,Flawless,160.0,True
1798,Good,140.0,True
1798,Fair,100.0,True
1798,Minor Damage,30.0,True
1798,Broken,5.0,True
1799,Brand New,185.0,True
1799,Flawless,135.0,True
1799,Good,115.0,True
1799,Fair,75.0,True
1799,Minor Damage,25.0,True
1799,Broken,5.0,True
1800,Brand New,180.0,True
1800,Flawless,130.0,True
1800,Good,110.0,True
1800,Fair,70.0,True
1800,Minor Damage,15.0,True
1800,Broken,5.0,True
1801,Brand New,130.0,True
1801,Flawless,80.0,True
1801,Good,60.0,True
1801,Fair,30.0,True
1801,Minor Damage,20.0,True
1801,Broken,5.0,True
1802,Brand New,0.0,False
1802,Flawless,0.0,False
1802,Good,0.0,False
1802,Fair,0.0,False
1802,Minor Damage,0.0,False
1802,Broken,0.0,False
1803,Brand New,215.0,True
1803,Flawless,165.0,True
1803,Good,145.0,True
1803,Fair,105.0,True
1803,Minor Damage,30.0,True
1803,Broken,5.0,True
1804,Brand New,190.0,True
1804,Flawless,140.0,True
1804,Good,120.0,True
1804,Fair,80.0,True
1804,Minor Damage,25.0,True
1804,Broken,5.0,True
1805,Brand New,185.0,True
1805,Flawless,135.0,True
1805,Good,115.0,True
1805,Fair,75.0,True
1805,Minor Damage,20.0,True
1805,Broken,5.0,True
1806,Brand New,135.0,True
1806,Flawless,85.0,True
1806,Good,65.0,True
1806,Fair,35.0,True
1806,Minor Damage,20.0,True
1806,Broken,5.0,True
1807,Brand New,0.0,False
1807,Flawless,0.0,False
1807,Good,0.0,False
1807,Fair,0.0,False
1807,Minor Damage,0.0,False
1807,Broken,0.0,False
1808,Brand New,220.0,True
1808,Flawless,170.0,True
1808,Good,150.0,True
1808,Fair,110.0,True
1808,Minor Damage,30.0,True
1808,Broken,5.0,True
1809,Brand New,0.0,False
1809,Flawless,0.0,False
1809,Good,0.0,False
1809,Fair,0.0,False
1809,Minor Damage,0.0,False
1809,Broken,0.0,False
1810,Brand New,0.0,False
1810,Flawless,0.0,False
1810,Good,0.0,False
1810,Fair,0.0,False
1810,Minor Damage,0.0,False
1810,Broken,0.0,False
1811,Brand New,0.0,False
1811,Flawless,0.0,False
1811,Good,0.0,False
1811,Fair,0.0,False
1811,Minor Damage,0.0,False
1811,Broken,0.0,False
1812,Brand New,0.0,False
1812,Flawless,0.0,False
1812,Good,0.0,False
1812,Fair,0.0,False
1812,Minor Damage,0.0,False
1812,Broken,0.0,False
1813,Brand New,0.0,False
1813,Flawless,0.0,False
1813,Good,0.0,False
1813,Fair,0.0,False
1813,Minor Damage,0.0,False
1813,Broken,0.0,False
1814,Brand New,0.0,False
1814,Flawless,0.0,False
1814,Good,0.0,False
1814,Fair,0.0,False
1814,Minor Damage,0.0,False
1814,Broken,0.0,False
1815,Brand New,0.0,False
1815,Flawless,0.0,False
1815,Good,0.0,False
1815,Fair,0.0,False
1815,Minor Damage,0.0,False
1815,Broken,0.0,False
1816,Brand New,0.0,False
1816,Flawless,0.0,False
1816,Good,0.0,False
1816,Fair,0.0,False
1816,Minor Damage,0.0,False
1816,Broken,0.0,False
1817,Brand New,0.0,False
1817,Flawless,0.0,False
1817,Good,0.0,False
1817,Fair,0.0,False
1817,Minor Damage,0.0,False
1817,Broken,0.0,False
1818,Brand New,0.0,False
1818,Flawless,0.0,False
1818,Good,0.0,False
1818,Fair,0.0,False
1818,Minor Damage,0.0,False
1818,Broken,0.0,False
1819,Brand New,0.0,False
1819,Flawless,0.0,False
1819,Good,0.0,False
1819,Fair,0.0,False
1819,Minor Damage,0.0,False
1819,Broken,0.0,False
1820,Brand New,0.0,False
1820,Flawless,0.0,False
1820,Good,0.0,False
1820,Fair,0.0,False
1820,Minor Damage,0.0,False
1820,Broken,0.0,False
1821,Brand New,0.0,False
1821,Flawless,0.0,False
1821,Good,0.0,False
1821,Fair,0.0,False
1821,Minor Damage,0.0,False
1821,Broken,0.0,False
1822,Brand New,0.0,False
1822,Flawless,0.0,False
1822,Good,0.0,False
1822,Fair,0.0,False
1822,Minor Damage,0.0,False
1822,Broken,0.0,False
1823,Brand New,0.0,False
1823,Flawless,0.0,False
1823,Good,0.0,False
1823,Fair,0.0,False
1823,Minor Damage,0.0,False
1823,Broken,0.0,False
1824,Brand New,0.0,False
1824,Flawless,0.0,False
1824,Good,0.0,False
1824,Fair,0.0,False
1824,Minor Damage,0.0,False
1824,Broken,0.0,False
1825,Brand New,0.0,False
1825,Flawless,0.0,False
1825,Good,0.0,False
1825,Fair,0.0,False
1825,Minor Damage,0.0,False
1825,Broken,0.0,False
1826,Brand New,0.0,False
1826,Flawless,0.0,False
1826,Good,0.0,False
1826,Fair,0.0,False
1826,Minor Damage,0.0,False
1826,Broken,0.0,False
1827,Brand New,0.0,False
1827,Flawless,0.0,False
1827,Good,0.0,False
1827,Fair,0.0,False
1827,Minor Damage,0.0,False
1827,Broken,0.0,False
1828,Brand New,0.0,False
1828,Flawless,0.0,False
1828,Good,0.0,False
1828,Fair,0.0,False
1828,Minor Damage,0.0,False
1828,Broken,0.0,False
1829,Brand New,140.0,True
1829,Flawless,100.0,True
1829,Good,80.0,True
1829,Fair,40.0,True
1829,Minor Damage,35.0,True
1829,Broken,5.0,True
1830,Brand New,140.0,True
1830,Flawless,100.0,True
1830,Good,80.0,True
1830,Fair,30.0,True
1830,Minor Damage,25.0,True
1830,Broken,5.0,True
1831,Brand New,90.0,True
1831,Flawless,50.0,True
1831,Good,30.0,True
1831,Fair,15.0,True
1831,Minor Damage,5.0,True
1831,Broken,5.0,True
1832,Brand New,0.0,False
1832,Flawless,0.0,False
1832,Good,0.0,False
1832,Fair,0.0,False
1832,Minor Damage,0.0,False
1832,Broken,0.0,False
1833,Brand New,190.0,True
1833,Flawless,150.0,True
1833,Good,130.0,True
1833,Fair,80.0,True
1833,Minor Damage,25.0,True
1833,Broken,5.0,True
1834,Brand New,155.0,True
1834,Flawless,115.0,True
1834,Good,95.0,True
1834,Fair,45.0,True
1834,Minor Damage,25.0,True
1834,Broken,5.0,True
1835,Brand New,155.0,True
1835,Flawless,115.0,True
1835,Good,95.0,True
1835,Fair,45.0,True
1835,Minor Damage,25.0,True
1835,Broken,5.0,True
1836,Brand New,105.0,True
1836,Flawless,65.0,True
1836,Good,45.0,True
1836,Fair,30.0,True
1836,Minor Damage,16.0,True
1836,Broken,5.0,True
1837,Brand New,0.0,False
1837,Flawless,0.0,False
1837,Good,0.0,False
1837,Fair,0.0,False
1837,Minor Damage,0.0,False
1837,Broken,0.0,False
1838,Brand New,205.0,True
1838,Flawless,165.0,True
1838,Good,145.0,True
1838,Fair,95.0,True
1838,Minor Damage,50.0,True
1838,Broken,5.0,True
1839,Brand New,0.0,False
1839,Flawless,0.0,False
1839,Good,0.0,False
1839,Fair,0.0,False
1839,Minor Damage,0.0,False
1839,Broken,0.0,False
1840,Brand New,0.0,False
1840,Flawless,0.0,False
1840,Good,0.0,False
1840,Fair,0.0,False
1840,Minor Damage,0.0,False
1840,Broken,0.0,False
1841,Brand New,0.0,False
1841,Flawless,0.0,False
1841,Good,0.0,False
1841,Fair,0.0,False
1841,Minor Damage,0.0,False
1841,Broken,0.0,False
1842,Brand New,0.0,False
1842,Flawless,0.0,False
1842,Good,0.0,False
1842,Fair,0.0,False
1842,Minor Damage,0.0,False
1842,Broken,0.0,False
1843,Brand New,0.0,False
1843,Flawless,0.0,False
1843,Good,0.0,False
1843,Fair,0.0,False
1843,Minor Damage,0.0,False
1843,Broken,0.0,False
1844,Brand New,65.0,True
1844,Flawless,35.0,True
1844,Good,25.0,True
1844,Fair,15.0,True
1844,Minor Damage,5.0,True
1844,Broken,0.0,True
1845,Brand New,65.0,True
1845,Flawless,35.0,True
1845,Good,25.0,True
1845,Fair,15.0,True
1845,Minor Damage,5.0,True
1845,Broken,0.0,True
1846,Brand New,65.0,True
1846,Flawless,35.0,True
1846,Good,25.0,True
1846,Fair,15.0,True
1846,Minor Damage,5.0,True
1846,Broken,0.0,True
1847,Brand New,0.0,False
1847,Flawless,0.0,False
1847,Good,0.0,False
1847,Fair,0.0,False
1847,Minor Damage,0.0,False
1847,Broken,0.0,False
1848,Brand New,125.0,True
1848,Flawless,95.0,True
1848,Good,85.0,True
1848,Fair,55.0,True
1848,Minor Damage,15.0,True
1848,Broken,0.0,True
1849,Brand New,75.0,True
1849,Flawless,45.0,True
1849,Good,35.0,True
1849,Fair,15.0,True
1849,Minor Damage,10.0,True
1849,Broken,0.0,True
1850,Brand New,75.0,True
1850,Flawless,45.0,True
1850,Good,35.0,True
1850,Fair,15.0,True
1850,Minor Damage,10.0,True
1850,Broken,0.0,True
1851,Brand New,75.0,True
1851,Flawless,45.0,True
1851,Good,35.0,True
1851,Fair,15.0,True
1851,Minor Damage,10.0,True
1851,Broken,0.0,True
1852,Brand New,0.0,False
1852,Flawless,0.0,False
1852,Good,0.0,False
1852,Fair,0.0,False
1852,Minor Damage,0.0,False
1852,Broken,0.0,False
1853,Brand New,135.0,True
1853,Flawless,105.0,True
1853,Good,95.0,True
1853,Fair,65.0,True
1853,Minor Damage,15.0,True
1853,Broken,0.0,True
1854,Brand New,0.0,False
1854,Flawless,0.0,False
1854,Good,0.0,False
1854,Fair,0.0,False
1854,Minor Damage,0.0,False
1854,Broken,0.0,False
1855,Brand New,0.0,False
1855,Flawless,0.0,False
1855,Good,0.0,False
1855,Fair,0.0,False
1855,Minor Damage,0.0,False
1855,Broken,0.0,False
1856,Brand New,0.0,False
1856,Flawless,0.0,False
1856,Good,0.0,False
1856,Fair,0.0,False
1856,Minor Damage,0.0,False
1856,Broken,0.0,False
1857,Brand New,0.0,False
1857,Flawless,0.0,False
1857,Good,0.0,False
1857,Fair,0.0,False
1857,Minor Damage,0.0,False
1857,Broken,0.0,False
1858,Brand New,0.0,False
1858,Flawless,0.0,False
1858,Good,0.0,False
1858,Fair,0.0,False
1858,Minor Damage,0.0,False
1858,Broken,0.0,False
1859,Brand New,0.0,False
1859,Flawless,185.0,True
1859,Good,155.0,True
1859,Fair,90.0,True
1859,Minor Damage,60.0,True
1859,Broken,5.0,True
1860,Brand New,0.0,False
1860,Flawless,110.0,True
1860,Good,80.0,True
1860,Fair,45.0,True
1860,Minor Damage,30.0,True
1860,Broken,5.0,True
1861,Brand New,0.0,False
1861,Flawless,110.0,True
1861,Good,80.0,True
1861,Fair,45.0,True
1861,Minor Damage,30.0,True
1861,Broken,5.0,True
1862,Brand New,0.0,False
1862,Flawless,0.0,False
1862,Good,0.0,False
1862,Fair,0.0,False
1862,Minor Damage,0.0,False
1862,Broken,0.0,False
1863,Brand New,0.0,False
1863,Flawless,215.0,True
1863,Good,185.0,True
1863,Fair,130.0,True
1863,Minor Damage,80.0,True
1863,Broken,5.0,True
1864,Brand New,0.0,False
1864,Flawless,210.0,True
1864,Good,180.0,True
1864,Fair,115.0,True
1864,Minor Damage,65.0,True
1864,Broken,5.0,True
1865,Brand New,0.0,False
1865,Flawless,135.0,True
1865,Good,105.0,True
1865,Fair,65.0,True
1865,Minor Damage,35.0,True
1865,Broken,5.0,True
1866,Brand New,0.0,False
1866,Flawless,135.0,True
1866,Good,105.0,True
1866,Fair,65.0,True
1866,Minor Damage,35.0,True
1866,Broken,5.0,True
1867,Brand New,0.0,False
1867,Flawless,0.0,False
1867,Good,0.0,False
1867,Fair,0.0,False
1867,Minor Damage,0.0,False
1867,Broken,0.0,False
1868,Brand New,0.0,False
1868,Flawless,240.0,True
1868,Good,210.0,True
1868,Fair,155.0,True
1868,Minor Damage,85.0,True
1868,Broken,5.0,True
1869,Brand New,230.0,True
1869,Flawless,180.0,True
1869,Good,140.0,True
1869,Fair,80.0,True
1869,Minor Damage,20.0,True
1869,Broken,10.0,True
1870,Brand New,205.0,True
1870,Flawless,155.0,True
1870,Good,115.0,True
1870,Fair,55.0,True
1870,Minor Damage,20.0,True
1870,Broken,10.0,True
1871,Brand New,205.0,True
1871,Flawless,155.0,True
1871,Good,115.0,True
1871,Fair,55.0,True
1871,Minor Damage,20.0,True
1871,Broken,10.0,True
1872,Brand New,0.0,False
1872,Flawless,0.0,False
1872,Good,0.0,False
1872,Fair,0.0,False
1872,Minor Damage,0.0,False
1872,Broken,0.0,False
1873,Brand New,280.0,True
1873,Flawless,230.0,True
1873,Good,190.0,True
1873,Fair,130.0,True
1873,Minor Damage,30.0,True
1873,Broken,10.0,True
1874,Brand New,250.0,True
1874,Flawless,200.0,True
1874,Good,160.0,True
1874,Fair,100.0,True
1874,Minor Damage,20.0,True
1874,Broken,10.0,True
1875,Brand New,225.0,True
1875,Flawless,175.0,True
1875,Good,135.0,True
1875,Fair,75.0,True
1875,Minor Damage,20.0,True
1875,Broken,10.0,True
1876,Brand New,225.0,True
1876,Flawless,175.0,True
1876,Good,135.0,True
1876,Fair,75.0,True
1876,Minor Damage,20.0,True
1876,Broken,10.0,True
1877,Brand New,0.0,False
1877,Flawless,0.0,False
1877,Good,0.0,False
1877,Fair,0.0,False
1877,Minor Damage,0.0,False
1877,Broken,0.0,False
1878,Brand New,300.0,True
1878,Flawless,250.0,True
1878,Good,210.0,True
1878,Fair,150.0,True
1878,Minor Damage,30.0,True
1878,Broken,10.0,True
1879,Brand New,290.0,True
1879,Flawless,240.0,True
1879,Good,200.0,True
1879,Fair,140.0,True
1879,Minor Damage,20.0,True
1879,Broken,10.0,True
1880,Brand New,265.0,True
1880,Flawless,215.0,True
1880,Good,175.0,True
1880,Fair,115.0,True
1880,Minor Damage,20.0,True
1880,Broken,10.0,True
1881,Brand New,265.0,True
1881,Flawless,215.0,True
1881,Good,175.0,True
1881,Fair,115.0,True
1881,Minor Damage,20.0,True
1881,Broken,10.0,True
1882,Brand New,0.0,False
1882,Flawless,0.0,False
1882,Good,0.0,False
1882,Fair,0.0,False
1882,Minor Damage,0.0,False
1882,Broken,0.0,False
1883,Brand New,340.0,True
1883,Flawless,290.0,True
1883,Good,250.0,True
1883,Fair,190.0,True
1883,Minor Damage,30.0,True
1883,Broken,10.0,True
1884,Brand New,205.0,True
1884,Flawless,155.0,True
1884,Good,125.0,True
1884,Fair,70.0,True
1884,Minor Damage,30.0,True
1884,Broken,10.0,True
1885,Brand New,200.0,True
1885,Flawless,150.0,True
1885,Good,120.0,True
1885,Fair,65.0,True
1885,Minor Damage,30.0,True
1885,Broken,10.0,True
1886,Brand New,200.0,True
1886,Flawless,150.0,True
1886,Good,120.0,True
1886,Fair,65.0,True
1886,Minor Damage,30.0,True
1886,Broken,10.0,True
1887,Brand New,0.0,False
1887,Flawless,0.0,False
1887,Good,0.0,False
1887,Fair,0.0,False
1887,Minor Damage,0.0,False
1887,Broken,0.0,False
1888,Brand New,280.0,True
1888,Flawless,230.0,True
1888,Good,200.0,True
1888,Fair,145.0,True
1888,Minor Damage,80.0,True
1888,Broken,10.0,True
1889,Brand New,235.0,True
1889,Flawless,185.0,True
1889,Good,155.0,True
1889,Fair,100.0,True
1889,Minor Damage,40.0,True
1889,Broken,10.0,True
1890,Brand New,230.0,True
1890,Flawless,180.0,True
1890,Good,150.0,True
1890,Fair,95.0,True
1890,Minor Damage,40.0,True
1890,Broken,10.0,True
1891,Brand New,230.0,True
1891,Flawless,180.0,True
1891,Good,150.0,True
1891,Fair,95.0,True
1891,Minor Damage,40.0,True
1891,Broken,10.0,True
1892,Brand New,0.0,False
1892,Flawless,0.0,False
1892,Good,0.0,False
1892,Fair,0.0,False
1892,Minor Damage,0.0,False
1892,Broken,0.0,False
1893,Brand New,310.0,True
1893,Flawless,260.0,True
1893,Good,230.0,True
1893,Fair,175.0,True
1893,Minor Damage,90.0,True
1893,Broken,10.0,True
1894,Brand New,125.0,True
1894,Flawless,95.0,True
1894,Good,65.0,True
1894,Fair,20.0,True
1894,Minor Damage,15.0,True
1894,Broken,10.0,True
1895,Brand New,105.0,True
1895,Flawless,75.0,True
1895,Good,45.0,True
1895,Fair,30.0,True
1895,Minor Damage,20.0,True
1895,Broken,10.0,True
1896,Brand New,105.0,True
1896,Flawless,75.0,True
1896,Good,45.0,True
1896,Fair,30.0,True
1896,Minor Damage,20.0,True
1896,Broken,10.0,True
1897,Brand New,0.0,False
1897,Flawless,0.0,False
1897,Good,0.0,False
1897,Fair,0.0,False
1897,Minor Damage,0.0,False
1897,Broken,0.0,False
1898,Brand New,220.0,True
1898,Flawless,190.0,True
1898,Good,160.0,True
1898,Fair,100.0,True
1898,Minor Damage,30.0,True
1898,Broken,10.0,True
1899,Brand New,145.0,True
1899,Flawless,115.0,True
1899,Good,85.0,True
1899,Fair,40.0,True
1899,Minor Damage,25.0,True
1899,Broken,10.0,True
1900,Brand New,125.0,True
1900,Flawless,95.0,True
1900,Good,65.0,True
1900,Fair,30.0,True
1900,Minor Damage,20.0,True
1900,Broken,10.0,True
1901,Brand New,125.0,True
1901,Flawless,95.0,True
1901,Good,65.0,True
1901,Fair,30.0,True
1901,Minor Damage,20.0,True
1901,Broken,10.0,True
1902,Brand New,0.0,False
1902,Flawless,0.0,False
1902,Good,0.0,False
1902,Fair,0.0,False
1902,Minor Damage,0.0,False
1902,Broken,0.0,False
1903,Brand New,240.0,True
1903,Flawless,210.0,True
1903,Good,180.0,True
1903,Fair,120.0,True
1903,Minor Damage,40.0,True
1903,Broken,10.0,True
1904,Brand New,0.0,False
1904,Flawless,0.0,False
1904,Good,0.0,False
1904,Fair,0.0,False
1904,Minor Damage,0.0,False
1904,Broken,0.0,False
1905,Brand New,0.0,False
1905,Flawless,0.0,False
1905,Good,0.0,False
1905,Fair,0.0,False
1905,Minor Damage,0.0,False
1905,Broken,0.0,False
1906,Brand New,0.0,False
1906,Flawless,0.0,False
1906,Good,0.0,False
1906,Fair,0.0,False
1906,Minor Damage,0.0,False
1906,Broken,0.0,False
1907,Brand New,0.0,False
1907,Flawless,0.0,False
1907,Good,0.0,False
1907,Fair,0.0,False
1907,Minor Damage,0.0,False
1907,Broken,0.0,False
1908,Brand New,0.0,False
1908,Flawless,0.0,False
1908,Good,0.0,False
1908,Fair,0.0,False
1908,Minor Damage,0.0,False
1908,Broken,0.0,False
1909,Brand New,230.0,True
1909,Flawless,200.0,True
1909,Good,160.0,True
1909,Fair,85.0,True
1909,Minor Damage,50.0,True
1909,Broken,10.0,True
1910,Brand New,205.0,True
1910,Flawless,175.0,True
1910,Good,135.0,True
1910,Fair,60.0,True
1910,Minor Damage,50.0,True
1910,Broken,10.0,True
1911,Brand New,155.0,True
1911,Flawless,125.0,True
1911,Good,85.0,True
1911,Fair,40.0,True
1911,Minor Damage,20.0,True
1911,Broken,10.0,True
1912,Brand New,0.0,False
1912,Flawless,0.0,False
1912,Good,0.0,False
1912,Fair,0.0,False
1912,Minor Damage,0.0,False
1912,Broken,0.0,False
1913,Brand New,305.0,True
1913,Flawless,275.0,True
1913,Good,235.0,True
1913,Fair,160.0,True
1913,Minor Damage,80.0,True
1913,Broken,10.0,True
1914,Brand New,270.0,True
1914,Flawless,240.0,True
1914,Good,200.0,True
1914,Fair,125.0,True
1914,Minor Damage,60.0,True
1914,Broken,10.0,True
1915,Brand New,245.0,True
1915,Flawless,215.0,True
1915,Good,175.0,True
1915,Fair,100.0,True
1915,Minor Damage,60.0,True
1915,Broken,10.0,True
1916,Brand New,195.0,True
1916,Flawless,165.0,True
1916,Good,125.0,True
1916,Fair,50.0,True
1916,Minor Damage,30.0,True
1916,Broken,10.0,True
1917,Brand New,0.0,False
1917,Flawless,0.0,False
1917,Good,0.0,False
1917,Fair,0.0,False
1917,Minor Damage,0.0,False
1917,Broken,0.0,False
1918,Brand New,345.0,True
1918,Flawless,315.0,True
1918,Good,275.0,True
1918,Fair,200.0,True
1918,Minor Damage,90.0,True
1918,Broken,10.0,True
1919,Brand New,370.0,True
1919,Flawless,320.0,True
1919,Good,270.0,True
1919,Fair,210.0,True
1919,Minor Damage,100.0,True
1919,Broken,20.0,True
1920,Brand New,330.0,True
1920,Flawless,280.0,True
1920,Good,230.0,True
1920,Fair,170.0,True
1920,Minor Damage,100.0,True
1920,Broken,20.0,True
1921,Brand New,330.0,True
1921,Flawless,280.0,True
1921,Good,230.0,True
1921,Fair,170.0,True
1921,Minor Damage,100.0,True
1921,Broken,20.0,True
1922,Brand New,0.0,False
1922,Flawless,0.0,False
1922,Good,0.0,False
1922,Fair,0.0,False
1922,Minor Damage,0.0,False
1922,Broken,0.0,False
1923,Brand New,460.0,True
1923,Flawless,410.0,True
1923,Good,360.0,True
1923,Fair,300.0,True
1923,Minor Damage,150.0,True
1923,Broken,20.0,True
1924,Brand New,390.0,True
1924,Flawless,340.0,True
1924,Good,290.0,True
1924,Fair,225.0,True
1924,Minor Damage,110.0,True
1924,Broken,20.0,True
1925,Brand New,350.0,True
1925,Flawless,300.0,True
1925,Good,230.0,True
1925,Fair,175.0,True
1925,Minor Damage,110.0,True
1925,Broken,20.0,True
1926,Brand New,350.0,True
1926,Flawless,300.0,True
1926,Good,230.0,True
1926,Fair,175.0,True
1926,Minor Damage,110.0,True
1926,Broken,20.0,True
1927,Brand New,0.0,False
1927,Flawless,0.0,False
1927,Good,0.0,False
1927,Fair,0.0,False
1927,Minor Damage,0.0,False
1927,Broken,0.0,False
1928,Brand New,480.0,True
1928,Flawless,430.0,True
1928,Good,380.0,True
1928,Fair,320.0,True
1928,Minor Damage,160.0,True
1928,Broken,20.0,True
1929,Brand New,450.0,True
1929,Flawless,400.0,True
1929,Good,350.0,True
1929,Fair,290.0,True
1929,Minor Damage,120.0,True
1929,Broken,20.0,True
1930,Brand New,410.0,True
1930,Flawless,350.0,True
1930,Good,310.0,True
1930,Fair,250.0,True
1930,Minor Damage,120.0,True
1930,Broken,20.0,True
1931,Brand New,410.0,True
1931,Flawless,360.0,True
1931,Good,310.0,True
1931,Fair,250.0,True
1931,Minor Damage,120.0,True
1931,Broken,20.0,True
1932,Brand New,0.0,False
1932,Flawless,0.0,False
1932,Good,0.0,False
1932,Fair,0.0,False
1932,Minor Damage,0.0,False
1932,Broken,0.0,False
1933,Brand New,540.0,True
1933,Flawless,490.0,True
1933,Good,440.0,True
1933,Fair,380.0,True
1933,Minor Damage,170.0,True
1933,Broken,20.0,True
1934,Brand New,275.0,True
1934,Flawless,225.0,True
1934,Good,195.0,True
1934,Fair,135.0,True
1934,Minor Damage,30.0,True
1934,Broken,10.0,True
1935,Brand New,250.0,True
1935,Flawless,200.0,True
1935,Good,170.0,True
1935,Fair,110.0,True
1935,Minor Damage,30.0,True
1935,Broken,10.0,True
1936,Brand New,130.0,True
1936,Flawless,80.0,True
1936,Good,60.0,True
1936,Fair,50.0,True
1936,Minor Damage,40.0,True
1936,Broken,10.0,True
1937,Brand New,350.0,True
1937,Flawless,300.0,True
1937,Good,270.0,True
1937,Fair,210.0,True
1937,Minor Damage,80.0,True
1937,Broken,10.0,True
1938,Brand New,0.0,True
1938,Flawless,0.0,True
1938,Good,0.0,True
1938,Fair,0.0,True
1938,Minor Damage,0.0,True
1938,Broken,0.0,True
1939,Brand New,315.0,True
1939,Flawless,265.0,True
1939,Good,235.0,True
1939,Fair,175.0,True
1939,Minor Damage,40.0,True
1939,Broken,10.0,True
1940,Brand New,290.0,True
1940,Flawless,240.0,True
1940,Good,210.0,True
1940,Fair,150.0,True
1940,Minor Damage,40.0,True
1940,Broken,10.0,True
1941,Brand New,130.0,True
1941,Flawless,80.0,True
1941,Good,70.0,True
1941,Fair,50.0,True
1941,Minor Damage,40.0,True
1941,Broken,10.0,True
1942,Brand New,390.0,True
1942,Flawless,340.0,True
1942,Good,310.0,True
1942,Fair,250.0,True
1942,Minor Damage,90.0,True
1942,Broken,10.0,True
1943,Brand New,0.0,True
1943,Flawless,0.0,True
1943,Good,0.0,True
1943,Fair,0.0,True
1943,Minor Damage,0.0,True
1943,Broken,0.0,True
1944,Brand New,220.0,True
1944,Flawless,170.0,True
1944,Good,140.0,True
1944,Fair,65.0,True
1944,Minor Damage,20.0,True
1944,Broken,10.0,True
1945,Brand New,200.0,True
1945,Flawless,150.0,True
1945,Good,120.0,True
1945,Fair,60.0,True
1945,Minor Damage,20.0,True
1945,Broken,10.0,True
1946,Brand New,220.0,True
1946,Flawless,180.0,True
1946,Good,140.0,True
1946,Fair,65.0,True
1946,Minor Damage,20.0,True
1946,Broken,10.0,True
1947,Brand New,295.0,True
1947,Flawless,245.0,True
1947,Good,215.0,True
1947,Fair,80.0,True
1947,Minor Damage,40.0,True
1947,Broken,10.0,True
1948,Brand New,0.0,True
1948,Flawless,0.0,True
1948,Good,0.0,True
1948,Fair,0.0,True
1948,Minor Damage,0.0,True
1948,Broken,0.0,True
1949,Brand New,240.0,True
1949,Flawless,190.0,True
1949,Good,160.0,True
1949,Fair,70.0,True
1949,Minor Damage,35.0,True
1949,Broken,10.0,True
1950,Brand New,220.0,True
1950,Flawless,170.0,True
1950,Good,140.0,True
1950,Fair,60.0,True
1950,Minor Damage,20.0,True
1950,Broken,5.0,True
1951,Brand New,240.0,True
1951,Flawless,200.0,True
1951,Good,160.0,True
1951,Fair,70.0,True
1951,Minor Damage,25.0,True
1951,Broken,10.0,True
1952,Brand New,315.0,True
1952,Flawless,265.0,True
1952,Good,235.0,True
1952,Fair,105.0,True
1952,Minor Damage,50.0,True
1952,Broken,10.0,True
1953,Brand New,0.0,True
1953,Flawless,0.0,True
1953,Good,0.0,True
1953,Fair,0.0,True
1953,Minor Damage,0.0,True
1953,Broken,0.0,True
1954,Brand New,415.0,True
1954,Flawless,325.0,True
1954,Good,265.0,True
1954,Fair,215.0,True
1954,Minor Damage,50.0,True
1954,Broken,20.0,True
1955,Brand New,420.0,True
1955,Flawless,350.0,True
1955,Good,240.0,True
1955,Fair,190.0,True
1955,Minor Damage,50.0,True
1955,Broken,10.0,True
1956,Brand New,210.0,True
1956,Flawless,160.0,True
1956,Good,130.0,True
1956,Fair,50.0,True
1956,Minor Damage,30.0,True
1956,Broken,10.0,True
1957,Brand New,450.0,True
1957,Flawless,440.0,True
1957,Good,380.0,True
1957,Fair,350.0,True
1957,Minor Damage,80.0,True
1957,Broken,10.0,True
1958,Brand New,0.0,True
1958,Flawless,0.0,True
1958,Good,0.0,True
1958,Fair,0.0,True
1958,Minor Damage,0.0,True
1958,Broken,0.0,True
1959,Brand New,435.0,True
1959,Flawless,385.0,True
1959,Good,325.0,True
1959,Fair,275.0,True
1959,Minor Damage,60.0,True
1959,Broken,10.0,True
1960,Brand New,410.0,True
1960,Flawless,360.0,True
1960,Good,300.0,True
1960,Fair,250.0,True
1960,Minor Damage,60.0,True
1960,Broken,10.0,True
1961,Brand New,260.0,True
1961,Flawless,210.0,True
1961,Good,170.0,True
1961,Fair,110.0,True
1961,Minor Damage,40.0,True
1961,Broken,10.0,True
1962,Brand New,510.0,True
1962,Flawless,460.0,True
1962,Good,400.0,True
1962,Fair,350.0,True
1962,Minor Damage,90.0,True
1962,Broken,10.0,True
1963,Brand New,0.0,True
1963,Flawless,0.0,True
1963,Good,0.0,True
1963,Fair,0.0,True
1963,Minor Damage,0.0,True
1963,Broken,0.0,True
1964,Brand New,520.0,True
1964,Flawless,470.0,True
1964,Good,410.0,True
1964,Fair,340.0,True
1964,Minor Damage,100.0,True
1964,Broken,30.0,True
1965,Brand New,470.0,True
1965,Flawless,420.0,True
1965,Good,360.0,True
1965,Fair,290.0,True
1965,Minor Damage,100.0,True
1965,Broken,30.0,True
1966,Brand New,200.0,True
1966,Flawless,150.0,True
1966,Good,110.0,True
1966,Fair,70.0,True
1966,Minor Damage,50.0,True
1966,Broken,30.0,True
1967,Brand New,620.0,True
1967,Flawless,570.0,True
1967,Good,510.0,True
1967,Fair,440.0,True
1967,Minor Damage,150.0,True
1967,Broken,30.0,True
1968,Brand New,0.0,True
1968,Flawless,0.0,True
1968,Good,0.0,True
1968,Fair,0.0,True
1968,Minor Damage,0.0,True
1968,Broken,0.0,True
1969,Brand New,545.0,True
1969,Flawless,495.0,True
1969,Good,435.0,True
1969,Fair,365.0,True
1969,Minor Damage,110.0,True
1969,Broken,30.0,True
1970,Brand New,495.0,True
1970,Flawless,445.0,True
1970,Good,385.0,True
1970,Fair,315.0,True
1970,Minor Damage,110.0,True
1970,Broken,30.0,True
1971,Brand New,255.0,True
1971,Flawless,205.0,True
1971,Good,165.0,True
1971,Fair,125.0,True
1971,Minor Damage,60.0,True
1971,Broken,30.0,True
1972,Brand New,645.0,True
1972,Flawless,595.0,True
1972,Good,535.0,True
1972,Fair,465.0,True
1972,Minor Damage,160.0,True
1972,Broken,30.0,True
1973,Brand New,0.0,True
1973,Flawless,0.0,True
1973,Good,0.0,True
1973,Fair,0.0,True
1973,Minor Damage,0.0,True
1973,Broken,0.0,True
1974,Brand New,595.0,True
1974,Flawless,545.0,True
1974,Good,485.0,True
1974,Fair,415.0,True
1974,Minor Damage,120.0,True
1974,Broken,30.0,True
1975,Brand New,545.0,True
1975,Flawless,495.0,True
1975,Good,435.0,True
1975,Fair,365.0,True
1975,Minor Damage,120.0,True
1975,Broken,30.0,True
1976,Brand New,305.0,True
1976,Flawless,255.0,True
1976,Good,215.0,True
1976,Fair,150.0,True
1976,Minor Damage,70.0,True
1976,Broken,30.0,True
1977,Brand New,695.0,True
1977,Flawless,645.0,True
1977,Good,585.0,True
1977,Fair,515.0,True
1977,Minor Damage,170.0,True
1977,Broken,30.0,True
1978,Brand New,0.0,True
1978,Flawless,0.0,True
1978,Good,0.0,True
1978,Fair,0.0,True
1978,Minor Damage,0.0,True
1978,Broken,0.0,True
1979,Brand New,275.0,True
1979,Flawless,225.0,True
1979,Good,185.0,True
1979,Fair,135.0,True
1979,Minor Damage,50.0,True
1979,Broken,10.0,True
1980,Brand New,300.0,True
1980,Flawless,250.0,True
1980,Good,210.0,True
1980,Fair,160.0,True
1980,Minor Damage,50.0,True
1980,Broken,10.0,True
1981,Brand New,250.0,True
1981,Flawless,200.0,True
1981,Good,160.0,True
1981,Fair,110.0,True
1981,Minor Damage,40.0,True
1981,Broken,10.0,True
1982,Brand New,400.0,True
1982,Flawless,350.0,True
1982,Good,310.0,True
1982,Fair,260.0,True
1982,Minor Damage,100.0,True
1982,Broken,10.0,True
1983,Brand New,0.0,True
1983,Flawless,0.0,True
1983,Good,0.0,True
1983,Fair,0.0,True
1983,Minor Damage,0.0,True
1983,Broken,0.0,True
1984,Brand New,300.0,True
1984,Flawless,250.0,True
1984,Good,210.0,True
1984,Fair,160.0,True
1984,Minor Damage,60.0,True
1984,Broken,10.0,True
1985,Brand New,325.0,True
1985,Flawless,275.0,True
1985,Good,235.0,True
1985,Fair,185.0,True
1985,Minor Damage,60.0,True
1985,Broken,10.0,True
1986,Brand New,275.0,True
1986,Flawless,225.0,True
1986,Good,185.0,True
1986,Fair,135.0,True
1986,Minor Damage,60.0,True
1986,Broken,10.0,True
1987,Brand New,425.0,True
1987,Flawless,375.0,True
1987,Good,335.0,True
1987,Fair,285.0,True
1987,Minor Damage,110.0,True
1987,Broken,10.0,True
1988,Brand New,0.0,True
1988,Flawless,0.0,True
1988,Good,0.0,True
1988,Fair,0.0,True
1988,Minor Damage,0.0,True
1988,Broken,0.0,True
1989,Brand New,0.0,True
1989,Flawless,0.0,True
1989,Good,0.0,True
1989,Fair,0.0,True
1989,Minor Damage,0.0,True
1989,Broken,0.0,True
1990,Brand New,0.0,True
1990,Flawless,0.0,True
1990,Good,0.0,True
1990,Fair,0.0,True
1990,Minor Damage,0.0,True
1990,Broken,0.0,True
1991,Brand New,0.0,True
1991,Flawless,0.0,True
1991,Good,0.0,True
1991,Fair,0.0,True
1991,Minor Damage,0.0,True
1991,Broken,0.0,True
1992,Brand New,0.0,True
1992,Flawless,0.0,True
1992,Good,0.0,True
1992,Fair,0.0,True
1992,Minor Damage,0.0,True
1992,Broken,0.0,True
1993,Brand New,0.0,True
1993,Flawless,0.0,True
1993,Good,0.0,True
1993,Fair,0.0,True
1993,Minor Damage,0.0,True
1993,Broken,0.0,True
1994,Brand New,0.0,True
1994,Flawless,0.0,True
1994,Good,0.0,True
1994,Fair,0.0,True
1994,Minor Damage,0.0,True
1994,Broken,0.0,True
1995,Brand New,0.0,True
1995,Flawless,0.0,True
1995,Good,0.0,True
1995,Fair,0.0,True
1995,Minor Damage,0.0,True
1995,Broken,0.0,True
1996,Brand New,0.0,True
1996,Flawless,0.0,True
1996,Good,0.0,True
1996,Fair,0.0,True
1996,Minor Damage,0.0,True
1996,Broken,0.0,True
1997,Brand New,0.0,True
1997,Flawless,0.0,True
1997,Good,0.0,True
1997,Fair,0.0,True
1997,Minor Damage,0.0,True
1997,Broken,0.0,True
1998,Brand New,0.0,True
1998,Flawless,0.0,True
1998,Good,0.0,True
1998,Fair,0.0,True
1998,Minor Damage,0.0,True
1998,Broken,0.0,True
1999,Brand New,425.0,True
1999,Flawless,375.0,True
1999,Good,320.0,True
1999,Fair,240.0,True
1999,Minor Damage,50.0,True
1999,Broken,10.0,True
2000,Brand New,400.0,True
2000,Flawless,350.0,True
2000,Good,295.0,True
2000,Fair,215.0,True
2000,Minor Damage,50.0,True
2000,Broken,10.0,True
2001,Brand New,0.0,True
2001,Flawless,0.0,True
2001,Good,0.0,True
2001,Fair,0.0,True
2001,Minor Damage,0.0,True
2001,Broken,0.0,True
2002,Brand New,500.0,True
2002,Flawless,450.0,True
2002,Good,395.0,True
2002,Fair,315.0,True
2002,Minor Damage,100.0,True
2002,Broken,10.0,True
2003,Brand New,0.0,True
2003,Flawless,0.0,True
2003,Good,0.0,True
2003,Fair,0.0,True
2003,Minor Damage,0.0,True
2003,Broken,0.0,True
2004,Brand New,475.0,True
2004,Flawless,425.0,True
2004,Good,355.0,True
2004,Fair,265.0,True
2004,Minor Damage,90.0,True
2004,Broken,10.0,True
2005,Brand New,450.0,True
2005,Flawless,400.0,True
2005,Good,330.0,True
2005,Fair,240.0,True
2005,Minor Damage,90.0,True
2005,Broken,10.0,True
2006,Brand New,0.0,True
2006,Flawless,0.0,True
2006,Good,0.0,True
2006,Fair,0.0,True
2006,Minor Damage,0.0,True
2006,Broken,0.0,True
2007,Brand New,550.0,True
2007,Flawless,500.0,True
2007,Good,430.0,True
2007,Fair,340.0,True
2007,Minor Damage,120.0,True
2007,Broken,10.0,True
2008,Brand New,0.0,True
2008,Flawless,0.0,True
2008,Good,0.0,True
2008,Fair,0.0,True
2008,Minor Damage,0.0,True
2008,Broken,0.0,True
2009,Brand New,515.0,True
2009,Flawless,465.0,True
2009,Good,395.0,True
2009,Fair,305.0,True
2009,Minor Damage,100.0,True
2009,Broken,10.0,True
2010,Brand New,490.0,True
2010,Flawless,440.0,True
2010,Good,370.0,True
2010,Fair,280.0,True
2010,Minor Damage,100.0,True
2010,Broken,10.0,True
2011,Brand New,0.0,True
2011,Flawless,0.0,True
2011,Good,0.0,True
2011,Fair,0.0,True
2011,Minor Damage,0.0,True
2011,Broken,0.0,True
2012,Brand New,590.0,True
2012,Flawless,540.0,True
2012,Good,470.0,True
2012,Fair,380.0,True
2012,Minor Damage,130.0,True
2012,Broken,10.0,True
2013,Brand New,0.0,True
2013,Flawless,0.0,True
2013,Good,0.0,True
2013,Fair,0.0,True
2013,Minor Damage,0.0,True
2013,Broken,0.0,True
2014,Brand New,600.0,True
2014,Flawless,550.0,True
2014,Good,460.0,True
2014,Fair,340.0,True
2014,Minor Damage,90.0,True
2014,Broken,20.0,True
2015,Brand New,550.0,True
2015,Flawless,500.0,True
2015,Good,410.0,True
2015,Fair,290.0,True
2015,Minor Damage,90.0,True
2015,Broken,20.0,True
2016,Brand New,550.0,True
2016,Flawless,500.0,True
2016,Good,410.0,True
2016,Fair,290.0,True
2016,Minor Damage,90.0,True
2016,Broken,20.0,True
2017,Brand New,700.0,True
2017,Flawless,650.0,True
2017,Good,560.0,True
2017,Fair,440.0,True
2017,Minor Damage,140.0,True
2017,Broken,20.0,True
2018,Brand New,0.0,True
2018,Flawless,0.0,True
2018,Good,0.0,True
2018,Fair,0.0,True
2018,Minor Damage,0.0,True
2018,Broken,0.0,True
2019,Brand New,640.0,True
2019,Flawless,590.0,True
2019,Good,500.0,True
2019,Fair,380.0,True
2019,Minor Damage,100.0,True
2019,Broken,20.0,True
2020,Brand New,590.0,True
2020,Flawless,540.0,True
2020,Good,450.0,True
2020,Fair,335.0,True
2020,Minor Damage,100.0,True
2020,Broken,20.0,True
2021,Brand New,590.0,True
2021,Flawless,540.0,True
2021,Good,450.0,True
2021,Fair,335.0,True
2021,Minor Damage,100.0,True
2021,Broken,20.0,True
2022,Brand New,740.0,True
2022,Flawless,690.0,True
2022,Good,600.0,True
2022,Fair,480.0,True
2022,Minor Damage,150.0,True
2022,Broken,20.0,True
2023,Brand New,0.0,True
2023,Flawless,0.0,True
2023,Good,0.0,True
2023,Fair,0.0,True
2023,Minor Damage,0.0,True
2023,Broken,0.0,True
2024,Brand New,680.0,True
2024,Flawless,630.0,True
2024,Good,540.0,True
2024,Fair,420.0,True
2024,Minor Damage,110.0,True
2024,Broken,20.0,True
2025,Brand New,630.0,True
2025,Flawless,580.0,True
2025,Good,490.0,True
2025,Fair,370.0,True
2025,Minor Damage,110.0,True
2025,Broken,20.0,True
2026,Brand New,630.0,True
2026,Flawless,580.0,True
2026,Good,490.0,True
2026,Fair,370.0,True
2026,Minor Damage,85.0,True
2026,Broken,20.0,True
2027,Brand New,780.0,True
2027,Flawless,730.0,True
2027,Good,640.0,True
2027,Fair,520.0,True
2027,Minor Damage,160.0,True
2027,Broken,20.0,True
2028,Brand New,0.0,True
2028,Flawless,0.0,True
2028,Good,0.0,True
2028,Fair,0.0,True
2028,Minor Damage,0.0,True
2028,Broken,0.0,True
2029,Brand New,0.0,False
2029,Flawless,0.0,False
2029,Good,0.0,False
2029,Fair,0.0,False
2029,Minor Damage,0.0,False
2029,Broken,0.0,False
2030,Brand New,0.0,False
2030,Flawless,0.0,False
2030,Good,0.0,False
2030,Fair,0.0,False
2030,Minor Damage,0.0,False
2030,Broken,0.0,False
2031,Brand New,0.0,False
2031,Flawless,0.0,False
2031,Good,0.0,False
2031,Fair,0.0,False
2031,Minor Damage,0.0,False
2031,Broken,0.0,False
2032,Brand New,0.0,False
2032,Flawless,0.0,False
2032,Good,0.0,False
2032,Fair,0.0,False
2032,Minor Damage,0.0,False
2032,Broken,0.0,False
2033,Brand New,0.0,False
2033,Flawless,0.0,False
2033,Good,0.0,False
2033,Fair,0.0,False
2033,Minor Damage,0.0,False
2033,Broken,0.0,False
2034,Brand New,0.0,False
2034,Flawless,0.0,True
2034,Good,0.0,True
2034,Fair,0.0,True
2034,Minor Damage,0.0,True
2034,Broken,0.0,True
2035,Brand New,0.0,False
2035,Flawless,0.0,True
2035,Good,0.0,True
2035,Fair,0.0,True
2035,Minor Damage,0.0,True
2035,Broken,0.0,True
2036,Brand New,0.0,False
2036,Flawless,0.0,False
2036,Good,0.0,False
2036,Fair,0.0,False
2036,Minor Damage,0.0,False
2036,Broken,0.0,False
2037,Brand New,0.0,False
2037,Flawless,0.0,False
2037,Good,0.0,False
2037,Fair,0.0,False
2037,Minor Damage,0.0,False
2037,Broken,0.0,False
2038,Brand New,0.0,False
2038,Flawless,0.0,True
2038,Good,0.0,True
2038,Fair,0.0,True
2038,Minor Damage,0.0,True
2038,Broken,0.0,True
2039,Brand New,0.0,False
2039,Flawless,0.0,True
2039,Good,0.0,True
2039,Fair,0.0,True
2039,Minor Damage,0.0,True
2039,Broken,0.0,True
2040,Brand New,0.0,False
2040,Flawless,0.0,True
2040,Good,0.0,True
2040,Fair,0.0,True
2040,Minor Damage,0.0,True
2040,Broken,0.0,True
2041,Brand New,0.0,False
2041,Flawless,0.0,False
2041,Good,0.0,False
2041,Fair,0.0,False
2041,Minor Damage,0.0,False
2041,Broken,0.0,False
2042,Brand New,0.0,False
2042,Flawless,0.0,False
2042,Good,0.0,False
2042,Fair,0.0,False
2042,Minor Damage,0.0,False
2042,Broken,0.0,False
2043,Brand New,0.0,False
2043,Flawless,0.0,True
2043,Good,0.0,True
2043,Fair,0.0,True
2043,Minor Damage,0.0,True
2043,Broken,0.0,True
2044,Brand New,0.0,False
2044,Flawless,0.0,True
2044,Good,0.0,True
2044,Fair,0.0,True
2044,Minor Damage,0.0,True
2044,Broken,0.0,True
2045,Brand New,0.0,False
2045,Flawless,0.0,True
2045,Good,0.0,True
2045,Fair,0.0,True
2045,Minor Damage,0.0,True
2045,Broken,0.0,True
2046,Brand New,0.0,False
2046,Flawless,0.0,True
2046,Good,0.0,True
2046,Fair,0.0,True
2046,Minor Damage,0.0,True
2046,Broken,0.0,True
2047,Brand New,0.0,False
2047,Flawless,0.0,False
2047,Good,0.0,False
2047,Fair,0.0,False
2047,Minor Damage,0.0,False
2047,Broken,0.0,False
2048,Brand New,0.0,False
2048,Flawless,0.0,True
2048,Good,0.0,True
2048,Fair,0.0,True
2048,Minor Damage,0.0,True
2048,Broken,0.0,True
2049,Brand New,0.0,False
2049,Flawless,0.0,True
2049,Good,0.0,True
2049,Fair,0.0,True
2049,Minor Damage,0.0,True
2049,Broken,0.0,True
2050,Brand New,0.0,False
2050,Flawless,0.0,True
2050,Good,0.0,True
2050,Fair,0.0,True
2050,Minor Damage,0.0,True
2050,Broken,0.0,True
2051,Brand New,0.0,False
2051,Flawless,0.0,True
2051,Good,0.0,True
2051,Fair,0.0,True
2051,Minor Damage,0.0,True
2051,Broken,0.0,True
2052,Brand New,0.0,False
2052,Flawless,0.0,False
2052,Good,0.0,False
2052,Fair,0.0,False
2052,Minor Damage,0.0,False
2052,Broken,0.0,False
2053,Brand New,0.0,False
2053,Flawless,0.0,True
2053,Good,0.0,True
2053,Fair,0.0,True
2053,Minor Damage,0.0,True
2053,Broken,0.0,True
2054,Brand New,0.0,False
2054,Flawless,85.0,True
2054,Good,65.0,True
2054,Fair,35.0,True
2054,Minor Damage,15.0,True
2054,Broken,5.0,True
2055,Brand New,0.0,False
2055,Flawless,85.0,True
2055,Good,65.0,True
2055,Fair,35.0,True
2055,Minor Damage,15.0,True
2055,Broken,5.0,True
2056,Brand New,0.0,False
2056,Flawless,75.0,True
2056,Good,55.0,True
2056,Fair,35.0,True
2056,Minor Damage,20.0,True
2056,Broken,5.0,True
2057,Brand New,0.0,False
2057,Flawless,0.0,False
2057,Good,0.0,False
2057,Fair,0.0,False
2057,Minor Damage,0.0,False
2057,Broken,0.0,False
2058,Brand New,0.0,False
2058,Flawless,115.0,True
2058,Good,95.0,True
2058,Fair,55.0,True
2058,Minor Damage,20.0,True
2058,Broken,5.0,True
2059,Brand New,0.0,False
2059,Flawless,95.0,True
2059,Good,75.0,True
2059,Fair,45.0,True
2059,Minor Damage,15.0,True
2059,Broken,5.0,True
2060,Brand New,0.0,False
2060,Flawless,95.0,True
2060,Good,75.0,True
2060,Fair,45.0,True
2060,Minor Damage,15.0,True
2060,Broken,5.0,True
2061,Brand New,0.0,False
2061,Flawless,75.0,True
2061,Good,55.0,True
2061,Fair,35.0,True
2061,Minor Damage,20.0,True
2061,Broken,5.0,True
2062,Brand New,0.0,False
2062,Flawless,0.0,False
2062,Good,0.0,False
2062,Fair,0.0,False
2062,Minor Damage,0.0,False
2062,Broken,0.0,False
2063,Brand New,0.0,False
2063,Flawless,125.0,True
2063,Good,105.0,True
2063,Fair,65.0,True
2063,Minor Damage,20.0,True
2063,Broken,5.0,True
2064,Brand New,0.0,False
2064,Flawless,90.0,True
2064,Good,70.0,True
2064,Fair,30.0,True
2064,Minor Damage,20.0,True
2064,Broken,5.0,True
2065,Brand New,0.0,False
2065,Flawless,80.0,True
2065,Good,60.0,True
2065,Fair,40.0,True
2065,Minor Damage,20.0,True
2065,Broken,5.0,True
2066,Brand New,0.0,False
2066,Flawless,95.0,True
2066,Good,75.0,True
2066,Fair,35.0,True
2066,Minor Damage,25.0,True
2066,Broken,5.0,True
2067,Brand New,0.0,False
2067,Flawless,0.0,False
2067,Good,0.0,False
2067,Fair,0.0,False
2067,Minor Damage,0.0,False
2067,Broken,0.0,False
2068,Brand New,0.0,False
2068,Flawless,130.0,True
2068,Good,110.0,True
2068,Fair,70.0,True
2068,Minor Damage,25.0,True
2068,Broken,5.0,True
2069,Brand New,215.0,True
2069,Flawless,165.0,True
2069,Good,125.0,True
2069,Fair,65.0,True
2069,Minor Damage,25.0,True
2069,Broken,5.0,True
2070,Brand New,205.0,True
2070,Flawless,155.0,True
2070,Good,115.0,True
2070,Fair,55.0,True
2070,Minor Damage,15.0,True
2070,Broken,5.0,True
2071,Brand New,90.0,True
2071,Flawless,40.0,True
2071,Good,30.0,True
2071,Fair,20.0,True
2071,Minor Damage,10.0,True
2071,Broken,5.0,True
2072,Brand New,0.0,False
2072,Flawless,0.0,False
2072,Good,0.0,False
2072,Fair,0.0,False
2072,Minor Damage,0.0,False
2072,Broken,0.0,False
2073,Brand New,265.0,True
2073,Flawless,215.0,True
2073,Good,175.0,True
2073,Fair,115.0,True
2073,Minor Damage,55.0,True
2073,Broken,5.0,True
2074,Brand New,235.0,True
2074,Flawless,185.0,True
2074,Good,155.0,True
2074,Fair,95.0,True
2074,Minor Damage,50.0,True
2074,Broken,5.0,True
2075,Brand New,225.0,True
2075,Flawless,175.0,True
2075,Good,145.0,True
2075,Fair,85.0,True
2075,Minor Damage,30.0,True
2075,Broken,5.0,True
2076,Brand New,100.0,True
2076,Flawless,50.0,True
2076,Good,40.0,True
2076,Fair,30.0,True
2076,Minor Damage,10.0,True
2076,Broken,5.0,True
2077,Brand New,0.0,False
2077,Flawless,0.0,False
2077,Good,0.0,False
2077,Fair,0.0,False
2077,Minor Damage,0.0,False
2077,Broken,0.0,False
2078,Brand New,285.0,True
2078,Flawless,235.0,True
2078,Good,205.0,True
2078,Fair,145.0,True
2078,Minor Damage,60.0,True
2078,Broken,5.0,True
2079,Brand New,300.0,True
2079,Flawless,250.0,True
2079,Good,200.0,True
2079,Fair,145.0,True
2079,Minor Damage,40.0,True
2079,Broken,10.0,True
2080,Brand New,290.0,True
2080,Flawless,240.0,True
2080,Good,190.0,True
2080,Fair,135.0,True
2080,Minor Damage,40.0,True
2080,Broken,10.0,True
2081,Brand New,155.0,True
2081,Flawless,105.0,True
2081,Good,55.0,True
2081,Fair,40.0,True
2081,Minor Damage,30.0,True
2081,Broken,10.0,True
2082,Brand New,0.0,False
2082,Flawless,0.0,False
2082,Good,0.0,False
2082,Fair,0.0,False
2082,Minor Damage,0.0,False
2082,Broken,0.0,False
2083,Brand New,340.0,True
2083,Flawless,290.0,True
2083,Good,240.0,True
2083,Fair,185.0,True
2083,Minor Damage,60.0,True
2083,Broken,10.0,True
2084,Brand New,320.0,True
2084,Flawless,270.0,True
2084,Good,220.0,True
2084,Fair,165.0,True
2084,Minor Damage,50.0,True
2084,Broken,10.0,True
2085,Brand New,310.0,True
2085,Flawless,260.0,True
2085,Good,210.0,True
2085,Fair,155.0,True
2085,Minor Damage,50.0,True
2085,Broken,10.0,True
2086,Brand New,175.0,True
2086,Flawless,125.0,True
2086,Good,75.0,True
2086,Fair,50.0,True
2086,Minor Damage,40.0,True
2086,Broken,10.0,True
2087,Brand New,0.0,False
2087,Flawless,0.0,False
2087,Good,0.0,False
2087,Fair,0.0,False
2087,Minor Damage,0.0,False
2087,Broken,0.0,False
2088,Brand New,360.0,True
2088,Flawless,310.0,True
2088,Good,260.0,True
2088,Fair,205.0,True
2088,Minor Damage,70.0,True
2088,Broken,10.0,True
2089,Brand New,410.0,True
2089,Flawless,360.0,True
2089,Good,320.0,True
2089,Fair,250.0,True
2089,Minor Damage,50.0,True
2089,Broken,10.0,True
2090,Brand New,410.0,True
2090,Flawless,360.0,True
2090,Good,320.0,True
2090,Fair,250.0,True
2090,Minor Damage,20.0,True
2090,Broken,10.0,True
2091,Brand New,250.0,True
2091,Flawless,200.0,True
2091,Good,160.0,True
2091,Fair,90.0,True
2091,Minor Damage,30.0,True
2091,Broken,10.0,True
2092,Brand New,0.0,True
2092,Flawless,0.0,True
2092,Good,0.0,True
2092,Fair,0.0,True
2092,Minor Damage,0.0,True
2092,Broken,0.0,True
2093,Brand New,485.0,True
2093,Flawless,435.0,True
2093,Good,395.0,True
2093,Fair,325.0,True
2093,Minor Damage,70.0,True
2093,Broken,10.0,True
2094,Brand New,430.0,True
2094,Flawless,380.0,True
2094,Good,340.0,True
2094,Fair,255.0,True
2094,Minor Damage,65.0,True
2094,Broken,10.0,True
2095,Brand New,430.0,True
2095,Flawless,380.0,True
2095,Good,340.0,True
2095,Fair,255.0,True
2095,Minor Damage,35.0,True
2095,Broken,10.0,True
2096,Brand New,270.0,True
2096,Flawless,220.0,True
2096,Good,180.0,True
2096,Fair,95.0,True
2096,Minor Damage,30.0,True
2096,Broken,10.0,True
2097,Brand New,0.0,True
2097,Flawless,0.0,True
2097,Good,0.0,True
2097,Fair,0.0,True
2097,Minor Damage,0.0,True
2097,Broken,0.0,True
2098,Brand New,505.0,True
2098,Flawless,455.0,True
2098,Good,415.0,True
2098,Fair,330.0,True
2098,Minor Damage,85.0,True
2098,Broken,10.0,True
2099,Brand New,335.0,True
2099,Flawless,285.0,True
2099,Good,240.0,True
2099,Fair,195.0,True
2099,Minor Damage,50.0,True
2099,Broken,10.0,True
2100,Brand New,325.0,True
2100,Flawless,275.0,True
2100,Good,230.0,True
2100,Fair,185.0,True
2100,Minor Damage,20.0,True
2100,Broken,10.0,True
2101,Brand New,195.0,True
2101,Flawless,145.0,True
2101,Good,105.0,True
2101,Fair,45.0,True
2101,Minor Damage,30.0,True
2101,Broken,10.0,True
2102,Brand New,0.0,True
2102,Flawless,0.0,True
2102,Good,0.0,True
2102,Fair,0.0,True
2102,Minor Damage,0.0,True
2102,Broken,0.0,True
2103,Brand New,375.0,True
2103,Flawless,325.0,True
2103,Good,280.0,True
2103,Fair,235.0,True
2103,Minor Damage,70.0,True
2103,Broken,10.0,True
2104,Brand New,350.0,True
2104,Flawless,300.0,True
2104,Good,255.0,True
2104,Fair,210.0,True
2104,Minor Damage,65.0,True
2104,Broken,10.0,True
2105,Brand New,340.0,True
2105,Flawless,290.0,True
2105,Good,245.0,True
2105,Fair,200.0,True
2105,Minor Damage,35.0,True
2105,Broken,10.0,True
2106,Brand New,210.0,True
2106,Flawless,160.0,True
2106,Good,120.0,True
2106,Fair,60.0,True
2106,Minor Damage,20.0,True
2106,Broken,10.0,True
2107,Brand New,0.0,True
2107,Flawless,0.0,True
2107,Good,0.0,True
2107,Fair,0.0,True
2107,Minor Damage,0.0,True
2107,Broken,0.0,True
2108,Brand New,390.0,True
2108,Flawless,340.0,True
2108,Good,295.0,True
2108,Fair,250.0,True
2108,Minor Damage,80.0,True
2108,Broken,10.0,True
2109,Brand New,0.0,False
2109,Flawless,0.0,True
2109,Good,0.0,True
2109,Fair,0.0,True
2109,Minor Damage,0.0,True
2109,Broken,0.0,True
2110,Brand New,0.0,False
2110,Flawless,0.0,True
2110,Good,0.0,True
2110,Fair,0.0,True
2110,Minor Damage,0.0,True
2110,Broken,0.0,True
2111,Brand New,0.0,False
2111,Flawless,0.0,True
2111,Good,0.0,True
2111,Fair,0.0,True
2111,Minor Damage,0.0,True
2111,Broken,0.0,True
2112,Brand New,0.0,False
2112,Flawless,0.0,False
2112,Good,0.0,False
2112,Fair,0.0,False
2112,Minor Damage,0.0,False
2112,Broken,0.0,False
2113,Brand New,0.0,False
2113,Flawless,0.0,True
2113,Good,0.0,True
2113,Fair,0.0,True
2113,Minor Damage,0.0,True
2113,Broken,0.0,True
2114,Brand New,0.0,False
2114,Flawless,0.0,False
2114,Good,0.0,False
2114,Fair,0.0,False
2114,Minor Damage,0.0,False
2114,Broken,0.0,False
2115,Brand New,0.0,False
2115,Flawless,0.0,False
2115,Good,0.0,False
2115,Fair,0.0,False
2115,Minor Damage,0.0,False
2115,Broken,0.0,False
2116,Brand New,0.0,False
2116,Flawless,0.0,False
2116,Good,0.0,False
2116,Fair,0.0,False
2116,Minor Damage,0.0,False
2116,Broken,0.0,False
2117,Brand New,0.0,False
2117,Flawless,0.0,False
2117,Good,0.0,False
2117,Fair,0.0,False
2117,Minor Damage,0.0,False
2117,Broken,0.0,False
2118,Brand New,0.0,False
2118,Flawless,0.0,False
2118,Good,0.0,False
2118,Fair,0.0,False
2118,Minor Damage,0.0,False
2118,Broken,0.0,False
2119,Brand New,0.0,False
2119,Flawless,0.0,True
2119,Good,0.0,True
2119,Fair,0.0,True
2119,Minor Damage,0.0,True
2119,Broken,0.0,True
2120,Brand New,0.0,False
2120,Flawless,0.0,True
2120,Good,0.0,True
2120,Fair,0.0,True
2120,Minor Damage,0.0,True
2120,Broken,0.0,True
2121,Brand New,0.0,False
2121,Flawless,0.0,True
2121,Good,0.0,True
2121,Fair,0.0,True
2121,Minor Damage,0.0,True
2121,Broken,0.0,True
2122,Brand New,0.0,False
2122,Flawless,0.0,False
2122,Good,0.0,False
2122,Fair,0.0,False
2122,Minor Damage,0.0,False
2122,Broken,0.0,False
2123,Brand New,0.0,False
2123,Flawless,0.0,True
2123,Good,0.0,True
2123,Fair,0.0,True
2123,Minor Damage,0.0,True
2123,Broken,0.0,True
2124,Brand New,0.0,False
2124,Flawless,0.0,True
2124,Good,0.0,True
2124,Fair,0.0,True
2124,Minor Damage,0.0,True
2124,Broken,0.0,True
2125,Brand New,0.0,False
2125,Flawless,0.0,True
2125,Good,0.0,True
2125,Fair,0.0,True
2125,Minor Damage,0.0,True
2125,Broken,0.0,True
2126,Brand New,0.0,False
2126,Flawless,0.0,True
2126,Good,0.0,True
2126,Fair,0.0,True
2126,Minor Damage,0.0,True
2126,Broken,0.0,True
2127,Brand New,0.0,False
2127,Flawless,0.0,False
2127,Good,0.0,False
2127,Fair,0.0,False
2127,Minor Damage,0.0,False
2127,Broken,0.0,False
2128,Brand New,0.0,False
2128,Flawless,0.0,True
2128,Good,0.0,True
2128,Fair,0.0,True
2128,Minor Damage,0.0,True
2128,Broken,0.0,True
2129,Brand New,0.0,True
2129,Flawless,0.0,True
2129,Good,0.0,True
2129,Fair,0.0,True
2129,Minor Damage,0.0,True
2129,Broken,0.0,True
2130,Brand New,0.0,True
2130,Flawless,0.0,True
2130,Good,0.0,True
2130,Fair,0.0,True
2130,Minor Damage,0.0,True
2130,Broken,0.0,True
2131,Brand New,0.0,True
2131,Flawless,0.0,True
2131,Good,0.0,True
2131,Fair,0.0,True
2131,Minor Damage,0.0,True
2131,Broken,0.0,True
2132,Brand New,0.0,False
2132,Flawless,0.0,False
2132,Good,0.0,False
2132,Fair,0.0,False
2132,Minor Damage,0.0,False
2132,Broken,0.0,False
2133,Brand New,0.0,True
2133,Flawless,0.0,True
2133,Good,0.0,True
2133,Fair,0.0,True
2133,Minor Damage,0.0,True
2133,Broken,0.0,True
2134,Brand New,0.0,True
2134,Flawless,0.0,True
2134,Good,0.0,True
2134,Fair,0.0,True
2134,Minor Damage,0.0,True
2134,Broken,0.0,True
2135,Brand New,0.0,True
2135,Flawless,0.0,True
2135,Good,0.0,True
2135,Fair,0.0,True
2135,Minor Damage,0.0,True
2135,Broken,0.0,True
2136,Brand New,0.0,True
2136,Flawless,0.0,True
2136,Good,0.0,True
2136,Fair,0.0,True
2136,Minor Damage,0.0,True
2136,Broken,0.0,True
2137,Brand New,0.0,False
2137,Flawless,0.0,False
2137,Good,0.0,False
2137,Fair,0.0,False
2137,Minor Damage,0.0,False
2137,Broken,0.0,False
2138,Brand New,0.0,True
2138,Flawless,0.0,True
2138,Good,0.0,True
2138,Fair,0.0,True
2138,Minor Damage,0.0,True
2138,Broken,0.0,True
2139,Brand New,0.0,True
2139,Flawless,0.0,True
2139,Good,0.0,True
2139,Fair,0.0,True
2139,Minor Damage,0.0,True
2139,Broken,0.0,True
2140,Brand New,0.0,True
2140,Flawless,0.0,True
2140,Good,0.0,True
2140,Fair,0.0,True
2140,Minor Damage,0.0,True
2140,Broken,0.0,True
2141,Brand New,0.0,True
2141,Flawless,0.0,True
2141,Good,0.0,True
2141,Fair,0.0,True
2141,Minor Damage,0.0,True
2141,Broken,0.0,True
2142,Brand New,0.0,False
2142,Flawless,0.0,False
2142,Good,0.0,False
2142,Fair,0.0,False
2142,Minor Damage,0.0,False
2142,Broken,0.0,False
2143,Brand New,0.0,True
2143,Flawless,0.0,True
2143,Good,0.0,True
2143,Fair,0.0,True
2143,Minor Damage,0.0,True
2143,Broken,0.0,True
2144,Brand New,265.0,True
2144,Flawless,215.0,True
2144,Good,185.0,True
2144,Fair,135.0,True
2144,Minor Damage,40.0,True
2144,Broken,10.0,True
2145,Brand New,215.0,True
2145,Flawless,165.0,True
2145,Good,135.0,True
2145,Fair,85.0,True
2145,Minor Damage,20.0,True
2145,Broken,10.0,True
2146,Brand New,215.0,True
2146,Flawless,165.0,True
2146,Good,135.0,True
2146,Fair,85.0,True
2146,Minor Damage,20.0,True
2146,Broken,10.0,True
2147,Brand New,0.0,False
2147,Flawless,0.0,False
2147,Good,0.0,False
2147,Fair,0.0,False
2147,Minor Damage,0.0,False
2147,Broken,0.0,False
2148,Brand New,365.0,True
2148,Flawless,315.0,True
2148,Good,285.0,True
2148,Fair,235.0,True
2148,Minor Damage,50.0,True
2148,Broken,10.0,True
2149,Brand New,285.0,True
2149,Flawless,235.0,True
2149,Good,205.0,True
2149,Fair,155.0,True
2149,Minor Damage,43.0,True
2149,Broken,10.0,True
2150,Brand New,235.0,True
2150,Flawless,185.0,True
2150,Good,155.0,True
2150,Fair,105.0,True
2150,Minor Damage,23.0,True
2150,Broken,10.0,True
2151,Brand New,235.0,True
2151,Flawless,185.0,True
2151,Good,155.0,True
2151,Fair,105.0,True
2151,Minor Damage,23.0,True
2151,Broken,10.0,True
2152,Brand New,0.0,False
2152,Flawless,0.0,False
2152,Good,0.0,False
2152,Fair,0.0,False
2152,Minor Damage,0.0,False
2152,Broken,0.0,False
2153,Brand New,385.0,True
2153,Flawless,335.0,True
2153,Good,305.0,True
2153,Fair,255.0,True
2153,Minor Damage,53.0,True
2153,Broken,10.0,True
2154,Brand New,305.0,True
2154,Flawless,255.0,True
2154,Good,225.0,True
2154,Fair,175.0,True
2154,Minor Damage,45.0,True
2154,Broken,10.0,True
2155,Brand New,255.0,True
2155,Flawless,205.0,True
2155,Good,175.0,True
2155,Fair,130.0,True
2155,Minor Damage,25.0,True
2155,Broken,10.0,True
2156,Brand New,255.0,True
2156,Flawless,205.0,True
2156,Good,175.0,True
2156,Fair,130.0,True
2156,Minor Damage,25.0,True
2156,Broken,10.0,True
2157,Brand New,0.0,False
2157,Flawless,0.0,False
2157,Good,0.0,False
2157,Fair,0.0,False
2157,Minor Damage,0.0,False
2157,Broken,0.0,False
2158,Brand New,405.0,True
2158,Flawless,355.0,True
2158,Good,325.0,True
2158,Fair,275.0,True
2158,Minor Damage,55.0,True
2158,Broken,10.0,True
2159,Brand New,440.0,True
2159,Flawless,390.0,True
2159,Good,310.0,True
2159,Fair,250.0,True
2159,Minor Damage,90.0,True
2159,Broken,10.0,True
2160,Brand New,390.0,True
2160,Flawless,340.0,True
2160,Good,260.0,True
2160,Fair,200.0,True
2160,Minor Damage,90.0,True
2160,Broken,10.0,True
2161,Brand New,190.0,True
2161,Flawless,140.0,True
2161,Good,60.0,True
2161,Fair,30.0,True
2161,Minor Damage,15.0,True
2161,Broken,10.0,True
2162,Brand New,0.0,False
2162,Flawless,0.0,False
2162,Good,0.0,False
2162,Fair,0.0,False
2162,Minor Damage,0.0,False
2162,Broken,0.0,False
2163,Brand New,540.0,True
2163,Flawless,490.0,True
2163,Good,410.0,True
2163,Fair,350.0,True
2163,Minor Damage,125.0,True
2163,Broken,10.0,True
2164,Brand New,480.0,True
2164,Flawless,430.0,True
2164,Good,350.0,True
2164,Fair,290.0,True
2164,Minor Damage,95.0,True
2164,Broken,10.0,True
2165,Brand New,430.0,True
2165,Flawless,380.0,True
2165,Good,300.0,True
2165,Fair,240.0,True
2165,Minor Damage,95.0,True
2165,Broken,10.0,True
2166,Brand New,230.0,True
2166,Flawless,180.0,True
2166,Good,100.0,True
2166,Fair,40.0,True
2166,Minor Damage,20.0,True
2166,Broken,10.0,True
2167,Brand New,0.0,False
2167,Flawless,0.0,False
2167,Good,0.0,False
2167,Fair,0.0,False
2167,Minor Damage,0.0,False
2167,Broken,0.0,False
2168,Brand New,580.0,True
2168,Flawless,530.0,True
2168,Good,450.0,True
2168,Fair,390.0,True
2168,Minor Damage,130.0,True
2168,Broken,10.0,True
2169,Brand New,510.0,True
2169,Flawless,460.0,True
2169,Good,380.0,True
2169,Fair,320.0,True
2169,Minor Damage,100.0,True
2169,Broken,10.0,True
2170,Brand New,460.0,True
2170,Flawless,410.0,True
2170,Good,330.0,True
2170,Fair,270.0,True
2170,Minor Damage,100.0,True
2170,Broken,10.0,True
2171,Brand New,250.0,True
2171,Flawless,210.0,True
2171,Good,130.0,True
2171,Fair,70.0,True
2171,Minor Damage,25.0,True
2171,Broken,10.0,True
2172,Brand New,0.0,False
2172,Flawless,0.0,False
2172,Good,0.0,False
2172,Fair,0.0,False
2172,Minor Damage,0.0,False
2172,Broken,0.0,False
2173,Brand New,610.0,True
2173,Flawless,560.0,True
2173,Good,480.0,True
2173,Fair,420.0,True
2173,Minor Damage,135.0,True
2173,Broken,10.0,True
2174,Brand New,700.0,True
2174,Flawless,650.0,True
2174,Good,600.0,True
2174,Fair,500.0,True
2174,Minor Damage,115.0,True
2174,Broken,20.0,True
2175,Brand New,650.0,True
2175,Flawless,600.0,True
2175,Good,550.0,True
2175,Fair,450.0,True
2175,Minor Damage,115.0,True
2175,Broken,20.0,True
2176,Brand New,450.0,True
2176,Flawless,400.0,True
2176,Good,350.0,True
2176,Fair,250.0,True
2176,Minor Damage,40.0,True
2176,Broken,20.0,True
2177,Brand New,0.0,True
2177,Flawless,0.0,True
2177,Good,0.0,True
2177,Fair,0.0,True
2177,Minor Damage,0.0,True
2177,Broken,0.0,True
2178,Brand New,800.0,True
2178,Flawless,750.0,True
2178,Good,700.0,True
2178,Fair,600.0,True
2178,Minor Damage,150.0,True
2178,Broken,20.0,True
2179,Brand New,740.0,True
2179,Flawless,690.0,True
2179,Good,640.0,True
2179,Fair,540.0,True
2179,Minor Damage,120.0,True
2179,Broken,20.0,True
2180,Brand New,690.0,True
2180,Flawless,640.0,True
2180,Good,590.0,True
2180,Fair,490.0,True
2180,Minor Damage,120.0,True
2180,Broken,20.0,True
2181,Brand New,490.0,True
2181,Flawless,440.0,True
2181,Good,390.0,True
2181,Fair,290.0,True
2181,Minor Damage,45.0,True
2181,Broken,20.0,True
2182,Brand New,0.0,True
2182,Flawless,0.0,True
2182,Good,0.0,True
2182,Fair,0.0,True
2182,Minor Damage,0.0,True
2182,Broken,0.0,True
2183,Brand New,840.0,True
2183,Flawless,790.0,True
2183,Good,740.0,True
2183,Fair,640.0,True
2183,Minor Damage,155.0,True
2183,Broken,20.0,True
2184,Brand New,770.0,True
2184,Flawless,720.0,True
2184,Good,670.0,True
2184,Fair,570.0,True
2184,Minor Damage,125.0,True
2184,Broken,20.0,True
2185,Brand New,720.0,True
2185,Flawless,670.0,True
2185,Good,620.0,True
2185,Fair,520.0,True
2185,Minor Damage,125.0,True
2185,Broken,20.0,True
2186,Brand New,520.0,True
2186,Flawless,470.0,True
2186,Good,420.0,True
2186,Fair,320.0,True
2186,Minor Damage,50.0,True
2186,Broken,20.0,True
2187,Brand New,0.0,True
2187,Flawless,0.0,True
2187,Good,0.0,True
2187,Fair,0.0,True
2187,Minor Damage,0.0,True
2187,Broken,0.0,True
2188,Brand New,870.0,True
2188,Flawless,820.0,True
2188,Good,770.0,True
2188,Fair,670.0,True
2188,Minor Damage,160.0,True
2188,Broken,20.0,True
2189,Brand New,0.0,False
2189,Flawless,0.0,False
2189,Good,0.0,False
2189,Fair,0.0,False
2189,Minor Damage,0.0,False
2189,Broken,0.0,False
2190,Brand New,0.0,False
2190,Flawless,0.0,False
2190,Good,0.0,False
2190,Fair,0.0,False
2190,Minor Damage,0.0,False
2190,Broken,0.0,False
2191,Brand New,0.0,False
2191,Flawless,0.0,False
2191,Good,0.0,False
2191,Fair,0.0,False
2191,Minor Damage,0.0,False
2191,Broken,0.0,False
2192,Brand New,0.0,False
2192,Flawless,0.0,False
2192,Good,0.0,False
2192,Fair,0.0,False
2192,Minor Damage,0.0,False
2192,Broken,0.0,False
2193,Brand New,0.0,False
2193,Flawless,0.0,False
2193,Good,0.0,False
2193,Fair,0.0,False
2193,Minor Damage,0.0,False
2193,Broken,0.0,False
2194,Brand New,0.0,False
2194,Flawless,0.0,False
2194,Good,0.0,False
2194,Fair,0.0,False
2194,Minor Damage,0.0,False
2194,Broken,0.0,False
2195,Brand New,0.0,False
2195,Flawless,0.0,False
2195,Good,0.0,False
2195,Fair,0.0,False
2195,Minor Damage,0.0,False
2195,Broken,0.0,False
2196,Brand New,0.0,False
2196,Flawless,0.0,False
2196,Good,0.0,False
2196,Fair,0.0,False
2196,Minor Damage,0.0,False
2196,Broken,0.0,False
2197,Brand New,0.0,False
2197,Flawless,0.0,False
2197,Good,0.0,False
2197,Fair,0.0,False
2197,Minor Damage,0.0,False
2197,Broken,0.0,False
2198,Brand New,0.0,False
2198,Flawless,0.0,False
2198,Good,0.0,False
2198,Fair,0.0,False
2198,Minor Damage,0.0,False
2198,Broken,0.0,False
2199,Brand New,0.0,False
2199,Flawless,0.0,False
2199,Good,0.0,False
2199,Fair,0.0,False
2199,Minor Damage,0.0,False
2199,Broken,0.0,False
2200,Brand New,0.0,False
2200,Flawless,0.0,False
2200,Good,0.0,False
2200,Fair,0.0,False
2200,Minor Damage,0.0,False
2200,Broken,0.0,False
2201,Brand New,0.0,False
2201,Flawless,0.0,False
2201,Good,0.0,False
2201,Fair,0.0,False
2201,Minor Damage,0.0,False
2201,Broken,0.0,False
2202,Brand New,0.0,False
2202,Flawless,0.0,False
2202,Good,0.0,False
2202,Fair,0.0,False
2202,Minor Damage,0.0,False
2202,Broken,0.0,False
2203,Brand New,0.0,False
2203,Flawless,0.0,False
2203,Good,0.0,False
2203,Fair,0.0,False
2203,Minor Damage,0.0,False
2203,Broken,0.0,False
2204,Brand New,0.0,False
2204,Flawless,0.0,False
2204,Good,0.0,False
2204,Fair,0.0,False
2204,Minor Damage,0.0,False
2204,Broken,0.0,False
2205,Brand New,0.0,False
2205,Flawless,0.0,False
2205,Good,0.0,False
2205,Fair,0.0,False
2205,Minor Damage,0.0,False
2205,Broken,0.0,False
2206,Brand New,0.0,False
2206,Flawless,0.0,False
2206,Good,0.0,False
2206,Fair,0.0,False
2206,Minor Damage,0.0,False
2206,Broken,0.0,False
2207,Brand New,0.0,False
2207,Flawless,0.0,False
2207,Good,0.0,False
2207,Fair,0.0,False
2207,Minor Damage,0.0,False
2207,Broken,0.0,False
2208,Brand New,0.0,False
2208,Flawless,0.0,False
2208,Good,0.0,False
2208,Fair,0.0,False
2208,Minor Damage,0.0,False
2208,Broken,0.0,False
2209,Brand New,0.0,False
2209,Flawless,0.0,False
2209,Good,0.0,False
2209,Fair,0.0,False
2209,Minor Damage,0.0,False
2209,Broken,0.0,False
2210,Brand New,0.0,False
2210,Flawless,0.0,False
2210,Good,0.0,False
2210,Fair,0.0,False
2210,Minor Damage,0.0,False
2210,Broken,0.0,False
2211,Brand New,0.0,False
2211,Flawless,0.0,False
2211,Good,0.0,False
2211,Fair,0.0,False
2211,Minor Damage,0.0,False
2211,Broken,0.0,False
2212,Brand New,0.0,False
2212,Flawless,0.0,False
2212,Good,0.0,False
2212,Fair,0.0,False
2212,Minor Damage,0.0,False
2212,Broken,0.0,False
2213,Brand New,0.0,False
2213,Flawless,0.0,False
2213,Good,0.0,False
2213,Fair,0.0,False
2213,Minor Damage,0.0,False
2213,Broken,0.0,False
2214,Brand New,0.0,False
2214,Flawless,0.0,False
2214,Good,0.0,False
2214,Fair,0.0,False
2214,Minor Damage,0.0,False
2214,Broken,0.0,False
2215,Brand New,0.0,False
2215,Flawless,0.0,False
2215,Good,0.0,False
2215,Fair,0.0,False
2215,Minor Damage,0.0,False
2215,Broken,0.0,False
2216,Brand New,0.0,False
2216,Flawless,0.0,False
2216,Good,0.0,False
2216,Fair,0.0,False
2216,Minor Damage,0.0,False
2216,Broken,0.0,False
2217,Brand New,0.0,False
2217,Flawless,0.0,False
2217,Good,0.0,False
2217,Fair,0.0,False
2217,Minor Damage,0.0,False
2217,Broken,0.0,False
2218,Brand New,0.0,False
2218,Flawless,0.0,False
2218,Good,0.0,False
2218,Fair,0.0,False
2218,Minor Damage,0.0,False
2218,Broken,0.0,False
2219,Brand New,0.0,False
2219,Flawless,0.0,False
2219,Good,0.0,False
2219,Fair,0.0,False
2219,Minor Damage,0.0,False
2219,Broken,0.0,False
2220,Brand New,0.0,False
2220,Flawless,0.0,False
2220,Good,0.0,False
2220,Fair,0.0,False
2220,Minor Damage,0.0,False
2220,Broken,0.0,False
2221,Brand New,0.0,False
2221,Flawless,0.0,False
2221,Good,0.0,False
2221,Fair,0.0,False
2221,Minor Damage,0.0,False
2221,Broken,0.0,False
2222,Brand New,0.0,False
2222,Flawless,0.0,False
2222,Good,0.0,False
2222,Fair,0.0,False
2222,Minor Damage,0.0,False
2222,Broken,0.0,False
2223,Brand New,0.0,False
2223,Flawless,0.0,False
2223,Good,0.0,False
2223,Fair,0.0,False
2223,Minor Damage,0.0,False
2223,Broken,0.0,False
2224,Brand New,0.0,False
2224,Flawless,0.0,False
2224,Good,0.0,False
2224,Fair,0.0,False
2224,Minor Damage,0.0,False
2224,Broken,0.0,False
2225,Brand New,0.0,False
2225,Flawless,0.0,False
2225,Good,0.0,False
2225,Fair,0.0,False
2225,Minor Damage,0.0,False
2225,Broken,0.0,False
2226,Brand New,0.0,False
2226,Flawless,0.0,False
2226,Good,0.0,False
2226,Fair,0.0,False
2226,Minor Damage,0.0,False
2226,Broken,0.0,False
2227,Brand New,0.0,False
2227,Flawless,0.0,True
2227,Good,0.0,True
2227,Fair,0.0,True
2227,Minor Damage,0.0,True
2227,Broken,0.0,True
2228,Brand New,0.0,False
2228,Flawless,0.0,True
2228,Good,0.0,True
2228,Fair,0.0,True
2228,Minor Damage,0.0,True
2228,Broken,0.0,True
2229,Brand New,0.0,False
2229,Flawless,0.0,True
2229,Good,0.0,True
2229,Fair,0.0,True
2229,Minor Damage,0.0,True
2229,Broken,0.0,True
2230,Brand New,0.0,False
2230,Flawless,0.0,True
2230,Good,0.0,True
2230,Fair,0.0,True
2230,Minor Damage,0.0,True
2230,Broken,0.0,True
2231,Brand New,0.0,False
2231,Flawless,180.0,True
2231,Good,150.0,True
2231,Fair,100.0,True
2231,Minor Damage,40.0,True
2231,Broken,0.0,True
2232,Brand New,0.0,False
2232,Flawless,190.0,True
2232,Good,160.0,True
2232,Fair,115.0,True
2232,Minor Damage,45.0,True
2232,Broken,0.0,True
2233,Brand New,0.0,False
2233,Flawless,210.0,True
2233,Good,180.0,True
2233,Fair,135.0,True
2233,Minor Damage,45.0,True
2233,Broken,0.0,True
2234,Brand New,0.0,False
2234,Flawless,220.0,True
2234,Good,190.0,True
2234,Fair,145.0,True
2234,Minor Damage,50.0,True
2234,Broken,0.0,True
2235,Brand New,235.0,True
2235,Flawless,205.0,True
2235,Good,170.0,True
2235,Fair,125.0,True
2235,Minor Damage,75.0,True
2235,Broken,10.0,True
2236,Brand New,250.0,True
2236,Flawless,220.0,True
2236,Good,185.0,True
2236,Fair,140.0,True
2236,Minor Damage,80.0,True
2236,Broken,10.0,True
2237,Brand New,275.0,True
2237,Flawless,245.0,True
2237,Good,210.0,True
2237,Fair,165.0,True
2237,Minor Damage,80.0,True
2237,Broken,10.0,True
2238,Brand New,290.0,True
2238,Flawless,260.0,True
2238,Good,225.0,True
2238,Fair,180.0,True
2238,Minor Damage,85.0,True
2238,Broken,10.0,True
2239,Brand New,0.0,False
2239,Flawless,0.0,False
2239,Good,0.0,False
2239,Fair,0.0,False
2239,Minor Damage,0.0,False
2239,Broken,0.0,False
2240,Brand New,0.0,False
2240,Flawless,0.0,False
2240,Good,0.0,False
2240,Fair,0.0,False
2240,Minor Damage,0.0,False
2240,Broken,0.0,False
2241,Brand New,0.0,False
2241,Flawless,0.0,False
2241,Good,0.0,False
2241,Fair,0.0,False
2241,Minor Damage,0.0,False
2241,Broken,0.0,False
2242,Brand New,0.0,False
2242,Flawless,0.0,False
2242,Good,0.0,False
2242,Fair,0.0,False
2242,Minor Damage,0.0,False
2242,Broken,0.0,False
2243,Brand New,0.0,False
2243,Flawless,0.0,False
2243,Good,0.0,False
2243,Fair,0.0,False
2243,Minor Damage,0.0,False
2243,Broken,0.0,False
2244,Brand New,0.0,False
2244,Flawless,0.0,False
2244,Good,0.0,False
2244,Fair,0.0,False
2244,Minor Damage,0.0,False
2244,Broken,0.0,False
2245,Brand New,0.0,False
2245,Flawless,0.0,False
2245,Good,0.0,False
2245,Fair,0.0,False
2245,Minor Damage,0.0,False
2245,Broken,0.0,False
2246,Brand New,0.0,False
2246,Flawless,0.0,False
2246,Good,0.0,False
2246,Fair,0.0,False
2246,Minor Damage,0.0,False
2246,Broken,0.0,False
2247,Brand New,0.0,False
2247,Flawless,0.0,False
2247,Good,0.0,False
2247,Fair,0.0,False
2247,Minor Damage,0.0,False
2247,Broken,0.0,False
2248,Brand New,0.0,False
2248,Flawless,0.0,False
2248,Good,0.0,False
2248,Fair,0.0,False
2248,Minor Damage,0.0,False
2248,Broken,0.0,False
2249,Brand New,0.0,False
2249,Flawless,0.0,False
2249,Good,0.0,False
2249,Fair,0.0,False
2249,Minor Damage,0.0,False
2249,Broken,0.0,False
2250,Brand New,0.0,False
2250,Flawless,0.0,False
2250,Good,0.0,False
2250,Fair,0.0,False
2250,Minor Damage,0.0,False
2250,Broken,0.0,False
2251,Brand New,0.0,False
2251,Flawless,0.0,False
2251,Good,0.0,False
2251,Fair,0.0,False
2251,Minor Damage,0.0,False
2251,Broken,0.0,False
2252,Brand New,0.0,False
2252,Flawless,0.0,False
2252,Good,0.0,False
2252,Fair,0.0,False
2252,Minor Damage,0.0,False
2252,Broken,0.0,False
2253,Brand New,0.0,False
2253,Flawless,0.0,True
2253,Good,0.0,True
2253,Fair,0.0,True
2253,Minor Damage,0.0,True
2253,Broken,0.0,True
2254,Brand New,0.0,False
2254,Flawless,0.0,True
2254,Good,0.0,True
2254,Fair,0.0,True
2254,Minor Damage,0.0,True
2254,Broken,0.0,True
2255,Brand New,0.0,False
2255,Flawless,0.0,True
2255,Good,0.0,True
2255,Fair,0.0,True
2255,Minor Damage,0.0,True
2255,Broken,0.0,True
2256,Brand New,0.0,False
2256,Flawless,0.0,True
2256,Good,0.0,True
2256,Fair,0.0,True
2256,Minor Damage,0.0,True
2256,Broken,0.0,True
2257,Brand New,0.0,False
2257,Flawless,0.0,True
2257,Good,0.0,True
2257,Fair,0.0,True
2257,Minor Damage,0.0,True
2257,Broken,0.0,True
2258,Brand New,0.0,False
2258,Flawless,0.0,True
2258,Good,0.0,True
2258,Fair,0.0,True
2258,Minor Damage,0.0,True
2258,Broken,0.0,True
2259,Brand New,0.0,False
2259,Flawless,0.0,True
2259,Good,0.0,True
2259,Fair,0.0,True
2259,Minor Damage,0.0,True
2259,Broken,0.0,True
2260,Brand New,0.0,False
2260,Flawless,0.0,True
2260,Good,0.0,True
2260,Fair,0.0,True
2260,Minor Damage,0.0,True
2260,Broken,0.0,True
2261,Brand New,0.0,False
2261,Flawless,0.0,False
2261,Good,0.0,False
2261,Fair,0.0,False
2261,Minor Damage,0.0,False
2261,Broken,0.0,False
2262,Brand New,0.0,False
2262,Flawless,0.0,False
2262,Good,0.0,False
2262,Fair,0.0,False
2262,Minor Damage,0.0,False
2262,Broken,0.0,False
2263,Brand New,0.0,False
2263,Flawless,0.0,True
2263,Good,0.0,True
2263,Fair,0.0,True
2263,Minor Damage,0.0,True
2263,Broken,0.0,True
2264,Brand New,0.0,False
2264,Flawless,0.0,True
2264,Good,0.0,True
2264,Fair,0.0,True
2264,Minor Damage,0.0,True
2264,Broken,0.0,True
2265,Brand New,0.0,False
2265,Flawless,0.0,True
2265,Good,0.0,True
2265,Fair,0.0,True
2265,Minor Damage,0.0,True
2265,Broken,0.0,True
2266,Brand New,0.0,False
2266,Flawless,0.0,True
2266,Good,0.0,True
2266,Fair,0.0,True
2266,Minor Damage,0.0,True
2266,Broken,0.0,True
2267,Brand New,0.0,False
2267,Flawless,0.0,False
2267,Good,0.0,False
2267,Fair,0.0,False
2267,Minor Damage,0.0,False
2267,Broken,0.0,False
2268,Brand New,0.0,False
2268,Flawless,0.0,False
2268,Good,0.0,False
2268,Fair,0.0,False
2268,Minor Damage,0.0,False
2268,Broken,0.0,False
2269,Brand New,0.0,False
2269,Flawless,85.0,True
2269,Good,75.0,True
2269,Fair,50.0,True
2269,Minor Damage,15.0,True
2269,Broken,0.0,True
2270,Brand New,0.0,False
2270,Flawless,95.0,True
2270,Good,85.0,True
2270,Fair,60.0,True
2270,Minor Damage,20.0,True
2270,Broken,0.0,True
2271,Brand New,0.0,False
2271,Flawless,125.0,True
2271,Good,105.0,True
2271,Fair,65.0,True
2271,Minor Damage,20.0,True
2271,Broken,0.0,True
2272,Brand New,0.0,False
2272,Flawless,135.0,True
2272,Good,115.0,True
2272,Fair,75.0,True
2272,Minor Damage,25.0,True
2272,Broken,0.0,True
2273,Brand New,195.0,True
2273,Flawless,175.0,True
2273,Good,160.0,True
2273,Fair,120.0,True
2273,Minor Damage,50.0,True
2273,Broken,10.0,True
2274,Brand New,220.0,True
2274,Flawless,200.0,True
2274,Good,185.0,True
2274,Fair,145.0,True
2274,Minor Damage,60.0,True
2274,Broken,10.0,True
2275,Brand New,245.0,True
2275,Flawless,225.0,True
2275,Good,210.0,True
2275,Fair,170.0,True
2275,Minor Damage,60.0,True
2275,Broken,10.0,True
2276,Brand New,270.0,True
2276,Flawless,250.0,True
2276,Good,235.0,True
2276,Fair,195.0,True
2276,Minor Damage,70.0,True
2276,Broken,10.0,True
2277,Brand New,290.0,True
2277,Flawless,260.0,True
2277,Good,240.0,True
2277,Fair,190.0,True
2277,Minor Damage,65.0,True
2277,Broken,10.0,True
2278,Brand New,315.0,True
2278,Flawless,285.0,True
2278,Good,265.0,True
2278,Fair,215.0,True
2278,Minor Damage,75.0,True
2278,Broken,10.0,True
2279,Brand New,330.0,True
2279,Flawless,300.0,True
2279,Good,280.0,True
2279,Fair,230.0,True
2279,Minor Damage,75.0,True
2279,Broken,10.0,True
2280,Brand New,355.0,True
2280,Flawless,325.0,True
2280,Good,305.0,True
2280,Fair,255.0,True
2280,Minor Damage,85.0,True
2280,Broken,10.0,True
2281,Brand New,390.0,True
2281,Flawless,360.0,True
2281,Good,340.0,True
2281,Fair,290.0,True
2281,Minor Damage,85.0,True
2281,Broken,10.0,True
2282,Brand New,415.0,True
2282,Flawless,385.0,True
2282,Good,365.0,True
2282,Fair,315.0,True
2282,Minor Damage,95.0,True
2282,Broken,10.0,True
2283,Brand New,0.0,False
2283,Flawless,0.0,True
2283,Good,0.0,True
2283,Fair,0.0,True
2283,Minor Damage,0.0,True
2283,Broken,0.0,True
2284,Brand New,0.0,False
2284,Flawless,0.0,True
2284,Good,0.0,True
2284,Fair,0.0,True
2284,Minor Damage,0.0,True
2284,Broken,0.0,True
2285,Brand New,0.0,False
2285,Flawless,0.0,False
2285,Good,0.0,False
2285,Fair,0.0,False
2285,Minor Damage,0.0,False
2285,Broken,0.0,False
2286,Brand New,0.0,False
2286,Flawless,0.0,False
2286,Good,0.0,False
2286,Fair,0.0,False
2286,Minor Damage,0.0,False
2286,Broken,0.0,False
2287,Brand New,0.0,False
2287,Flawless,0.0,True
2287,Good,0.0,True
2287,Fair,0.0,True
2287,Minor Damage,0.0,True
2287,Broken,0.0,True
2288,Brand New,0.0,False
2288,Flawless,0.0,True
2288,Good,0.0,True
2288,Fair,0.0,True
2288,Minor Damage,0.0,True
2288,Broken,0.0,True
2289,Brand New,0.0,False
2289,Flawless,0.0,True
2289,Good,0.0,True
2289,Fair,0.0,True
2289,Minor Damage,0.0,True
2289,Broken,0.0,True
2290,Brand New,0.0,False
2290,Flawless,0.0,True
2290,Good,0.0,True
2290,Fair,0.0,True
2290,Minor Damage,0.0,True
2290,Broken,0.0,True
2291,Brand New,0.0,True
2291,Flawless,0.0,True
2291,Good,0.0,True
2291,Fair,0.0,True
2291,Minor Damage,0.0,True
2291,Broken,0.0,True
2292,Brand New,0.0,True
2292,Flawless,0.0,True
2292,Good,0.0,True
2292,Fair,0.0,True
2292,Minor Damage,0.0,True
2292,Broken,0.0,True
2293,Brand New,0.0,False
2293,Flawless,0.0,False
2293,Good,0.0,False
2293,Fair,0.0,False
2293,Minor Damage,0.0,False
2293,Broken,0.0,False
2294,Brand New,0.0,True
2294,Flawless,0.0,True
2294,Good,0.0,True
2294,Fair,0.0,True
2294,Minor Damage,0.0,True
2294,Broken,0.0,True
2295,Brand New,0.0,True
2295,Flawless,0.0,True
2295,Good,0.0,True
2295,Fair,0.0,True
2295,Minor Damage,0.0,True
2295,Broken,0.0,True
2296,Brand New,0.0,True
2296,Flawless,0.0,True
2296,Good,0.0,True
2296,Fair,0.0,True
2296,Minor Damage,0.0,True
2296,Broken,0.0,True
2297,Brand New,0.0,True
2297,Flawless,0.0,True
2297,Good,0.0,True
2297,Fair,0.0,True
2297,Minor Damage,0.0,True
2297,Broken,0.0,True
2298,Brand New,0.0,True
2298,Flawless,0.0,True
2298,Good,0.0,True
2298,Fair,0.0,True
2298,Minor Damage,0.0,True
2298,Broken,0.0,True
2299,Brand New,0.0,False
2299,Flawless,245.0,True
2299,Good,200.0,True
2299,Fair,145.0,True
2299,Minor Damage,60.0,True
2299,Broken,10.0,True
2300,Brand New,0.0,False
2300,Flawless,265.0,True
2300,Good,220.0,True
2300,Fair,165.0,True
2300,Minor Damage,70.0,True
2300,Broken,10.0,True
2301,Brand New,0.0,False
2301,Flawless,0.0,False
2301,Good,0.0,False
2301,Fair,0.0,False
2301,Minor Damage,0.0,False
2301,Broken,0.0,False
2302,Brand New,0.0,False
2302,Flawless,0.0,False
2302,Good,0.0,False
2302,Fair,0.0,False
2302,Minor Damage,0.0,False
2302,Broken,0.0,False
2303,Brand New,0.0,False
2303,Flawless,270.0,True
2303,Good,225.0,True
2303,Fair,170.0,True
2303,Minor Damage,70.0,True
2303,Broken,10.0,True
2304,Brand New,0.0,False
2304,Flawless,290.0,True
2304,Good,245.0,True
2304,Fair,190.0,True
2304,Minor Damage,80.0,True
2304,Broken,10.0,True
2305,Brand New,0.0,False
2305,Flawless,285.0,True
2305,Good,240.0,True
2305,Fair,185.0,True
2305,Minor Damage,75.0,True
2305,Broken,10.0,True
2306,Brand New,0.0,False
2306,Flawless,305.0,True
2306,Good,260.0,True
2306,Fair,205.0,True
2306,Minor Damage,85.0,True
2306,Broken,10.0,True
2307,Brand New,0.0,False
2307,Flawless,305.0,True
2307,Good,260.0,True
2307,Fair,205.0,True
2307,Minor Damage,80.0,True
2307,Broken,10.0,True
2308,Brand New,0.0,False
2308,Flawless,325.0,True
2308,Good,280.0,True
2308,Fair,225.0,True
2308,Minor Damage,90.0,True
2308,Broken,10.0,True
2309,Brand New,0.0,False
2309,Flawless,280.0,True
2309,Good,230.0,True
2309,Fair,180.0,True
2309,Minor Damage,60.0,True
2309,Broken,10.0,True
2310,Brand New,0.0,False
2310,Flawless,320.0,True
2310,Good,270.0,True
2310,Fair,220.0,True
2310,Minor Damage,63.0,True
2310,Broken,10.0,True
2311,Brand New,0.0,False
2311,Flawless,290.0,True
2311,Good,240.0,True
2311,Fair,190.0,True
2311,Minor Damage,63.0,True
2311,Broken,10.0,True
2312,Brand New,0.0,False
2312,Flawless,330.0,True
2312,Good,280.0,True
2312,Fair,230.0,True
2312,Minor Damage,66.0,True
2312,Broken,10.0,True
2313,Brand New,0.0,False
2313,Flawless,295.0,True
2313,Good,245.0,True
2313,Fair,195.0,True
2313,Minor Damage,65.0,True
2313,Broken,10.0,True
2314,Brand New,0.0,False
2314,Flawless,335.0,True
2314,Good,285.0,True
2314,Fair,235.0,True
2314,Minor Damage,68.0,True
2314,Broken,10.0,True
2315,Brand New,0.0,False
2315,Flawless,310.0,True
2315,Good,260.0,True
2315,Fair,210.0,True
2315,Minor Damage,67.0,True
2315,Broken,10.0,True
2316,Brand New,0.0,False
2316,Flawless,350.0,True
2316,Good,300.0,True
2316,Fair,250.0,True
2316,Minor Damage,70.0,True
2316,Broken,10.0,True
2317,Brand New,380.0,True
2317,Flawless,330.0,True
2317,Good,295.0,True
2317,Fair,215.0,True
2317,Minor Damage,75.0,True
2317,Broken,30.0,True
2318,Brand New,395.0,True
2318,Flawless,345.0,True
2318,Good,310.0,True
2318,Fair,230.0,True
2318,Minor Damage,100.0,True
2318,Broken,30.0,True
2319,Brand New,400.0,True
2319,Flawless,350.0,True
2319,Good,315.0,True
2319,Fair,235.0,True
2319,Minor Damage,100.0,True
2319,Broken,30.0,True
2320,Brand New,415.0,True
2320,Flawless,365.0,True
2320,Good,330.0,True
2320,Fair,250.0,True
2320,Minor Damage,125.0,True
2320,Broken,30.0,True
2321,Brand New,430.0,True
2321,Flawless,380.0,True
2321,Good,345.0,True
2321,Fair,265.0,True
2321,Minor Damage,110.0,True
2321,Broken,30.0,True
2322,Brand New,445.0,True
2322,Flawless,395.0,True
2322,Good,360.0,True
2322,Fair,280.0,True
2322,Minor Damage,135.0,True
2322,Broken,30.0,True
2323,Brand New,480.0,True
2323,Flawless,430.0,True
2323,Good,395.0,True
2323,Fair,315.0,True
2323,Minor Damage,125.0,True
2323,Broken,30.0,True
2324,Brand New,495.0,True
2324,Flawless,445.0,True
2324,Good,410.0,True
2324,Fair,330.0,True
2324,Minor Damage,150.0,True
2324,Broken,30.0,True
2325,Brand New,530.0,True
2325,Flawless,480.0,True
2325,Good,445.0,True
2325,Fair,365.0,True
2325,Minor Damage,150.0,True
2325,Broken,30.0,True
2326,Brand New,545.0,True
2326,Flawless,495.0,True
2326,Good,460.0,True
2326,Fair,380.0,True
2326,Minor Damage,175.0,True
2326,Broken,30.0,True
2327,Brand New,440.0,True
2327,Flawless,390.0,True
2327,Good,300.0,True
2327,Fair,245.0,True
2327,Minor Damage,125.0,True
2327,Broken,30.0,True
2328,Brand New,455.0,True
2328,Flawless,405.0,True
2328,Good,315.0,True
2328,Fair,260.0,True
2328,Minor Damage,150.0,True
2328,Broken,30.0,True
2329,Brand New,480.0,True
2329,Flawless,430.0,True
2329,Good,340.0,True
2329,Fair,285.0,True
2329,Minor Damage,135.0,True
2329,Broken,30.0,True
2330,Brand New,495.0,True
2330,Flawless,445.0,True
2330,Good,355.0,True
2330,Fair,300.0,True
2330,Minor Damage,160.0,True
2330,Broken,30.0,True
2331,Brand New,500.0,True
2331,Flawless,450.0,True
2331,Good,360.0,True
2331,Fair,305.0,True
2331,Minor Damage,140.0,True
2331,Broken,30.0,True
2332,Brand New,515.0,True
2332,Flawless,465.0,True
2332,Good,375.0,True
2332,Fair,320.0,True
2332,Minor Damage,165.0,True
2332,Broken,30.0,True
2333,Brand New,555.0,True
2333,Flawless,505.0,True
2333,Good,415.0,True
2333,Fair,360.0,True
2333,Minor Damage,160.0,True
2333,Broken,30.0,True
2334,Brand New,570.0,True
2334,Flawless,520.0,True
2334,Good,430.0,True
2334,Fair,375.0,True
2334,Minor Damage,185.0,True
2334,Broken,30.0,True
2335,Brand New,600.0,True
2335,Flawless,550.0,True
2335,Good,460.0,True
2335,Fair,405.0,True
2335,Minor Damage,175.0,True
2335,Broken,30.0,True
2336,Brand New,615.0,True
2336,Flawless,565.0,True
2336,Good,475.0,True
2336,Fair,420.0,True
2336,Minor Damage,200.0,True
2336,Broken,30.0,True
2337,Brand New,0.0,False
2337,Flawless,0.0,True
2337,Good,0.0,True
2337,Fair,0.0,True
2337,Minor Damage,0.0,True
2337,Broken,0.0,True
2338,Brand New,0.0,False
2338,Flawless,0.0,True
2338,Good,0.0,True
2338,Fair,0.0,True
2338,Minor Damage,0.0,True
2338,Broken,0.0,True
2339,Brand New,0.0,False
2339,Flawless,0.0,True
2339,Good,0.0,True
2339,Fair,0.0,True
2339,Minor Damage,0.0,True
2339,Broken,0.0,True
2340,Brand New,0.0,False
2340,Flawless,0.0,True
2340,Good,0.0,True
2340,Fair,0.0,True
2340,Minor Damage,0.0,True
2340,Broken,0.0,True
2341,Brand New,0.0,False
2341,Flawless,0.0,True
2341,Good,0.0,True
2341,Fair,0.0,True
2341,Minor Damage,0.0,True
2341,Broken,0.0,True
2342,Brand New,0.0,False
2342,Flawless,0.0,True
2342,Good,0.0,True
2342,Fair,0.0,True
2342,Minor Damage,0.0,True
2342,Broken,0.0,True
2343,Brand New,0.0,False
2343,Flawless,0.0,True
2343,Good,0.0,True
2343,Fair,0.0,True
2343,Minor Damage,0.0,True
2343,Broken,0.0,True
2344,Brand New,0.0,False
2344,Flawless,0.0,True
2344,Good,0.0,True
2344,Fair,0.0,True
2344,Minor Damage,0.0,True
2344,Broken,0.0,True
2345,Brand New,0.0,False
2345,Flawless,0.0,True
2345,Good,0.0,True
2345,Fair,0.0,True
2345,Minor Damage,0.0,True
2345,Broken,0.0,True
2346,Brand New,0.0,False
2346,Flawless,0.0,True
2346,Good,0.0,True
2346,Fair,0.0,True
2346,Minor Damage,0.0,True
2346,Broken,0.0,True
2347,Brand New,0.0,False
2347,Flawless,0.0,True
2347,Good,0.0,True
2347,Fair,0.0,True
2347,Minor Damage,0.0,True
2347,Broken,0.0,True
2348,Brand New,0.0,False
2348,Flawless,0.0,True
2348,Good,0.0,True
2348,Fair,0.0,True
2348,Minor Damage,0.0,True
2348,Broken,0.0,True
2349,Brand New,0.0,False
2349,Flawless,0.0,True
2349,Good,0.0,True
2349,Fair,0.0,True
2349,Minor Damage,0.0,True
2349,Broken,0.0,True
2350,Brand New,0.0,False
2350,Flawless,0.0,True
2350,Good,0.0,True
2350,Fair,0.0,True
2350,Minor Damage,0.0,True
2350,Broken,0.0,True
2351,Brand New,0.0,False
2351,Flawless,0.0,True
2351,Good,0.0,True
2351,Fair,0.0,True
2351,Minor Damage,0.0,True
2351,Broken,0.0,True
2352,Brand New,0.0,False
2352,Flawless,0.0,True
2352,Good,0.0,True
2352,Fair,0.0,True
2352,Minor Damage,0.0,True
2352,Broken,0.0,True
2353,Brand New,0.0,False
2353,Flawless,0.0,True
2353,Good,0.0,True
2353,Fair,0.0,True
2353,Minor Damage,0.0,True
2353,Broken,0.0,True
2354,Brand New,0.0,False
2354,Flawless,0.0,True
2354,Good,0.0,True
2354,Fair,0.0,True
2354,Minor Damage,0.0,True
2354,Broken,0.0,True
2355,Brand New,0.0,False
2355,Flawless,0.0,True
2355,Good,0.0,True
2355,Fair,0.0,True
2355,Minor Damage,0.0,True
2355,Broken,0.0,True
2356,Brand New,0.0,False
2356,Flawless,0.0,False
2356,Good,0.0,False
2356,Fair,0.0,False
2356,Minor Damage,0.0,False
2356,Broken,0.0,False
2357,Brand New,0.0,False
2357,Flawless,0.0,True
2357,Good,0.0,True
2357,Fair,0.0,True
2357,Minor Damage,0.0,True
2357,Broken,0.0,True
2358,Brand New,0.0,False
2358,Flawless,0.0,True
2358,Good,0.0,True
2358,Fair,0.0,True
2358,Minor Damage,0.0,True
2358,Broken,0.0,True
2359,Brand New,0.0,False
2359,Flawless,0.0,True
2359,Good,0.0,True
2359,Fair,0.0,True
2359,Minor Damage,0.0,True
2359,Broken,0.0,True
2360,Brand New,0.0,False
2360,Flawless,0.0,True
2360,Good,0.0,True
2360,Fair,0.0,True
2360,Minor Damage,0.0,True
2360,Broken,0.0,True
2361,Brand New,0.0,False
2361,Flawless,50.0,True
2361,Good,40.0,True
2361,Fair,25.0,True
2361,Minor Damage,10.0,True
2361,Broken,0.0,True
2362,Brand New,0.0,False
2362,Flawless,60.0,True
2362,Good,50.0,True
2362,Fair,35.0,True
2362,Minor Damage,10.0,True
2362,Broken,0.0,True
2363,Brand New,0.0,False
2363,Flawless,0.0,False
2363,Good,0.0,False
2363,Fair,0.0,False
2363,Minor Damage,0.0,False
2363,Broken,0.0,False
2364,Brand New,0.0,False
2364,Flawless,0.0,False
2364,Good,0.0,False
2364,Fair,0.0,False
2364,Minor Damage,0.0,False
2364,Broken,0.0,False
2365,Brand New,0.0,False
2365,Flawless,60.0,True
2365,Good,50.0,True
2365,Fair,45.0,True
2365,Minor Damage,10.0,True
2365,Broken,0.0,True
2366,Brand New,0.0,False
2366,Flawless,75.0,True
2366,Good,60.0,True
2366,Fair,45.0,True
2366,Minor Damage,10.0,True
2366,Broken,0.0,True
2367,Brand New,0.0,False
2367,Flawless,0.0,False
2367,Good,0.0,False
2367,Fair,0.0,False
2367,Minor Damage,0.0,False
2367,Broken,0.0,False
2368,Brand New,0.0,False
2368,Flawless,0.0,False
2368,Good,0.0,False
2368,Fair,0.0,False
2368,Minor Damage,0.0,False
2368,Broken,0.0,False
2369,Brand New,105.0,True
2369,Flawless,75.0,True
2369,Good,65.0,True
2369,Fair,30.0,True
2369,Minor Damage,10.0,True
2369,Broken,0.0,True
2370,Brand New,110.0,True
2370,Flawless,80.0,True
2370,Good,70.0,True
2370,Fair,35.0,True
2370,Minor Damage,14.0,True
2370,Broken,0.0,True
2371,Brand New,120.0,True
2371,Flawless,90.0,True
2371,Good,80.0,True
2371,Fair,45.0,True
2371,Minor Damage,14.0,True
2371,Broken,0.0,True
2372,Brand New,125.0,True
2372,Flawless,95.0,True
2372,Good,85.0,True
2372,Fair,50.0,True
2372,Minor Damage,18.0,True
2372,Broken,0.0,True
2373,Brand New,0.0,False
2373,Flawless,170.0,True
2373,Good,140.0,True
2373,Fair,80.0,True
2373,Minor Damage,30.0,True
2373,Broken,0.0,True
2374,Brand New,0.0,False
2374,Flawless,185.0,True
2374,Good,155.0,True
2374,Fair,95.0,True
2374,Minor Damage,35.0,True
2374,Broken,0.0,True
2375,Brand New,0.0,False
2375,Flawless,205.0,True
2375,Good,175.0,True
2375,Fair,115.0,True
2375,Minor Damage,35.0,True
2375,Broken,0.0,True
2376,Brand New,0.0,False
2376,Flawless,220.0,True
2376,Good,190.0,True
2376,Fair,130.0,True
2376,Minor Damage,40.0,True
2376,Broken,0.0,True
2377,Brand New,0.0,False
2377,Flawless,230.0,True
2377,Good,205.0,True
2377,Fair,145.0,True
2377,Minor Damage,37.0,True
2377,Broken,0.0,True
2378,Brand New,0.0,False
2378,Flawless,245.0,True
2378,Good,220.0,True
2378,Fair,160.0,True
2378,Minor Damage,42.0,True
2378,Broken,0.0,True
2379,Brand New,0.0,False
2379,Flawless,250.0,True
2379,Good,225.0,True
2379,Fair,170.0,True
2379,Minor Damage,40.0,True
2379,Broken,0.0,True
2380,Brand New,0.0,False
2380,Flawless,265.0,True
2380,Good,240.0,True
2380,Fair,180.0,True
2380,Minor Damage,45.0,True
2380,Broken,0.0,True
2381,Brand New,0.0,False
2381,Flawless,265.0,True
2381,Good,245.0,True
2381,Fair,200.0,True
2381,Minor Damage,75.0,True
2381,Broken,20.0,True
2382,Brand New,0.0,False
2382,Flawless,275.0,True
2382,Good,255.0,True
2382,Fair,210.0,True
2382,Minor Damage,80.0,True
2382,Broken,20.0,True
2383,Brand New,0.0,False
2383,Flawless,275.0,True
2383,Good,255.0,True
2383,Fair,210.0,True
2383,Minor Damage,80.0,True
2383,Broken,20.0,True
2384,Brand New,0.0,False
2384,Flawless,285.0,True
2384,Good,265.0,True
2384,Fair,220.0,True
2384,Minor Damage,85.0,True
2384,Broken,20.0,True
2385,Brand New,0.0,False
2385,Flawless,290.0,True
2385,Good,270.0,True
2385,Fair,225.0,True
2385,Minor Damage,82.0,True
2385,Broken,20.0,True
2386,Brand New,0.0,False
2386,Flawless,300.0,True
2386,Good,280.0,True
2386,Fair,235.0,True
2386,Minor Damage,87.0,True
2386,Broken,20.0,True
2387,Brand New,0.0,False
2387,Flawless,310.0,True
2387,Good,290.0,True
2387,Fair,245.0,True
2387,Minor Damage,87.0,True
2387,Broken,20.0,True
2388,Brand New,0.0,False
2388,Flawless,320.0,True
2388,Good,300.0,True
2388,Fair,255.0,True
2388,Minor Damage,92.0,True
2388,Broken,20.0,True
2389,Brand New,0.0,False
2389,Flawless,290.0,True
2389,Good,260.0,True
2389,Fair,205.0,True
2389,Minor Damage,65.0,True
2389,Broken,10.0,True
2390,Brand New,0.0,False
2390,Flawless,320.0,True
2390,Good,290.0,True
2390,Fair,235.0,True
2390,Minor Damage,75.0,True
2390,Broken,10.0,True
2391,Brand New,0.0,False
2391,Flawless,310.0,True
2391,Good,280.0,True
2391,Fair,240.0,True
2391,Minor Damage,65.0,True
2391,Broken,10.0,True
2392,Brand New,0.0,False
2392,Flawless,340.0,True
2392,Good,310.0,True
2392,Fair,270.0,True
2392,Minor Damage,85.0,True
2392,Broken,10.0,True
2393,Brand New,0.0,False
2393,Flawless,350.0,True
2393,Good,320.0,True
2393,Fair,265.0,True
2393,Minor Damage,60.0,True
2393,Broken,10.0,True
2394,Brand New,0.0,False
2394,Flawless,380.0,True
2394,Good,350.0,True
2394,Fair,295.0,True
2394,Minor Damage,100.0,True
2394,Broken,10.0,True
2395,Brand New,0.0,False
2395,Flawless,390.0,True
2395,Good,360.0,True
2395,Fair,305.0,True
2395,Minor Damage,65.0,True
2395,Broken,10.0,True
2396,Brand New,0.0,False
2396,Flawless,420.0,True
2396,Good,390.0,True
2396,Fair,335.0,True
2396,Minor Damage,105.0,True
2396,Broken,10.0,True
2397,Brand New,0.0,False
2397,Flawless,440.0,True
2397,Good,410.0,True
2397,Fair,355.0,True
2397,Minor Damage,85.0,True
2397,Broken,10.0,True
2398,Brand New,0.0,False
2398,Flawless,470.0,True
2398,Good,440.0,True
2398,Fair,385.0,True
2398,Minor Damage,125.0,True
2398,Broken,10.0,True
2399,Brand New,160.0,True
2399,Flawless,140.0,True
2399,Good,110.0,True
2399,Fair,70.0,True
2399,Minor Damage,25.0,True
2399,Broken,10.0,True
2400,Brand New,190.0,True
2400,Flawless,170.0,True
2400,Good,140.0,True
2400,Fair,100.0,True
2400,Minor Damage,35.0,True
2400,Broken,10.0,True
2401,Brand New,190.0,True
2401,Flawless,170.0,True
2401,Good,140.0,True
2401,Fair,100.0,True
2401,Minor Damage,35.0,True
2401,Broken,10.0,True
2402,Brand New,220.0,True
2402,Flawless,200.0,True
2402,Good,170.0,True
2402,Fair,130.0,True
2402,Minor Damage,45.0,True
2402,Broken,10.0,True
2403,Brand New,420.0,True
2403,Flawless,370.0,True
2403,Good,330.0,True
2403,Fair,285.0,True
2403,Minor Damage,155.0,True
2403,Broken,30.0,True
2404,Brand New,450.0,True
2404,Flawless,400.0,True
2404,Good,360.0,True
2404,Fair,315.0,True
2404,Minor Damage,175.0,True
2404,Broken,30.0,True
2405,Brand New,470.0,True
2405,Flawless,420.0,True
2405,Good,380.0,True
2405,Fair,335.0,True
2405,Minor Damage,170.0,True
2405,Broken,30.0,True
2406,Brand New,500.0,True
2406,Flawless,450.0,True
2406,Good,410.0,True
2406,Fair,365.0,True
2406,Minor Damage,190.0,True
2406,Broken,30.0,True
2407,Brand New,495.0,True
2407,Flawless,445.0,True
2407,Good,405.0,True
2407,Fair,360.0,True
2407,Minor Damage,180.0,True
2407,Broken,30.0,True
2408,Brand New,525.0,True
2408,Flawless,475.0,True
2408,Good,435.0,True
2408,Fair,390.0,True
2408,Minor Damage,200.0,True
2408,Broken,30.0,True
2409,Brand New,570.0,True
2409,Flawless,520.0,True
2409,Good,480.0,True
2409,Fair,435.0,True
2409,Minor Damage,195.0,True
2409,Broken,30.0,True
2410,Brand New,600.0,True
2410,Flawless,550.0,True
2410,Good,510.0,True
2410,Fair,465.0,True
2410,Minor Damage,215.0,True
2410,Broken,30.0,True
2411,Brand New,620.0,True
2411,Flawless,570.0,True
2411,Good,530.0,True
2411,Fair,485.0,True
2411,Minor Damage,215.0,True
2411,Broken,30.0,True
2412,Brand New,650.0,True
2412,Flawless,600.0,True
2412,Good,560.0,True
2412,Fair,515.0,True
2412,Minor Damage,235.0,True
2412,Broken,30.0,True
2413,Brand New,580.0,True
2413,Flawless,530.0,True
2413,Good,480.0,True
2413,Fair,425.0,True
2413,Minor Damage,200.0,True
2413,Broken,50.0,True
2414,Brand New,610.0,True
2414,Flawless,560.0,True
2414,Good,510.0,True
2414,Fair,455.0,True
2414,Minor Damage,225.0,True
2414,Broken,50.0,True
2415,Brand New,640.0,True
2415,Flawless,590.0,True
2415,Good,540.0,True
2415,Fair,485.0,True
2415,Minor Damage,225.0,True
2415,Broken,50.0,True
2416,Brand New,670.0,True
2416,Flawless,620.0,True
2416,Good,570.0,True
2416,Fair,515.0,True
2416,Minor Damage,250.0,True
2416,Broken,50.0,True
2417,Brand New,700.0,True
2417,Flawless,650.0,True
2417,Good,600.0,True
2417,Fair,545.0,True
2417,Minor Damage,250.0,True
2417,Broken,50.0,True
2418,Brand New,730.0,True
2418,Flawless,680.0,True
2418,Good,630.0,True
2418,Fair,575.0,True
2418,Minor Damage,275.0,True
2418,Broken,50.0,True
2419,Brand New,810.0,True
2419,Flawless,760.0,True
2419,Good,710.0,True
2419,Fair,655.0,True
2419,Minor Damage,275.0,True
2419,Broken,50.0,True
2420,Brand New,840.0,True
2420,Flawless,790.0,True
2420,Good,740.0,True
2420,Fair,685.0,True
2420,Minor Damage,300.0,True
2420,Broken,50.0,True
2421,Brand New,735.0,True
2421,Flawless,685.0,True
2421,Good,635.0,True
2421,Fair,580.0,True
2421,Minor Damage,265.0,True
2421,Broken,50.0,True
2422,Brand New,765.0,True
2422,Flawless,715.0,True
2422,Good,665.0,True
2422,Fair,610.0,True
2422,Minor Damage,290.0,True
2422,Broken,50.0,True
2423,Brand New,845.0,True
2423,Flawless,795.0,True
2423,Good,745.0,True
2423,Fair,690.0,True
2423,Minor Damage,290.0,True
2423,Broken,50.0,True
2424,Brand New,875.0,True
2424,Flawless,825.0,True
2424,Good,775.0,True
2424,Fair,720.0,True
2424,Minor Damage,315.0,True
2424,Broken,50.0,True
2425,Brand New,550.0,True
2425,Flawless,500.0,True
2425,Good,460.0,True
2425,Fair,400.0,True
2425,Minor Damage,200.0,True
2425,Broken,50.0,True
2426,Brand New,570.0,True
2426,Flawless,520.0,True
2426,Good,480.0,True
2426,Fair,420.0,True
2426,Minor Damage,200.0,True
2426,Broken,50.0,True
2427,Brand New,625.0,True
2427,Flawless,575.0,True
2427,Good,535.0,True
2427,Fair,475.0,True
2427,Minor Damage,250.0,True
2427,Broken,50.0,True
2428,Brand New,645.0,True
2428,Flawless,595.0,True
2428,Good,555.0,True
2428,Fair,495.0,True
2428,Minor Damage,250.0,True
2428,Broken,50.0,True
2429,Brand New,700.0,True
2429,Flawless,650.0,True
2429,Good,610.0,True
2429,Fair,550.0,True
2429,Minor Damage,300.0,True
2429,Broken,50.0,True
2430,Brand New,720.0,True
2430,Flawless,670.0,True
2430,Good,630.0,True
2430,Fair,570.0,True
2430,Minor Damage,300.0,True
2430,Broken,50.0,True
2431,Brand New,775.0,True
2431,Flawless,725.0,True
2431,Good,685.0,True
2431,Fair,625.0,True
2431,Minor Damage,350.0,True
2431,Broken,50.0,True
2432,Brand New,795.0,True
2432,Flawless,745.0,True
2432,Good,705.0,True
2432,Fair,645.0,True
2432,Minor Damage,350.0,True
2432,Broken,50.0,True
2433,Brand New,735.0,True
2433,Flawless,685.0,True
2433,Good,645.0,True
2433,Fair,585.0,True
2433,Minor Damage,315.0,True
2433,Broken,50.0,True
2434,Brand New,755.0,True
2434,Flawless,705.0,True
2434,Good,665.0,True
2434,Fair,605.0,True
2434,Minor Damage,315.0,True
2434,Broken,50.0,True
2435,Brand New,810.0,True
2435,Flawless,760.0,True
2435,Good,720.0,True
2435,Fair,660.0,True
2435,Minor Damage,365.0,True
2435,Broken,50.0,True
2436,Brand New,830.0,True
2436,Flawless,780.0,True
2436,Good,740.0,True
2436,Fair,680.0,True
2436,Minor Damage,365.0,True
2436,Broken,50.0,True
2437,Brand New,340.0,True
2437,Flawless,290.0,True
2437,Good,255.0,True
2437,Fair,185.0,True
2437,Minor Damage,80.0,True
2437,Broken,20.0,True
2438,Brand New,360.0,True
2438,Flawless,310.0,True
2438,Good,275.0,True
2438,Fair,205.0,True
2438,Minor Damage,90.0,True
2438,Broken,20.0,True
2439,Brand New,370.0,True
2439,Flawless,320.0,True
2439,Good,285.0,True
2439,Fair,215.0,True
2439,Minor Damage,90.0,True
2439,Broken,20.0,True
2440,Brand New,390.0,True
2440,Flawless,340.0,True
2440,Good,305.0,True
2440,Fair,235.0,True
2440,Minor Damage,100.0,True
2440,Broken,20.0,True
2441,Brand New,430.0,True
2441,Flawless,380.0,True
2441,Good,345.0,True
2441,Fair,275.0,True
2441,Minor Damage,105.0,True
2441,Broken,20.0,True
2442,Brand New,450.0,True
2442,Flawless,400.0,True
2442,Good,365.0,True
2442,Fair,295.0,True
2442,Minor Damage,115.0,True
2442,Broken,20.0,True
2443,Brand New,490.0,True
2443,Flawless,440.0,True
2443,Good,405.0,True
2443,Fair,335.0,True
2443,Minor Damage,120.0,True
2443,Broken,20.0,True
2444,Brand New,510.0,True
2444,Flawless,460.0,True
2444,Good,425.0,True
2444,Fair,355.0,True
2444,Minor Damage,130.0,True
2444,Broken,20.0,True
2445,Brand New,405.0,True
2445,Flawless,355.0,True
2445,Good,305.0,True
2445,Fair,255.0,True
2445,Minor Damage,105.0,True
2445,Broken,20.0,True
2446,Brand New,430.0,True
2446,Flawless,380.0,True
2446,Good,330.0,True
2446,Fair,280.0,True
2446,Minor Damage,130.0,True
2446,Broken,20.0,True
2447,Brand New,455.0,True
2447,Flawless,405.0,True
2447,Good,355.0,True
2447,Fair,305.0,True
2447,Minor Damage,130.0,True
2447,Broken,20.0,True
2448,Brand New,480.0,True
2448,Flawless,430.0,True
2448,Good,380.0,True
2448,Fair,330.0,True
2448,Minor Damage,155.0,True
2448,Broken,20.0,True
2449,Brand New,505.0,True
2449,Flawless,455.0,True
2449,Good,405.0,True
2449,Fair,350.0,True
2449,Minor Damage,140.0,True
2449,Broken,20.0,True
2450,Brand New,530.0,True
2450,Flawless,480.0,True
2450,Good,430.0,True
2450,Fair,380.0,True
2450,Minor Damage,165.0,True
2450,Broken,20.0,True
2451,Brand New,555.0,True
2451,Flawless,505.0,True
2451,Good,455.0,True
2451,Fair,405.0,True
2451,Minor Damage,150.0,True
2451,Broken,20.0,True
2452,Brand New,580.0,True
2452,Flawless,530.0,True
2452,Good,480.0,True
2452,Fair,430.0,True
2452,Minor Damage,175.0,True
2452,Broken,20.0,True
2453,Brand New,350.0,True
2453,Flawless,300.0,True
2453,Good,250.0,True
2453,Fair,185.0,True
2453,Minor Damage,125.0,True
2453,Broken,10.0,True
2454,Brand New,360.0,True
2454,Flawless,310.0,True
2454,Good,260.0,True
2454,Fair,195.0,True
2454,Minor Damage,150.0,True
2454,Broken,10.0,True
2455,Brand New,360.0,True
2455,Flawless,310.0,True
2455,Good,260.0,True
2455,Fair,195.0,True
2455,Minor Damage,150.0,True
2455,Broken,10.0,True
2456,Brand New,370.0,True
2456,Flawless,320.0,True
2456,Good,270.0,True
2456,Fair,205.0,True
2456,Minor Damage,175.0,True
2456,Broken,10.0,True
2457,Brand New,410.0,True
2457,Flawless,360.0,True
2457,Good,310.0,True
2457,Fair,245.0,True
2457,Minor Damage,175.0,True
2457,Broken,10.0,True
2458,Brand New,420.0,True
2458,Flawless,370.0,True
2458,Good,320.0,True
2458,Fair,255.0,True
2458,Minor Damage,200.0,True
2458,Broken,10.0,True
2459,Brand New,480.0,True
2459,Flawless,430.0,True
2459,Good,380.0,True
2459,Fair,315.0,True
2459,Minor Damage,200.0,True
2459,Broken,10.0,True
2460,Brand New,490.0,True
2460,Flawless,440.0,True
2460,Good,390.0,True
2460,Fair,325.0,True
2460,Minor Damage,225.0,True
2460,Broken,10.0,True
2461,Brand New,450.0,True
2461,Flawless,400.0,True
2461,Good,340.0,True
2461,Fair,280.0,True
2461,Minor Damage,150.0,True
2461,Broken,10.0,True
2462,Brand New,480.0,True
2462,Flawless,430.0,True
2462,Good,370.0,True
2462,Fair,310.0,True
2462,Minor Damage,165.0,True
2462,Broken,10.0,True
2463,Brand New,480.0,True
2463,Flawless,430.0,True
2463,Good,370.0,True
2463,Fair,310.0,True
2463,Minor Damage,160.0,True
2463,Broken,10.0,True
2464,Brand New,510.0,True
2464,Flawless,460.0,True
2464,Good,400.0,True
2464,Fair,340.0,True
2464,Minor Damage,175.0,True
2464,Broken,10.0,True
2465,Brand New,515.0,True
2465,Flawless,465.0,True
2465,Good,405.0,True
2465,Fair,345.0,True
2465,Minor Damage,165.0,True
2465,Broken,10.0,True
2466,Brand New,545.0,True
2466,Flawless,495.0,True
2466,Good,435.0,True
2466,Fair,375.0,True
2466,Minor Damage,180.0,True
2466,Broken,10.0,True
2467,Brand New,575.0,True
2467,Flawless,525.0,True
2467,Good,465.0,True
2467,Fair,405.0,True
2467,Minor Damage,175.0,True
2467,Broken,10.0,True
2468,Brand New,605.0,True
2468,Flawless,555.0,True
2468,Good,495.0,True
2468,Fair,435.0,True
2468,Minor Damage,190.0,True
2468,Broken,10.0,True
2469,Brand New,180.0,True
2469,Flawless,150.0,True
2469,Good,120.0,True
2469,Fair,90.0,True
2469,Minor Damage,35.0,True
2469,Broken,10.0,True
2470,Brand New,230.0,True
2470,Flawless,180.0,True
2470,Good,150.0,True
2470,Fair,120.0,True
2470,Minor Damage,45.0,True
2470,Broken,10.0,True
2471,Brand New,220.0,True
2471,Flawless,190.0,True
2471,Good,160.0,True
2471,Fair,130.0,True
2471,Minor Damage,50.0,True
2471,Broken,10.0,True
2472,Brand New,270.0,True
2472,Flawless,220.0,True
2472,Good,190.0,True
2472,Fair,160.0,True
2472,Minor Damage,60.0,True
2472,Broken,10.0,True
2473,Brand New,280.0,True
2473,Flawless,250.0,True
2473,Good,220.0,True
2473,Fair,190.0,True
2473,Minor Damage,65.0,True
2473,Broken,10.0,True
2474,Brand New,330.0,True
2474,Flawless,280.0,True
2474,Good,250.0,True
2474,Fair,220.0,True
2474,Minor Damage,75.0,True
2474,Broken,10.0,True
2475,Brand New,760.0,True
2475,Flawless,710.0,True
2475,Good,630.0,True
2475,Fair,570.0,True
2475,Minor Damage,275.0,True
2475,Broken,20.0,True
2476,Brand New,790.0,True
2476,Flawless,710.0,True
2476,Good,660.0,True
2476,Fair,600.0,True
2476,Minor Damage,325.0,True
2476,Broken,20.0,True
2477,Brand New,810.0,True
2477,Flawless,760.0,True
2477,Good,680.0,True
2477,Fair,620.0,True
2477,Minor Damage,300.0,True
2477,Broken,20.0,True
2478,Brand New,840.0,True
2478,Flawless,790.0,True
2478,Good,710.0,True
2478,Fair,650.0,True
2478,Minor Damage,350.0,True
2478,Broken,20.0,True
2479,Brand New,1010.0,True
2479,Flawless,960.0,True
2479,Good,880.0,True
2479,Fair,820.0,True
2479,Minor Damage,350.0,True
2479,Broken,20.0,True
2480,Brand New,1040.0,True
2480,Flawless,990.0,True
2480,Good,910.0,True
2480,Fair,850.0,True
2480,Minor Damage,400.0,True
2480,Broken,20.0,True
2481,Brand New,1160.0,True
2481,Flawless,1110.0,True
2481,Good,1030.0,True
2481,Fair,970.0,True
2481,Minor Damage,375.0,True
2481,Broken,20.0,True
2482,Brand New,1190.0,True
2482,Flawless,1140.0,True
2482,Good,1060.0,True
2482,Fair,1000.0,True
2482,Minor Damage,425.0,True
2482,Broken,20.0,True
2483,Brand New,1045.0,True
2483,Flawless,995.0,True
2483,Good,915.0,True
2483,Fair,855.0,True
2483,Minor Damage,365.0,True
2483,Broken,20.0,True
2484,Brand New,1075.0,True
2484,Flawless,1025.0,True
2484,Good,945.0,True
2484,Fair,885.0,True
2484,Minor Damage,415.0,True
2484,Broken,20.0,True
2485,Brand New,1195.0,True
2485,Flawless,1145.0,True
2485,Good,1065.0,True
2485,Fair,1005.0,True
2485,Minor Damage,390.0,True
2485,Broken,20.0,True
2486,Brand New,1225.0,True
2486,Flawless,1175.0,True
2486,Good,1095.0,True
2486,Fair,1035.0,True
2486,Minor Damage,440.0,True
2486,Broken,20.0,True
2487,Brand New,650.0,True
2487,Flawless,600.0,True
2487,Good,540.0,True
2487,Fair,490.0,True
2487,Minor Damage,175.0,True
2487,Broken,20.0,True
2488,Brand New,680.0,True
2488,Flawless,630.0,True
2488,Good,570.0,True
2488,Fair,520.0,True
2488,Minor Damage,175.0,True
2488,Broken,20.0,True
2489,Brand New,700.0,True
2489,Flawless,650.0,True
2489,Good,590.0,True
2489,Fair,540.0,True
2489,Minor Damage,225.0,True
2489,Broken,20.0,True
2490,Brand New,730.0,True
2490,Flawless,680.0,True
2490,Good,620.0,True
2490,Fair,570.0,True
2490,Minor Damage,225.0,True
2490,Broken,20.0,True
2491,Brand New,800.0,True
2491,Flawless,750.0,True
2491,Good,690.0,True
2491,Fair,640.0,True
2491,Minor Damage,275.0,True
2491,Broken,20.0,True
2492,Brand New,830.0,True
2492,Flawless,780.0,True
2492,Good,720.0,True
2492,Fair,670.0,True
2492,Minor Damage,275.0,True
2492,Broken,20.0,True
2493,Brand New,900.0,True
2493,Flawless,850.0,True
2493,Good,790.0,True
2493,Fair,740.0,True
2493,Minor Damage,325.0,True
2493,Broken,20.0,True
2494,Brand New,930.0,True
2494,Flawless,880.0,True
2494,Good,820.0,True
2494,Fair,770.0,True
2494,Minor Damage,325.0,True
2494,Broken,20.0,True
2495,Brand New,835.0,True
2495,Flawless,785.0,True
2495,Good,725.0,True
2495,Fair,675.0,True
2495,Minor Damage,290.0,True
2495,Broken,20.0,True
2496,Brand New,865.0,True
2496,Flawless,815.0,True
2496,Good,755.0,True
2496,Fair,705.0,True
2496,Minor Damage,290.0,True
2496,Broken,20.0,True
2497,Brand New,935.0,True
2497,Flawless,885.0,True
2497,Good,825.0,True
2497,Fair,775.0,True
2497,Minor Damage,340.0,True
2497,Broken,20.0,True
2498,Brand New,965.0,True
2498,Flawless,915.0,True
2498,Good,855.0,True
2498,Fair,805.0,True
2498,Minor Damage,340.0,True
2498,Broken,20.0,True
2499,Brand New,400.0,True
2499,Flawless,350.0,True
2499,Good,300.0,True
2499,Fair,205.0,True
2499,Minor Damage,125.0,True
2499,Broken,20.0,True
2500,Brand New,425.0,True
2500,Flawless,375.0,True
2500,Good,325.0,True
2500,Fair,230.0,True
2500,Minor Damage,140.0,True
2500,Broken,20.0,True
2501,Brand New,440.0,True
2501,Flawless,390.0,True
2501,Good,340.0,True
2501,Fair,245.0,True
2501,Minor Damage,150.0,True
2501,Broken,20.0,True
2502,Brand New,465.0,True
2502,Flawless,415.0,True
2502,Good,365.0,True
2502,Fair,270.0,True
2502,Minor Damage,165.0,True
2502,Broken,20.0,True
2503,Brand New,480.0,True
2503,Flawless,430.0,True
2503,Good,380.0,True
2503,Fair,285.0,True
2503,Minor Damage,175.0,True
2503,Broken,20.0,True
2504,Brand New,505.0,True
2504,Flawless,455.0,True
2504,Good,405.0,True
2504,Fair,310.0,True
2504,Minor Damage,190.0,True
2504,Broken,20.0,True
2505,Brand New,560.0,True
2505,Flawless,510.0,True
2505,Good,460.0,True
2505,Fair,365.0,True
2505,Minor Damage,200.0,True
2505,Broken,20.0,True
2506,Brand New,585.0,True
2506,Flawless,535.0,True
2506,Good,485.0,True
2506,Fair,390.0,True
2506,Minor Damage,215.0,True
2506,Broken,20.0,True
2507,Brand New,565.0,True
2507,Flawless,515.0,True
2507,Good,465.0,True
2507,Fair,365.0,True
2507,Minor Damage,150.0,True
2507,Broken,20.0,True
2508,Brand New,615.0,True
2508,Flawless,565.0,True
2508,Good,515.0,True
2508,Fair,415.0,True
2508,Minor Damage,165.0,True
2508,Broken,20.0,True
2509,Brand New,605.0,True
2509,Flawless,555.0,True
2509,Good,505.0,True
2509,Fair,405.0,True
2509,Minor Damage,170.0,True
2509,Broken,20.0,True
2510,Brand New,655.0,True
2510,Flawless,605.0,True
2510,Good,555.0,True
2510,Fair,455.0,True
2510,Minor Damage,185.0,True
2510,Broken,20.0,True
2511,Brand New,645.0,True
2511,Flawless,595.0,True
2511,Good,545.0,True
2511,Fair,445.0,True
2511,Minor Damage,190.0,True
2511,Broken,20.0,True
2512,Brand New,695.0,True
2512,Flawless,645.0,True
2512,Good,595.0,True
2512,Fair,495.0,True
2512,Minor Damage,205.0,True
2512,Broken,20.0,True
2513,Brand New,725.0,True
2513,Flawless,675.0,True
2513,Good,625.0,True
2513,Fair,525.0,True
2513,Minor Damage,210.0,True
2513,Broken,20.0,True
2514,Brand New,775.0,True
2514,Flawless,725.0,True
2514,Good,675.0,True
2514,Fair,575.0,True
2514,Minor Damage,225.0,True
2514,Broken,20.0,True
2515,Brand New,0.0,False
2515,Flawless,0.0,False
2515,Good,0.0,False
2515,Fair,0.0,False
2515,Minor Damage,0.0,False
2515,Broken,0.0,False
2516,Brand New,0.0,False
2516,Flawless,0.0,False
2516,Good,0.0,False
2516,Fair,0.0,False
2516,Minor Damage,0.0,False
2516,Broken,0.0,False
2517,Brand New,0.0,False
2517,Flawless,0.0,False
2517,Good,0.0,False
2517,Fair,0.0,False
2517,Minor Damage,0.0,False
2517,Broken,0.0,False
2518,Brand New,0.0,False
2518,Flawless,0.0,False
2518,Good,0.0,False
2518,Fair,0.0,False
2518,Minor Damage,0.0,False
2518,Broken,0.0,False
2519,Brand New,0.0,False
2519,Flawless,0.0,False
2519,Good,0.0,False
2519,Fair,0.0,False
2519,Minor Damage,0.0,False
2519,Broken,0.0,False
2520,Brand New,0.0,False
2520,Flawless,0.0,False
2520,Good,0.0,False
2520,Fair,0.0,False
2520,Minor Damage,0.0,False
2520,Broken,0.0,False
2521,Brand New,0.0,False
2521,Flawless,0.0,False
2521,Good,0.0,False
2521,Fair,0.0,False
2521,Minor Damage,0.0,False
2521,Broken,0.0,False
2522,Brand New,0.0,False
2522,Flawless,0.0,False
2522,Good,0.0,False
2522,Fair,0.0,False
2522,Minor Damage,0.0,False
2522,Broken,0.0,False
2523,Brand New,0.0,False
2523,Flawless,0.0,False
2523,Good,0.0,False
2523,Fair,0.0,False
2523,Minor Damage,0.0,False
2523,Broken,0.0,False
2524,Brand New,0.0,False
2524,Flawless,0.0,False
2524,Good,0.0,False
2524,Fair,0.0,False
2524,Minor Damage,0.0,False
2524,Broken,0.0,False
2525,Brand New,0.0,False
2525,Flawless,0.0,False
2525,Good,0.0,False
2525,Fair,0.0,False
2525,Minor Damage,0.0,False
2525,Broken,0.0,False
2526,Brand New,0.0,False
2526,Flawless,0.0,False
2526,Good,0.0,False
2526,Fair,0.0,False
2526,Minor Damage,0.0,False
2526,Broken,0.0,False
2527,Brand New,0.0,False
2527,Flawless,0.0,False
2527,Good,0.0,False
2527,Fair,0.0,False
2527,Minor Damage,0.0,False
2527,Broken,0.0,False
2528,Brand New,0.0,False
2528,Flawless,0.0,False
2528,Good,0.0,False
2528,Fair,0.0,False
2528,Minor Damage,0.0,False
2528,Broken,0.0,False
2529,Brand New,0.0,False
2529,Flawless,0.0,False
2529,Good,0.0,False
2529,Fair,0.0,False
2529,Minor Damage,0.0,False
2529,Broken,0.0,False
2530,Brand New,0.0,False
2530,Flawless,0.0,False
2530,Good,0.0,False
2530,Fair,0.0,False
2530,Minor Damage,0.0,False
2530,Broken,0.0,False
2531,Brand New,0.0,False
2531,Flawless,0.0,False
2531,Good,0.0,False
2531,Fair,0.0,False
2531,Minor Damage,0.0,False
2531,Broken,0.0,False
2532,Brand New,0.0,False
2532,Flawless,0.0,False
2532,Good,0.0,False
2532,Fair,0.0,False
2532,Minor Damage,0.0,False
2532,Broken,0.0,False
2533,Brand New,0.0,False
2533,Flawless,0.0,False
2533,Good,0.0,False
2533,Fair,0.0,False
2533,Minor Damage,0.0,False
2533,Broken,0.0,False
2534,Brand New,0.0,False
2534,Flawless,0.0,False
2534,Good,0.0,False
2534,Fair,0.0,False
2534,Minor Damage,0.0,False
2534,Broken,0.0,False
2535,Brand New,0.0,False
2535,Flawless,0.0,False
2535,Good,0.0,False
2535,Fair,0.0,False
2535,Minor Damage,0.0,False
2535,Broken,0.0,False
2536,Brand New,0.0,False
2536,Flawless,0.0,False
2536,Good,0.0,False
2536,Fair,0.0,False
2536,Minor Damage,0.0,False
2536,Broken,0.0,False
2537,Brand New,0.0,False
2537,Flawless,0.0,False
2537,Good,0.0,False
2537,Fair,0.0,False
2537,Minor Damage,0.0,False
2537,Broken,0.0,False
2538,Brand New,0.0,False
2538,Flawless,0.0,False
2538,Good,0.0,False
2538,Fair,0.0,False
2538,Minor Damage,0.0,False
2538,Broken,0.0,False
2539,Brand New,0.0,False
2539,Flawless,0.0,False
2539,Good,0.0,False
2539,Fair,0.0,False
2539,Minor Damage,0.0,False
2539,Broken,0.0,False
2540,Brand New,0.0,False
2540,Flawless,0.0,False
2540,Good,0.0,False
2540,Fair,0.0,False
2540,Minor Damage,0.0,False
2540,Broken,0.0,False
2541,Brand New,0.0,False
2541,Flawless,0.0,False
2541,Good,0.0,False
2541,Fair,0.0,False
2541,Minor Damage,0.0,False
2541,Broken,0.0,False
2542,Brand New,0.0,False
2542,Flawless,0.0,False
2542,Good,0.0,False
2542,Fair,0.0,False
2542,Minor Damage,0.0,False
2542,Broken,0.0,False
2543,Brand New,0.0,False
2543,Flawless,0.0,False
2543,Good,0.0,False
2543,Fair,0.0,False
2543,Minor Damage,0.0,False
2543,Broken,0.0,False
2544,Brand New,0.0,False
2544,Flawless,0.0,False
2544,Good,0.0,False
2544,Fair,0.0,False
2544,Minor Damage,0.0,False
2544,Broken,0.0,False
2545,Brand New,0.0,False
2545,Flawless,0.0,False
2545,Good,0.0,False
2545,Fair,0.0,False
2545,Minor Damage,0.0,False
2545,Broken,0.0,False
2546,Brand New,0.0,False
2546,Flawless,0.0,False
2546,Good,0.0,False
2546,Fair,0.0,False
2546,Minor Damage,0.0,False
2546,Broken,0.0,False
2547,Brand New,0.0,False
2547,Flawless,0.0,False
2547,Good,0.0,False
2547,Fair,0.0,False
2547,Minor Damage,0.0,False
2547,Broken,0.0,False
2548,Brand New,0.0,False
2548,Flawless,0.0,False
2548,Good,0.0,False
2548,Fair,0.0,False
2548,Minor Damage,0.0,False
2548,Broken,0.0,False
2549,Brand New,0.0,False
2549,Flawless,0.0,False
2549,Good,0.0,False
2549,Fair,0.0,False
2549,Minor Damage,0.0,False
2549,Broken,0.0,False
2550,Brand New,0.0,False
2550,Flawless,0.0,False
2550,Good,0.0,False
2550,Fair,0.0,False
2550,Minor Damage,0.0,False
2550,Broken,0.0,False
2551,Brand New,0.0,False
2551,Flawless,0.0,False
2551,Good,0.0,False
2551,Fair,0.0,False
2551,Minor Damage,0.0,False
2551,Broken,0.0,False
2552,Brand New,0.0,False
2552,Flawless,0.0,False
2552,Good,0.0,False
2552,Fair,0.0,False
2552,Minor Damage,0.0,False
2552,Broken,0.0,False
2553,Brand New,0.0,False
2553,Flawless,0.0,False
2553,Good,0.0,False
2553,Fair,0.0,False
2553,Minor Damage,0.0,False
2553,Broken,0.0,False
2554,Brand New,0.0,False
2554,Flawless,0.0,False
2554,Good,0.0,False
2554,Fair,0.0,False
2554,Minor Damage,0.0,False
2554,Broken,0.0,False
2555,Brand New,0.0,False
2555,Flawless,0.0,False
2555,Good,0.0,False
2555,Fair,0.0,False
2555,Minor Damage,0.0,False
2555,Broken,0.0,False
2556,Brand New,0.0,False
2556,Flawless,0.0,False
2556,Good,0.0,False
2556,Fair,0.0,False
2556,Minor Damage,0.0,False
2556,Broken,0.0,False
2557,Brand New,0.0,False
2557,Flawless,0.0,False
2557,Good,0.0,False
2557,Fair,0.0,False
2557,Minor Damage,0.0,False
2557,Broken,0.0,False
2558,Brand New,0.0,False
2558,Flawless,0.0,False
2558,Good,0.0,False
2558,Fair,0.0,False
2558,Minor Damage,0.0,False
2558,Broken,0.0,False
2559,Brand New,0.0,False
2559,Flawless,0.0,False
2559,Good,0.0,False
2559,Fair,0.0,False
2559,Minor Damage,0.0,False
2559,Broken,0.0,False
2560,Brand New,0.0,False
2560,Flawless,0.0,False
2560,Good,0.0,False
2560,Fair,0.0,False
2560,Minor Damage,0.0,False
2560,Broken,0.0,False
2561,Brand New,0.0,False
2561,Flawless,0.0,False
2561,Good,0.0,False
2561,Fair,0.0,False
2561,Minor Damage,0.0,False
2561,Broken,0.0,False
2562,Brand New,0.0,False
2562,Flawless,0.0,False
2562,Good,0.0,False
2562,Fair,0.0,False
2562,Minor Damage,0.0,False
2562,Broken,0.0,False
2563,Brand New,0.0,False
2563,Flawless,0.0,False
2563,Good,0.0,False
2563,Fair,0.0,False
2563,Minor Damage,0.0,False
2563,Broken,0.0,False
2564,Brand New,0.0,False
2564,Flawless,0.0,False
2564,Good,0.0,False
2564,Fair,0.0,False
2564,Minor Damage,0.0,False
2564,Broken,0.0,False
2565,Brand New,0.0,False
2565,Flawless,0.0,False
2565,Good,0.0,False
2565,Fair,0.0,False
2565,Minor Damage,0.0,False
2565,Broken,0.0,False
2566,Brand New,0.0,False
2566,Flawless,0.0,False
2566,Good,0.0,False
2566,Fair,0.0,False
2566,Minor Damage,0.0,False
2566,Broken,0.0,False
2567,Brand New,0.0,False
2567,Flawless,0.0,False
2567,Good,0.0,False
2567,Fair,0.0,False
2567,Minor Damage,0.0,False
2567,Broken,0.0,False
2568,Brand New,0.0,False
2568,Flawless,0.0,False
2568,Good,0.0,False
2568,Fair,0.0,False
2568,Minor Damage,0.0,False
2568,Broken,0.0,False
2569,Brand New,0.0,False
2569,Flawless,0.0,False
2569,Good,0.0,False
2569,Fair,0.0,False
2569,Minor Damage,0.0,False
2569,Broken,0.0,False
2570,Brand New,0.0,False
2570,Flawless,0.0,False
2570,Good,0.0,False
2570,Fair,0.0,False
2570,Minor Damage,0.0,False
2570,Broken,0.0,False
2571,Brand New,0.0,False
2571,Flawless,0.0,False
2571,Good,0.0,False
2571,Fair,0.0,False
2571,Minor Damage,0.0,False
2571,Broken,0.0,False
2572,Brand New,0.0,False
2572,Flawless,0.0,False
2572,Good,0.0,False
2572,Fair,0.0,False
2572,Minor Damage,0.0,False
2572,Broken,0.0,False
2573,Brand New,0.0,False
2573,Flawless,0.0,False
2573,Good,0.0,False
2573,Fair,0.0,False
2573,Minor Damage,0.0,False
2573,Broken,0.0,False
2574,Brand New,0.0,False
2574,Flawless,0.0,False
2574,Good,0.0,False
2574,Fair,0.0,False
2574,Minor Damage,0.0,False
2574,Broken,0.0,False
2575,Brand New,0.0,False
2575,Flawless,0.0,False
2575,Good,0.0,False
2575,Fair,0.0,False
2575,Minor Damage,0.0,False
2575,Broken,0.0,False
2576,Brand New,0.0,False
2576,Flawless,0.0,False
2576,Good,0.0,False
2576,Fair,0.0,False
2576,Minor Damage,0.0,False
2576,Broken,0.0,False
2577,Brand New,0.0,False
2577,Flawless,0.0,False
2577,Good,0.0,False
2577,Fair,0.0,False
2577,Minor Damage,0.0,False
2577,Broken,0.0,False
2578,Brand New,0.0,False
2578,Flawless,0.0,False
2578,Good,0.0,False
2578,Fair,0.0,False
2578,Minor Damage,0.0,False
2578,Broken,0.0,False
2579,Brand New,0.0,False
2579,Flawless,0.0,False
2579,Good,0.0,False
2579,Fair,0.0,False
2579,Minor Damage,0.0,False
2579,Broken,0.0,False
2580,Brand New,0.0,False
2580,Flawless,0.0,False
2580,Good,0.0,False
2580,Fair,0.0,False
2580,Minor Damage,0.0,False
2580,Broken,0.0,False
2581,Brand New,0.0,False
2581,Flawless,0.0,False
2581,Good,0.0,False
2581,Fair,0.0,False
2581,Minor Damage,0.0,False
2581,Broken,0.0,False
2582,Brand New,0.0,False
2582,Flawless,0.0,False
2582,Good,0.0,False
2582,Fair,0.0,False
2582,Minor Damage,0.0,False
2582,Broken,0.0,False
2583,Brand New,0.0,False
2583,Flawless,0.0,False
2583,Good,0.0,False
2583,Fair,0.0,False
2583,Minor Damage,0.0,False
2583,Broken,0.0,False
2584,Brand New,0.0,False
2584,Flawless,0.0,False
2584,Good,0.0,False
2584,Fair,0.0,False
2584,Minor Damage,0.0,False
2584,Broken,0.0,False
2585,Brand New,0.0,False
2585,Flawless,0.0,False
2585,Good,0.0,False
2585,Fair,0.0,False
2585,Minor Damage,0.0,False
2585,Broken,0.0,False
2586,Brand New,0.0,False
2586,Flawless,0.0,False
2586,Good,0.0,False
2586,Fair,0.0,False
2586,Minor Damage,0.0,False
2586,Broken,0.0,False
2587,Brand New,0.0,False
2587,Flawless,0.0,False
2587,Good,0.0,False
2587,Fair,0.0,False
2587,Minor Damage,0.0,False
2587,Broken,0.0,False
2588,Brand New,0.0,False
2588,Flawless,0.0,False
2588,Good,0.0,False
2588,Fair,0.0,False
2588,Minor Damage,0.0,False
2588,Broken,0.0,False
2589,Brand New,0.0,False
2589,Flawless,0.0,False
2589,Good,0.0,False
2589,Fair,0.0,False
2589,Minor Damage,0.0,False
2589,Broken,0.0,False
2590,Brand New,0.0,False
2590,Flawless,0.0,False
2590,Good,0.0,False
2590,Fair,0.0,False
2590,Minor Damage,0.0,False
2590,Broken,0.0,False
2591,Brand New,0.0,False
2591,Flawless,0.0,False
2591,Good,0.0,False
2591,Fair,0.0,False
2591,Minor Damage,0.0,False
2591,Broken,0.0,False
2592,Brand New,0.0,False
2592,Flawless,0.0,False
2592,Good,0.0,False
2592,Fair,0.0,False
2592,Minor Damage,0.0,False
2592,Broken,0.0,False
2593,Brand New,0.0,False
2593,Flawless,0.0,False
2593,Good,0.0,False
2593,Fair,0.0,False
2593,Minor Damage,0.0,False
2593,Broken,0.0,False
2594,Brand New,0.0,False
2594,Flawless,0.0,False
2594,Good,0.0,False
2594,Fair,0.0,False
2594,Minor Damage,0.0,False
2594,Broken,0.0,False
2595,Brand New,0.0,False
2595,Flawless,0.0,False
2595,Good,0.0,False
2595,Fair,0.0,False
2595,Minor Damage,0.0,False
2595,Broken,0.0,False
2596,Brand New,0.0,False
2596,Flawless,0.0,False
2596,Good,0.0,False
2596,Fair,0.0,False
2596,Minor Damage,0.0,False
2596,Broken,0.0,False
2597,Brand New,0.0,False
2597,Flawless,0.0,False
2597,Good,0.0,False
2597,Fair,0.0,False
2597,Minor Damage,0.0,False
2597,Broken,0.0,False
2598,Brand New,0.0,False
2598,Flawless,0.0,False
2598,Good,0.0,False
2598,Fair,0.0,False
2598,Minor Damage,0.0,False
2598,Broken,0.0,False
2599,Brand New,0.0,False
2599,Flawless,0.0,False
2599,Good,0.0,False
2599,Fair,0.0,False
2599,Minor Damage,0.0,False
2599,Broken,0.0,False
2600,Brand New,0.0,False
2600,Flawless,0.0,False
2600,Good,0.0,False
2600,Fair,0.0,False
2600,Minor Damage,0.0,False
2600,Broken,0.0,False
2601,Brand New,0.0,False
2601,Flawless,0.0,False
2601,Good,0.0,False
2601,Fair,0.0,False
2601,Minor Damage,0.0,False
2601,Broken,0.0,False
2602,Brand New,0.0,False
2602,Flawless,0.0,False
2602,Good,0.0,False
2602,Fair,0.0,False
2602,Minor Damage,0.0,False
2602,Broken,0.0,False
2603,Brand New,0.0,False
2603,Flawless,0.0,False
2603,Good,0.0,False
2603,Fair,0.0,False
2603,Minor Damage,0.0,False
2603,Broken,0.0,False
2604,Brand New,0.0,False
2604,Flawless,0.0,False
2604,Good,0.0,False
2604,Fair,0.0,False
2604,Minor Damage,0.0,False
2604,Broken,0.0,False
2605,Brand New,0.0,False
2605,Flawless,0.0,False
2605,Good,0.0,False
2605,Fair,0.0,False
2605,Minor Damage,0.0,False
2605,Broken,0.0,False
2606,Brand New,0.0,False
2606,Flawless,0.0,False
2606,Good,0.0,False
2606,Fair,0.0,False
2606,Minor Damage,0.0,False
2606,Broken,0.0,False
2607,Brand New,0.0,False
2607,Flawless,0.0,False
2607,Good,0.0,False
2607,Fair,0.0,False
2607,Minor Damage,0.0,False
2607,Broken,0.0,False
2608,Brand New,0.0,False
2608,Flawless,0.0,False
2608,Good,0.0,False
2608,Fair,0.0,False
2608,Minor Damage,0.0,False
2608,Broken,0.0,False
2609,Brand New,0.0,False
2609,Flawless,0.0,False
2609,Good,0.0,False
2609,Fair,0.0,False
2609,Minor Damage,0.0,False
2609,Broken,0.0,False
2610,Brand New,0.0,False
2610,Flawless,0.0,False
2610,Good,0.0,False
2610,Fair,0.0,False
2610,Minor Damage,0.0,False
2610,Broken,0.0,False
2611,Brand New,0.0,False
2611,Flawless,0.0,False
2611,Good,0.0,False
2611,Fair,0.0,False
2611,Minor Damage,0.0,False
2611,Broken,0.0,False
2612,Brand New,0.0,False
2612,Flawless,0.0,False
2612,Good,0.0,False
2612,Fair,0.0,False
2612,Minor Damage,0.0,False
2612,Broken,0.0,False
2613,Brand New,0.0,False
2613,Flawless,0.0,False
2613,Good,0.0,False
2613,Fair,0.0,False
2613,Minor Damage,0.0,False
2613,Broken,0.0,False
2614,Brand New,0.0,False
2614,Flawless,0.0,False
2614,Good,0.0,False
2614,Fair,0.0,False
2614,Minor Damage,0.0,False
2614,Broken,0.0,False
2615,Brand New,0.0,False
2615,Flawless,0.0,False
2615,Good,0.0,False
2615,Fair,0.0,False
2615,Minor Damage,0.0,False
2615,Broken,0.0,False
2616,Brand New,0.0,False
2616,Flawless,0.0,False
2616,Good,0.0,False
2616,Fair,0.0,False
2616,Minor Damage,0.0,False
2616,Broken,0.0,False
2617,Brand New,0.0,False
2617,Flawless,0.0,False
2617,Good,0.0,False
2617,Fair,0.0,False
2617,Minor Damage,0.0,False
2617,Broken,0.0,False
2618,Brand New,0.0,False
2618,Flawless,0.0,False
2618,Good,0.0,False
2618,Fair,0.0,False
2618,Minor Damage,0.0,False
2618,Broken,0.0,False
2619,Brand New,0.0,False
2619,Flawless,0.0,False
2619,Good,0.0,False
2619,Fair,0.0,False
2619,Minor Damage,0.0,False
2619,Broken,0.0,False
2620,Brand New,0.0,False
2620,Flawless,0.0,False
2620,Good,0.0,False
2620,Fair,0.0,False
2620,Minor Damage,0.0,False
2620,Broken,0.0,False
2621,Brand New,0.0,False
2621,Flawless,0.0,False
2621,Good,0.0,False
2621,Fair,0.0,False
2621,Minor Damage,0.0,False
2621,Broken,0.0,False
2622,Brand New,0.0,False
2622,Flawless,0.0,False
2622,Good,0.0,False
2622,Fair,0.0,False
2622,Minor Damage,0.0,False
2622,Broken,0.0,False
2623,Brand New,0.0,False
2623,Flawless,0.0,False
2623,Good,0.0,False
2623,Fair,0.0,False
2623,Minor Damage,0.0,False
2623,Broken,0.0,False
2624,Brand New,0.0,False
2624,Flawless,0.0,False
2624,Good,0.0,False
2624,Fair,0.0,False
2624,Minor Damage,0.0,False
2624,Broken,0.0,False
2625,Brand New,0.0,False
2625,Flawless,0.0,False
2625,Good,0.0,False
2625,Fair,0.0,False
2625,Minor Damage,0.0,False
2625,Broken,0.0,False
2626,Brand New,0.0,False
2626,Flawless,0.0,False
2626,Good,0.0,False
2626,Fair,0.0,False
2626,Minor Damage,0.0,False
2626,Broken,0.0,False
2627,Brand New,0.0,False
2627,Flawless,0.0,False
2627,Good,0.0,False
2627,Fair,0.0,False
2627,Minor Damage,0.0,False
2627,Broken,0.0,False
2628,Brand New,0.0,False
2628,Flawless,0.0,False
2628,Good,0.0,False
2628,Fair,0.0,False
2628,Minor Damage,0.0,False
2628,Broken,0.0,False
2629,Brand New,0.0,False
2629,Flawless,0.0,False
2629,Good,0.0,False
2629,Fair,0.0,False
2629,Minor Damage,0.0,False
2629,Broken,0.0,False
2630,Brand New,0.0,False
2630,Flawless,0.0,False
2630,Good,0.0,False
2630,Fair,0.0,False
2630,Minor Damage,0.0,False
2630,Broken,0.0,False
2631,Brand New,0.0,False
2631,Flawless,0.0,True
2631,Good,0.0,True
2631,Fair,0.0,True
2631,Minor Damage,0.0,True
2631,Broken,0.0,True
2632,Brand New,0.0,False
2632,Flawless,0.0,True
2632,Good,0.0,True
2632,Fair,0.0,True
2632,Minor Damage,0.0,True
2632,Broken,0.0,True
2633,Brand New,0.0,False
2633,Flawless,0.0,False
2633,Good,0.0,False
2633,Fair,0.0,False
2633,Minor Damage,0.0,False
2633,Broken,0.0,False
2634,Brand New,0.0,False
2634,Flawless,0.0,True
2634,Good,0.0,True
2634,Fair,0.0,True
2634,Minor Damage,0.0,True
2634,Broken,0.0,True
2635,Brand New,0.0,False
2635,Flawless,0.0,True
2635,Good,0.0,True
2635,Fair,0.0,True
2635,Minor Damage,0.0,True
2635,Broken,0.0,True
2636,Brand New,0.0,False
2636,Flawless,0.0,False
2636,Good,0.0,False
2636,Fair,0.0,False
2636,Minor Damage,0.0,False
2636,Broken,0.0,False
2637,Brand New,0.0,False
2637,Flawless,0.0,True
2637,Good,0.0,True
2637,Fair,0.0,True
2637,Minor Damage,0.0,True
2637,Broken,0.0,True
2638,Brand New,0.0,False
2638,Flawless,0.0,True
2638,Good,0.0,True
2638,Fair,0.0,True
2638,Minor Damage,0.0,True
2638,Broken,0.0,True
2639,Brand New,0.0,False
2639,Flawless,0.0,False
2639,Good,0.0,False
2639,Fair,0.0,False
2639,Minor Damage,0.0,False
2639,Broken,0.0,False
2640,Brand New,0.0,False
2640,Flawless,0.0,True
2640,Good,0.0,True
2640,Fair,0.0,True
2640,Minor Damage,0.0,True
2640,Broken,0.0,True
2641,Brand New,0.0,False
2641,Flawless,0.0,True
2641,Good,0.0,True
2641,Fair,0.0,True
2641,Minor Damage,0.0,True
2641,Broken,0.0,True
2642,Brand New,0.0,False
2642,Flawless,0.0,False
2642,Good,0.0,False
2642,Fair,0.0,False
2642,Minor Damage,0.0,False
2642,Broken,0.0,False
2643,Brand New,0.0,False
2643,Flawless,0.0,True
2643,Good,0.0,True
2643,Fair,0.0,True
2643,Minor Damage,0.0,True
2643,Broken,0.0,True
2644,Brand New,0.0,False
2644,Flawless,0.0,True
2644,Good,0.0,True
2644,Fair,0.0,True
2644,Minor Damage,0.0,True
2644,Broken,0.0,True
2645,Brand New,0.0,False
2645,Flawless,0.0,True
2645,Good,0.0,True
2645,Fair,0.0,True
2645,Minor Damage,0.0,True
2645,Broken,0.0,True
2646,Brand New,0.0,False
2646,Flawless,0.0,True
2646,Good,0.0,True
2646,Fair,0.0,True
2646,Minor Damage,0.0,True
2646,Broken,0.0,True
2647,Brand New,0.0,False
2647,Flawless,0.0,True
2647,Good,0.0,True
2647,Fair,0.0,True
2647,Minor Damage,0.0,True
2647,Broken,0.0,True
2648,Brand New,0.0,False
2648,Flawless,0.0,True
2648,Good,0.0,True
2648,Fair,0.0,True
2648,Minor Damage,0.0,True
2648,Broken,0.0,True
2649,Brand New,0.0,False
2649,Flawless,0.0,True
2649,Good,0.0,True
2649,Fair,0.0,True
2649,Minor Damage,0.0,True
2649,Broken,0.0,True
2650,Brand New,0.0,False
2650,Flawless,0.0,True
2650,Good,0.0,True
2650,Fair,0.0,True
2650,Minor Damage,0.0,True
2650,Broken,0.0,True
2651,Brand New,0.0,False
2651,Flawless,0.0,True
2651,Good,0.0,True
2651,Fair,0.0,True
2651,Minor Damage,0.0,True
2651,Broken,0.0,True
2652,Brand New,0.0,False
2652,Flawless,0.0,True
2652,Good,0.0,True
2652,Fair,0.0,True
2652,Minor Damage,0.0,True
2652,Broken,0.0,True
2653,Brand New,0.0,False
2653,Flawless,0.0,True
2653,Good,0.0,True
2653,Fair,0.0,True
2653,Minor Damage,0.0,True
2653,Broken,0.0,True
2654,Brand New,0.0,False
2654,Flawless,0.0,True
2654,Good,0.0,True
2654,Fair,0.0,True
2654,Minor Damage,0.0,True
2654,Broken,0.0,True
2655,Brand New,0.0,False
2655,Flawless,55.0,True
2655,Good,30.0,True
2655,Fair,15.0,True
2655,Minor Damage,0.0,True
2655,Broken,0.0,True
2656,Brand New,0.0,False
2656,Flawless,60.0,True
2656,Good,35.0,True
2656,Fair,20.0,True
2656,Minor Damage,0.0,True
2656,Broken,0.0,True
2657,Brand New,0.0,False
2657,Flawless,65.0,True
2657,Good,40.0,True
2657,Fair,20.0,True
2657,Minor Damage,0.0,True
2657,Broken,0.0,True
2658,Brand New,0.0,False
2658,Flawless,60.0,True
2658,Good,25.0,True
2658,Fair,10.0,True
2658,Minor Damage,0.0,True
2658,Broken,0.0,True
2659,Brand New,0.0,False
2659,Flawless,70.0,True
2659,Good,45.0,True
2659,Fair,30.0,True
2659,Minor Damage,0.0,True
2659,Broken,0.0,True
2660,Brand New,0.0,False
2660,Flawless,75.0,True
2660,Good,50.0,True
2660,Fair,35.0,True
2660,Minor Damage,0.0,True
2660,Broken,0.0,True
2661,Brand New,0.0,False
2661,Flawless,65.0,True
2661,Good,25.0,True
2661,Fair,10.0,True
2661,Minor Damage,0.0,True
2661,Broken,0.0,True
2662,Brand New,0.0,False
2662,Flawless,70.0,True
2662,Good,45.0,True
2662,Fair,20.0,True
2662,Minor Damage,0.0,True
2662,Broken,0.0,True
2663,Brand New,0.0,False
2663,Flawless,55.0,True
2663,Good,30.0,True
2663,Fair,15.0,True
2663,Minor Damage,0.0,True
2663,Broken,0.0,True
2664,Brand New,0.0,False
2664,Flawless,70.0,True
2664,Good,30.0,True
2664,Fair,20.0,True
2664,Minor Damage,0.0,True
2664,Broken,0.0,True
2665,Brand New,0.0,False
2665,Flawless,80.0,True
2665,Good,55.0,True
2665,Fair,30.0,True
2665,Minor Damage,0.0,True
2665,Broken,0.0,True
2666,Brand New,0.0,False
2666,Flawless,80.0,True
2666,Good,55.0,True
2666,Fair,30.0,True
2666,Minor Damage,0.0,True
2666,Broken,0.0,True
2667,Brand New,0.0,False
2667,Flawless,0.0,True
2667,Good,0.0,True
2667,Fair,0.0,True
2667,Minor Damage,0.0,True
2667,Broken,0.0,True
2668,Brand New,0.0,False
2668,Flawless,0.0,True
2668,Good,0.0,True
2668,Fair,0.0,True
2668,Minor Damage,0.0,True
2668,Broken,0.0,True
2669,Brand New,0.0,False
2669,Flawless,0.0,True
2669,Good,0.0,True
2669,Fair,0.0,True
2669,Minor Damage,0.0,True
2669,Broken,0.0,True
2670,Brand New,0.0,False
2670,Flawless,0.0,True
2670,Good,0.0,True
2670,Fair,0.0,True
2670,Minor Damage,0.0,True
2670,Broken,0.0,True
2671,Brand New,40.0,True
2671,Flawless,20.0,True
2671,Good,10.0,True
2671,Fair,5.0,True
2671,Minor Damage,0.0,True
2671,Broken,0.0,True
2672,Brand New,45.0,True
2672,Flawless,25.0,True
2672,Good,15.0,True
2672,Fair,10.0,True
2672,Minor Damage,0.0,True
2672,Broken,0.0,True
2673,Brand New,45.0,True
2673,Flawless,25.0,True
2673,Good,15.0,True
2673,Fair,10.0,True
2673,Minor Damage,0.0,True
2673,Broken,0.0,True
2674,Brand New,50.0,True
2674,Flawless,30.0,True
2674,Good,20.0,True
2674,Fair,10.0,True
2674,Minor Damage,0.0,True
2674,Broken,0.0,True
2675,Brand New,90.0,True
2675,Flawless,60.0,True
2675,Good,40.0,True
2675,Fair,15.0,True
2675,Minor Damage,0.0,True
2675,Broken,0.0,True
2676,Brand New,100.0,True
2676,Flawless,70.0,True
2676,Good,50.0,True
2676,Fair,25.0,True
2676,Minor Damage,0.0,True
2676,Broken,0.0,True
2677,Brand New,100.0,True
2677,Flawless,70.0,True
2677,Good,50.0,True
2677,Fair,25.0,True
2677,Minor Damage,0.0,True
2677,Broken,0.0,True
2678,Brand New,110.0,True
2678,Flawless,80.0,True
2678,Good,60.0,True
2678,Fair,35.0,True
2678,Minor Damage,0.0,True
2678,Broken,0.0,True
2679,Brand New,0.0,False
2679,Flawless,50.0,True
2679,Good,35.0,True
2679,Fair,20.0,True
2679,Minor Damage,0.0,True
2679,Broken,0.0,True
2680,Brand New,0.0,False
2680,Flawless,60.0,True
2680,Good,45.0,True
2680,Fair,20.0,True
2680,Minor Damage,0.0,True
2680,Broken,0.0,True
2681,Brand New,0.0,False
2681,Flawless,60.0,True
2681,Good,45.0,True
2681,Fair,25.0,True
2681,Minor Damage,0.0,True
2681,Broken,0.0,True
2682,Brand New,0.0,False
2682,Flawless,80.0,True
2682,Good,55.0,True
2682,Fair,35.0,True
2682,Minor Damage,0.0,True
2682,Broken,0.0,True
2683,Brand New,0.0,False
2683,Flawless,60.0,True
2683,Good,45.0,True
2683,Fair,25.0,True
2683,Minor Damage,0.0,True
2683,Broken,0.0,True
2684,Brand New,0.0,False
2684,Flawless,70.0,True
2684,Good,45.0,True
2684,Fair,25.0,True
2684,Minor Damage,0.0,True
2684,Broken,0.0,True
2685,Brand New,0.0,False
2685,Flawless,70.0,True
2685,Good,55.0,True
2685,Fair,30.0,True
2685,Minor Damage,0.0,True
2685,Broken,0.0,True
2686,Brand New,0.0,False
2686,Flawless,90.0,True
2686,Good,65.0,True
2686,Fair,40.0,True
2686,Minor Damage,0.0,True
2686,Broken,0.0,True
2687,Brand New,175.0,True
2687,Flawless,125.0,True
2687,Good,80.0,True
2687,Fair,40.0,True
2687,Minor Damage,0.0,True
2687,Broken,0.0,True
2688,Brand New,110.0,True
2688,Flawless,80.0,True
2688,Good,55.0,True
2688,Fair,30.0,True
2688,Minor Damage,0.0,True
2688,Broken,0.0,True
2689,Brand New,0.0,False
2689,Flawless,0.0,False
2689,Good,0.0,False
2689,Fair,0.0,False
2689,Minor Damage,0.0,False
2689,Broken,0.0,False
2690,Brand New,120.0,True
2690,Flawless,90.0,True
2690,Good,65.0,True
2690,Fair,40.0,True
2690,Minor Damage,0.0,True
2690,Broken,0.0,True
2691,Brand New,0.0,False
2691,Flawless,0.0,False
2691,Good,0.0,False
2691,Fair,0.0,False
2691,Minor Damage,0.0,False
2691,Broken,0.0,False
2692,Brand New,125.0,True
2692,Flawless,95.0,True
2692,Good,70.0,True
2692,Fair,45.0,True
2692,Minor Damage,0.0,True
2692,Broken,0.0,True
2693,Brand New,135.0,True
2693,Flawless,105.0,True
2693,Good,65.0,True
2693,Fair,25.0,True
2693,Minor Damage,0.0,True
2693,Broken,0.0,True
2694,Brand New,135.0,True
2694,Flawless,105.0,True
2694,Good,80.0,True
2694,Fair,55.0,True
2694,Minor Damage,0.0,True
2694,Broken,0.0,True
2695,Brand New,145.0,True
2695,Flawless,115.0,True
2695,Good,75.0,True
2695,Fair,35.0,True
2695,Minor Damage,0.0,True
2695,Broken,0.0,True
2696,Brand New,140.0,True
2696,Flawless,100.0,True
2696,Good,60.0,True
2696,Fair,20.0,True
2696,Minor Damage,0.0,True
2696,Broken,0.0,True
2697,Brand New,0.0,False
2697,Flawless,0.0,False
2697,Good,0.0,False
2697,Fair,0.0,False
2697,Minor Damage,0.0,False
2697,Broken,0.0,False
2698,Brand New,150.0,True
2698,Flawless,110.0,True
2698,Good,70.0,True
2698,Fair,30.0,True
2698,Minor Damage,0.0,True
2698,Broken,0.0,True
2699,Brand New,0.0,False
2699,Flawless,0.0,False
2699,Good,0.0,False
2699,Fair,0.0,False
2699,Minor Damage,0.0,False
2699,Broken,0.0,False
2700,Brand New,150.0,True
2700,Flawless,110.0,True
2700,Good,70.0,True
2700,Fair,30.0,True
2700,Minor Damage,0.0,True
2700,Broken,0.0,True
2701,Brand New,215.0,True
2701,Flawless,165.0,True
2701,Good,120.0,True
2701,Fair,65.0,True
2701,Minor Damage,0.0,True
2701,Broken,0.0,True
2702,Brand New,160.0,True
2702,Flawless,120.0,True
2702,Good,80.0,True
2702,Fair,40.0,True
2702,Minor Damage,0.0,True
2702,Broken,0.0,True
2703,Brand New,225.0,True
2703,Flawless,175.0,True
2703,Good,130.0,True
2703,Fair,75.0,True
2703,Minor Damage,0.0,True
2703,Broken,0.0,True
2704,Brand New,200.0,True
2704,Flawless,150.0,True
2704,Good,120.0,True
2704,Fair,90.0,True
2704,Minor Damage,0.0,True
2704,Broken,0.0,True
2705,Brand New,0.0,True
2705,Flawless,0.0,True
2705,Good,0.0,True
2705,Fair,0.0,True
2705,Minor Damage,0.0,True
2705,Broken,0.0,True
2706,Brand New,210.0,True
2706,Flawless,160.0,True
2706,Good,130.0,True
2706,Fair,100.0,True
2706,Minor Damage,0.0,True
2706,Broken,0.0,True
2707,Brand New,0.0,True
2707,Flawless,0.0,True
2707,Good,0.0,True
2707,Fair,0.0,True
2707,Minor Damage,0.0,True
2707,Broken,0.0,True
2708,Brand New,220.0,True
2708,Flawless,170.0,True
2708,Good,140.0,True
2708,Fair,110.0,True
2708,Minor Damage,0.0,True
2708,Broken,0.0,True
2709,Brand New,360.0,True
2709,Flawless,310.0,True
2709,Good,270.0,True
2709,Fair,200.0,True
2709,Minor Damage,0.0,True
2709,Broken,0.0,True
2710,Brand New,230.0,True
2710,Flawless,180.0,True
2710,Good,150.0,True
2710,Fair,120.0,True
2710,Minor Damage,0.0,True
2710,Broken,0.0,True
2711,Brand New,375.0,True
2711,Flawless,325.0,True
2711,Good,285.0,True
2711,Fair,215.0,True
2711,Minor Damage,0.0,True
2711,Broken,0.0,True
2712,Brand New,260.0,True
2712,Flawless,210.0,True
2712,Good,160.0,True
2712,Fair,105.0,True
2712,Minor Damage,0.0,True
2712,Broken,0.0,True
2713,Brand New,390.0,True
2713,Flawless,340.0,True
2713,Good,275.0,True
2713,Fair,195.0,True
2713,Minor Damage,0.0,True
2713,Broken,0.0,True
2714,Brand New,0.0,False
2714,Flawless,0.0,False
2714,Good,0.0,False
2714,Fair,0.0,False
2714,Minor Damage,0.0,False
2714,Broken,0.0,False
2715,Brand New,0.0,False
2715,Flawless,0.0,False
2715,Good,0.0,False
2715,Fair,0.0,False
2715,Minor Damage,0.0,False
2715,Broken,0.0,False
2716,Brand New,0.0,False
2716,Flawless,0.0,False
2716,Good,0.0,False
2716,Fair,0.0,False
2716,Minor Damage,0.0,False
2716,Broken,0.0,False
2717,Brand New,0.0,False
2717,Flawless,0.0,False
2717,Good,0.0,False
2717,Fair,0.0,False
2717,Minor Damage,0.0,False
2717,Broken,0.0,False
2718,Brand New,0.0,False
2718,Flawless,0.0,False
2718,Good,0.0,False
2718,Fair,0.0,False
2718,Minor Damage,0.0,False
2718,Broken,0.0,False
2719,Brand New,0.0,False
2719,Flawless,0.0,False
2719,Good,0.0,False
2719,Fair,0.0,False
2719,Minor Damage,0.0,False
2719,Broken,0.0,False
2720,Brand New,0.0,False
2720,Flawless,0.0,False
2720,Good,0.0,False
2720,Fair,0.0,False
2720,Minor Damage,0.0,False
2720,Broken,0.0,False
2721,Brand New,0.0,False
2721,Flawless,0.0,False
2721,Good,0.0,False
2721,Fair,0.0,False
2721,Minor Damage,0.0,False
2721,Broken,0.0,False
2722,Brand New,0.0,False
2722,Flawless,0.0,False
2722,Good,0.0,False
2722,Fair,0.0,False
2722,Minor Damage,0.0,False
2722,Broken,0.0,False
2723,Brand New,0.0,False
2723,Flawless,0.0,False
2723,Good,0.0,False
2723,Fair,0.0,False
2723,Minor Damage,0.0,False
2723,Broken,0.0,False
2724,Brand New,0.0,False
2724,Flawless,0.0,False
2724,Good,0.0,False
2724,Fair,0.0,False
2724,Minor Damage,0.0,False
2724,Broken,0.0,False
2725,Brand New,0.0,False
2725,Flawless,0.0,False
2725,Good,0.0,False
2725,Fair,0.0,False
2725,Minor Damage,0.0,False
2725,Broken,0.0,False
2726,Brand New,0.0,False
2726,Flawless,0.0,False
2726,Good,0.0,False
2726,Fair,0.0,False
2726,Minor Damage,0.0,False
2726,Broken,0.0,False
2727,Brand New,0.0,False
2727,Flawless,0.0,False
2727,Good,0.0,False
2727,Fair,0.0,False
2727,Minor Damage,0.0,False
2727,Broken,0.0,False
2728,Brand New,0.0,False
2728,Flawless,0.0,False
2728,Good,0.0,False
2728,Fair,0.0,False
2728,Minor Damage,0.0,False
2728,Broken,0.0,False
2729,Brand New,0.0,False
2729,Flawless,0.0,False
2729,Good,0.0,False
2729,Fair,0.0,False
2729,Minor Damage,0.0,False
2729,Broken,0.0,False
2730,Brand New,0.0,False
2730,Flawless,0.0,False
2730,Good,0.0,False
2730,Fair,0.0,False
2730,Minor Damage,0.0,False
2730,Broken,0.0,False
2731,Brand New,0.0,False
2731,Flawless,0.0,False
2731,Good,0.0,False
2731,Fair,0.0,False
2731,Minor Damage,0.0,False
2731,Broken,0.0,False
2732,Brand New,0.0,False
2732,Flawless,0.0,False
2732,Good,0.0,False
2732,Fair,0.0,False
2732,Minor Damage,0.0,False
2732,Broken,0.0,False
2733,Brand New,0.0,False
2733,Flawless,0.0,False
2733,Good,0.0,False
2733,Fair,0.0,False
2733,Minor Damage,0.0,False
2733,Broken,0.0,False
2734,Brand New,0.0,False
2734,Flawless,0.0,False
2734,Good,0.0,False
2734,Fair,0.0,False
2734,Minor Damage,0.0,False
2734,Broken,0.0,False
2735,Brand New,0.0,False
2735,Flawless,0.0,False
2735,Good,0.0,False
2735,Fair,0.0,False
2735,Minor Damage,0.0,False
2735,Broken,0.0,False
2736,Brand New,0.0,False
2736,Flawless,0.0,False
2736,Good,0.0,False
2736,Fair,0.0,False
2736,Minor Damage,0.0,False
2736,Broken,0.0,False
2737,Brand New,0.0,False
2737,Flawless,0.0,False
2737,Good,0.0,False
2737,Fair,0.0,False
2737,Minor Damage,0.0,False
2737,Broken,0.0,False
2738,Brand New,0.0,False
2738,Flawless,0.0,False
2738,Good,0.0,False
2738,Fair,0.0,False
2738,Minor Damage,0.0,False
2738,Broken,0.0,False
2739,Brand New,0.0,False
2739,Flawless,0.0,False
2739,Good,0.0,False
2739,Fair,0.0,False
2739,Minor Damage,0.0,False
2739,Broken,0.0,False
2740,Brand New,0.0,False
2740,Flawless,0.0,False
2740,Good,0.0,False
2740,Fair,0.0,False
2740,Minor Damage,0.0,False
2740,Broken,0.0,False
2741,Brand New,0.0,False
2741,Flawless,0.0,False
2741,Good,0.0,False
2741,Fair,0.0,False
2741,Minor Damage,0.0,False
2741,Broken,0.0,False
2742,Brand New,0.0,False
2742,Flawless,0.0,False
2742,Good,0.0,False
2742,Fair,0.0,False
2742,Minor Damage,0.0,False
2742,Broken,0.0,False
2743,Brand New,0.0,False
2743,Flawless,0.0,False
2743,Good,0.0,False
2743,Fair,0.0,False
2743,Minor Damage,0.0,False
2743,Broken,0.0,False
2744,Brand New,215.0,True
2744,Flawless,190.0,True
2744,Good,150.0,True
2744,Fair,105.0,True
2744,Minor Damage,0.0,True
2744,Broken,0.0,True
2745,Brand New,525.0,True
2745,Flawless,475.0,True
2745,Good,415.0,True
2745,Fair,285.0,True
2745,Minor Damage,0.0,True
2745,Broken,0.0,True
2746,Brand New,0.0,False
2746,Flawless,0.0,False
2746,Good,0.0,False
2746,Fair,0.0,False
2746,Minor Damage,0.0,False
2746,Broken,0.0,False
2747,Brand New,0.0,False
2747,Flawless,0.0,False
2747,Good,0.0,False
2747,Fair,0.0,False
2747,Minor Damage,0.0,False
2747,Broken,0.0,False
2748,Brand New,0.0,False
2748,Flawless,0.0,False
2748,Good,0.0,False
2748,Fair,0.0,False
2748,Minor Damage,0.0,False
2748,Broken,0.0,False
2749,Brand New,0.0,False
2749,Flawless,0.0,False
2749,Good,0.0,False
2749,Fair,0.0,False
2749,Minor Damage,0.0,False
2749,Broken,0.0,False
2750,Brand New,0.0,False
2750,Flawless,0.0,False
2750,Good,0.0,False
2750,Fair,0.0,False
2750,Minor Damage,0.0,False
2750,Broken,0.0,False
2751,Brand New,0.0,False
2751,Flawless,0.0,False
2751,Good,0.0,False
2751,Fair,0.0,False
2751,Minor Damage,0.0,False
2751,Broken,0.0,False
2752,Brand New,0.0,False
2752,Flawless,0.0,False
2752,Good,0.0,False
2752,Fair,0.0,False
2752,Minor Damage,0.0,False
2752,Broken,0.0,False
2753,Brand New,0.0,False
2753,Flawless,0.0,False
2753,Good,0.0,False
2753,Fair,0.0,False
2753,Minor Damage,0.0,False
2753,Broken,0.0,False
2754,Brand New,0.0,False
2754,Flawless,0.0,False
2754,Good,0.0,False
2754,Fair,0.0,False
2754,Minor Damage,0.0,False
2754,Broken,0.0,False
2755,Brand New,0.0,False
2755,Flawless,0.0,False
2755,Good,0.0,False
2755,Fair,0.0,False
2755,Minor Damage,0.0,False
2755,Broken,0.0,False
2756,Brand New,0.0,False
2756,Flawless,0.0,False
2756,Good,0.0,False
2756,Fair,0.0,False
2756,Minor Damage,0.0,False
2756,Broken,0.0,False
2757,Brand New,0.0,False
2757,Flawless,0.0,False
2757,Good,0.0,False
2757,Fair,0.0,False
2757,Minor Damage,0.0,False
2757,Broken,0.0,False
2758,Brand New,0.0,False
2758,Flawless,0.0,False
2758,Good,0.0,False
2758,Fair,0.0,False
2758,Minor Damage,0.0,False
2758,Broken,0.0,False
2759,Brand New,0.0,False
2759,Flawless,0.0,False
2759,Good,0.0,False
2759,Fair,0.0,False
2759,Minor Damage,0.0,False
2759,Broken,0.0,False
2760,Brand New,0.0,False
2760,Flawless,0.0,False
2760,Good,0.0,False
2760,Fair,0.0,False
2760,Minor Damage,0.0,False
2760,Broken,0.0,False
2761,Brand New,0.0,False
2761,Flawless,0.0,False
2761,Good,0.0,False
2761,Fair,0.0,False
2761,Minor Damage,0.0,False
2761,Broken,0.0,False
2762,Brand New,0.0,False
2762,Flawless,0.0,False
2762,Good,0.0,False
2762,Fair,0.0,False
2762,Minor Damage,0.0,False
2762,Broken,0.0,False
2763,Brand New,0.0,False
2763,Flawless,0.0,False
2763,Good,0.0,False
2763,Fair,0.0,False
2763,Minor Damage,0.0,False
2763,Broken,0.0,False
2764,Brand New,0.0,False
2764,Flawless,0.0,False
2764,Good,0.0,False
2764,Fair,0.0,False
2764,Minor Damage,0.0,False
2764,Broken,0.0,False
2765,Brand New,0.0,False
2765,Flawless,0.0,False
2765,Good,0.0,False
2765,Fair,0.0,False
2765,Minor Damage,0.0,False
2765,Broken,0.0,False
2766,Brand New,0.0,False
2766,Flawless,0.0,False
2766,Good,0.0,False
2766,Fair,0.0,False
2766,Minor Damage,0.0,False
2766,Broken,0.0,False
2767,Brand New,0.0,False
2767,Flawless,0.0,False
2767,Good,0.0,False
2767,Fair,0.0,False
2767,Minor Damage,0.0,False
2767,Broken,0.0,False
2768,Brand New,0.0,False
2768,Flawless,0.0,False
2768,Good,0.0,False
2768,Fair,0.0,False
2768,Minor Damage,0.0,False
2768,Broken,0.0,False
2769,Brand New,0.0,False
2769,Flawless,35.0,True
2769,Good,20.0,True
2769,Fair,5.0,True
2769,Minor Damage,0.0,True
2769,Broken,0.0,True
2770,Brand New,0.0,False
2770,Flawless,45.0,True
2770,Good,30.0,True
2770,Fair,10.0,True
2770,Minor Damage,0.0,True
2770,Broken,0.0,True
2771,Brand New,0.0,False
2771,Flawless,60.0,True
2771,Good,45.0,True
2771,Fair,25.0,True
2771,Minor Damage,0.0,True
2771,Broken,0.0,True
2772,Brand New,0.0,False
2772,Flawless,0.0,False
2772,Good,0.0,False
2772,Fair,0.0,False
2772,Minor Damage,0.0,False
2772,Broken,0.0,False
2773,Brand New,0.0,False
2773,Flawless,120.0,True
2773,Good,85.0,True
2773,Fair,55.0,True
2773,Minor Damage,0.0,True
2773,Broken,0.0,True
2774,Brand New,0.0,False
2774,Flawless,145.0,True
2774,Good,110.0,True
2774,Fair,75.0,True
2774,Minor Damage,0.0,True
2774,Broken,0.0,True
2775,Brand New,335.0,True
2775,Flawless,295.0,True
2775,Good,240.0,True
2775,Fair,170.0,True
2775,Minor Damage,0.0,True
2775,Broken,0.0,True
2776,Brand New,460.0,True
2776,Flawless,420.0,True
2776,Good,370.0,True
2776,Fair,270.0,True
2776,Minor Damage,0.0,True
2776,Broken,0.0,True
2777,Brand New,100.0,True
2777,Flawless,80.0,True
2777,Good,60.0,True
2777,Fair,30.0,True
2777,Minor Damage,0.0,True
2777,Broken,0.0,True
2778,Brand New,315.0,True
2778,Flawless,275.0,True
2778,Good,250.0,True
2778,Fair,170.0,True
2778,Minor Damage,0.0,True
2778,Broken,0.0,True
2779,Brand New,55.0,True
2779,Flawless,45.0,True
2779,Good,35.0,True
2779,Fair,25.0,True
2779,Minor Damage,0.0,True
2779,Broken,0.0,True
2780,Brand New,130.0,True
2780,Flawless,110.0,True
2780,Good,85.0,True
2780,Fair,55.0,True
2780,Minor Damage,0.0,True
2780,Broken,0.0,True
2781,Brand New,0.0,False
2781,Flawless,0.0,False
2781,Good,0.0,False
2781,Fair,0.0,False
2781,Minor Damage,0.0,False
2781,Broken,0.0,False
2782,Brand New,0.0,False
2782,Flawless,0.0,False
2782,Good,0.0,False
2782,Fair,0.0,False
2782,Minor Damage,0.0,False
2782,Broken,0.0,False
2783,Brand New,0.0,False
2783,Flawless,0.0,False
2783,Good,0.0,False
2783,Fair,0.0,False
2783,Minor Damage,0.0,False
2783,Broken,0.0,False
2784,Brand New,0.0,False
2784,Flawless,0.0,False
2784,Good,0.0,False
2784,Fair,0.0,False
2784,Minor Damage,0.0,False
2784,Broken,0.0,False
2785,Brand New,0.0,False
2785,Flawless,0.0,False
2785,Good,0.0,False
2785,Fair,0.0,False
2785,Minor Damage,0.0,False
2785,Broken,0.0,False
2786,Brand New,0.0,False
2786,Flawless,0.0,False
2786,Good,0.0,False
2786,Fair,0.0,False
2786,Minor Damage,0.0,False
2786,Broken,0.0,False
2787,Brand New,0.0,False
2787,Flawless,0.0,False
2787,Good,0.0,False
2787,Fair,0.0,False
2787,Minor Damage,0.0,False
2787,Broken,0.0,False
2788,Brand New,0.0,False
2788,Flawless,0.0,False
2788,Good,0.0,False
2788,Fair,0.0,False
2788,Minor Damage,0.0,False
2788,Broken,0.0,False
2789,Brand New,0.0,False
2789,Flawless,0.0,False
2789,Good,0.0,False
2789,Fair,0.0,False
2789,Minor Damage,0.0,False
2789,Broken,0.0,False
2790,Brand New,0.0,False
2790,Flawless,0.0,False
2790,Good,0.0,False
2790,Fair,0.0,False
2790,Minor Damage,0.0,False
2790,Broken,0.0,False
2791,Brand New,0.0,False
2791,Flawless,0.0,False
2791,Good,0.0,False
2791,Fair,0.0,False
2791,Minor Damage,0.0,False
2791,Broken,0.0,False
2792,Brand New,0.0,False
2792,Flawless,0.0,False
2792,Good,0.0,False
2792,Fair,0.0,False
2792,Minor Damage,0.0,False
2792,Broken,0.0,False
2793,Brand New,0.0,False
2793,Flawless,0.0,False
2793,Good,0.0,False
2793,Fair,0.0,False
2793,Minor Damage,0.0,False
2793,Broken,0.0,False
2794,Brand New,0.0,False
2794,Flawless,0.0,False
2794,Good,0.0,False
2794,Fair,0.0,False
2794,Minor Damage,0.0,False
2794,Broken,0.0,False
2795,Brand New,0.0,False
2795,Flawless,0.0,False
2795,Good,0.0,False
2795,Fair,0.0,False
2795,Minor Damage,0.0,False
2795,Broken,0.0,False
2796,Brand New,0.0,False
2796,Flawless,0.0,False
2796,Good,0.0,False
2796,Fair,0.0,False
2796,Minor Damage,0.0,False
2796,Broken,0.0,False
2797,Brand New,0.0,False
2797,Flawless,0.0,False
2797,Good,0.0,False
2797,Fair,0.0,False
2797,Minor Damage,0.0,False
2797,Broken,0.0,False
2798,Brand New,0.0,False
2798,Flawless,0.0,False
2798,Good,0.0,False
2798,Fair,0.0,False
2798,Minor Damage,0.0,False
2798,Broken,0.0,False
2799,Brand New,0.0,False
2799,Flawless,0.0,False
2799,Good,0.0,False
2799,Fair,0.0,False
2799,Minor Damage,0.0,False
2799,Broken,0.0,False
2800,Brand New,0.0,False
2800,Flawless,0.0,False
2800,Good,0.0,False
2800,Fair,0.0,False
2800,Minor Damage,0.0,False
2800,Broken,0.0,False
2801,Brand New,0.0,False
2801,Flawless,0.0,False
2801,Good,0.0,False
2801,Fair,0.0,False
2801,Minor Damage,0.0,False
2801,Broken,0.0,False
2802,Brand New,0.0,False
2802,Flawless,0.0,False
2802,Good,0.0,False
2802,Fair,0.0,False
2802,Minor Damage,0.0,False
2802,Broken,0.0,False
2803,Brand New,0.0,False
2803,Flawless,0.0,False
2803,Good,0.0,False
2803,Fair,0.0,False
2803,Minor Damage,0.0,False
2803,Broken,0.0,False
2804,Brand New,0.0,False
2804,Flawless,0.0,False
2804,Good,0.0,False
2804,Fair,0.0,False
2804,Minor Damage,0.0,False
2804,Broken,0.0,False
2805,Brand New,0.0,False
2805,Flawless,0.0,False
2805,Good,0.0,False
2805,Fair,0.0,False
2805,Minor Damage,0.0,False
2805,Broken,0.0,False
2806,Brand New,0.0,False
2806,Flawless,0.0,False
2806,Good,0.0,False
2806,Fair,0.0,False
2806,Minor Damage,0.0,False
2806,Broken,0.0,False
2807,Brand New,0.0,False
2807,Flawless,0.0,False
2807,Good,0.0,False
2807,Fair,0.0,False
2807,Minor Damage,0.0,False
2807,Broken,0.0,False
2808,Brand New,0.0,False
2808,Flawless,0.0,False
2808,Good,0.0,False
2808,Fair,0.0,False
2808,Minor Damage,0.0,False
2808,Broken,0.0,False
2809,Brand New,0.0,False
2809,Flawless,0.0,False
2809,Good,0.0,False
2809,Fair,0.0,False
2809,Minor Damage,0.0,False
2809,Broken,0.0,False
2810,Brand New,0.0,False
2810,Flawless,0.0,False
2810,Good,0.0,False
2810,Fair,0.0,False
2810,Minor Damage,0.0,False
2810,Broken,0.0,False
2811,Brand New,0.0,False
2811,Flawless,0.0,False
2811,Good,0.0,False
2811,Fair,0.0,False
2811,Minor Damage,0.0,False
2811,Broken,0.0,False
2812,Brand New,0.0,False
2812,Flawless,0.0,False
2812,Good,0.0,False
2812,Fair,0.0,False
2812,Minor Damage,0.0,False
2812,Broken,0.0,False
2813,Brand New,0.0,False
2813,Flawless,0.0,False
2813,Good,0.0,False
2813,Fair,0.0,False
2813,Minor Damage,0.0,False
2813,Broken,0.0,False
2814,Brand New,0.0,True
2814,Flawless,0.0,False
2814,Good,0.0,False
2814,Fair,0.0,False
2814,Minor Damage,0.0,False
2814,Broken,0.0,False
2815,Brand New,0.0,True
2815,Flawless,0.0,False
2815,Good,0.0,False
2815,Fair,0.0,False
2815,Minor Damage,0.0,False
2815,Broken,0.0,False
2816,Brand New,0.0,True
2816,Flawless,0.0,False
2816,Good,0.0,False
2816,Fair,0.0,False
2816,Minor Damage,0.0,False
2816,Broken,0.0,False
2817,Brand New,0.0,True
2817,Flawless,0.0,False
2817,Good,0.0,False
2817,Fair,0.0,False
2817,Minor Damage,0.0,False
2817,Broken,0.0,False
2818,Brand New,0.0,True
2818,Flawless,0.0,False
2818,Good,0.0,False
2818,Fair,0.0,False
2818,Minor Damage,0.0,False
2818,Broken,0.0,False
2819,Brand New,0.0,True
2819,Flawless,0.0,False
2819,Good,0.0,False
2819,Fair,0.0,False
2819,Minor Damage,0.0,False
2819,Broken,0.0,False
2820,Brand New,0.0,True
2820,Flawless,0.0,False
2820,Good,0.0,False
2820,Fair,0.0,False
2820,Minor Damage,0.0,False
2820,Broken,0.0,False
2821,Brand New,0.0,True
2821,Flawless,0.0,False
2821,Good,0.0,False
2821,Fair,0.0,False
2821,Minor Damage,0.0,False
2821,Broken,0.0,False
2822,Brand New,0.0,True
2822,Flawless,0.0,False
2822,Good,0.0,False
2822,Fair,0.0,False
2822,Minor Damage,0.0,False
2822,Broken,0.0,False
2823,Brand New,0.0,True
2823,Flawless,0.0,False
2823,Good,0.0,False
2823,Fair,0.0,False
2823,Minor Damage,0.0,False
2823,Broken,0.0,False
2824,Brand New,0.0,True
2824,Flawless,0.0,False
2824,Good,0.0,False
2824,Fair,0.0,False
2824,Minor Damage,0.0,False
2824,Broken,0.0,False
2825,Brand New,0.0,True
2825,Flawless,0.0,False
2825,Good,0.0,False
2825,Fair,0.0,False
2825,Minor Damage,0.0,False
2825,Broken,0.0,False
2826,Brand New,0.0,True
2826,Flawless,0.0,False
2826,Good,0.0,False
2826,Fair,0.0,False
2826,Minor Damage,0.0,False
2826,Broken,0.0,False
2827,Brand New,0.0,True
2827,Flawless,0.0,False
2827,Good,0.0,False
2827,Fair,0.0,False
2827,Minor Damage,0.0,False
2827,Broken,0.0,False
2828,Brand New,0.0,True
2828,Flawless,0.0,False
2828,Good,0.0,False
2828,Fair,0.0,False
2828,Minor Damage,0.0,False
2828,Broken,0.0,False
2829,Brand New,0.0,True
2829,Flawless,0.0,False
2829,Good,0.0,False
2829,Fair,0.0,False
2829,Minor Damage,0.0,False
2829,Broken,0.0,False
2830,Brand New,0.0,True
2830,Flawless,0.0,False
2830,Good,0.0,False
2830,Fair,0.0,False
2830,Minor Damage,0.0,False
2830,Broken,0.0,False
2831,Brand New,0.0,True
2831,Flawless,0.0,False
2831,Good,0.0,False
2831,Fair,0.0,False
2831,Minor Damage,0.0,False
2831,Broken,0.0,False
2832,Brand New,0.0,True
2832,Flawless,0.0,False
2832,Good,0.0,False
2832,Fair,0.0,False
2832,Minor Damage,0.0,False
2832,Broken,0.0,False
2833,Brand New,45.0,True
2833,Flawless,25.0,True
2833,Good,15.0,True
2833,Fair,5.0,True
2833,Minor Damage,0.0,True
2833,Broken,0.0,True
2834,Brand New,50.0,True
2834,Flawless,30.0,True
2834,Good,20.0,True
2834,Fair,10.0,True
2834,Minor Damage,0.0,True
2834,Broken,0.0,True
2835,Brand New,60.0,True
2835,Flawless,40.0,True
2835,Good,30.0,True
2835,Fair,15.0,True
2835,Minor Damage,0.0,True
2835,Broken,0.0,True
2836,Brand New,70.0,True
2836,Flawless,50.0,True
2836,Good,40.0,True
2836,Fair,25.0,True
2836,Minor Damage,0.0,True
2836,Broken,0.0,True
2837,Brand New,75.0,True
2837,Flawless,55.0,True
2837,Good,35.0,True
2837,Fair,20.0,True
2837,Minor Damage,0.0,True
2837,Broken,0.0,True
2838,Brand New,100.0,True
2838,Flawless,80.0,True
2838,Good,60.0,True
2838,Fair,40.0,True
2838,Minor Damage,0.0,True
2838,Broken,0.0,True
2839,Brand New,270.0,True
2839,Flawless,230.0,True
2839,Good,180.0,True
2839,Fair,90.0,True
2839,Minor Damage,0.0,True
2839,Broken,0.0,True
2840,Brand New,300.0,True
2840,Flawless,260.0,True
2840,Good,200.0,True
2840,Fair,105.0,True
2840,Minor Damage,0.0,True
2840,Broken,0.0,True
2841,Brand New,315.0,True
2841,Flawless,275.0,True
2841,Good,215.0,True
2841,Fair,125.0,True
2841,Minor Damage,0.0,True
2841,Broken,0.0,True
2842,Brand New,245.0,True
2842,Flawless,205.0,True
2842,Good,160.0,True
2842,Fair,105.0,True
2842,Minor Damage,0.0,True
2842,Broken,0.0,True
2843,Brand New,490.0,True
2843,Flawless,440.0,True
2843,Good,370.0,True
2843,Fair,250.0,True
2843,Minor Damage,0.0,True
2843,Broken,0.0,True
2844,Brand New,60.0,True
2844,Flawless,40.0,True
2844,Good,20.0,True
2844,Fair,10.0,True
2844,Minor Damage,0.0,True
2844,Broken,0.0,True
2845,Brand New,0.0,True
2845,Flawless,0.0,False
2845,Good,0.0,False
2845,Fair,0.0,False
2845,Minor Damage,0.0,False
2845,Broken,0.0,False
2846,Brand New,430.0,True
2846,Flawless,345.0,True
2846,Good,290.0,True
2846,Fair,235.0,True
2846,Minor Damage,0.0,True
2846,Broken,0.0,True
2847,Brand New,485.0,True
2847,Flawless,375.0,True
2847,Good,315.0,True
2847,Fair,215.0,True
2847,Minor Damage,0.0,True
2847,Broken,0.0,True
2848,Brand New,0.0,False
2848,Flawless,0.0,True
2848,Good,0.0,True
2848,Fair,0.0,True
2848,Minor Damage,0.0,True
2848,Broken,0.0,True
2849,Brand New,0.0,False
2849,Flawless,60.0,True
2849,Good,50.0,True
2849,Fair,40.0,True
2849,Minor Damage,0.0,True
2849,Broken,0.0,True
2850,Brand New,0.0,False
2850,Flawless,0.0,False
2850,Good,0.0,False
2850,Fair,0.0,False
2850,Minor Damage,0.0,False
2850,Broken,0.0,False
2851,Brand New,0.0,False
2851,Flawless,0.0,False
2851,Good,0.0,False
2851,Fair,0.0,False
2851,Minor Damage,0.0,False
2851,Broken,0.0,False
2852,Brand New,0.0,False
2852,Flawless,0.0,False
2852,Good,0.0,False
2852,Fair,0.0,False
2852,Minor Damage,0.0,False
2852,Broken,0.0,False
2853,Brand New,0.0,False
2853,Flawless,0.0,False
2853,Good,0.0,False
2853,Fair,0.0,False
2853,Minor Damage,0.0,False
2853,Broken,0.0,False
2854,Brand New,0.0,False
2854,Flawless,0.0,True
2854,Good,0.0,True
2854,Fair,0.0,True
2854,Minor Damage,0.0,True
2854,Broken,0.0,True
2855,Brand New,0.0,False
2855,Flawless,0.0,False
2855,Good,0.0,False
2855,Fair,0.0,False
2855,Minor Damage,0.0,False
2855,Broken,0.0,False
2856,Brand New,0.0,False
2856,Flawless,50.0,True
2856,Good,30.0,True
2856,Fair,10.0,True
2856,Minor Damage,0.0,True
2856,Broken,0.0,True
2857,Brand New,0.0,False
2857,Flawless,64.0,True
2857,Good,45.0,True
2857,Fair,25.0,True
2857,Minor Damage,0.0,True
2857,Broken,0.0,True
2858,Brand New,0.0,False
2858,Flawless,65.0,True
2858,Good,45.0,True
2858,Fair,10.0,True
2858,Minor Damage,0.0,True
2858,Broken,0.0,True
2859,Brand New,0.0,False
2859,Flawless,0.0,False
2859,Good,0.0,False
2859,Fair,0.0,False
2859,Minor Damage,0.0,False
2859,Broken,0.0,False
2860,Brand New,0.0,False
2860,Flawless,0.0,False
2860,Good,0.0,False
2860,Fair,0.0,False
2860,Minor Damage,0.0,False
2860,Broken,0.0,False
2861,Brand New,0.0,False
2861,Flawless,85.0,True
2861,Good,55.0,True
2861,Fair,25.0,True
2861,Minor Damage,0.0,True
2861,Broken,0.0,True
2862,Brand New,0.0,False
2862,Flawless,50.0,True
2862,Good,40.0,True
2862,Fair,15.0,True
2862,Minor Damage,0.0,True
2862,Broken,0.0,True
2863,Brand New,0.0,False
2863,Flawless,100.0,True
2863,Good,80.0,True
2863,Fair,50.0,True
2863,Minor Damage,0.0,True
2863,Broken,0.0,True
2864,Brand New,0.0,True
2864,Flawless,0.0,True
2864,Good,0.0,True
2864,Fair,0.0,True
2864,Minor Damage,0.0,True
2864,Broken,0.0,True
2865,Broken,0.0,True
2866,Brand New,1150.0,True
2866,Flawless,1100.0,True
2866,Good,850.0,True
2866,Fair,400.0,True
2866,Minor Damage,0.0,True
2866,Broken,0.0,True
2867,Brand New,1890.0,True
2867,Flawless,1790.0,True
2867,Good,1490.0,True
2867,Fair,1040.0,True
2867,Minor Damage,0.0,True
2867,Broken,0.0,True
2868,Brand New,2040.0,True
2868,Flawless,1940.0,True
2868,Good,1640.0,True
2868,Fair,1190.0,True
2868,Minor Damage,0.0,True
2868,Broken,0.0,True
2869,Brand New,2190.0,True
2869,Flawless,2090.0,True
2869,Good,1790.0,True
2869,Fair,1340.0,True
2869,Minor Damage,0.0,True
2869,Broken,0.0,True
2870,Brand New,1000.0,True
2870,Flawless,950.0,True
2870,Good,700.0,True
2870,Fair,250.0,True
2870,Minor Damage,0.0,True
2870,Broken,0.0,True
2865,Brand New,1050.0,True
2865,Flawless,1000.0,True
2865,Good,750.0,True
2865,Fair,300.0,True
2865,Minor Damage,0.0,True
2871,Brand New,0.0,False
2871,Flawless,0.0,False
2871,Good,0.0,False
2871,Fair,0.0,False
2871,Minor Damage,0.0,False
2871,Broken,0.0,False
2872,Brand New,0.0,False
2872,Flawless,0.0,False
2872,Good,0.0,False
2872,Fair,0.0,False
2872,Minor Damage,0.0,False
2872,Broken,0.0,False
2873,Brand New,0.0,False
2873,Flawless,0.0,False
2873,Good,0.0,False
2873,Fair,0.0,False
2873,Minor Damage,0.0,False
2873,Broken,0.0,False
2874,Brand New,0.0,False
2874,Flawless,0.0,False
2874,Good,0.0,False
2874,Fair,0.0,False
2874,Minor Damage,0.0,False
2874,Broken,0.0,False
2875,Brand New,0.0,False
2875,Flawless,0.0,False
2875,Good,0.0,False
2875,Fair,0.0,False
2875,Minor Damage,0.0,False
2875,Broken,0.0,False
2876,Brand New,205.0,True
2876,Flawless,165.0,True
2876,Good,125.0,True
2876,Fair,75.0,True
2876,Minor Damage,0.0,True
2876,Broken,0.0,True
2877,Brand New,0.0,False
2877,Flawless,0.0,False
2877,Good,0.0,False
2877,Fair,0.0,False
2877,Minor Damage,0.0,False
2877,Broken,0.0,False
2878,Brand New,0.0,False
2878,Flawless,0.0,False
2878,Good,0.0,False
2878,Fair,0.0,False
2878,Minor Damage,0.0,False
2878,Broken,0.0,False
2879,Brand New,0.0,False
2879,Flawless,0.0,False
2879,Good,0.0,False
2879,Fair,0.0,False
2879,Minor Damage,0.0,False
2879,Broken,0.0,False
2880,Brand New,0.0,False
2880,Flawless,0.0,False
2880,Good,0.0,False
2880,Fair,0.0,False
2880,Minor Damage,0.0,False
2880,Broken,0.0,False
2881,Brand New,0.0,False
2881,Flawless,0.0,False
2881,Good,0.0,False
2881,Fair,0.0,False
2881,Minor Damage,0.0,False
2881,Broken,0.0,False
2882,Brand New,0.0,False
2882,Flawless,0.0,False
2882,Good,0.0,False
2882,Fair,0.0,False
2882,Minor Damage,0.0,False
2882,Broken,0.0,False
2883,Brand New,0.0,False
2883,Flawless,0.0,False
2883,Good,0.0,False
2883,Fair,0.0,False
2883,Minor Damage,0.0,False
2883,Broken,0.0,False
2884,Brand New,0.0,False
2884,Flawless,0.0,False
2884,Good,0.0,False
2884,Fair,0.0,False
2884,Minor Damage,0.0,False
2884,Broken,0.0,False
2885,Brand New,0.0,False
2885,Flawless,0.0,False
2885,Good,0.0,False
2885,Fair,0.0,False
2885,Minor Damage,0.0,False
2885,Broken,0.0,False
2886,Brand New,0.0,False
2886,Flawless,0.0,False
2886,Good,0.0,False
2886,Fair,0.0,False
2886,Minor Damage,0.0,False
2886,Broken,0.0,False
2887,Brand New,0.0,False
2887,Flawless,0.0,False
2887,Good,0.0,False
2887,Fair,0.0,False
2887,Minor Damage,0.0,False
2887,Broken,0.0,False
2888,Brand New,0.0,False
2888,Flawless,0.0,False
2888,Good,0.0,False
2888,Fair,0.0,False
2888,Minor Damage,0.0,False
2888,Broken,0.0,False
2889,Brand New,0.0,False
2889,Flawless,0.0,False
2889,Good,0.0,False
2889,Fair,0.0,False
2889,Minor Damage,0.0,False
2889,Broken,0.0,False
2890,Brand New,0.0,False
2890,Flawless,0.0,False
2890,Good,0.0,False
2890,Fair,0.0,False
2890,Minor Damage,0.0,False
2890,Broken,0.0,False
2891,Brand New,0.0,False
2891,Flawless,0.0,False
2891,Good,0.0,False
2891,Fair,0.0,False
2891,Minor Damage,0.0,False
2891,Broken,0.0,False
2892,Brand New,0.0,False
2892,Flawless,0.0,False
2892,Good,0.0,False
2892,Fair,0.0,False
2892,Minor Damage,0.0,False
2892,Broken,0.0,False
2893,Brand New,0.0,False
2893,Flawless,0.0,False
2893,Good,0.0,False
2893,Fair,0.0,False
2893,Minor Damage,0.0,False
2893,Broken,0.0,False
2894,Brand New,0.0,False
2894,Flawless,0.0,False
2894,Good,0.0,False
2894,Fair,0.0,False
2894,Minor Damage,0.0,False
2894,Broken,0.0,False
2895,Brand New,0.0,False
2895,Flawless,0.0,False
2895,Good,0.0,False
2895,Fair,0.0,False
2895,Minor Damage,0.0,False
2895,Broken,0.0,False
2896,Brand New,0.0,False
2896,Flawless,0.0,False
2896,Good,0.0,False
2896,Fair,0.0,False
2896,Minor Damage,0.0,False
2896,Broken,0.0,False
2897,Brand New,0.0,False
2897,Flawless,0.0,False
2897,Good,0.0,False
2897,Fair,0.0,False
2897,Minor Damage,0.0,False
2897,Broken,0.0,False
2898,Brand New,0.0,False
2898,Flawless,0.0,False
2898,Good,0.0,False
2898,Fair,0.0,False
2898,Minor Damage,0.0,False
2898,Broken,0.0,False
2899,Brand New,0.0,False
2899,Flawless,0.0,False
2899,Good,0.0,False
2899,Fair,0.0,False
2899,Minor Damage,0.0,False
2899,Broken,0.0,False
2900,Brand New,0.0,False
2900,Flawless,0.0,False
2900,Good,0.0,False
2900,Fair,0.0,False
2900,Minor Damage,0.0,False
2900,Broken,0.0,False
2901,Brand New,0.0,False
2901,Flawless,0.0,False
2901,Good,0.0,False
2901,Fair,0.0,False
2901,Minor Damage,0.0,False
2901,Broken,0.0,False
2902,Brand New,0.0,False
2902,Flawless,0.0,False
2902,Good,0.0,False
2902,Fair,0.0,False
2902,Minor Damage,0.0,False
2902,Broken,0.0,False
2903,Brand New,0.0,False
2903,Flawless,0.0,False
2903,Good,0.0,False
2903,Fair,0.0,False
2903,Minor Damage,0.0,False
2903,Broken,0.0,False
2904,Brand New,0.0,False
2904,Flawless,0.0,False
2904,Good,0.0,False
2904,Fair,0.0,False
2904,Minor Damage,0.0,False
2904,Broken,0.0,False
2905,Brand New,0.0,False
2905,Flawless,30.0,True
2905,Good,25.0,True
2905,Fair,15.0,True
2905,Minor Damage,0.0,True
2905,Broken,0.0,True
2906,Brand New,0.0,False
2906,Flawless,60.0,True
2906,Good,40.0,True
2906,Fair,20.0,True
2906,Minor Damage,0.0,True
2906,Broken,0.0,True
2907,Brand New,0.0,False
2907,Flawless,70.0,True
2907,Good,50.0,True
2907,Fair,30.0,True
2907,Minor Damage,0.0,True
2907,Broken,0.0,True
2908,Brand New,0.0,False
2908,Flawless,0.0,False
2908,Good,0.0,False
2908,Fair,0.0,False
2908,Minor Damage,0.0,False
2908,Broken,0.0,False
2909,Brand New,0.0,False
2909,Flawless,0.0,False
2909,Good,0.0,False
2909,Fair,0.0,False
2909,Minor Damage,0.0,False
2909,Broken,0.0,False
2910,Brand New,0.0,False
2910,Flawless,0.0,False
2910,Good,0.0,False
2910,Fair,0.0,False
2910,Minor Damage,0.0,False
2910,Broken,0.0,False
2911,Brand New,0.0,False
2911,Flawless,0.0,False
2911,Good,0.0,False
2911,Fair,0.0,False
2911,Minor Damage,0.0,False
2911,Broken,0.0,False
2912,Brand New,0.0,False
2912,Flawless,0.0,False
2912,Good,0.0,False
2912,Fair,0.0,False
2912,Minor Damage,0.0,False
2912,Broken,0.0,False
2913,Brand New,0.0,False
2913,Flawless,0.0,False
2913,Good,0.0,False
2913,Fair,0.0,False
2913,Minor Damage,0.0,False
2913,Broken,0.0,False
2914,Brand New,0.0,False
2914,Flawless,0.0,False
2914,Good,0.0,False
2914,Fair,0.0,False
2914,Minor Damage,0.0,False
2914,Broken,0.0,False
2915,Brand New,0.0,False
2915,Flawless,0.0,False
2915,Good,0.0,False
2915,Fair,0.0,False
2915,Minor Damage,0.0,False
2915,Broken,0.0,False
2916,Brand New,0.0,False
2916,Flawless,0.0,False
2916,Good,0.0,False
2916,Fair,0.0,False
2916,Minor Damage,0.0,False
2916,Broken,0.0,False
2917,Brand New,0.0,False
2917,Flawless,0.0,False
2917,Good,0.0,False
2917,Fair,0.0,False
2917,Minor Damage,0.0,False
2917,Broken,0.0,False
2918,Brand New,0.0,False
2918,Flawless,0.0,False
2918,Good,0.0,False
2918,Fair,0.0,False
2918,Minor Damage,0.0,False
2918,Broken,0.0,False
2919,Brand New,0.0,False
2919,Flawless,0.0,False
2919,Good,0.0,False
2919,Fair,0.0,False
2919,Minor Damage,0.0,False
2919,Broken,0.0,False
2920,Brand New,0.0,False
2920,Flawless,0.0,False
2920,Good,0.0,False
2920,Fair,0.0,False
2920,Minor Damage,0.0,False
2920,Broken,0.0,False
2921,Brand New,0.0,False
2921,Flawless,0.0,False
2921,Good,0.0,False
2921,Fair,0.0,False
2921,Minor Damage,0.0,False
2921,Broken,0.0,False
2922,Brand New,0.0,False
2922,Flawless,0.0,False
2922,Good,0.0,False
2922,Fair,0.0,False
2922,Minor Damage,0.0,False
2922,Broken,0.0,False
2923,Brand New,0.0,False
2923,Flawless,0.0,False
2923,Good,0.0,False
2923,Fair,0.0,False
2923,Minor Damage,0.0,False
2923,Broken,0.0,False
2924,Brand New,0.0,False
2924,Flawless,0.0,False
2924,Good,0.0,False
2924,Fair,0.0,False
2924,Minor Damage,0.0,False
2924,Broken,0.0,False
2925,Brand New,0.0,False
2925,Flawless,0.0,False
2925,Good,0.0,False
2925,Fair,0.0,False
2925,Minor Damage,0.0,False
2925,Broken,0.0,False
2926,Brand New,0.0,False
2926,Flawless,0.0,False
2926,Good,0.0,False
2926,Fair,0.0,False
2926,Minor Damage,0.0,False
2926,Broken,0.0,False
2927,Brand New,0.0,False
2927,Flawless,0.0,False
2927,Good,0.0,False
2927,Fair,0.0,False
2927,Minor Damage,0.0,False
2927,Broken,0.0,False
2928,Brand New,0.0,False
2928,Flawless,0.0,False
2928,Good,0.0,False
2928,Fair,0.0,False
2928,Minor Damage,0.0,False
2928,Broken,0.0,False
2929,Brand New,0.0,False
2929,Flawless,0.0,False
2929,Good,0.0,False
2929,Fair,0.0,False
2929,Minor Damage,0.0,False
2929,Broken,0.0,False
2930,Brand New,0.0,False
2930,Flawless,0.0,False
2930,Good,0.0,False
2930,Fair,0.0,False
2930,Minor Damage,0.0,False
2930,Broken,0.0,False
2931,Brand New,0.0,False
2931,Flawless,0.0,False
2931,Good,0.0,False
2931,Fair,0.0,False
2931,Minor Damage,0.0,False
2931,Broken,0.0,False
2932,Brand New,0.0,False
2932,Flawless,0.0,False
2932,Good,0.0,False
2932,Fair,0.0,False
2932,Minor Damage,0.0,False
2932,Broken,0.0,False
2933,Brand New,0.0,False
2933,Flawless,0.0,False
2933,Good,0.0,False
2933,Fair,0.0,False
2933,Minor Damage,0.0,False
2933,Broken,0.0,False
2934,Brand New,0.0,False
2934,Flawless,0.0,False
2934,Good,0.0,False
2934,Fair,0.0,False
2934,Minor Damage,0.0,False
2934,Broken,0.0,False
2935,Brand New,0.0,False
2935,Flawless,0.0,False
2935,Good,0.0,False
2935,Fair,0.0,False
2935,Minor Damage,0.0,False
2935,Broken,0.0,False
2936,Brand New,0.0,False
2936,Flawless,0.0,False
2936,Good,0.0,False
2936,Fair,0.0,False
2936,Minor Damage,0.0,False
2936,Broken,0.0,False
2937,Brand New,0.0,False
2937,Flawless,0.0,False
2937,Good,0.0,False
2937,Fair,0.0,False
2937,Minor Damage,0.0,False
2937,Broken,0.0,False
2938,Brand New,0.0,False
2938,Flawless,0.0,False
2938,Good,0.0,False
2938,Fair,0.0,False
2938,Minor Damage,0.0,False
2938,Broken,0.0,False
2939,Brand New,0.0,False
2939,Flawless,0.0,False
2939,Good,0.0,False
2939,Fair,0.0,False
2939,Minor Damage,0.0,False
2939,Broken,0.0,False
2940,Brand New,0.0,False
2940,Flawless,0.0,False
2940,Good,0.0,False
2940,Fair,0.0,False
2940,Minor Damage,0.0,False
2940,Broken,0.0,False
2941,Brand New,0.0,False
2941,Flawless,0.0,False
2941,Good,0.0,False
2941,Fair,0.0,False
2941,Minor Damage,0.0,False
2941,Broken,0.0,False
2942,Brand New,0.0,False
2942,Flawless,0.0,False
2942,Good,0.0,False
2942,Fair,0.0,False
2942,Minor Damage,0.0,False
2942,Broken,0.0,False
2943,Brand New,0.0,False
2943,Flawless,0.0,False
2943,Good,0.0,False
2943,Fair,0.0,False
2943,Minor Damage,0.0,False
2943,Broken,0.0,False
2944,Brand New,0.0,False
2944,Flawless,0.0,False
2944,Good,0.0,False
2944,Fair,0.0,False
2944,Minor Damage,0.0,False
2944,Broken,0.0,False
2945,Brand New,0.0,False
2945,Flawless,0.0,False
2945,Good,0.0,False
2945,Fair,0.0,False
2945,Minor Damage,0.0,False
2945,Broken,0.0,False
2946,Brand New,0.0,False
2946,Flawless,0.0,False
2946,Good,0.0,False
2946,Fair,0.0,False
2946,Minor Damage,0.0,False
2946,Broken,0.0,False
2947,Brand New,0.0,False
2947,Flawless,0.0,False
2947,Good,0.0,False
2947,Fair,0.0,False
2947,Minor Damage,0.0,False
2947,Broken,0.0,False
2948,Brand New,0.0,False
2948,Flawless,0.0,False
2948,Good,0.0,False
2948,Fair,0.0,False
2948,Minor Damage,0.0,False
2948,Broken,0.0,False
2949,Brand New,0.0,False
2949,Flawless,0.0,False
2949,Good,0.0,False
2949,Fair,0.0,False
2949,Minor Damage,0.0,False
2949,Broken,0.0,False
2950,Brand New,0.0,False
2950,Flawless,0.0,False
2950,Good,0.0,False
2950,Fair,0.0,False
2950,Minor Damage,0.0,False
2950,Broken,0.0,False
2951,Brand New,0.0,False
2951,Flawless,0.0,False
2951,Good,0.0,False
2951,Fair,0.0,False
2951,Minor Damage,0.0,False
2951,Broken,0.0,False
2952,Brand New,0.0,False
2952,Flawless,0.0,False
2952,Good,0.0,False
2952,Fair,0.0,False
2952,Minor Damage,0.0,False
2952,Broken,0.0,False
2953,Brand New,0.0,False
2953,Flawless,0.0,False
2953,Good,0.0,False
2953,Fair,0.0,False
2953,Minor Damage,0.0,False
2953,Broken,0.0,False
2954,Brand New,0.0,False
2954,Flawless,0.0,False
2954,Good,0.0,False
2954,Fair,0.0,False
2954,Minor Damage,0.0,False
2954,Broken,0.0,False
2955,Brand New,0.0,False
2955,Flawless,0.0,False
2955,Good,0.0,False
2955,Fair,0.0,False
2955,Minor Damage,0.0,False
2955,Broken,0.0,False
2956,Brand New,0.0,False
2956,Flawless,0.0,False
2956,Good,0.0,False
2956,Fair,0.0,False
2956,Minor Damage,0.0,False
2956,Broken,0.0,False
2957,Brand New,0.0,False
2957,Flawless,0.0,False
2957,Good,0.0,False
2957,Fair,0.0,False
2957,Minor Damage,0.0,False
2957,Broken,0.0,False
2958,Brand New,0.0,False
2958,Flawless,0.0,False
2958,Good,0.0,False
2958,Fair,0.0,False
2958,Minor Damage,0.0,False
2958,Broken,0.0,False
2959,Brand New,0.0,False
2959,Flawless,0.0,False
2959,Good,0.0,False
2959,Fair,0.0,False
2959,Minor Damage,0.0,False
2959,Broken,0.0,False
2960,Brand New,0.0,False
2960,Flawless,0.0,False
2960,Good,0.0,False
2960,Fair,0.0,False
2960,Minor Damage,0.0,False
2960,Broken,0.0,False
2961,Brand New,0.0,False
2961,Flawless,0.0,False
2961,Good,0.0,False
2961,Fair,0.0,False
2961,Minor Damage,0.0,False
2961,Broken,0.0,False
2962,Brand New,0.0,False
2962,Flawless,0.0,False
2962,Good,0.0,False
2962,Fair,0.0,False
2962,Minor Damage,0.0,False
2962,Broken,0.0,False
2963,Brand New,0.0,False
2963,Flawless,0.0,False
2963,Good,0.0,False
2963,Fair,0.0,False
2963,Minor Damage,0.0,False
2963,Broken,0.0,False
2964,Brand New,0.0,False
2964,Flawless,0.0,False
2964,Good,0.0,False
2964,Fair,0.0,False
2964,Minor Damage,0.0,False
2964,Broken,0.0,False
2965,Brand New,0.0,False
2965,Flawless,0.0,False
2965,Good,0.0,False
2965,Fair,0.0,False
2965,Minor Damage,0.0,False
2965,Broken,0.0,False
2966,Brand New,0.0,False
2966,Flawless,0.0,False
2966,Good,0.0,False
2966,Fair,0.0,False
2966,Minor Damage,0.0,False
2966,Broken,0.0,False
2967,Brand New,0.0,False
2967,Flawless,0.0,False
2967,Good,0.0,False
2967,Fair,0.0,False
2967,Minor Damage,0.0,False
2967,Broken,0.0,False
2968,Brand New,0.0,False
2968,Flawless,0.0,False
2968,Good,0.0,False
2968,Fair,0.0,False
2968,Minor Damage,0.0,False
2968,Broken,0.0,False
2969,Brand New,0.0,False
2969,Flawless,0.0,False
2969,Good,0.0,False
2969,Fair,0.0,False
2969,Minor Damage,0.0,False
2969,Broken,0.0,False
2970,Brand New,0.0,False
2970,Flawless,0.0,False
2970,Good,0.0,False
2970,Fair,0.0,False
2970,Minor Damage,0.0,False
2970,Broken,0.0,False
2971,Brand New,0.0,False
2971,Flawless,0.0,False
2971,Good,0.0,False
2971,Fair,0.0,False
2971,Minor Damage,0.0,False
2971,Broken,0.0,False
2972,Brand New,0.0,False
2972,Flawless,0.0,False
2972,Good,0.0,False
2972,Fair,0.0,False
2972,Minor Damage,0.0,False
2972,Broken,0.0,False
2973,Brand New,0.0,False
2973,Flawless,0.0,False
2973,Good,0.0,False
2973,Fair,0.0,False
2973,Minor Damage,0.0,False
2973,Broken,0.0,False
2974,Brand New,0.0,False
2974,Flawless,0.0,False
2974,Good,0.0,False
2974,Fair,0.0,False
2974,Minor Damage,0.0,False
2974,Broken,0.0,False
2975,Brand New,0.0,False
2975,Flawless,0.0,False
2975,Good,0.0,False
2975,Fair,0.0,False
2975,Minor Damage,0.0,False
2975,Broken,0.0,False
2976,Brand New,0.0,False
2976,Flawless,0.0,False
2976,Good,0.0,False
2976,Fair,0.0,False
2976,Minor Damage,0.0,False
2976,Broken,0.0,False
2977,Brand New,0.0,False
2977,Flawless,0.0,False
2977,Good,0.0,False
2977,Fair,0.0,False
2977,Minor Damage,0.0,False
2977,Broken,0.0,False
2978,Brand New,0.0,False
2978,Flawless,0.0,False
2978,Good,0.0,False
2978,Fair,0.0,False
2978,Minor Damage,0.0,False
2978,Broken,0.0,False
2979,Brand New,0.0,False
2979,Flawless,0.0,False
2979,Good,0.0,False
2979,Fair,0.0,False
2979,Minor Damage,0.0,False
2979,Broken,0.0,False
2980,Brand New,0.0,False
2980,Flawless,0.0,False
2980,Good,0.0,False
2980,Fair,0.0,False
2980,Minor Damage,0.0,False
2980,Broken,0.0,False
2981,Brand New,0.0,False
2981,Flawless,0.0,False
2981,Good,0.0,False
2981,Fair,0.0,False
2981,Minor Damage,0.0,False
2981,Broken,0.0,False
2982,Brand New,0.0,False
2982,Flawless,0.0,False
2982,Good,0.0,False
2982,Fair,0.0,False
2982,Minor Damage,0.0,False
2982,Broken,0.0,False
2983,Brand New,0.0,False
2983,Flawless,0.0,False
2983,Good,0.0,False
2983,Fair,0.0,False
2983,Minor Damage,0.0,False
2983,Broken,0.0,False
2984,Brand New,0.0,False
2984,Flawless,0.0,False
2984,Good,0.0,False
2984,Fair,0.0,False
2984,Minor Damage,0.0,False
2984,Broken,0.0,False
2985,Brand New,0.0,False
2985,Flawless,0.0,False
2985,Good,0.0,False
2985,Fair,0.0,False
2985,Minor Damage,0.0,False
2985,Broken,0.0,False
2986,Brand New,0.0,False
2986,Flawless,0.0,False
2986,Good,0.0,False
2986,Fair,0.0,False
2986,Minor Damage,0.0,False
2986,Broken,0.0,False
2987,Brand New,0.0,False
2987,Flawless,0.0,False
2987,Good,0.0,False
2987,Fair,0.0,False
2987,Minor Damage,0.0,False
2987,Broken,0.0,False
2988,Brand New,0.0,False
2988,Flawless,0.0,False
2988,Good,0.0,False
2988,Fair,0.0,False
2988,Minor Damage,0.0,False
2988,Broken,0.0,False
2989,Brand New,0.0,False
2989,Flawless,0.0,False
2989,Good,0.0,False
2989,Fair,0.0,False
2989,Minor Damage,0.0,False
2989,Broken,0.0,False
2990,Brand New,0.0,False
2990,Flawless,0.0,False
2990,Good,0.0,False
2990,Fair,0.0,False
2990,Minor Damage,0.0,False
2990,Broken,0.0,False
2991,Brand New,0.0,False
2991,Flawless,0.0,False
2991,Good,0.0,False
2991,Fair,0.0,False
2991,Minor Damage,0.0,False
2991,Broken,0.0,False
2992,Brand New,0.0,False
2992,Flawless,0.0,False
2992,Good,0.0,False
2992,Fair,0.0,False
2992,Minor Damage,0.0,False
2992,Broken,0.0,False
2993,Brand New,0.0,False
2993,Flawless,0.0,False
2993,Good,0.0,False
2993,Fair,0.0,False
2993,Minor Damage,0.0,False
2993,Broken,0.0,False
2994,Brand New,0.0,False
2994,Flawless,0.0,False
2994,Good,0.0,False
2994,Fair,0.0,False
2994,Minor Damage,0.0,False
2994,Broken,0.0,False
2995,Brand New,0.0,False
2995,Flawless,0.0,False
2995,Good,0.0,False
2995,Fair,0.0,False
2995,Minor Damage,0.0,False
2995,Broken,0.0,False
2996,Brand New,0.0,False
2996,Flawless,0.0,False
2996,Good,0.0,False
2996,Fair,0.0,False
2996,Minor Damage,0.0,False
2996,Broken,0.0,False
2997,Brand New,0.0,False
2997,Flawless,0.0,False
2997,Good,0.0,False
2997,Fair,0.0,False
2997,Minor Damage,0.0,False
2997,Broken,0.0,False
2998,Brand New,0.0,False
2998,Flawless,0.0,False
2998,Good,0.0,False
2998,Fair,0.0,False
2998,Minor Damage,0.0,False
2998,Broken,0.0,False
2999,Brand New,0.0,False
2999,Flawless,0.0,False
2999,Good,0.0,False
2999,Fair,0.0,False
2999,Minor Damage,0.0,False
2999,Broken,0.0,False
3000,Brand New,0.0,False
3000,Flawless,0.0,False
3000,Good,0.0,False
3000,Fair,0.0,False
3000,Minor Damage,0.0,False
3000,Broken,0.0,False
3001,Brand New,0.0,False
3001,Flawless,0.0,False
3001,Good,0.0,False
3001,Fair,0.0,False
3001,Minor Damage,0.0,False
3001,Broken,0.0,False
3002,Brand New,0.0,False
3002,Flawless,0.0,False
3002,Good,0.0,False
3002,Fair,0.0,False
3002,Minor Damage,0.0,False
3002,Broken,0.0,False
3003,Brand New,0.0,False
3003,Flawless,0.0,False
3003,Good,0.0,False
3003,Fair,0.0,False
3003,Minor Damage,0.0,False
3003,Broken,0.0,False
3004,Brand New,0.0,False
3004,Flawless,0.0,False
3004,Good,0.0,False
3004,Fair,0.0,False
3004,Minor Damage,0.0,False
3004,Broken,0.0,False
3005,Brand New,0.0,False
3005,Flawless,0.0,False
3005,Good,0.0,False
3005,Fair,0.0,False
3005,Minor Damage,0.0,False
3005,Broken,0.0,False
3006,Brand New,0.0,False
3006,Flawless,0.0,False
3006,Good,0.0,False
3006,Fair,0.0,False
3006,Minor Damage,0.0,False
3006,Broken,0.0,False
3007,Brand New,0.0,False
3007,Flawless,0.0,False
3007,Good,0.0,False
3007,Fair,0.0,False
3007,Minor Damage,0.0,False
3007,Broken,0.0,False
3008,Brand New,0.0,False
3008,Flawless,0.0,False
3008,Good,0.0,False
3008,Fair,0.0,False
3008,Minor Damage,0.0,False
3008,Broken,0.0,False
3009,Brand New,0.0,False
3009,Flawless,0.0,False
3009,Good,0.0,False
3009,Fair,0.0,False
3009,Minor Damage,0.0,False
3009,Broken,0.0,False
3010,Brand New,0.0,False
3010,Flawless,0.0,False
3010,Good,0.0,False
3010,Fair,0.0,False
3010,Minor Damage,0.0,False
3010,Broken,0.0,False
3011,Brand New,0.0,False
3011,Flawless,0.0,False
3011,Good,0.0,False
3011,Fair,0.0,False
3011,Minor Damage,0.0,False
3011,Broken,0.0,False
3012,Brand New,0.0,False
3012,Flawless,0.0,False
3012,Good,0.0,False
3012,Fair,0.0,False
3012,Minor Damage,0.0,False
3012,Broken,0.0,False
3013,Brand New,0.0,False
3013,Flawless,0.0,False
3013,Good,0.0,False
3013,Fair,0.0,False
3013,Minor Damage,0.0,False
3013,Broken,0.0,False
3014,Brand New,0.0,False
3014,Flawless,0.0,False
3014,Good,0.0,False
3014,Fair,0.0,False
3014,Minor Damage,0.0,False
3014,Broken,0.0,False
3015,Brand New,0.0,False
3015,Flawless,0.0,False
3015,Good,0.0,False
3015,Fair,0.0,False
3015,Minor Damage,0.0,False
3015,Broken,0.0,False
3016,Brand New,0.0,False
3016,Flawless,0.0,False
3016,Good,0.0,False
3016,Fair,0.0,False
3016,Minor Damage,0.0,False
3016,Broken,0.0,False
3017,Brand New,0.0,False
3017,Flawless,0.0,False
3017,Good,0.0,False
3017,Fair,0.0,False
3017,Minor Damage,0.0,False
3017,Broken,0.0,False
3018,Brand New,0.0,False
3018,Flawless,0.0,False
3018,Good,0.0,False
3018,Fair,0.0,False
3018,Minor Damage,0.0,False
3018,Broken,0.0,False
3019,Brand New,0.0,False
3019,Flawless,0.0,False
3019,Good,0.0,False
3019,Fair,0.0,False
3019,Minor Damage,0.0,False
3019,Broken,0.0,False
3020,Brand New,0.0,False
3020,Flawless,0.0,False
3020,Good,0.0,False
3020,Fair,0.0,False
3020,Minor Damage,0.0,False
3020,Broken,0.0,False
3021,Brand New,0.0,False
3021,Flawless,0.0,False
3021,Good,0.0,False
3021,Fair,0.0,False
3021,Minor Damage,0.0,False
3021,Broken,0.0,False
3022,Brand New,0.0,False
3022,Flawless,0.0,False
3022,Good,0.0,False
3022,Fair,0.0,False
3022,Minor Damage,0.0,False
3022,Broken,0.0,False
3023,Brand New,0.0,False
3023,Flawless,0.0,False
3023,Good,0.0,False
3023,Fair,0.0,False
3023,Minor Damage,0.0,False
3023,Broken,0.0,False
3024,Brand New,0.0,False
3024,Flawless,0.0,False
3024,Good,0.0,False
3024,Fair,0.0,False
3024,Minor Damage,0.0,False
3024,Broken,0.0,False
3025,Brand New,0.0,False
3025,Flawless,0.0,False
3025,Good,0.0,False
3025,Fair,0.0,False
3025,Minor Damage,0.0,False
3025,Broken,0.0,False
3026,Brand New,0.0,False
3026,Flawless,0.0,False
3026,Good,0.0,False
3026,Fair,0.0,False
3026,Minor Damage,0.0,False
3026,Broken,0.0,False
3027,Brand New,0.0,False
3027,Flawless,0.0,False
3027,Good,0.0,False
3027,Fair,0.0,False
3027,Minor Damage,0.0,False
3027,Broken,0.0,False
3028,Brand New,0.0,False
3028,Flawless,0.0,False
3028,Good,0.0,False
3028,Fair,0.0,False
3028,Minor Damage,0.0,False
3028,Broken,0.0,False
3029,Brand New,0.0,False
3029,Flawless,0.0,False
3029,Good,0.0,False
3029,Fair,0.0,False
3029,Minor Damage,0.0,False
3029,Broken,0.0,False
3030,Brand New,0.0,False
3030,Flawless,0.0,False
3030,Good,0.0,False
3030,Fair,0.0,False
3030,Minor Damage,0.0,False
3030,Broken,0.0,False
3031,Brand New,0.0,False
3031,Flawless,0.0,False
3031,Good,0.0,False
3031,Fair,0.0,False
3031,Minor Damage,0.0,False
3031,Broken,0.0,False
3032,Brand New,0.0,False
3032,Flawless,0.0,False
3032,Good,0.0,False
3032,Fair,0.0,False
3032,Minor Damage,0.0,False
3032,Broken,0.0,False
3033,Brand New,0.0,False
3033,Flawless,0.0,False
3033,Good,0.0,False
3033,Fair,0.0,False
3033,Minor Damage,0.0,False
3033,Broken,0.0,False
3034,Brand New,0.0,False
3034,Flawless,0.0,False
3034,Good,0.0,False
3034,Fair,0.0,False
3034,Minor Damage,0.0,False
3034,Broken,0.0,False
3035,Brand New,0.0,False
3035,Flawless,0.0,False
3035,Good,0.0,False
3035,Fair,0.0,False
3035,Minor Damage,0.0,False
3035,Broken,0.0,False
3036,Brand New,0.0,False
3036,Flawless,0.0,False
3036,Good,0.0,False
3036,Fair,0.0,False
3036,Minor Damage,0.0,False
3036,Broken,0.0,False
3037,Brand New,0.0,False
3037,Flawless,0.0,False
3037,Good,0.0,False
3037,Fair,0.0,False
3037,Minor Damage,0.0,False
3037,Broken,0.0,False
3038,Brand New,0.0,False
3038,Flawless,0.0,False
3038,Good,0.0,False
3038,Fair,0.0,False
3038,Minor Damage,0.0,False
3038,Broken,0.0,False
3039,Brand New,0.0,False
3039,Flawless,0.0,False
3039,Good,0.0,False
3039,Fair,0.0,False
3039,Minor Damage,0.0,False
3039,Broken,0.0,False
3040,Brand New,0.0,False
3040,Flawless,0.0,False
3040,Good,0.0,False
3040,Fair,0.0,False
3040,Minor Damage,0.0,False
3040,Broken,0.0,False
3041,Brand New,0.0,False
3041,Flawless,0.0,False
3041,Good,0.0,False
3041,Fair,0.0,False
3041,Minor Damage,0.0,False
3041,Broken,0.0,False
3042,Brand New,0.0,False
3042,Flawless,0.0,False
3042,Good,0.0,False
3042,Fair,0.0,False
3042,Minor Damage,0.0,False
3042,Broken,0.0,False
3043,Brand New,0.0,False
3043,Flawless,0.0,False
3043,Good,0.0,False
3043,Fair,0.0,False
3043,Minor Damage,0.0,False
3043,Broken,0.0,False
3044,Brand New,0.0,False
3044,Flawless,0.0,False
3044,Good,0.0,False
3044,Fair,0.0,False
3044,Minor Damage,0.0,False
3044,Broken,0.0,False
3045,Brand New,0.0,False
3045,Flawless,0.0,False
3045,Good,0.0,False
3045,Fair,0.0,False
3045,Minor Damage,0.0,False
3045,Broken,0.0,False
3046,Brand New,0.0,False
3046,Flawless,0.0,False
3046,Good,0.0,False
3046,Fair,0.0,False
3046,Minor Damage,0.0,False
3046,Broken,0.0,False
3047,Brand New,0.0,False
3047,Flawless,0.0,False
3047,Good,0.0,False
3047,Fair,0.0,False
3047,Minor Damage,0.0,False
3047,Broken,0.0,False
3048,Brand New,0.0,False
3048,Flawless,0.0,False
3048,Good,0.0,False
3048,Fair,0.0,False
3048,Minor Damage,0.0,False
3048,Broken,0.0,False
3049,Brand New,0.0,False
3049,Flawless,0.0,False
3049,Good,0.0,False
3049,Fair,0.0,False
3049,Minor Damage,0.0,False
3049,Broken,0.0,False
3050,Brand New,0.0,False
3050,Flawless,0.0,False
3050,Good,0.0,False
3050,Fair,0.0,False
3050,Minor Damage,0.0,False
3050,Broken,0.0,False
3051,Brand New,0.0,False
3051,Flawless,0.0,False
3051,Good,0.0,False
3051,Fair,0.0,False
3051,Minor Damage,0.0,False
3051,Broken,0.0,False
3052,Brand New,0.0,False
3052,Flawless,0.0,False
3052,Good,0.0,False
3052,Fair,0.0,False
3052,Minor Damage,0.0,False
3052,Broken,0.0,False
3053,Brand New,0.0,False
3053,Flawless,0.0,False
3053,Good,0.0,False
3053,Fair,0.0,False
3053,Minor Damage,0.0,False
3053,Broken,0.0,False
3054,Brand New,0.0,False
3054,Flawless,0.0,False
3054,Good,0.0,False
3054,Fair,0.0,False
3054,Minor Damage,0.0,False
3054,Broken,0.0,False
3055,Brand New,0.0,False
3055,Flawless,0.0,False
3055,Good,0.0,False
3055,Fair,0.0,False
3055,Minor Damage,0.0,False
3055,Broken,0.0,False
3056,Brand New,0.0,False
3056,Flawless,0.0,False
3056,Good,0.0,False
3056,Fair,0.0,False
3056,Minor Damage,0.0,False
3056,Broken,0.0,False
3057,Brand New,0.0,False
3057,Flawless,0.0,False
3057,Good,0.0,False
3057,Fair,0.0,False
3057,Minor Damage,0.0,False
3057,Broken,0.0,False
3058,Brand New,0.0,False
3058,Flawless,0.0,False
3058,Good,0.0,False
3058,Fair,0.0,False
3058,Minor Damage,0.0,False
3058,Broken,0.0,False
3059,Brand New,0.0,False
3059,Flawless,0.0,False
3059,Good,0.0,False
3059,Fair,0.0,False
3059,Minor Damage,0.0,False
3059,Broken,0.0,False
3060,Brand New,0.0,False
3060,Flawless,0.0,False
3060,Good,0.0,False
3060,Fair,0.0,False
3060,Minor Damage,0.0,False
3060,Broken,0.0,False
3061,Brand New,0.0,False
3061,Flawless,0.0,False
3061,Good,0.0,False
3061,Fair,0.0,False
3061,Minor Damage,0.0,False
3061,Broken,0.0,False
3062,Brand New,0.0,False
3062,Flawless,0.0,False
3062,Good,0.0,False
3062,Fair,0.0,False
3062,Minor Damage,0.0,False
3062,Broken,0.0,False
3063,Brand New,0.0,False
3063,Flawless,0.0,False
3063,Good,0.0,False
3063,Fair,0.0,False
3063,Minor Damage,0.0,False
3063,Broken,0.0,False
3064,Brand New,0.0,False
3064,Flawless,0.0,False
3064,Good,0.0,False
3064,Fair,0.0,False
3064,Minor Damage,0.0,False
3064,Broken,0.0,False
3065,Brand New,0.0,False
3065,Flawless,0.0,False
3065,Good,0.0,False
3065,Fair,0.0,False
3065,Minor Damage,0.0,False
3065,Broken,0.0,False
3066,Brand New,0.0,False
3066,Flawless,0.0,False
3066,Good,0.0,False
3066,Fair,0.0,False
3066,Minor Damage,0.0,False
3066,Broken,0.0,False
3067,Brand New,0.0,False
3067,Flawless,0.0,False
3067,Good,0.0,False
3067,Fair,0.0,False
3067,Minor Damage,0.0,False
3067,Broken,0.0,False
3068,Brand New,0.0,False
3068,Flawless,0.0,False
3068,Good,0.0,False
3068,Fair,0.0,False
3068,Minor Damage,0.0,False
3068,Broken,0.0,False
3069,Brand New,0.0,False
3069,Flawless,0.0,False
3069,Good,0.0,False
3069,Fair,0.0,False
3069,Minor Damage,0.0,False
3069,Broken,0.0,False
3070,Brand New,0.0,False
3070,Flawless,0.0,False
3070,Good,0.0,False
3070,Fair,0.0,False
3070,Minor Damage,0.0,False
3070,Broken,0.0,False
3071,Brand New,0.0,False
3071,Flawless,0.0,False
3071,Good,0.0,False
3071,Fair,0.0,False
3071,Minor Damage,0.0,False
3071,Broken,0.0,False
3072,Brand New,0.0,False
3072,Flawless,0.0,False
3072,Good,0.0,False
3072,Fair,0.0,False
3072,Minor Damage,0.0,False
3072,Broken,0.0,False
3073,Brand New,0.0,False
3073,Flawless,0.0,False
3073,Good,0.0,False
3073,Fair,0.0,False
3073,Minor Damage,0.0,False
3073,Broken,0.0,False
3074,Brand New,0.0,False
3074,Flawless,0.0,False
3074,Good,0.0,False
3074,Fair,0.0,False
3074,Minor Damage,0.0,False
3074,Broken,0.0,False
3075,Brand New,0.0,False
3075,Flawless,0.0,False
3075,Good,0.0,False
3075,Fair,0.0,False
3075,Minor Damage,0.0,False
3075,Broken,0.0,False
3076,Brand New,0.0,False
3076,Flawless,0.0,False
3076,Good,0.0,False
3076,Fair,0.0,False
3076,Minor Damage,0.0,False
3076,Broken,0.0,False
3077,Brand New,0.0,False
3077,Flawless,0.0,False
3077,Good,0.0,False
3077,Fair,0.0,False
3077,Minor Damage,0.0,False
3077,Broken,0.0,False
3078,Brand New,0.0,False
3078,Flawless,0.0,False
3078,Good,0.0,False
3078,Fair,0.0,False
3078,Minor Damage,0.0,False
3078,Broken,0.0,False
3079,Brand New,0.0,False
3079,Flawless,0.0,False
3079,Good,0.0,False
3079,Fair,0.0,False
3079,Minor Damage,0.0,False
3079,Broken,0.0,False
3080,Brand New,0.0,False
3080,Flawless,0.0,False
3080,Good,0.0,False
3080,Fair,0.0,False
3080,Minor Damage,0.0,False
3080,Broken,0.0,False
3081,Brand New,0.0,False
3081,Flawless,0.0,False
3081,Good,0.0,False
3081,Fair,0.0,False
3081,Minor Damage,0.0,False
3081,Broken,0.0,False
3082,Brand New,0.0,False
3082,Flawless,0.0,False
3082,Good,0.0,False
3082,Fair,0.0,False
3082,Minor Damage,0.0,False
3082,Broken,0.0,False
3083,Brand New,0.0,False
3083,Flawless,0.0,False
3083,Good,0.0,False
3083,Fair,0.0,False
3083,Minor Damage,0.0,False
3083,Broken,0.0,False
3084,Brand New,0.0,False
3084,Flawless,0.0,False
3084,Good,0.0,False
3084,Fair,0.0,False
3084,Minor Damage,0.0,False
3084,Broken,0.0,False
3085,Brand New,0.0,False
3085,Flawless,0.0,False
3085,Good,0.0,False
3085,Fair,0.0,False
3085,Minor Damage,0.0,False
3085,Broken,0.0,False
3086,Brand New,0.0,False
3086,Flawless,0.0,False
3086,Good,0.0,False
3086,Fair,0.0,False
3086,Minor Damage,0.0,False
3086,Broken,0.0,False
3087,Brand New,0.0,False
3087,Flawless,0.0,False
3087,Good,0.0,False
3087,Fair,0.0,False
3087,Minor Damage,0.0,False
3087,Broken,0.0,False
3088,Brand New,0.0,False
3088,Flawless,0.0,False
3088,Good,0.0,False
3088,Fair,0.0,False
3088,Minor Damage,0.0,False
3088,Broken,0.0,False
3089,Brand New,0.0,False
3089,Flawless,0.0,False
3089,Good,0.0,False
3089,Fair,0.0,False
3089,Minor Damage,0.0,False
3089,Broken,0.0,False
3090,Brand New,0.0,False
3090,Flawless,0.0,False
3090,Good,0.0,False
3090,Fair,0.0,False
3090,Minor Damage,0.0,False
3090,Broken,0.0,False
3091,Brand New,0.0,False
3091,Flawless,0.0,False
3091,Good,0.0,False
3091,Fair,0.0,False
3091,Minor Damage,0.0,False
3091,Broken,0.0,False
3092,Brand New,0.0,False
3092,Flawless,0.0,False
3092,Good,0.0,False
3092,Fair,0.0,False
3092,Minor Damage,0.0,False
3092,Broken,0.0,False
3093,Brand New,0.0,False
3093,Flawless,0.0,False
3093,Good,0.0,False
3093,Fair,0.0,False
3093,Minor Damage,0.0,False
3093,Broken,0.0,False
3094,Brand New,0.0,False
3094,Flawless,0.0,False
3094,Good,0.0,False
3094,Fair,0.0,False
3094,Minor Damage,0.0,False
3094,Broken,0.0,False
3095,Brand New,0.0,False
3095,Flawless,0.0,False
3095,Good,0.0,False
3095,Fair,0.0,False
3095,Minor Damage,0.0,False
3095,Broken,0.0,False
3096,Brand New,0.0,False
3096,Flawless,0.0,False
3096,Good,0.0,False
3096,Fair,0.0,False
3096,Minor Damage,0.0,False
3096,Broken,0.0,False
3097,Brand New,0.0,False
3097,Flawless,0.0,False
3097,Good,0.0,False
3097,Fair,0.0,False
3097,Minor Damage,0.0,False
3097,Broken,0.0,False
3098,Brand New,0.0,False
3098,Flawless,0.0,False
3098,Good,0.0,False
3098,Fair,0.0,False
3098,Minor Damage,0.0,False
3098,Broken,0.0,False
3099,Brand New,0.0,False
3099,Flawless,0.0,False
3099,Good,0.0,False
3099,Fair,0.0,False
3099,Minor Damage,0.0,False
3099,Broken,0.0,False
3100,Brand New,0.0,False
3100,Flawless,0.0,False
3100,Good,0.0,False
3100,Fair,0.0,False
3100,Minor Damage,0.0,False
3100,Broken,0.0,False
3101,Brand New,0.0,False
3101,Flawless,0.0,False
3101,Good,0.0,False
3101,Fair,0.0,False
3101,Minor Damage,0.0,False
3101,Broken,0.0,False
3102,Brand New,0.0,False
3102,Flawless,0.0,False
3102,Good,0.0,False
3102,Fair,0.0,False
3102,Minor Damage,0.0,False
3102,Broken,0.0,False
3103,Brand New,0.0,False
3103,Flawless,0.0,False
3103,Good,0.0,False
3103,Fair,0.0,False
3103,Minor Damage,0.0,False
3103,Broken,0.0,False
3104,Brand New,0.0,False
3104,Flawless,0.0,False
3104,Good,0.0,False
3104,Fair,0.0,False
3104,Minor Damage,0.0,False
3104,Broken,0.0,False
3105,Brand New,0.0,False
3105,Flawless,0.0,False
3105,Good,0.0,False
3105,Fair,0.0,False
3105,Minor Damage,0.0,False
3105,Broken,0.0,False
3106,Brand New,0.0,False
3106,Flawless,0.0,False
3106,Good,0.0,False
3106,Fair,0.0,False
3106,Minor Damage,0.0,False
3106,Broken,0.0,False
3107,Brand New,0.0,False
3107,Flawless,0.0,False
3107,Good,0.0,False
3107,Fair,0.0,False
3107,Minor Damage,0.0,False
3107,Broken,0.0,False
3108,Brand New,0.0,False
3108,Flawless,0.0,False
3108,Good,0.0,False
3108,Fair,0.0,False
3108,Minor Damage,0.0,False
3108,Broken,0.0,False
3109,Brand New,0.0,False
3109,Flawless,0.0,False
3109,Good,0.0,False
3109,Fair,0.0,False
3109,Minor Damage,0.0,False
3109,Broken,0.0,False
3110,Brand New,0.0,False
3110,Flawless,0.0,False
3110,Good,0.0,False
3110,Fair,0.0,False
3110,Minor Damage,0.0,False
3110,Broken,0.0,False
3111,Brand New,0.0,False
3111,Flawless,0.0,False
3111,Good,0.0,False
3111,Fair,0.0,False
3111,Minor Damage,0.0,False
3111,Broken,0.0,False
3112,Brand New,0.0,False
3112,Flawless,0.0,False
3112,Good,0.0,False
3112,Fair,0.0,False
3112,Minor Damage,0.0,False
3112,Broken,0.0,False
3113,Brand New,0.0,False
3113,Flawless,0.0,False
3113,Good,0.0,False
3113,Fair,0.0,False
3113,Minor Damage,0.0,False
3113,Broken,0.0,False
3114,Brand New,0.0,False
3114,Flawless,0.0,False
3114,Good,0.0,False
3114,Fair,0.0,False
3114,Minor Damage,0.0,False
3114,Broken,0.0,False
3115,Brand New,0.0,False
3115,Flawless,0.0,False
3115,Good,0.0,False
3115,Fair,0.0,False
3115,Minor Damage,0.0,False
3115,Broken,0.0,False
3116,Brand New,0.0,False
3116,Flawless,0.0,False
3116,Good,0.0,False
3116,Fair,0.0,False
3116,Minor Damage,0.0,False
3116,Broken,0.0,False
3117,Brand New,0.0,False
3117,Flawless,0.0,False
3117,Good,0.0,False
3117,Fair,0.0,False
3117,Minor Damage,0.0,False
3117,Broken,0.0,False
3118,Brand New,0.0,False
3118,Flawless,0.0,False
3118,Good,0.0,False
3118,Fair,0.0,False
3118,Minor Damage,0.0,False
3118,Broken,0.0,False
3119,Brand New,0.0,False
3119,Flawless,0.0,False
3119,Good,0.0,False
3119,Fair,0.0,False
3119,Minor Damage,0.0,False
3119,Broken,0.0,False
3120,Brand New,0.0,False
3120,Flawless,0.0,False
3120,Good,0.0,False
3120,Fair,0.0,False
3120,Minor Damage,0.0,False
3120,Broken,0.0,False
3121,Brand New,0.0,False
3121,Flawless,0.0,False
3121,Good,0.0,False
3121,Fair,0.0,False
3121,Minor Damage,0.0,False
3121,Broken,0.0,False
3122,Brand New,0.0,False
3122,Flawless,0.0,False
3122,Good,0.0,False
3122,Fair,0.0,False
3122,Minor Damage,0.0,False
3122,Broken,0.0,False
3123,Brand New,0.0,False
3123,Flawless,0.0,False
3123,Good,0.0,False
3123,Fair,0.0,False
3123,Minor Damage,0.0,False
3123,Broken,0.0,False
3124,Brand New,0.0,False
3124,Flawless,0.0,False
3124,Good,0.0,False
3124,Fair,0.0,False
3124,Minor Damage,0.0,False
3124,Broken,0.0,False
3125,Brand New,0.0,False
3125,Flawless,0.0,False
3125,Good,0.0,False
3125,Fair,0.0,False
3125,Minor Damage,0.0,False
3125,Broken,0.0,False
3126,Brand New,0.0,False
3126,Flawless,0.0,False
3126,Good,0.0,False
3126,Fair,0.0,False
3126,Minor Damage,0.0,False
3126,Broken,0.0,False
3127,Brand New,0.0,False
3127,Flawless,0.0,False
3127,Good,0.0,False
3127,Fair,0.0,False
3127,Minor Damage,0.0,False
3127,Broken,0.0,False
3128,Brand New,0.0,False
3128,Flawless,0.0,False
3128,Good,0.0,False
3128,Fair,0.0,False
3128,Minor Damage,0.0,False
3128,Broken,0.0,False
3129,Brand New,0.0,False
3129,Flawless,0.0,False
3129,Good,0.0,False
3129,Fair,0.0,False
3129,Minor Damage,0.0,False
3129,Broken,0.0,False
3130,Brand New,0.0,False
3130,Flawless,0.0,False
3130,Good,0.0,False
3130,Fair,0.0,False
3130,Minor Damage,0.0,False
3130,Broken,0.0,False
3131,Brand New,0.0,False
3131,Flawless,0.0,False
3131,Good,0.0,False
3131,Fair,0.0,False
3131,Minor Damage,0.0,False
3131,Broken,0.0,False
3132,Brand New,0.0,False
3132,Flawless,0.0,False
3132,Good,0.0,False
3132,Fair,0.0,False
3132,Minor Damage,0.0,False
3132,Broken,0.0,False
3133,Brand New,0.0,False
3133,Flawless,0.0,False
3133,Good,0.0,False
3133,Fair,0.0,False
3133,Minor Damage,0.0,False
3133,Broken,0.0,False
3134,Brand New,0.0,False
3134,Flawless,0.0,False
3134,Good,0.0,False
3134,Fair,0.0,False
3134,Minor Damage,0.0,False
3134,Broken,0.0,False
3135,Brand New,0.0,False
3135,Flawless,0.0,False
3135,Good,0.0,False
3135,Fair,0.0,False
3135,Minor Damage,0.0,False
3135,Broken,0.0,False
3136,Brand New,0.0,False
3136,Flawless,0.0,False
3136,Good,0.0,False
3136,Fair,0.0,False
3136,Minor Damage,0.0,False
3136,Broken,0.0,False
3137,Brand New,0.0,False
3137,Flawless,0.0,False
3137,Good,0.0,False
3137,Fair,0.0,False
3137,Minor Damage,0.0,False
3137,Broken,0.0,False
3138,Brand New,0.0,False
3138,Flawless,0.0,False
3138,Good,0.0,False
3138,Fair,0.0,False
3138,Minor Damage,0.0,False
3138,Broken,0.0,False
3139,Brand New,0.0,False
3139,Flawless,0.0,False
3139,Good,0.0,False
3139,Fair,0.0,False
3139,Minor Damage,0.0,False
3139,Broken,0.0,False
3140,Brand New,0.0,False
3140,Flawless,0.0,False
3140,Good,0.0,False
3140,Fair,0.0,False
3140,Minor Damage,0.0,False
3140,Broken,0.0,False
3141,Brand New,0.0,False
3141,Flawless,0.0,False
3141,Good,0.0,False
3141,Fair,0.0,False
3141,Minor Damage,0.0,False
3141,Broken,0.0,False
3142,Brand New,0.0,False
3142,Flawless,0.0,False
3142,Good,0.0,False
3142,Fair,0.0,False
3142,Minor Damage,0.0,False
3142,Broken,0.0,False
3143,Brand New,0.0,False
3143,Flawless,0.0,False
3143,Good,0.0,False
3143,Fair,0.0,False
3143,Minor Damage,0.0,False
3143,Broken,0.0,False
3144,Brand New,0.0,False
3144,Flawless,0.0,False
3144,Good,0.0,False
3144,Fair,0.0,False
3144,Minor Damage,0.0,False
3144,Broken,0.0,False
3145,Brand New,0.0,False
3145,Flawless,0.0,False
3145,Good,0.0,False
3145,Fair,0.0,False
3145,Minor Damage,0.0,False
3145,Broken,0.0,False
3146,Brand New,0.0,False
3146,Flawless,0.0,False
3146,Good,0.0,False
3146,Fair,0.0,False
3146,Minor Damage,0.0,False
3146,Broken,0.0,False
3147,Brand New,0.0,False
3147,Flawless,0.0,False
3147,Good,0.0,False
3147,Fair,0.0,False
3147,Minor Damage,0.0,False
3147,Broken,0.0,False
3148,Brand New,0.0,False
3148,Flawless,0.0,False
3148,Good,0.0,False
3148,Fair,0.0,False
3148,Minor Damage,0.0,False
3148,Broken,0.0,False
3149,Brand New,0.0,False
3149,Flawless,0.0,False
3149,Good,0.0,False
3149,Fair,0.0,False
3149,Minor Damage,0.0,False
3149,Broken,0.0,False
3150,Brand New,0.0,False
3150,Flawless,0.0,False
3150,Good,0.0,False
3150,Fair,0.0,False
3150,Minor Damage,0.0,False
3150,Broken,0.0,False
3151,Brand New,0.0,False
3151,Flawless,0.0,False
3151,Good,0.0,False
3151,Fair,0.0,False
3151,Minor Damage,0.0,False
3151,Broken,0.0,False
3152,Brand New,0.0,False
3152,Flawless,0.0,False
3152,Good,0.0,False
3152,Fair,0.0,False
3152,Minor Damage,0.0,False
3152,Broken,0.0,False
3153,Brand New,0.0,False
3153,Flawless,0.0,False
3153,Good,0.0,False
3153,Fair,0.0,False
3153,Minor Damage,0.0,False
3153,Broken,0.0,False
3154,Brand New,0.0,False
3154,Flawless,0.0,False
3154,Good,0.0,False
3154,Fair,0.0,False
3154,Minor Damage,0.0,False
3154,Broken,0.0,False
3155,Brand New,0.0,False
3155,Flawless,0.0,False
3155,Good,0.0,False
3155,Fair,0.0,False
3155,Minor Damage,0.0,False
3155,Broken,0.0,False
3156,Brand New,0.0,False
3156,Flawless,0.0,False
3156,Good,0.0,False
3156,Fair,0.0,False
3156,Minor Damage,0.0,False
3156,Broken,0.0,False
3157,Brand New,0.0,False
3157,Flawless,0.0,False
3157,Good,0.0,False
3157,Fair,0.0,False
3157,Minor Damage,0.0,False
3157,Broken,0.0,False
3158,Brand New,0.0,False
3158,Flawless,0.0,False
3158,Good,0.0,False
3158,Fair,0.0,False
3158,Minor Damage,0.0,False
3158,Broken,0.0,False
3159,Brand New,0.0,False
3159,Flawless,0.0,False
3159,Good,0.0,False
3159,Fair,0.0,False
3159,Minor Damage,0.0,False
3159,Broken,0.0,False
3160,Brand New,0.0,False
3160,Flawless,0.0,False
3160,Good,0.0,False
3160,Fair,0.0,False
3160,Minor Damage,0.0,False
3160,Broken,0.0,False
3161,Brand New,0.0,False
3161,Flawless,0.0,False
3161,Good,0.0,False
3161,Fair,0.0,False
3161,Minor Damage,0.0,False
3161,Broken,0.0,False
3162,Brand New,0.0,False
3162,Flawless,0.0,False
3162,Good,0.0,False
3162,Fair,0.0,False
3162,Minor Damage,0.0,False
3162,Broken,0.0,False
3163,Brand New,0.0,False
3163,Flawless,0.0,False
3163,Good,0.0,False
3163,Fair,0.0,False
3163,Minor Damage,0.0,False
3163,Broken,0.0,False
3164,Brand New,0.0,False
3164,Flawless,0.0,False
3164,Good,0.0,False
3164,Fair,0.0,False
3164,Minor Damage,0.0,False
3164,Broken,0.0,False
3165,Brand New,0.0,False
3165,Flawless,0.0,False
3165,Good,0.0,False
3165,Fair,0.0,False
3165,Minor Damage,0.0,False
3165,Broken,0.0,False
3166,Brand New,0.0,False
3166,Flawless,0.0,False
3166,Good,0.0,False
3166,Fair,0.0,False
3166,Minor Damage,0.0,False
3166,Broken,0.0,False
3167,Brand New,0.0,False
3167,Flawless,0.0,False
3167,Good,0.0,False
3167,Fair,0.0,False
3167,Minor Damage,0.0,False
3167,Broken,0.0,False
3168,Brand New,0.0,False
3168,Flawless,0.0,False
3168,Good,0.0,False
3168,Fair,0.0,False
3168,Minor Damage,0.0,False
3168,Broken,0.0,False
3169,Brand New,0.0,False
3169,Flawless,0.0,False
3169,Good,0.0,False
3169,Fair,0.0,False
3169,Minor Damage,0.0,False
3169,Broken,0.0,False
3170,Brand New,0.0,False
3170,Flawless,0.0,False
3170,Good,0.0,False
3170,Fair,0.0,False
3170,Minor Damage,0.0,False
3170,Broken,0.0,False
3171,Brand New,0.0,False
3171,Flawless,0.0,False
3171,Good,0.0,False
3171,Fair,0.0,False
3171,Minor Damage,0.0,False
3171,Broken,0.0,False
3172,Brand New,0.0,False
3172,Flawless,0.0,False
3172,Good,0.0,False
3172,Fair,0.0,False
3172,Minor Damage,0.0,False
3172,Broken,0.0,False
3173,Brand New,0.0,False
3173,Flawless,0.0,False
3173,Good,0.0,False
3173,Fair,0.0,False
3173,Minor Damage,0.0,False
3173,Broken,0.0,False
3174,Brand New,0.0,False
3174,Flawless,0.0,False
3174,Good,0.0,False
3174,Fair,0.0,False
3174,Minor Damage,0.0,False
3174,Broken,0.0,False
3175,Brand New,0.0,False
3175,Flawless,0.0,False
3175,Good,0.0,False
3175,Fair,0.0,False
3175,Minor Damage,0.0,False
3175,Broken,0.0,False
3176,Brand New,0.0,False
3176,Flawless,0.0,False
3176,Good,0.0,False
3176,Fair,0.0,False
3176,Minor Damage,0.0,False
3176,Broken,0.0,False
3177,Brand New,0.0,False
3177,Flawless,0.0,False
3177,Good,0.0,False
3177,Fair,0.0,False
3177,Minor Damage,0.0,False
3177,Broken,0.0,False
3178,Brand New,0.0,False
3178,Flawless,0.0,False
3178,Good,0.0,False
3178,Fair,0.0,False
3178,Minor Damage,0.0,False
3178,Broken,0.0,False
3179,Brand New,0.0,False
3179,Flawless,0.0,False
3179,Good,0.0,False
3179,Fair,0.0,False
3179,Minor Damage,0.0,False
3179,Broken,0.0,False
3180,Brand New,0.0,False
3180,Flawless,0.0,False
3180,Good,0.0,False
3180,Fair,0.0,False
3180,Minor Damage,0.0,False
3180,Broken,0.0,False
3181,Brand New,0.0,False
3181,Flawless,0.0,False
3181,Good,0.0,False
3181,Fair,0.0,False
3181,Minor Damage,0.0,False
3181,Broken,0.0,False
3182,Brand New,0.0,False
3182,Flawless,0.0,False
3182,Good,0.0,False
3182,Fair,0.0,False
3182,Minor Damage,0.0,False
3182,Broken,0.0,False
3183,Brand New,0.0,False
3183,Flawless,0.0,False
3183,Good,0.0,False
3183,Fair,0.0,False
3183,Minor Damage,0.0,False
3183,Broken,0.0,False
3184,Brand New,0.0,False
3184,Flawless,0.0,False
3184,Good,0.0,False
3184,Fair,0.0,False
3184,Minor Damage,0.0,False
3184,Broken,0.0,False
3185,Brand New,0.0,False
3185,Flawless,0.0,False
3185,Good,0.0,False
3185,Fair,0.0,False
3185,Minor Damage,0.0,False
3185,Broken,0.0,False
3186,Brand New,0.0,False
3186,Flawless,0.0,False
3186,Good,0.0,False
3186,Fair,0.0,False
3186,Minor Damage,0.0,False
3186,Broken,0.0,False
3187,Brand New,0.0,False
3187,Flawless,0.0,False
3187,Good,0.0,False
3187,Fair,0.0,False
3187,Minor Damage,0.0,False
3187,Broken,0.0,False
3188,Brand New,0.0,False
3188,Flawless,0.0,False
3188,Good,0.0,False
3188,Fair,0.0,False
3188,Minor Damage,0.0,False
3188,Broken,0.0,False
3189,Brand New,0.0,False
3189,Flawless,0.0,False
3189,Good,0.0,False
3189,Fair,0.0,False
3189,Minor Damage,0.0,False
3189,Broken,0.0,False
3190,Brand New,0.0,False
3190,Flawless,0.0,False
3190,Good,0.0,False
3190,Fair,0.0,False
3190,Minor Damage,0.0,False
3190,Broken,0.0,False
3191,Brand New,0.0,False
3191,Flawless,0.0,False
3191,Good,0.0,False
3191,Fair,0.0,False
3191,Minor Damage,0.0,False
3191,Broken,0.0,False
3192,Brand New,0.0,False
3192,Flawless,0.0,False
3192,Good,0.0,False
3192,Fair,0.0,False
3192,Minor Damage,0.0,False
3192,Broken,0.0,False
3193,Brand New,0.0,False
3193,Flawless,0.0,False
3193,Good,0.0,False
3193,Fair,0.0,False
3193,Minor Damage,0.0,False
3193,Broken,0.0,False
3194,Brand New,0.0,False
3194,Flawless,0.0,False
3194,Good,0.0,False
3194,Fair,0.0,False
3194,Minor Damage,0.0,False
3194,Broken,0.0,False
3195,Brand New,0.0,False
3195,Flawless,0.0,False
3195,Good,0.0,False
3195,Fair,0.0,False
3195,Minor Damage,0.0,False
3195,Broken,0.0,False
3196,Brand New,0.0,False
3196,Flawless,0.0,False
3196,Good,0.0,False
3196,Fair,0.0,False
3196,Minor Damage,0.0,False
3196,Broken,0.0,False
3197,Brand New,0.0,False
3197,Flawless,0.0,False
3197,Good,0.0,False
3197,Fair,0.0,False
3197,Minor Damage,0.0,False
3197,Broken,0.0,False
3198,Brand New,0.0,False
3198,Flawless,0.0,False
3198,Good,0.0,False
3198,Fair,0.0,False
3198,Minor Damage,0.0,False
3198,Broken,0.0,False
3199,Brand New,0.0,False
3199,Flawless,0.0,False
3199,Good,0.0,False
3199,Fair,0.0,False
3199,Minor Damage,0.0,False
3199,Broken,0.0,False
3200,Brand New,0.0,False
3200,Flawless,0.0,False
3200,Good,0.0,False
3200,Fair,0.0,False
3200,Minor Damage,0.0,False
3200,Broken,0.0,False
3201,Brand New,0.0,False
3201,Flawless,0.0,False
3201,Good,0.0,False
3201,Fair,0.0,False
3201,Minor Damage,0.0,False
3201,Broken,0.0,False
3202,Brand New,0.0,False
3202,Flawless,0.0,False
3202,Good,0.0,False
3202,Fair,0.0,False
3202,Minor Damage,0.0,False
3202,Broken,0.0,False
3203,Brand New,0.0,False
3203,Flawless,0.0,False
3203,Good,0.0,False
3203,Fair,0.0,False
3203,Minor Damage,0.0,False
3203,Broken,0.0,False
3204,Brand New,0.0,False
3204,Flawless,0.0,False
3204,Good,0.0,False
3204,Fair,0.0,False
3204,Minor Damage,0.0,False
3204,Broken,0.0,False
3205,Brand New,0.0,False
3205,Flawless,0.0,False
3205,Good,0.0,False
3205,Fair,0.0,False
3205,Minor Damage,0.0,False
3205,Broken,0.0,False
3206,Brand New,0.0,False
3206,Flawless,0.0,False
3206,Good,0.0,False
3206,Fair,0.0,False
3206,Minor Damage,0.0,False
3206,Broken,0.0,False
3207,Brand New,0.0,False
3207,Flawless,0.0,False
3207,Good,0.0,False
3207,Fair,0.0,False
3207,Minor Damage,0.0,False
3207,Broken,0.0,False
3208,Brand New,0.0,False
3208,Flawless,0.0,False
3208,Good,0.0,False
3208,Fair,0.0,False
3208,Minor Damage,0.0,False
3208,Broken,0.0,False
3209,Brand New,0.0,False
3209,Flawless,0.0,False
3209,Good,0.0,False
3209,Fair,0.0,False
3209,Minor Damage,0.0,False
3209,Broken,0.0,False
3210,Brand New,0.0,False
3210,Flawless,0.0,False
3210,Good,0.0,False
3210,Fair,0.0,False
3210,Minor Damage,0.0,False
3210,Broken,0.0,False
3211,Brand New,0.0,False
3211,Flawless,0.0,False
3211,Good,0.0,False
3211,Fair,0.0,False
3211,Minor Damage,0.0,False
3211,Broken,0.0,False
3212,Brand New,0.0,False
3212,Flawless,0.0,False
3212,Good,0.0,False
3212,Fair,0.0,False
3212,Minor Damage,0.0,False
3212,Broken,0.0,False
3213,Brand New,0.0,False
3213,Flawless,0.0,False
3213,Good,0.0,False
3213,Fair,0.0,False
3213,Minor Damage,0.0,False
3213,Broken,0.0,False
3214,Brand New,0.0,False
3214,Flawless,0.0,False
3214,Good,0.0,False
3214,Fair,0.0,False
3214,Minor Damage,0.0,False
3214,Broken,0.0,False
3215,Brand New,0.0,False
3215,Flawless,0.0,False
3215,Good,0.0,False
3215,Fair,0.0,False
3215,Minor Damage,0.0,False
3215,Broken,0.0,False
3216,Brand New,0.0,False
3216,Flawless,0.0,False
3216,Good,0.0,False
3216,Fair,0.0,False
3216,Minor Damage,0.0,False
3216,Broken,0.0,False
3217,Brand New,0.0,False
3217,Flawless,0.0,False
3217,Good,0.0,False
3217,Fair,0.0,False
3217,Minor Damage,0.0,False
3217,Broken,0.0,False
3218,Brand New,0.0,False
3218,Flawless,0.0,False
3218,Good,0.0,False
3218,Fair,0.0,False
3218,Minor Damage,0.0,False
3218,Broken,0.0,False
3219,Brand New,0.0,False
3219,Flawless,0.0,False
3219,Good,0.0,False
3219,Fair,0.0,False
3219,Minor Damage,0.0,False
3219,Broken,0.0,False
3220,Brand New,0.0,False
3220,Flawless,0.0,False
3220,Good,0.0,False
3220,Fair,0.0,False
3220,Minor Damage,0.0,False
3220,Broken,0.0,False
3221,Brand New,0.0,False
3221,Flawless,0.0,False
3221,Good,0.0,False
3221,Fair,0.0,False
3221,Minor Damage,0.0,False
3221,Broken,0.0,False
3222,Brand New,0.0,False
3222,Flawless,0.0,False
3222,Good,0.0,False
3222,Fair,0.0,False
3222,Minor Damage,0.0,False
3222,Broken,0.0,False
3223,Brand New,0.0,False
3223,Flawless,0.0,False
3223,Good,0.0,False
3223,Fair,0.0,False
3223,Minor Damage,0.0,False
3223,Broken,0.0,False
3224,Brand New,0.0,False
3224,Flawless,0.0,False
3224,Good,0.0,False
3224,Fair,0.0,False
3224,Minor Damage,0.0,False
3224,Broken,0.0,False
3225,Brand New,0.0,False
3225,Flawless,0.0,False
3225,Good,0.0,False
3225,Fair,0.0,False
3225,Minor Damage,0.0,False
3225,Broken,0.0,False
3226,Brand New,0.0,False
3226,Flawless,0.0,False
3226,Good,0.0,False
3226,Fair,0.0,False
3226,Minor Damage,0.0,False
3226,Broken,0.0,False
3227,Brand New,0.0,False
3227,Flawless,0.0,False
3227,Good,0.0,False
3227,Fair,0.0,False
3227,Minor Damage,0.0,False
3227,Broken,0.0,False
3228,Brand New,0.0,False
3228,Flawless,0.0,False
3228,Good,0.0,False
3228,Fair,0.0,False
3228,Minor Damage,0.0,False
3228,Broken,0.0,False
3229,Brand New,0.0,False
3229,Flawless,0.0,False
3229,Good,0.0,False
3229,Fair,0.0,False
3229,Minor Damage,0.0,False
3229,Broken,0.0,False
3230,Brand New,0.0,False
3230,Flawless,0.0,False
3230,Good,0.0,False
3230,Fair,0.0,False
3230,Minor Damage,0.0,False
3230,Broken,0.0,False
3231,Brand New,0.0,False
3231,Flawless,0.0,False
3231,Good,0.0,False
3231,Fair,0.0,False
3231,Minor Damage,0.0,False
3231,Broken,0.0,False
3232,Brand New,0.0,False
3232,Flawless,0.0,False
3232,Good,0.0,False
3232,Fair,0.0,False
3232,Minor Damage,0.0,False
3232,Broken,0.0,False
3233,Brand New,0.0,False
3233,Flawless,0.0,False
3233,Good,0.0,False
3233,Fair,0.0,False
3233,Minor Damage,0.0,False
3233,Broken,0.0,False
3234,Brand New,0.0,False
3234,Flawless,0.0,False
3234,Good,0.0,False
3234,Fair,0.0,False
3234,Minor Damage,0.0,False
3234,Broken,0.0,False
3235,Brand New,0.0,False
3235,Flawless,0.0,False
3235,Good,0.0,False
3235,Fair,0.0,False
3235,Minor Damage,0.0,False
3235,Broken,0.0,False
3236,Brand New,0.0,False
3236,Flawless,0.0,False
3236,Good,0.0,False
3236,Fair,0.0,False
3236,Minor Damage,0.0,False
3236,Broken,0.0,False
3237,Brand New,0.0,False
3237,Flawless,0.0,False
3237,Good,0.0,False
3237,Fair,0.0,False
3237,Minor Damage,0.0,False
3237,Broken,0.0,False
3238,Brand New,0.0,False
3238,Flawless,0.0,False
3238,Good,0.0,False
3238,Fair,0.0,False
3238,Minor Damage,0.0,False
3238,Broken,0.0,False
3239,Brand New,0.0,False
3239,Flawless,0.0,False
3239,Good,0.0,False
3239,Fair,0.0,False
3239,Minor Damage,0.0,False
3239,Broken,0.0,False
3240,Brand New,0.0,False
3240,Flawless,0.0,False
3240,Good,0.0,False
3240,Fair,0.0,False
3240,Minor Damage,0.0,False
3240,Broken,0.0,False
3241,Brand New,0.0,False
3241,Flawless,0.0,False
3241,Good,0.0,False
3241,Fair,0.0,False
3241,Minor Damage,0.0,False
3241,Broken,0.0,False
3242,Brand New,0.0,False
3242,Flawless,0.0,False
3242,Good,0.0,False
3242,Fair,0.0,False
3242,Minor Damage,0.0,False
3242,Broken,0.0,False
3243,Brand New,0.0,False
3243,Flawless,0.0,False
3243,Good,0.0,False
3243,Fair,0.0,False
3243,Minor Damage,0.0,False
3243,Broken,0.0,False
3244,Brand New,0.0,False
3244,Flawless,0.0,False
3244,Good,0.0,False
3244,Fair,0.0,False
3244,Minor Damage,0.0,False
3244,Broken,0.0,False
3245,Brand New,0.0,False
3245,Flawless,0.0,False
3245,Good,0.0,False
3245,Fair,0.0,False
3245,Minor Damage,0.0,False
3245,Broken,0.0,False
3246,Brand New,0.0,False
3246,Flawless,0.0,False
3246,Good,0.0,False
3246,Fair,0.0,False
3246,Minor Damage,0.0,False
3246,Broken,0.0,False
3247,Brand New,0.0,False
3247,Flawless,0.0,False
3247,Good,0.0,False
3247,Fair,0.0,False
3247,Minor Damage,0.0,False
3247,Broken,0.0,False
3248,Brand New,0.0,False
3248,Flawless,0.0,False
3248,Good,0.0,False
3248,Fair,0.0,False
3248,Minor Damage,0.0,False
3248,Broken,0.0,False
3249,Brand New,0.0,False
3249,Flawless,0.0,False
3249,Good,0.0,False
3249,Fair,0.0,False
3249,Minor Damage,0.0,False
3249,Broken,0.0,False
3250,Brand New,0.0,False
3250,Flawless,0.0,False
3250,Good,0.0,False
3250,Fair,0.0,False
3250,Minor Damage,0.0,False
3250,Broken,0.0,False
3251,Brand New,0.0,False
3251,Flawless,0.0,False
3251,Good,0.0,False
3251,Fair,0.0,False
3251,Minor Damage,0.0,False
3251,Broken,0.0,False
3252,Brand New,0.0,False
3252,Flawless,0.0,False
3252,Good,0.0,False
3252,Fair,0.0,False
3252,Minor Damage,0.0,False
3252,Broken,0.0,False
3253,Brand New,0.0,False
3253,Flawless,0.0,False
3253,Good,0.0,False
3253,Fair,0.0,False
3253,Minor Damage,0.0,False
3253,Broken,0.0,False
3254,Brand New,0.0,False
3254,Flawless,0.0,False
3254,Good,0.0,False
3254,Fair,0.0,False
3254,Minor Damage,0.0,False
3254,Broken,0.0,False
3255,Brand New,0.0,False
3255,Flawless,0.0,False
3255,Good,0.0,False
3255,Fair,0.0,False
3255,Minor Damage,0.0,False
3255,Broken,0.0,False
3256,Brand New,0.0,False
3256,Flawless,0.0,False
3256,Good,0.0,False
3256,Fair,0.0,False
3256,Minor Damage,0.0,False
3256,Broken,0.0,False
3257,Brand New,0.0,False
3257,Flawless,0.0,False
3257,Good,0.0,False
3257,Fair,0.0,False
3257,Minor Damage,0.0,False
3257,Broken,0.0,False
3258,Brand New,0.0,False
3258,Flawless,0.0,False
3258,Good,0.0,False
3258,Fair,0.0,False
3258,Minor Damage,0.0,False
3258,Broken,0.0,False
3259,Brand New,0.0,False
3259,Flawless,0.0,False
3259,Good,0.0,False
3259,Fair,0.0,False
3259,Minor Damage,0.0,False
3259,Broken,0.0,False
3260,Brand New,0.0,False
3260,Flawless,0.0,False
3260,Good,0.0,False
3260,Fair,0.0,False
3260,Minor Damage,0.0,False
3260,Broken,0.0,False
3261,Brand New,0.0,False
3261,Flawless,0.0,False
3261,Good,0.0,False
3261,Fair,0.0,False
3261,Minor Damage,0.0,False
3261,Broken,0.0,False
3262,Brand New,0.0,False
3262,Flawless,0.0,False
3262,Good,0.0,False
3262,Fair,0.0,False
3262,Minor Damage,0.0,False
3262,Broken,0.0,False
3263,Brand New,0.0,False
3263,Flawless,0.0,False
3263,Good,0.0,False
3263,Fair,0.0,False
3263,Minor Damage,0.0,False
3263,Broken,0.0,False
3264,Brand New,0.0,False
3264,Flawless,0.0,False
3264,Good,0.0,False
3264,Fair,0.0,False
3264,Minor Damage,0.0,False
3264,Broken,0.0,False
3265,Brand New,0.0,False
3265,Flawless,0.0,False
3265,Good,0.0,False
3265,Fair,0.0,False
3265,Minor Damage,0.0,False
3265,Broken,0.0,False
3266,Brand New,0.0,False
3266,Flawless,0.0,False
3266,Good,0.0,False
3266,Fair,0.0,False
3266,Minor Damage,0.0,False
3266,Broken,0.0,False
3267,Brand New,0.0,False
3267,Flawless,0.0,False
3267,Good,0.0,False
3267,Fair,0.0,False
3267,Minor Damage,0.0,False
3267,Broken,0.0,False
3268,Brand New,0.0,False
3268,Flawless,0.0,False
3268,Good,0.0,False
3268,Fair,0.0,False
3268,Minor Damage,0.0,False
3268,Broken,0.0,False
3269,Brand New,0.0,False
3269,Flawless,0.0,False
3269,Good,0.0,False
3269,Fair,0.0,False
3269,Minor Damage,0.0,False
3269,Broken,0.0,False
3270,Brand New,0.0,False
3270,Flawless,0.0,False
3270,Good,0.0,False
3270,Fair,0.0,False
3270,Minor Damage,0.0,False
3270,Broken,0.0,False
3271,Brand New,0.0,False
3271,Flawless,0.0,False
3271,Good,0.0,False
3271,Fair,0.0,False
3271,Minor Damage,0.0,False
3271,Broken,0.0,False
3272,Brand New,0.0,False
3272,Flawless,0.0,False
3272,Good,0.0,False
3272,Fair,0.0,False
3272,Minor Damage,0.0,False
3272,Broken,0.0,False
3273,Brand New,0.0,False
3273,Flawless,0.0,False
3273,Good,0.0,False
3273,Fair,0.0,False
3273,Minor Damage,0.0,False
3273,Broken,0.0,False
3274,Brand New,0.0,False
3274,Flawless,0.0,False
3274,Good,0.0,False
3274,Fair,0.0,False
3274,Minor Damage,0.0,False
3274,Broken,0.0,False
3275,Brand New,0.0,False
3275,Flawless,0.0,False
3275,Good,0.0,False
3275,Fair,0.0,False
3275,Minor Damage,0.0,False
3275,Broken,0.0,False
3276,Brand New,0.0,False
3276,Flawless,0.0,False
3276,Good,0.0,False
3276,Fair,0.0,False
3276,Minor Damage,0.0,False
3276,Broken,0.0,False
3277,Brand New,0.0,False
3277,Flawless,0.0,False
3277,Good,0.0,False
3277,Fair,0.0,False
3277,Minor Damage,0.0,False
3277,Broken,0.0,False
3278,Brand New,0.0,False
3278,Flawless,0.0,False
3278,Good,0.0,False
3278,Fair,0.0,False
3278,Minor Damage,0.0,False
3278,Broken,0.0,False
3279,Brand New,0.0,False
3279,Flawless,0.0,False
3279,Good,0.0,False
3279,Fair,0.0,False
3279,Minor Damage,0.0,False
3279,Broken,0.0,False
3280,Brand New,0.0,False
3280,Flawless,0.0,False
3280,Good,0.0,False
3280,Fair,0.0,False
3280,Minor Damage,0.0,False
3280,Broken,0.0,False
3281,Brand New,0.0,False
3281,Flawless,0.0,False
3281,Good,0.0,False
3281,Fair,0.0,False
3281,Minor Damage,0.0,False
3281,Broken,0.0,False
3282,Brand New,0.0,False
3282,Flawless,0.0,False
3282,Good,0.0,False
3282,Fair,0.0,False
3282,Minor Damage,0.0,False
3282,Broken,0.0,False
3283,Brand New,0.0,False
3283,Flawless,0.0,False
3283,Good,0.0,False
3283,Fair,0.0,False
3283,Minor Damage,0.0,False
3283,Broken,0.0,False
3284,Brand New,0.0,False
3284,Flawless,0.0,False
3284,Good,0.0,False
3284,Fair,0.0,False
3284,Minor Damage,0.0,False
3284,Broken,0.0,False
3285,Brand New,0.0,False
3285,Flawless,0.0,False
3285,Good,0.0,False
3285,Fair,0.0,False
3285,Minor Damage,0.0,False
3285,Broken,0.0,False
3286,Brand New,0.0,False
3286,Flawless,0.0,False
3286,Good,0.0,False
3286,Fair,0.0,False
3286,Minor Damage,0.0,False
3286,Broken,0.0,False
3287,Brand New,0.0,False
3287,Flawless,0.0,False
3287,Good,0.0,False
3287,Fair,0.0,False
3287,Minor Damage,0.0,False
3287,Broken,0.0,False
3288,Brand New,0.0,False
3288,Flawless,0.0,False
3288,Good,0.0,False
3288,Fair,0.0,False
3288,Minor Damage,0.0,False
3288,Broken,0.0,False
3289,Brand New,0.0,False
3289,Flawless,0.0,False
3289,Good,0.0,False
3289,Fair,0.0,False
3289,Minor Damage,0.0,False
3289,Broken,0.0,False
3290,Brand New,0.0,False
3290,Flawless,0.0,False
3290,Good,0.0,False
3290,Fair,0.0,False
3290,Minor Damage,0.0,False
3290,Broken,0.0,False
3291,Brand New,0.0,False
3291,Flawless,0.0,False
3291,Good,0.0,False
3291,Fair,0.0,False
3291,Minor Damage,0.0,False
3291,Broken,0.0,False
3292,Brand New,0.0,False
3292,Flawless,0.0,False
3292,Good,0.0,False
3292,Fair,0.0,False
3292,Minor Damage,0.0,False
3292,Broken,0.0,False
3293,Brand New,0.0,False
3293,Flawless,0.0,False
3293,Good,0.0,False
3293,Fair,0.0,False
3293,Minor Damage,0.0,False
3293,Broken,0.0,False
3294,Brand New,0.0,False
3294,Flawless,0.0,False
3294,Good,0.0,False
3294,Fair,0.0,False
3294,Minor Damage,0.0,False
3294,Broken,0.0,False
3295,Brand New,0.0,False
3295,Flawless,0.0,False
3295,Good,0.0,False
3295,Fair,0.0,False
3295,Minor Damage,0.0,False
3295,Broken,0.0,False
3296,Brand New,0.0,False
3296,Flawless,0.0,False
3296,Good,0.0,False
3296,Fair,0.0,False
3296,Minor Damage,0.0,False
3296,Broken,0.0,False
3297,Brand New,0.0,False
3297,Flawless,0.0,False
3297,Good,0.0,False
3297,Fair,0.0,False
3297,Minor Damage,0.0,False
3297,Broken,0.0,False
3298,Brand New,0.0,False
3298,Flawless,0.0,False
3298,Good,0.0,False
3298,Fair,0.0,False
3298,Minor Damage,0.0,False
3298,Broken,0.0,False
3299,Brand New,0.0,False
3299,Flawless,0.0,False
3299,Good,0.0,False
3299,Fair,0.0,False
3299,Minor Damage,0.0,False
3299,Broken,0.0,False
3300,Brand New,0.0,False
3300,Flawless,0.0,False
3300,Good,0.0,False
3300,Fair,0.0,False
3300,Minor Damage,0.0,False
3300,Broken,0.0,False
3301,Brand New,0.0,False
3301,Flawless,0.0,False
3301,Good,0.0,False
3301,Fair,0.0,False
3301,Minor Damage,0.0,False
3301,Broken,0.0,False
3302,Brand New,0.0,False
3302,Flawless,0.0,False
3302,Good,0.0,False
3302,Fair,0.0,False
3302,Minor Damage,0.0,False
3302,Broken,0.0,False
3303,Brand New,0.0,False
3303,Flawless,0.0,False
3303,Good,0.0,False
3303,Fair,0.0,False
3303,Minor Damage,0.0,False
3303,Broken,0.0,False
3304,Brand New,0.0,False
3304,Flawless,0.0,False
3304,Good,0.0,False
3304,Fair,0.0,False
3304,Minor Damage,0.0,False
3304,Broken,0.0,False
3305,Brand New,0.0,False
3305,Flawless,0.0,False
3305,Good,0.0,False
3305,Fair,0.0,False
3305,Minor Damage,0.0,False
3305,Broken,0.0,False
3306,Brand New,0.0,False
3306,Flawless,0.0,False
3306,Good,0.0,False
3306,Fair,0.0,False
3306,Minor Damage,0.0,False
3306,Broken,0.0,False
3307,Brand New,0.0,False
3307,Flawless,0.0,False
3307,Good,0.0,False
3307,Fair,0.0,False
3307,Minor Damage,0.0,False
3307,Broken,0.0,False
3308,Brand New,0.0,False
3308,Flawless,0.0,False
3308,Good,0.0,False
3308,Fair,0.0,False
3308,Minor Damage,0.0,False
3308,Broken,0.0,False
3309,Brand New,0.0,False
3309,Flawless,0.0,False
3309,Good,0.0,False
3309,Fair,0.0,False
3309,Minor Damage,0.0,False
3309,Broken,0.0,False
3310,Brand New,0.0,False
3310,Flawless,0.0,False
3310,Good,0.0,False
3310,Fair,0.0,False
3310,Minor Damage,0.0,False
3310,Broken,0.0,False
3311,Brand New,0.0,False
3311,Flawless,0.0,False
3311,Good,0.0,False
3311,Fair,0.0,False
3311,Minor Damage,0.0,False
3311,Broken,0.0,False
3312,Brand New,0.0,False
3312,Flawless,0.0,False
3312,Good,0.0,False
3312,Fair,0.0,False
3312,Minor Damage,0.0,False
3312,Broken,0.0,False
3313,Brand New,0.0,False
3313,Flawless,0.0,False
3313,Good,0.0,False
3313,Fair,0.0,False
3313,Minor Damage,0.0,False
3313,Broken,0.0,False
3314,Brand New,0.0,False
3314,Flawless,0.0,False
3314,Good,0.0,False
3314,Fair,0.0,False
3314,Minor Damage,0.0,False
3314,Broken,0.0,False
3315,Brand New,0.0,False
3315,Flawless,0.0,False
3315,Good,0.0,False
3315,Fair,0.0,False
3315,Minor Damage,0.0,False
3315,Broken,0.0,False
3316,Brand New,0.0,False
3316,Flawless,0.0,False
3316,Good,0.0,False
3316,Fair,0.0,False
3316,Minor Damage,0.0,False
3316,Broken,0.0,False
3317,Brand New,0.0,False
3317,Flawless,0.0,False
3317,Good,0.0,False
3317,Fair,0.0,False
3317,Minor Damage,0.0,False
3317,Broken,0.0,False
3318,Brand New,0.0,False
3318,Flawless,0.0,False
3318,Good,0.0,False
3318,Fair,0.0,False
3318,Minor Damage,0.0,False
3318,Broken,0.0,False
3319,Brand New,0.0,False
3319,Flawless,0.0,False
3319,Good,0.0,False
3319,Fair,0.0,False
3319,Minor Damage,0.0,False
3319,Broken,0.0,False
3320,Brand New,0.0,False
3320,Flawless,0.0,False
3320,Good,0.0,False
3320,Fair,0.0,False
3320,Minor Damage,0.0,False
3321,Broken,0.0,False
3321,Brand New,0.0,False
3321,Flawless,0.0,False
3321,Good,0.0,False
3321,Fair,0.0,False
3321,Minor Damage,0.0,False
3320,Broken,0.0,False
3322,Brand New,0.0,False
3322,Flawless,0.0,False
3322,Good,0.0,False
3322,Fair,0.0,False
3322,Minor Damage,0.0,False
3322,Broken,0.0,False
3323,Brand New,0.0,False
3323,Flawless,0.0,False
3323,Good,0.0,False
3323,Fair,0.0,False
3323,Minor Damage,0.0,False
3323,Broken,0.0,False
3324,Brand New,0.0,False
3324,Flawless,0.0,False
3324,Good,0.0,False
3324,Fair,0.0,False
3324,Minor Damage,0.0,False
3324,Broken,0.0,False
3325,Brand New,0.0,False
3325,Flawless,0.0,False
3325,Good,0.0,False
3325,Fair,0.0,False
3325,Minor Damage,0.0,False
3325,Broken,0.0,False
3326,Brand New,0.0,False
3326,Flawless,0.0,False
3326,Good,0.0,False
3326,Fair,0.0,False
3326,Minor Damage,0.0,False
3326,Broken,0.0,False
3327,Brand New,0.0,False
3327,Flawless,0.0,False
3327,Good,0.0,False
3327,Fair,0.0,False
3327,Minor Damage,0.0,False
3327,Broken,0.0,False
3328,Brand New,0.0,False
3328,Flawless,0.0,False
3328,Good,0.0,False
3328,Fair,0.0,False
3328,Minor Damage,0.0,False
3328,Broken,0.0,False
3329,Brand New,0.0,False
3329,Flawless,0.0,False
3329,Good,0.0,False
3329,Fair,0.0,False
3329,Minor Damage,0.0,False
3329,Broken,0.0,False
3330,Brand New,0.0,False
3330,Flawless,0.0,False
3330,Good,0.0,False
3330,Fair,0.0,False
3330,Minor Damage,0.0,False
3330,Broken,0.0,False
3331,Brand New,0.0,False
3331,Flawless,0.0,False
3331,Good,0.0,False
3331,Fair,0.0,False
3331,Minor Damage,0.0,False
3331,Broken,0.0,False
3332,Brand New,0.0,False
3332,Flawless,0.0,False
3332,Good,0.0,False
3332,Fair,0.0,False
3332,Minor Damage,0.0,False
3332,Broken,0.0,False
3333,Brand New,0.0,False
3333,Flawless,0.0,False
3333,Good,0.0,False
3333,Fair,0.0,False
3333,Minor Damage,0.0,False
3333,Broken,0.0,False
3334,Brand New,0.0,False
3334,Flawless,0.0,False
3334,Good,0.0,False
3334,Fair,0.0,False
3334,Minor Damage,0.0,False
3334,Broken,0.0,False
3335,Brand New,0.0,False
3335,Flawless,0.0,False
3335,Good,0.0,False
3335,Fair,0.0,False
3335,Minor Damage,0.0,False
3335,Broken,0.0,False
3336,Brand New,0.0,False
3336,Flawless,0.0,False
3336,Good,0.0,False
3336,Fair,0.0,False
3336,Minor Damage,0.0,False
3336,Broken,0.0,False
3337,Brand New,0.0,False
3337,Flawless,0.0,False
3337,Good,0.0,False
3337,Fair,0.0,False
3337,Minor Damage,0.0,False
3337,Broken,0.0,False
3338,Brand New,0.0,False
3338,Flawless,0.0,False
3338,Good,0.0,False
3338,Fair,0.0,False
3338,Minor Damage,0.0,False
3338,Broken,0.0,False
3339,Brand New,0.0,False
3339,Flawless,0.0,False
3339,Good,0.0,False
3339,Fair,0.0,False
3339,Minor Damage,0.0,False
3339,Broken,0.0,False
3340,Brand New,0.0,False
3340,Flawless,0.0,False
3340,Good,0.0,False
3340,Fair,0.0,False
3340,Minor Damage,0.0,False
3340,Broken,0.0,False
3341,Brand New,0.0,False
3341,Flawless,0.0,False
3341,Good,0.0,False
3341,Fair,0.0,False
3341,Minor Damage,0.0,False
3341,Broken,0.0,False
3342,Brand New,0.0,False
3342,Flawless,0.0,False
3342,Good,0.0,False
3342,Fair,0.0,False
3342,Minor Damage,0.0,False
3342,Broken,0.0,False
3343,Brand New,0.0,False
3343,Flawless,0.0,False
3343,Good,0.0,False
3343,Fair,0.0,False
3343,Minor Damage,0.0,False
3343,Broken,0.0,False
3344,Brand New,0.0,False
3344,Flawless,0.0,False
3344,Good,0.0,False
3344,Fair,0.0,False
3344,Minor Damage,0.0,False
3344,Broken,0.0,False
3345,Brand New,0.0,False
3345,Flawless,0.0,False
3345,Good,0.0,False
3345,Fair,0.0,False
3345,Minor Damage,0.0,False
3345,Broken,0.0,False
3346,Brand New,0.0,False
3346,Flawless,0.0,False
3346,Good,0.0,False
3346,Fair,0.0,False
3346,Minor Damage,0.0,False
3346,Broken,0.0,False
3347,Brand New,0.0,False
3347,Flawless,0.0,False
3347,Good,0.0,False
3347,Fair,0.0,False
3347,Minor Damage,0.0,False
3347,Broken,0.0,False
3348,Brand New,0.0,False
3348,Flawless,0.0,False
3348,Good,0.0,False
3348,Fair,0.0,False
3348,Minor Damage,0.0,False
3348,Broken,0.0,False
3349,Brand New,0.0,False
3349,Flawless,0.0,False
3349,Good,0.0,False
3349,Fair,0.0,False
3349,Minor Damage,0.0,False
3349,Broken,0.0,False
3350,Brand New,0.0,False
3350,Flawless,0.0,False
3350,Good,0.0,False
3350,Fair,0.0,False
3350,Minor Damage,0.0,False
3350,Broken,0.0,False
3351,Brand New,0.0,False
3351,Flawless,0.0,False
3351,Good,0.0,False
3351,Fair,0.0,False
3351,Minor Damage,0.0,False
3351,Broken,0.0,False
3352,Brand New,0.0,False
3352,Flawless,0.0,False
3352,Good,0.0,False
3352,Fair,0.0,False
3352,Minor Damage,0.0,False
3352,Broken,0.0,False
3353,Brand New,0.0,False
3353,Flawless,0.0,False
3353,Good,0.0,False
3353,Fair,0.0,False
3353,Minor Damage,0.0,False
3353,Broken,0.0,False
3354,Brand New,0.0,False
3354,Flawless,0.0,False
3354,Good,0.0,False
3354,Fair,0.0,False
3354,Minor Damage,0.0,False
3354,Broken,0.0,False
3355,Brand New,0.0,False
3355,Flawless,0.0,False
3355,Good,0.0,False
3355,Fair,0.0,False
3355,Minor Damage,0.0,False
3355,Broken,0.0,False
3356,Brand New,0.0,False
3356,Flawless,0.0,False
3356,Good,0.0,False
3356,Fair,0.0,False
3356,Minor Damage,0.0,False
3356,Broken,0.0,False
3357,Brand New,0.0,False
3357,Flawless,0.0,False
3357,Good,0.0,False
3357,Fair,0.0,False
3357,Minor Damage,0.0,False
3357,Broken,0.0,False
3358,Brand New,0.0,False
3358,Flawless,0.0,False
3358,Good,0.0,False
3358,Fair,0.0,False
3358,Minor Damage,0.0,False
3358,Broken,0.0,False
3359,Brand New,0.0,False
3359,Flawless,0.0,False
3359,Good,0.0,False
3359,Fair,0.0,False
3359,Minor Damage,0.0,False
3359,Broken,0.0,False
3360,Brand New,0.0,False
3360,Flawless,0.0,False
3360,Good,0.0,False
3360,Fair,0.0,False
3360,Minor Damage,0.0,False
3360,Broken,0.0,False
3361,Brand New,0.0,False
3361,Flawless,0.0,False
3361,Good,0.0,False
3361,Fair,0.0,False
3361,Minor Damage,0.0,False
3361,Broken,0.0,False
3362,Brand New,0.0,False
3362,Flawless,0.0,False
3362,Good,0.0,False
3362,Fair,0.0,False
3362,Minor Damage,0.0,False
3362,Broken,0.0,False
3363,Brand New,0.0,False
3363,Flawless,0.0,False
3363,Good,0.0,False
3363,Fair,0.0,False
3363,Minor Damage,0.0,False
3363,Broken,0.0,False
3364,Brand New,0.0,False
3364,Flawless,0.0,False
3364,Good,0.0,False
3364,Fair,0.0,False
3364,Minor Damage,0.0,False
3364,Broken,0.0,False
3365,Brand New,0.0,False
3365,Flawless,0.0,False
3365,Good,0.0,False
3365,Fair,0.0,False
3365,Minor Damage,0.0,False
3365,Broken,0.0,False
3366,Brand New,0.0,False
3366,Flawless,0.0,False
3366,Good,0.0,False
3366,Fair,0.0,False
3366,Minor Damage,0.0,False
3366,Broken,0.0,False
3367,Brand New,0.0,False
3367,Flawless,0.0,False
3367,Good,0.0,False
3367,Fair,0.0,False
3367,Minor Damage,0.0,False
3367,Broken,0.0,False
3368,Brand New,0.0,False
3368,Flawless,0.0,False
3368,Good,0.0,False
3368,Fair,0.0,False
3368,Minor Damage,0.0,False
3368,Broken,0.0,False
3369,Brand New,0.0,False
3369,Flawless,0.0,False
3369,Good,0.0,False
3369,Fair,0.0,False
3369,Minor Damage,0.0,False
3369,Broken,0.0,False
3370,Brand New,0.0,False
3370,Flawless,0.0,False
3370,Good,0.0,False
3370,Fair,0.0,False
3370,Minor Damage,0.0,False
3370,Broken,0.0,False
3371,Brand New,0.0,False
3371,Flawless,0.0,False
3371,Good,0.0,False
3371,Fair,0.0,False
3371,Minor Damage,0.0,False
3371,Broken,0.0,False
3372,Brand New,0.0,False
3372,Flawless,0.0,False
3372,Good,0.0,False
3372,Fair,0.0,False
3372,Minor Damage,0.0,False
3372,Broken,0.0,False
3373,Brand New,0.0,False
3373,Flawless,0.0,False
3373,Good,0.0,False
3373,Fair,0.0,False
3373,Minor Damage,0.0,False
3373,Broken,0.0,False
3374,Brand New,0.0,False
3374,Flawless,0.0,False
3374,Good,0.0,False
3374,Fair,0.0,False
3374,Minor Damage,0.0,False
3374,Broken,0.0,False
3375,Brand New,0.0,False
3375,Flawless,0.0,False
3375,Good,0.0,False
3375,Fair,0.0,False
3375,Minor Damage,0.0,False
3375,Broken,0.0,False
3376,Brand New,0.0,False
3376,Flawless,0.0,False
3376,Good,0.0,False
3376,Fair,0.0,False
3376,Minor Damage,0.0,False
3376,Broken,0.0,False
3377,Brand New,0.0,False
3377,Flawless,0.0,False
3377,Good,0.0,False
3377,Fair,0.0,False
3377,Minor Damage,0.0,False
3377,Broken,0.0,False
3378,Brand New,0.0,False
3378,Flawless,0.0,False
3378,Good,0.0,False
3378,Fair,0.0,False
3378,Minor Damage,0.0,False
3378,Broken,0.0,False
3379,Brand New,0.0,False
3379,Flawless,0.0,False
3379,Good,0.0,False
3379,Fair,0.0,False
3379,Minor Damage,0.0,False
3379,Broken,0.0,False
3380,Brand New,0.0,False
3380,Flawless,0.0,False
3380,Good,0.0,False
3380,Fair,0.0,False
3380,Minor Damage,0.0,False
3380,Broken,0.0,False
3381,Brand New,0.0,False
3381,Flawless,0.0,False
3381,Good,0.0,False
3381,Fair,0.0,False
3381,Minor Damage,0.0,False
3381,Broken,0.0,False
3382,Brand New,0.0,False
3382,Flawless,0.0,False
3382,Good,0.0,False
3382,Fair,0.0,False
3382,Minor Damage,0.0,False
3382,Broken,0.0,False
3383,Brand New,0.0,False
3383,Flawless,0.0,False
3383,Good,0.0,False
3383,Fair,0.0,False
3383,Minor Damage,0.0,False
3383,Broken,0.0,False
3384,Brand New,0.0,False
3384,Flawless,0.0,False
3384,Good,0.0,False
3384,Fair,0.0,False
3384,Minor Damage,0.0,False
3384,Broken,0.0,False
3385,Brand New,0.0,False
3385,Flawless,0.0,False
3385,Good,0.0,False
3385,Fair,0.0,False
3385,Minor Damage,0.0,False
3385,Broken,0.0,False
3386,Brand New,0.0,False
3386,Flawless,0.0,False
3386,Good,0.0,False
3386,Fair,0.0,False
3386,Minor Damage,0.0,False
3386,Broken,0.0,False
3387,Brand New,0.0,False
3387,Flawless,0.0,False
3387,Good,0.0,False
3387,Fair,0.0,False
3387,Minor Damage,0.0,False
3387,Broken,0.0,False
3388,Brand New,0.0,False
3388,Flawless,0.0,False
3388,Good,0.0,False
3388,Fair,0.0,False
3388,Minor Damage,0.0,False
3388,Broken,0.0,False
3389,Brand New,0.0,False
3389,Flawless,0.0,False
3389,Good,0.0,False
3389,Fair,0.0,False
3389,Minor Damage,0.0,False
3389,Broken,0.0,False
3390,Brand New,0.0,False
3390,Flawless,0.0,False
3390,Good,0.0,False
3390,Fair,0.0,False
3390,Minor Damage,0.0,False
3390,Broken,0.0,False
3391,Brand New,0.0,False
3391,Flawless,0.0,False
3391,Good,0.0,False
3391,Fair,0.0,False
3391,Minor Damage,0.0,False
3391,Broken,0.0,False
3392,Brand New,0.0,False
3392,Flawless,0.0,False
3392,Good,0.0,False
3392,Fair,0.0,False
3392,Minor Damage,0.0,False
3392,Broken,0.0,False
3393,Brand New,0.0,False
3393,Flawless,0.0,False
3393,Good,0.0,False
3393,Fair,0.0,False
3393,Minor Damage,0.0,False
3393,Broken,0.0,False
3394,Brand New,0.0,False
3394,Flawless,0.0,False
3394,Good,0.0,False
3394,Fair,0.0,False
3394,Minor Damage,0.0,False
3394,Broken,0.0,False
3395,Brand New,0.0,False
3395,Flawless,0.0,False
3395,Good,0.0,False
3395,Fair,0.0,False
3395,Minor Damage,0.0,False
3395,Broken,0.0,False
3396,Brand New,0.0,False
3396,Flawless,0.0,False
3396,Good,0.0,False
3396,Fair,0.0,False
3396,Minor Damage,0.0,False
3396,Broken,0.0,False
3397,Brand New,0.0,False
3397,Flawless,0.0,False
3397,Good,0.0,False
3397,Fair,0.0,False
3397,Minor Damage,0.0,False
3397,Broken,0.0,False
3398,Brand New,0.0,False
3398,Flawless,0.0,False
3398,Good,0.0,False
3398,Fair,0.0,False
3398,Minor Damage,0.0,False
3398,Broken,0.0,False
3399,Brand New,0.0,False
3399,Flawless,0.0,False
3399,Good,0.0,False
3399,Fair,0.0,False
3399,Minor Damage,0.0,False
3399,Broken,0.0,False
3400,Brand New,0.0,False
3400,Flawless,0.0,False
3400,Good,0.0,False
3400,Fair,0.0,False
3400,Minor Damage,0.0,False
3400,Broken,0.0,False
3401,Brand New,0.0,False
3401,Flawless,0.0,False
3401,Good,0.0,False
3401,Fair,0.0,False
3401,Minor Damage,0.0,False
3401,Broken,0.0,False
3402,Brand New,0.0,False
3402,Flawless,0.0,False
3402,Good,0.0,False
3402,Fair,0.0,False
3402,Minor Damage,0.0,False
3402,Broken,0.0,False
3403,Brand New,0.0,False
3403,Flawless,0.0,False
3403,Good,0.0,False
3403,Fair,0.0,False
3403,Minor Damage,0.0,False
3403,Broken,0.0,False
3404,Brand New,0.0,False
3404,Flawless,0.0,False
3404,Good,0.0,False
3404,Fair,0.0,False
3404,Minor Damage,0.0,False
3404,Broken,0.0,False
3405,Brand New,0.0,False
3405,Flawless,0.0,False
3405,Good,0.0,False
3405,Fair,0.0,False
3405,Minor Damage,0.0,False
3405,Broken,0.0,False
3406,Brand New,0.0,False
3406,Flawless,0.0,False
3406,Good,0.0,False
3406,Fair,0.0,False
3406,Minor Damage,0.0,False
3406,Broken,0.0,False
3407,Brand New,0.0,False
3407,Flawless,0.0,False
3407,Good,0.0,False
3407,Fair,0.0,False
3407,Minor Damage,0.0,False
3407,Broken,0.0,False
3408,Brand New,0.0,False
3408,Flawless,0.0,False
3408,Good,0.0,False
3408,Fair,0.0,False
3408,Minor Damage,0.0,False
3408,Broken,0.0,False
3409,Brand New,0.0,False
3409,Flawless,0.0,False
3409,Good,0.0,False
3409,Fair,0.0,False
3409,Minor Damage,0.0,False
3409,Broken,0.0,False
3410,Brand New,0.0,False
3410,Flawless,0.0,False
3410,Good,0.0,False
3410,Fair,0.0,False
3410,Minor Damage,0.0,False
3410,Broken,0.0,False
3411,Brand New,0.0,False
3411,Flawless,0.0,False
3411,Good,0.0,False
3411,Fair,0.0,False
3411,Minor Damage,0.0,False
3411,Broken,0.0,False
3412,Brand New,0.0,False
3412,Flawless,0.0,False
3412,Good,0.0,False
3412,Fair,0.0,False
3412,Minor Damage,0.0,False
3412,Broken,0.0,False
3413,Brand New,0.0,False
3413,Flawless,0.0,False
3413,Good,0.0,False
3413,Fair,0.0,False
3413,Minor Damage,0.0,False
3413,Broken,0.0,False
3414,Brand New,0.0,False
3414,Flawless,0.0,False
3414,Good,0.0,False
3414,Fair,0.0,False
3414,Minor Damage,0.0,False
3414,Broken,0.0,False
3415,Brand New,0.0,False
3415,Flawless,0.0,False
3415,Good,0.0,False
3415,Fair,0.0,False
3415,Minor Damage,0.0,False
3415,Broken,0.0,False
3416,Brand New,0.0,False
3416,Flawless,0.0,False
3416,Good,0.0,False
3416,Fair,0.0,False
3416,Minor Damage,0.0,False
3416,Broken,0.0,False
3417,Brand New,0.0,False
3417,Flawless,0.0,False
3417,Good,0.0,False
3417,Fair,0.0,False
3417,Minor Damage,0.0,False
3417,Broken,0.0,False
3418,Brand New,0.0,False
3418,Flawless,0.0,False
3418,Good,0.0,False
3418,Fair,0.0,False
3418,Minor Damage,0.0,False
3418,Broken,0.0,False
3419,Brand New,0.0,False
3419,Flawless,0.0,False
3419,Good,0.0,False
3419,Fair,0.0,False
3419,Minor Damage,0.0,False
3419,Broken,0.0,False
3420,Brand New,0.0,False
3420,Flawless,0.0,False
3420,Good,0.0,False
3420,Fair,0.0,False
3420,Minor Damage,0.0,False
3420,Broken,0.0,False
3421,Brand New,0.0,False
3421,Flawless,0.0,False
3421,Good,0.0,False
3421,Fair,0.0,False
3421,Minor Damage,0.0,False
3421,Broken,0.0,False
3422,Brand New,0.0,False
3422,Flawless,0.0,False
3422,Good,0.0,False
3422,Fair,0.0,False
3422,Minor Damage,0.0,False
3422,Broken,0.0,False
3423,Brand New,0.0,False
3423,Flawless,0.0,False
3423,Good,0.0,False
3423,Fair,0.0,False
3423,Minor Damage,0.0,False
3423,Broken,0.0,False
3424,Brand New,0.0,False
3424,Flawless,0.0,False
3424,Good,0.0,False
3424,Fair,0.0,False
3424,Minor Damage,0.0,False
3424,Broken,0.0,False
3425,Brand New,0.0,False
3425,Flawless,0.0,False
3425,Good,0.0,False
3425,Fair,0.0,False
3425,Minor Damage,0.0,False
3425,Broken,0.0,False
3426,Brand New,0.0,False
3426,Flawless,0.0,False
3426,Good,0.0,False
3426,Fair,0.0,False
3426,Minor Damage,0.0,False
3426,Broken,0.0,False
3427,Brand New,0.0,False
3427,Flawless,0.0,False
3427,Good,0.0,False
3427,Fair,0.0,False
3427,Minor Damage,0.0,False
3427,Broken,0.0,False
3428,Brand New,0.0,False
3428,Flawless,0.0,False
3428,Good,0.0,False
3428,Fair,0.0,False
3428,Minor Damage,0.0,False
3428,Broken,0.0,False
3429,Brand New,0.0,False
3429,Flawless,0.0,False
3429,Good,0.0,False
3429,Fair,0.0,False
3429,Minor Damage,0.0,False
3429,Broken,0.0,False
3430,Brand New,0.0,False
3430,Flawless,0.0,False
3430,Good,0.0,False
3430,Fair,0.0,False
3430,Minor Damage,0.0,False
3430,Broken,0.0,False
3431,Brand New,0.0,False
3431,Flawless,0.0,False
3431,Good,0.0,False
3431,Fair,0.0,False
3431,Minor Damage,0.0,False
3431,Broken,0.0,False
3432,Brand New,0.0,False
3432,Flawless,0.0,False
3432,Good,0.0,False
3432,Fair,0.0,False
3432,Minor Damage,0.0,False
3432,Broken,0.0,False
3433,Brand New,0.0,False
3433,Flawless,0.0,False
3433,Good,0.0,False
3433,Fair,0.0,False
3433,Minor Damage,0.0,False
3433,Broken,0.0,False
3434,Brand New,0.0,False
3434,Flawless,0.0,False
3434,Good,0.0,False
3434,Fair,0.0,False
3434,Minor Damage,0.0,False
3434,Broken,0.0,False
3435,Brand New,0.0,False
3435,Flawless,0.0,False
3435,Good,0.0,False
3435,Fair,0.0,False
3435,Minor Damage,0.0,False
3435,Broken,0.0,False
3436,Brand New,0.0,False
3436,Flawless,0.0,False
3436,Good,0.0,False
3436,Fair,0.0,False
3436,Minor Damage,0.0,False
3436,Broken,0.0,False
3437,Brand New,0.0,False
3437,Flawless,0.0,False
3437,Good,0.0,False
3437,Fair,0.0,False
3437,Minor Damage,0.0,False
3437,Broken,0.0,False
3438,Brand New,0.0,False
3438,Flawless,0.0,False
3438,Good,0.0,False
3438,Fair,0.0,False
3438,Minor Damage,0.0,False
3438,Broken,0.0,False
3439,Brand New,0.0,False
3439,Flawless,0.0,False
3439,Good,0.0,False
3439,Fair,0.0,False
3439,Minor Damage,0.0,False
3439,Broken,0.0,False
3440,Brand New,0.0,False
3440,Flawless,0.0,False
3440,Good,0.0,False
3440,Fair,0.0,False
3440,Minor Damage,0.0,False
3440,Broken,0.0,False
3441,Brand New,0.0,False
3441,Flawless,0.0,False
3441,Good,0.0,False
3441,Fair,0.0,False
3441,Minor Damage,0.0,False
3441,Broken,0.0,False
3442,Brand New,0.0,False
3442,Flawless,0.0,False
3442,Good,0.0,False
3442,Fair,0.0,False
3442,Minor Damage,0.0,False
3442,Broken,0.0,False
3443,Brand New,0.0,False
3443,Flawless,0.0,False
3443,Good,0.0,False
3443,Fair,0.0,False
3443,Minor Damage,0.0,False
3443,Broken,0.0,False
3444,Brand New,0.0,False
3444,Flawless,0.0,False
3444,Good,0.0,False
3444,Fair,0.0,False
3444,Minor Damage,0.0,False
3444,Broken,0.0,False
3445,Brand New,0.0,False
3445,Flawless,0.0,False
3445,Good,0.0,False
3445,Fair,0.0,False
3445,Minor Damage,0.0,False
3445,Broken,0.0,False
3446,Brand New,0.0,False
3446,Flawless,0.0,False
3446,Good,0.0,False
3446,Fair,0.0,False
3446,Minor Damage,0.0,False
3446,Broken,0.0,False
3447,Brand New,0.0,False
3447,Flawless,0.0,False
3447,Good,0.0,False
3447,Fair,0.0,False
3447,Minor Damage,0.0,False
3447,Broken,0.0,False
3448,Brand New,0.0,False
3448,Flawless,0.0,False
3448,Good,0.0,False
3448,Fair,0.0,False
3448,Minor Damage,0.0,False
3448,Broken,0.0,False
3449,Brand New,0.0,False
3449,Flawless,0.0,False
3449,Good,0.0,False
3449,Fair,0.0,False
3449,Minor Damage,0.0,False
3449,Broken,0.0,False
3450,Brand New,0.0,False
3450,Flawless,0.0,False
3450,Good,0.0,False
3450,Fair,0.0,False
3450,Minor Damage,0.0,False
3450,Broken,0.0,False
3451,Brand New,0.0,False
3451,Flawless,0.0,False
3451,Good,0.0,False
3451,Fair,0.0,False
3451,Minor Damage,0.0,False
3451,Broken,0.0,False
3452,Brand New,0.0,False
3452,Flawless,0.0,False
3452,Good,0.0,False
3452,Fair,0.0,False
3452,Minor Damage,0.0,False
3452,Broken,0.0,False
3453,Brand New,0.0,False
3453,Flawless,0.0,False
3453,Good,0.0,False
3453,Fair,0.0,False
3453,Minor Damage,0.0,False
3453,Broken,0.0,False
3454,Brand New,0.0,False
3454,Flawless,0.0,False
3454,Good,0.0,False
3454,Fair,0.0,False
3454,Minor Damage,0.0,False
3454,Broken,0.0,False
3455,Brand New,0.0,False
3455,Flawless,0.0,False
3455,Good,0.0,False
3455,Fair,0.0,False
3455,Minor Damage,0.0,False
3455,Broken,0.0,False
3456,Brand New,0.0,False
3456,Flawless,0.0,False
3456,Good,0.0,False
3456,Fair,0.0,False
3456,Minor Damage,0.0,False
3456,Broken,0.0,False
3457,Brand New,0.0,False
3457,Flawless,0.0,False
3457,Good,0.0,False
3457,Fair,0.0,False
3457,Minor Damage,0.0,False
3457,Broken,0.0,False
3458,Brand New,0.0,False
3458,Flawless,0.0,False
3458,Good,0.0,False
3458,Fair,0.0,False
3458,Minor Damage,0.0,False
3458,Broken,0.0,False
3459,Brand New,0.0,False
3459,Flawless,0.0,False
3459,Good,0.0,False
3459,Fair,0.0,False
3459,Minor Damage,0.0,False
3459,Broken,0.0,False
3460,Brand New,0.0,False
3460,Flawless,0.0,False
3460,Good,0.0,False
3460,Fair,0.0,False
3460,Minor Damage,0.0,False
3460,Broken,0.0,False
3461,Brand New,0.0,False
3461,Flawless,0.0,False
3461,Good,0.0,False
3461,Fair,0.0,False
3461,Minor Damage,0.0,False
3461,Broken,0.0,False
3462,Brand New,0.0,False
3462,Flawless,0.0,False
3462,Good,0.0,False
3462,Fair,0.0,False
3462,Minor Damage,0.0,False
3462,Broken,0.0,False
3463,Brand New,0.0,False
3463,Flawless,0.0,False
3463,Good,0.0,False
3463,Fair,0.0,False
3463,Minor Damage,0.0,False
3463,Broken,0.0,False
3464,Brand New,0.0,False
3464,Flawless,0.0,False
3464,Good,0.0,False
3464,Fair,0.0,False
3464,Minor Damage,0.0,False
3464,Broken,0.0,False
3465,Brand New,0.0,False
3465,Flawless,0.0,False
3465,Good,0.0,False
3465,Fair,0.0,False
3465,Minor Damage,0.0,False
3465,Broken,0.0,False
3466,Brand New,0.0,False
3466,Flawless,0.0,False
3466,Good,0.0,False
3466,Fair,0.0,False
3466,Minor Damage,0.0,False
3466,Broken,0.0,False
3467,Brand New,0.0,False
3467,Flawless,0.0,False
3467,Good,0.0,False
3467,Fair,0.0,False
3467,Minor Damage,0.0,False
3467,Broken,0.0,False
3468,Brand New,0.0,False
3468,Flawless,0.0,False
3468,Good,0.0,False
3468,Fair,0.0,False
3468,Minor Damage,0.0,False
3468,Broken,0.0,False
3469,Brand New,0.0,False
3469,Flawless,0.0,False
3469,Good,0.0,False
3469,Fair,0.0,False
3469,Minor Damage,0.0,False
3469,Broken,0.0,False
3470,Brand New,0.0,False
3470,Flawless,0.0,False
3470,Good,0.0,False
3470,Fair,0.0,False
3470,Minor Damage,0.0,False
3470,Broken,0.0,False
3471,Brand New,0.0,False
3471,Flawless,0.0,False
3471,Good,0.0,False
3471,Fair,0.0,False
3471,Minor Damage,0.0,False
3471,Broken,0.0,False
3472,Brand New,0.0,False
3472,Flawless,0.0,False
3472,Good,0.0,False
3472,Fair,0.0,False
3472,Minor Damage,0.0,False
3472,Broken,0.0,False
3473,Brand New,0.0,False
3473,Flawless,0.0,False
3473,Good,0.0,False
3473,Fair,0.0,False
3473,Minor Damage,0.0,False
3473,Broken,0.0,False
3474,Brand New,0.0,False
3474,Flawless,0.0,False
3474,Good,0.0,False
3474,Fair,0.0,False
3474,Minor Damage,0.0,False
3474,Broken,0.0,False
3475,Brand New,0.0,False
3475,Flawless,0.0,False
3475,Good,0.0,False
3475,Fair,0.0,False
3475,Minor Damage,0.0,False
3475,Broken,0.0,False
3476,Brand New,0.0,False
3476,Flawless,0.0,False
3476,Good,0.0,False
3476,Fair,0.0,False
3476,Minor Damage,0.0,False
3476,Broken,0.0,False
3477,Brand New,0.0,False
3477,Flawless,0.0,False
3477,Good,0.0,False
3477,Fair,0.0,False
3477,Minor Damage,0.0,False
3477,Broken,0.0,False
3478,Brand New,0.0,False
3478,Flawless,0.0,False
3478,Good,0.0,False
3478,Fair,0.0,False
3478,Minor Damage,0.0,False
3478,Broken,0.0,False
3479,Brand New,0.0,False
3479,Flawless,0.0,False
3479,Good,0.0,False
3479,Fair,0.0,False
3479,Minor Damage,0.0,False
3479,Broken,0.0,False
3480,Brand New,0.0,False
3480,Flawless,0.0,False
3480,Good,0.0,False
3480,Fair,0.0,False
3480,Minor Damage,0.0,False
3480,Broken,0.0,False
3481,Brand New,0.0,False
3481,Flawless,0.0,False
3481,Good,0.0,False
3481,Fair,0.0,False
3481,Minor Damage,0.0,False
3481,Broken,0.0,False
3482,Brand New,0.0,False
3482,Flawless,0.0,False
3482,Good,0.0,False
3482,Fair,0.0,False
3482,Minor Damage,0.0,False
3482,Broken,0.0,False
3483,Brand New,0.0,False
3483,Flawless,0.0,False
3483,Good,0.0,False
3483,Fair,0.0,False
3483,Minor Damage,0.0,False
3483,Broken,0.0,False
3484,Brand New,0.0,False
3484,Flawless,0.0,False
3484,Good,0.0,False
3484,Fair,0.0,False
3484,Minor Damage,0.0,False
3484,Broken,0.0,False
3485,Brand New,0.0,False
3485,Flawless,0.0,False
3485,Good,0.0,False
3485,Fair,0.0,False
3485,Minor Damage,0.0,False
3485,Broken,0.0,False
3486,Brand New,0.0,False
3486,Flawless,0.0,False
3486,Good,0.0,False
3486,Fair,0.0,False
3486,Minor Damage,0.0,False
3486,Broken,0.0,False
3487,Brand New,0.0,False
3487,Flawless,0.0,False
3487,Good,0.0,False
3487,Fair,0.0,False
3487,Minor Damage,0.0,False
3487,Broken,0.0,False
3488,Brand New,0.0,False
3488,Flawless,0.0,False
3488,Good,0.0,False
3488,Fair,0.0,False
3488,Minor Damage,0.0,False
3488,Broken,0.0,False
3489,Brand New,0.0,False
3489,Flawless,0.0,False
3489,Good,0.0,False
3489,Fair,0.0,False
3489,Minor Damage,0.0,False
3489,Broken,0.0,False
3490,Brand New,0.0,False
3490,Flawless,0.0,False
3490,Good,0.0,False
3490,Fair,0.0,False
3490,Minor Damage,0.0,False
3490,Broken,0.0,False
3491,Brand New,0.0,False
3491,Flawless,0.0,False
3491,Good,0.0,False
3491,Fair,0.0,False
3491,Minor Damage,0.0,False
3491,Broken,0.0,False
3492,Brand New,0.0,False
3492,Flawless,0.0,False
3492,Good,0.0,False
3492,Fair,0.0,False
3492,Minor Damage,0.0,False
3492,Broken,0.0,False
3493,Brand New,0.0,False
3493,Flawless,0.0,False
3493,Good,0.0,False
3493,Fair,0.0,False
3493,Minor Damage,0.0,False
3493,Broken,0.0,False
